{"importBase":"import","nativeBase":"native","name":"bacNiuniuSBundle","deps":["main","resources"],"uuids":["28zh2tbaxECZRZTjlAd/Pn","3492T8rcpMsovAO4RwyVfC","3b7z5RspFJnZMp/84M3mBX","41T/DB2xRCsoTxxAvI8gK9","43fLIOV2pKPKo755Rmf9A3","94Cj8bcexCqZZbm2bUEZVO","b7pE9Ynd1K67xCWggfk8um","b7tEaMMt9KaKhC3gp+oF4b","c6yM1waZFJCZgNp0uSuM/D","e52Cs4nrFJY4AGDlZVSQJN","02E8gutvJALbJYvYLpjL33","0425PhImJArpbKLiabiTmF","08t95af4ZA2YFK4UGYdLrX","0brOF/2ClHtaxNil/etn4Q","10FyAIawFGcYyOCxtXXZqX","10nkgK8W1KQbMd/PkBAEft","11zoVtRmpIw7hW+WSQgFfb","12KDX0CQVLfaiM1Mn+XSYE","13ykflF29KwIUhhMCA5Ega","14nLalIPNOB73wBjPFbx3g","16cqyrtcdDFJtCg94+muIV","180b4110d","19qDD2uk1Hv4fnrDscDMEB","1bwvEj/CJIQ6RnYmxgsekg","1chMF9cjFBEqDBI6tOuM17","1fpZc+doFBgJrg3jRtqXkb","20AsYH2lpDnpudT2uHuJr0","20g8DSkb9F9a/2WwWKby3I","24odHCfK5IkorCOCZMcFSA","28R7TECSlFrowTxwrNqcpV","28zh2tbaxECZRZTjlAd/Pn@6c48a","28zh2tbaxECZRZTjlAd/Pn@f9941","2a9RnmumtH1oZVQJzprKR8","2d0otSAAhJtqoWvn5Q++gr","2erGA6KzJNabWK94nVmKeS","32MSWOFOpJV4hPKsv1Uy/S","33Q0kYFcZAj4M725kePduf","339XHwAp1My4t9ETPNyAkD","3492T8rcpMsovAO4RwyVfC@6c48a","3492T8rcpMsovAO4RwyVfC@f9941","35yLWDApNOHaXyxbVzPem/","36WaK5SMVLoJu9kW2Sef4Q","37XIBsvpVCRp6lqzAJEgId","37kIyp6O5PobYAAwhzmEH0","38IXkC/4xGArxTPHs4x5Wh","3aMhhvOVJPZpXtJ+aloNy+","3b7z5RspFJnZMp/84M3mBX@6c48a","3b7z5RspFJnZMp/84M3mBX@f9941","3c6VsfalJLfKp1GNReqln6","41T/DB2xRCsoTxxAvI8gK9@6c48a","41T/DB2xRCsoTxxAvI8gK9@f9941","41UcqJvtFJQ4FrBT4ARhNU","43fLIOV2pKPKo755Rmf9A3@6c48a","43fLIOV2pKPKo755Rmf9A3@f9941","44emgJQBhNI6w2sg+a7j+b","44x+IzsAFDvZxZ8RULqCCw","48sGjaaupGRrS2qoypclDZ","4cWFIboJlMdrrBDKq5OhB1","59k2gDmW5Lp4fTh484CcEz","5cW65jXGRMCKK8iyWtPM2f","65Lki1xK1L4bfzX152+sii","67pKv4DlhPXLDK0suB3UYP","6ayisYMdRIr55uu0Wo9e/m","6es+2ReXlEKJ+sVzes73ox","6faVLl8WVHhJECwJVQAJwN","6fevJMZs9N8qx8DkIsA/I5","713MDsuhVPiaRal9aCSDRQ","74riQP1O9PX4fQPDrBRz97","75NBmTX/JO9oJYXKkSF18K","79I20Ox45FcodtFrHKBHBM","79503ADb9O+oqVTL0otExM","7bIdNd9zlOcITv6nRengYo","7fQ0Wqb/tKxbkuc1o30cej","81GHAJmdxJhbiPHUO367vz","822fg5XpBPuZ3fgQ3dVeOj","84FObBFxlDIK2/KqLmHZn5","87lUUJZ3xMHpZskn/18r0b","89Wqux7l9M/7PokgavQWTl","8cyqK/+SBHa4sakbnUaXfd","8fR5pc/95Amr78H0rsZrLG","90Fmt0+K5LL4o0OtHEa7dW","928Nll3d1C0IxwFrUuR31M","93EqSj1UBEf4Zs9kqSlH6a","94kGuGpxZDZ4cSTQ3LgVn3","94t30MJhFKL7Njf46TSUOT","99mVQGGcdKr6FiD3BikvOQ","a1jdSkC31BuZIIvG8+YZ0Z","a13QYCnW9MxYUBhILj56RO","a5BV8RkgRHS4wfR22ZUoxb","a76QxmXG9G34q4yJXu9VwE","a76+KawstF/5PF1KXX8gy7","a8q7ndzulOJbl353u9frBF","aa1/wv2X1GJqpAyYJzHgBk","b0GLkiQdVO84NbiRH6V3Gq","b2cDYSX9FO7ZMn3c/050Ao","b6FbiJl4RBBYGdfqzD4kSR","b7pE9Ynd1K67xCWggfk8um@6c48a","b7pE9Ynd1K67xCWggfk8um@f9941","b7tEaMMt9KaKhC3gp+oF4b@6c48a","b7tEaMMt9KaKhC3gp+oF4b@f9941","b9FROJUZFFQrDb5dN/JKds","bbEfgLuERLKbz+hDuazczG","bfMOp2PWdGAo8cEhnE/OOp","c0MKfQQTRLzLFQcBSO9jCJ","c2JEFWPdNNe7/v7JGE3x1t","c3uPNgunJCsqQzNoUD+0f5","c3yNX2ZTJATo/X2+PgafQV","c37kFUPQ9Bh7jn+nVnxihS","c6yM1waZFJCZgNp0uSuM/D@6c48a","c6yM1waZFJCZgNp0uSuM/D@f9941","c8QeWafXpME7mEoI+OV8Tz","cbb/xPHTdP/KFy34YT0JDq","cbxW4bDWFITIR2Lr1TlqKN","d3/pXJj/9Goq/5eavfSJ9h","d58I5kyJNHCpQqJDywRlE3","d6Fm2XDHVK45d2a1Pdj76W","damuslejpH7YiL+YDnoWzO","dau35XRcFBPYQn1Mw/jm/U","dcdllgohpGUKuE4CsaNZ9C","dco0Ym3m9JlpEE6JaMk3px","de4t2fjdZHnptb3mt8iShn","dfg2KQtExB3Ki9OGZT7L2J","e0t2Jb2M5MmI3IFbbh12vO","e0y2FFtYFGboP2W7MLIkSS","e85n2aydpHzJifKYkpcp5O","e9lc9EuuNH1Z8nCDgDeSoF","f4DkqsPPpPsoINz/3Yhvlr","f5UL4M2I5OureRqAaimftY","f7kFcPevRAJZbs2B9lyK5G","faxfdBQ7pGbZ2O0ptyZAMe","fcRAii+l5JV6k2CeV4b+e6","ffuIqPr2JI9I8dPLYGRDpD","01Jxfo4wRCSrKyk9IoyU+i@f9941","02E8gutvJALbJYvYLpjL33@6c48a","02E8gutvJALbJYvYLpjL33@f9941","02700ca28","02kkBvMs5N7KE0jsPKB6BO@f9941","02/5lydMRA8oJSutUzIbQf@f9941","03aRBLKilDQZf1qZCvL6IE@f9941","03l0HrdRxMTbEcUr7BMDO7@f9941","03d2c50fa","0425PhImJArpbKLiabiTmF@6c48a","0425PhImJArpbKLiabiTmF@f9941","04ee4f9bf","080b4110d","08t95af4ZA2YFK4UGYdLrX@6c48a","08t95af4ZA2YFK4UGYdLrX@f9941","08ddbdd32","09Hi/e0ZNLYqwkF4amjkzb@f9941","0aEywwGXNC8ZHFZ6NDcmtq@f9941","0a33f9f7a","0brOF/2ClHtaxNil/etn4Q@6c48a","0brOF/2ClHtaxNil/etn4Q@f9941","0bc32442a","0b0xjPWlFAVq0VmFJ5unMQ@f9941","0cKx9+g+VOCZrxoiqT8ZuW","0c41d2076","0d4dbc920","0e50a439a","0e9c01062","0ebf5354d","10FyAIawFGcYyOCxtXXZqX@6c48a","10FyAIawFGcYyOCxtXXZqX@f9941","10nkgK8W1KQbMd/PkBAEft@6c48a","10nkgK8W1KQbMd/PkBAEft@f9941","106RmgYz1PDL6QwSfhoHDs@f9941","11AWvzKr9JorWsQA7m9O9X","11zoVtRmpIw7hW+WSQgFfb@6c48a","11zoVtRmpIw7hW+WSQgFfb@f9941","12KDX0CQVLfaiM1Mn+XSYE@6c48a","12KDX0CQVLfaiM1Mn+XSYE@f9941","13ykflF29KwIUhhMCA5Ega@6c48a","13ykflF29KwIUhhMCA5Ega@f9941","14nLalIPNOB73wBjPFbx3g@6c48a","14nLalIPNOB73wBjPFbx3g@f9941","16cqyrtcdDFJtCg94+muIV@6c48a","16cqyrtcdDFJtCg94+muIV@f9941","170faPuu1MzrnPC+zw9NKt@f9941","180b4110d@6c48a","19hfA7J1JHvLbgzM0Z0Bb8@f9941","19qDD2uk1Hv4fnrDscDMEB@6c48a","19qDD2uk1Hv4fnrDscDMEB@f9941","1a800Gf1tNVppDcIIE2Nt3@f9941","1bwvEj/CJIQ6RnYmxgsekg@6c48a","1bwvEj/CJIQ6RnYmxgsekg@f9941","1chMF9cjFBEqDBI6tOuM17@6c48a","1chMF9cjFBEqDBI6tOuM17@f9941","1dgcNa5bBAdpuW+b9QYn9E@f9941","1fpZc+doFBgJrg3jRtqXkb@6c48a","1fpZc+doFBgJrg3jRtqXkb@f9941","20AsYH2lpDnpudT2uHuJr0@6c48a","20AsYH2lpDnpudT2uHuJr0@f9941","20YzUl2n9NQ4Wdt4CJXLM7@f9941","20g1ukYUVPvKWKBRznAKo+@f9941","20g8DSkb9F9a/2WwWKby3I@6c48a","20g8DSkb9F9a/2WwWKby3I@f9941","209sg8RU9DDqFOdOL9ByIz@f9941","23yEalyuVO4Z/B1OgMVGKz@f9941","24QxLqQRxN45qGqS3aZdWa@f9941","24odHCfK5IkorCOCZMcFSA@6c48a","24odHCfK5IkorCOCZMcFSA@f9941","259WfOS7tHl57GqCSPBjcK@f9941","28R7TECSlFrowTxwrNqcpV@6c48a","28R7TECSlFrowTxwrNqcpV@f9941","293ULKSQBNPaG0dqivhZAD@f9941","2a9RnmumtH1oZVQJzprKR8@6c48a","2a9RnmumtH1oZVQJzprKR8@f9941","2byDUhRw5E56UJje3uOKCo","2dreVSWhNERr0OePeKTn46@f9941","2d0otSAAhJtqoWvn5Q++gr@6c48a","2d0otSAAhJtqoWvn5Q++gr@f9941","2erGA6KzJNabWK94nVmKeS@6c48a","2erGA6KzJNabWK94nVmKeS@f9941","2fK+8arSVMMpMIMU7v6kVt@f9941","31XEVCFCVIVLRuoc7buOt7@f9941","31oJhFqC1IWbfkkYpxQjb6@f9941","32MSWOFOpJV4hPKsv1Uy/S@6c48a","32MSWOFOpJV4hPKsv1Uy/S@f9941","33Q0kYFcZAj4M725kePduf@6c48a","33Q0kYFcZAj4M725kePduf@f9941","33Q/xC24dMxokVtQa5TRjk@f9941","339XHwAp1My4t9ETPNyAkD@6c48a","339XHwAp1My4t9ETPNyAkD@f9941","35yLWDApNOHaXyxbVzPem/@6c48a","35yLWDApNOHaXyxbVzPem/@f9941","36WaK5SMVLoJu9kW2Sef4Q@6c48a","36WaK5SMVLoJu9kW2Sef4Q@f9941","37XIBsvpVCRp6lqzAJEgId@6c48a","37XIBsvpVCRp6lqzAJEgId@f9941","37kIyp6O5PobYAAwhzmEH0@6c48a","37kIyp6O5PobYAAwhzmEH0@f9941","38IXkC/4xGArxTPHs4x5Wh@6c48a","38IXkC/4xGArxTPHs4x5Wh@f9941","393CdjrXdE/ajrCX8tNcJU@f9941","39/ekt9XBOK6LUa9dY3ZHZ@f9941","3aMhhvOVJPZpXtJ+aloNy+@6c48a","3aMhhvOVJPZpXtJ+aloNy+@f9941","3b9fmq7BlG5as5JWWX2m0A","3c0qJBtElDX6XTqyrwoEzQ@f9941","3c6VsfalJLfKp1GNReqln6@6c48a","3c6VsfalJLfKp1GNReqln6@f9941","41UcqJvtFJQ4FrBT4ARhNU@6c48a","41UcqJvtFJQ4FrBT4ARhNU@f9941","41ygQxVj5LQaGo4wZLVbx+","44emgJQBhNI6w2sg+a7j+b@6c48a","44emgJQBhNI6w2sg+a7j+b@f9941","44x+IzsAFDvZxZ8RULqCCw@6c48a","44x+IzsAFDvZxZ8RULqCCw@f9941","45t13wflpBCLtrGD7ucc27@f9941","460YvnTplPX60b0rX1+Yrg@f9941","46/DqyOlJMKqYfiumDzX2D@f9941","47a6LCXmNH6Zt4bOUlZIJx@f9941","47zrFDEORH25eRd8NiIBT1@f9941","48sGjaaupGRrS2qoypclDZ@6c48a","48sGjaaupGRrS2qoypclDZ@f9941","49DfMBAgBOSIQn9DMerM93@f9941","4cWFIboJlMdrrBDKq5OhB1@6c48a","4cWFIboJlMdrrBDKq5OhB1@f9941","4ctarzMntJKbtB2DaM/xio@f9941","4dFd4I3x5FkqhVYucQ/07+","4f1pZvYYJJXp5baxuRgn/Y@f9941","51aKviL5ZM/rk72UjRdsYk@f9941","54TknWPwVPqJqeCR+Y/Czo@f9941","55+jZHA31BwKl+ljQ2ggxe@f9941","59k2gDmW5Lp4fTh484CcEz@6c48a","59k2gDmW5Lp4fTh484CcEz@f9941","5azX0ZC5dG5YC/DQn49CDS@f9941","5cBnF0VatMdYWZtUlynvWf@f9941","5cW65jXGRMCKK8iyWtPM2f@6c48a","5cW65jXGRMCKK8iyWtPM2f@f9941","5eYqIg585C/KMBHGyUyRiG","5engCTpAZDWpvdXibJSl3v","60iBQkxyNKbpqGME9ck7+Z@f9941","62KpCKOn9EcZ8L4op2Gixz@f9941","65Lki1xK1L4bfzX152+sii@6c48a","65Lki1xK1L4bfzX152+sii@f9941","67YewG9S1Ls7/F2knnHgX+@f9941","67pKv4DlhPXLDK0suB3UYP@6c48a","67pKv4DlhPXLDK0suB3UYP@f9941","68KiXUUMhKHYXAziVEqBvS@f9941","6ad4g5eCxCZqJQiLy2fOq9@f9941","6ayisYMdRIr55uu0Wo9e/m@6c48a","6ayisYMdRIr55uu0Wo9e/m@f9941","6by57tF8VK2rGvUOUn0Lxa@f9941","6colKdavNCCLZZpblYtnz8@f9941","6dCt2tBbpG8r3QgVCx4qpF@f9941","6es+2ReXlEKJ+sVzes73ox@6c48a","6es+2ReXlEKJ+sVzes73ox@f9941","6faVLl8WVHhJECwJVQAJwN@6c48a","6faVLl8WVHhJECwJVQAJwN@f9941","6fevJMZs9N8qx8DkIsA/I5@6c48a","6fevJMZs9N8qx8DkIsA/I5@f9941","6fqoIGdzZNrZcjglG2auP1@f9941","71XiMJfmpInqOg1iYGfM+u@f9941","713MDsuhVPiaRal9aCSDRQ@6c48a","713MDsuhVPiaRal9aCSDRQ@f9941","73kWikp3NMYpLKKm9DXk5t@f9941","74riQP1O9PX4fQPDrBRz97@6c48a","74riQP1O9PX4fQPDrBRz97@f9941","74zMsjX3lGj62UKWw3LjuT@f9941","75NBmTX/JO9oJYXKkSF18K@6c48a","75NBmTX/JO9oJYXKkSF18K@f9941","75TWwsrNdHQ4hRT6LEN0re@f9941","75roTOulhB67TwHKV5E9d0@f9941","76WT/ZYcFGu6J1iC03wYNl@f9941","79I20Ox45FcodtFrHKBHBM@6c48a","79I20Ox45FcodtFrHKBHBM@f9941","79503ADb9O+oqVTL0otExM@6c48a","79503ADb9O+oqVTL0otExM@f9941","7aYppUCYpEuJ7uKI7ErZ6a@f9941","7bC/j/1UNFG5q/XVywVeCh@f9941","7bIdNd9zlOcITv6nRengYo@6c48a","7bIdNd9zlOcITv6nRengYo@f9941","7bL0BEfR1DW7oCPjDD3XmS@f9941","7dIdxIi8pNd5P1oFYDyofS@f9941","7dj5uJT9FMn6OrOOx83tfK@f9941","7eK4vv8w5A+YMANtorGQxs","7fQ0Wqb/tKxbkuc1o30cej@6c48a","7fQ0Wqb/tKxbkuc1o30cej@f9941","81GHAJmdxJhbiPHUO367vz@6c48a","81GHAJmdxJhbiPHUO367vz@f9941","822fg5XpBPuZ3fgQ3dVeOj@6c48a","822fg5XpBPuZ3fgQ3dVeOj@f9941","8278wBbDRGjIInMMQlPnUU@f9941","83CPeamIVL1Ys3R6qpM9sR@f9941","84FObBFxlDIK2/KqLmHZn5@6c48a","84FObBFxlDIK2/KqLmHZn5@f9941","87R9FFLRxB4YMN+Wg+oQrX","87lUUJZ3xMHpZskn/18r0b@6c48a","87lUUJZ3xMHpZskn/18r0b@f9941","89OqtuCL5PQoj9JFfWXrcR@f9941","89Wqux7l9M/7PokgavQWTl@6c48a","89Wqux7l9M/7PokgavQWTl@f9941","8cGORCCLFBD4yCQhcCXf3e@f9941","8clRQnfNNHCJLZPDZ6e7r8","8cyqK/+SBHa4sakbnUaXfd@6c48a","8cyqK/+SBHa4sakbnUaXfd@f9941","8dcHjukiRMl4pSXcXGiGu5@f9941","8fR5pc/95Amr78H0rsZrLG@6c48a","8fR5pc/95Amr78H0rsZrLG@f9941","8fhQlcCK5DjIwRCEhDG8om@f9941","90Fmt0+K5LL4o0OtHEa7dW@6c48a","90Fmt0+K5LL4o0OtHEa7dW@f9941","928Nll3d1C0IxwFrUuR31M@6c48a","928Nll3d1C0IxwFrUuR31M@f9941","94FSNmC+JCvalnQx2/Tmqv@f9941","94kGuGpxZDZ4cSTQ3LgVn3@6c48a","94kGuGpxZDZ4cSTQ3LgVn3@f9941","94t30MJhFKL7Njf46TSUOT@6c48a","94t30MJhFKL7Njf46TSUOT@f9941","95EkngnxZFbYuFpsqVTaFr@f9941","99mVQGGcdKr6FiD3BikvOQ@6c48a","99mVQGGcdKr6FiD3BikvOQ@f9941","99t+H++RVO3q+lpyS4t8x6","9dz0vvP9VJ3qdoXvtGJXkT@f9941","9eX0CUPBpHipPSBwTcDij4@f9941","9fMCtKeAdKl4NoAhbMeCtT@f9941","a1jdSkC31BuZIIvG8+YZ0Z@6c48a","a1jdSkC31BuZIIvG8+YZ0Z@f9941","a13QYCnW9MxYUBhILj56RO@6c48a","a13QYCnW9MxYUBhILj56RO@f9941","a5BV8RkgRHS4wfR22ZUoxb@6c48a","a5BV8RkgRHS4wfR22ZUoxb@f9941","a5CWOn0opM74izQpkn+Gh1@f9941","a76QxmXG9G34q4yJXu9VwE@6c48a","a76QxmXG9G34q4yJXu9VwE@f9941","a76+KawstF/5PF1KXX8gy7@6c48a","a76+KawstF/5PF1KXX8gy7@f9941","a8ZajNkxlLX5KcZjBjfhnf@f9941","a8pG155iFMXrXDguGrU6In@f9941","a8q7ndzulOJbl353u9frBF@6c48a","a8q7ndzulOJbl353u9frBF@f9941","aaIPIW975Mv6QOkMabaumf@f9941","aa1/wv2X1GJqpAyYJzHgBk@6c48a","aa1/wv2X1GJqpAyYJzHgBk@f9941","aa5FcRzzpJ6YDXX6I8Qarm@f9941","aa9hMJytxJELgsdkrR+Ly1@f9941","aa+Xl4ZYlN656CxUK6ZLa3","b0GLkiQdVO84NbiRH6V3Gq@6c48a","b0GLkiQdVO84NbiRH6V3Gq@f9941","b19jka+7FO+J3whRYYxmku@f9941","b2cDYSX9FO7ZMn3c/050Ao@6c48a","b2cDYSX9FO7ZMn3c/050Ao@f9941","b2c0VohzhNI6S3R8n8WHml","b2hvSd+m5Jb5GjavS4tVFt","b2jA19ZjVFY5BQocFlL7Ix@f9941","b3mb1mGL9Nq5hbGAXZCEld@f9941","b6FbiJl4RBBYGdfqzD4kSR@6c48a","b6FbiJl4RBBYGdfqzD4kSR@f9941","b6LlTjsjhJLbZDc455t5TR@f9941","b7Y7TvJ1REJpT3ftlu7BSg@f9941","b9FROJUZFFQrDb5dN/JKds@6c48a","b9FROJUZFFQrDb5dN/JKds@f9941","bbEfgLuERLKbz+hDuazczG@6c48a","bbEfgLuERLKbz+hDuazczG@f9941","bfMOp2PWdGAo8cEhnE/OOp@6c48a","bfMOp2PWdGAo8cEhnE/OOp@f9941","bf00/YKQ5Ht4nLDd/0zq2Z@f9941","c0MKfQQTRLzLFQcBSO9jCJ@6c48a","c0MKfQQTRLzLFQcBSO9jCJ@f9941","c1EU4AJddDeLNLIypgqAQz@f9941","c10aQI9QVCrbx+7I3z1BSE@f9941","c2JEFWPdNNe7/v7JGE3x1t@6c48a","c2JEFWPdNNe7/v7JGE3x1t@f9941","c21N7sFFJLp51I9KKJOXrQ","c3uPNgunJCsqQzNoUD+0f5@6c48a","c3uPNgunJCsqQzNoUD+0f5@f9941","c3yNX2ZTJATo/X2+PgafQV@6c48a","c3yNX2ZTJATo/X2+PgafQV@f9941","c37kFUPQ9Bh7jn+nVnxihS@6c48a","c37kFUPQ9Bh7jn+nVnxihS@f9941","c3/2H2yiVF2ZYXtK06xsPj","c48jbkAJhFrYvuLRLJvo4A@f9941","c6J/hD3+lPwI6Vjusykbay@f9941","c6LwSzBE9EWphfzwku4R27@f9941","c7bbZPS+tM9JrWFsjWXnC5@f9941","c7tF4hetRHc5wVk0W+vp8X@f9941","c8QeWafXpME7mEoI+OV8Tz@6c48a","c8QeWafXpME7mEoI+OV8Tz@f9941","c8fENYK2dKBacq20vcQFOo@f9941","caHCvFKPNEGpaE5iOheRRZ@f9941","cabwPMrelF2rdl7RnzNrpf","cbb/xPHTdP/KFy34YT0JDq@6c48a","cbb/xPHTdP/KFy34YT0JDq@f9941","cbxW4bDWFITIR2Lr1TlqKN@6c48a","cbxW4bDWFITIR2Lr1TlqKN@f9941","cfrl0fictCuLpeBGFATaHy@f9941","d2WlLv9oNJmqxbsV2VBJD8@f9941","d3/pXJj/9Goq/5eavfSJ9h@6c48a","d3/pXJj/9Goq/5eavfSJ9h@f9941","d5Pw1aiZpJs6ZIx6yWba/4@f9941","d58I5kyJNHCpQqJDywRlE3@6c48a","d58I5kyJNHCpQqJDywRlE3@f9941","d6Fm2XDHVK45d2a1Pdj76W@6c48a","d6Fm2XDHVK45d2a1Pdj76W@f9941","d6+YznK2xGB419rCrqJnZ+@f9941","d87ZjnutRCb5QOEHIqtYU5@f9941","d8+MyVYs1BToc1aCbwxZwC@f9941","damuslejpH7YiL+YDnoWzO@6c48a","damuslejpH7YiL+YDnoWzO@f9941","dau35XRcFBPYQn1Mw/jm/U@6c48a","dau35XRcFBPYQn1Mw/jm/U@f9941","dcGiMk4yVG1Z17zPD37Ksk@f9941","dcc1gWlXlNjaH9wiIbHn43@f9941","dcdllgohpGUKuE4CsaNZ9C@6c48a","dcdllgohpGUKuE4CsaNZ9C@f9941","dco0Ym3m9JlpEE6JaMk3px@6c48a","dco0Ym3m9JlpEE6JaMk3px@f9941","ddOBDwKQ1MAojPCmtgXCnj@f9941","ddPt3CeHdDgKAxW2+pHu2Z","ddn4e1bZNHKpXvhzcxBrZs","deaaM7WnNBtpuC3Xo8s1zF","det4+VA+pNnILw2KBto15G@f9941","de4t2fjdZHnptb3mt8iShn@6c48a","de4t2fjdZHnptb3mt8iShn@f9941","dfIR5itY9CHLBZnPWx47bp@f9941","dfg2KQtExB3Ki9OGZT7L2J@6c48a","dfg2KQtExB3Ki9OGZT7L2J@f9941","e0CofzVjRC/YB7cqyAJ2um@f9941","e0t2Jb2M5MmI3IFbbh12vO@6c48a","e0t2Jb2M5MmI3IFbbh12vO@f9941","e0y2FFtYFGboP2W7MLIkSS@6c48a","e0y2FFtYFGboP2W7MLIkSS@f9941","e28RDkGfxIG4CKPAZgK1+K","e4AHZDTOhDhISMc8xv7XUY@f9941","e7Y4ycydREAoio4XnnVWLD","e78lu3ezxDKoro8L97gGFe@f9941","e85n2aydpHzJifKYkpcp5O@6c48a","e85n2aydpHzJifKYkpcp5O@f9941","e9lc9EuuNH1Z8nCDgDeSoF@6c48a","e9lc9EuuNH1Z8nCDgDeSoF@f9941","ebUp7hkKtLX5XlI0QHPPHs@f9941","ecexRSviNAVY/v4A/DPSse@f9941","ec5Bt7erhCP73pToGVKx5M@f9941","efGBqlUhVLcaJyGzgHDCvp@f9941","f2BvzbovtI0JJ6N8bVxfoM@f9941","f4DkqsPPpPsoINz/3Yhvlr@6c48a","f4DkqsPPpPsoINz/3Yhvlr@f9941","f5UL4M2I5OureRqAaimftY@6c48a","f5UL4M2I5OureRqAaimftY@f9941","f7kFcPevRAJZbs2B9lyK5G@6c48a","f7kFcPevRAJZbs2B9lyK5G@f9941","f8L9RW34BBQJ6DLbag33RF@f9941","f8+uDEOF1Au4sjvSNbwZcK","faxfdBQ7pGbZ2O0ptyZAMe@6c48a","faxfdBQ7pGbZ2O0ptyZAMe@f9941","fbgeA0VGBBBKyV2nPRkvZp","fcRAii+l5JV6k2CeV4b+e6@6c48a","fcRAii+l5JV6k2CeV4b+e6@f9941","fcv7g6OR9DsK5JhBDPw1zk@f9941","ffuIqPr2JI9I8dPLYGRDpD@6c48a","ffuIqPr2JI9I8dPLYGRDpD@f9941"],"paths":{"0":["res/texture/banker_b",1,1],"1":["res/controlNIUPC/banker_b_a_pc",1,1],"2":["res/controlNIUPC/banker_b_pc",1,1],"3":["res/controlNIUPC/player_b_pc",1,1],"4":["res/texture/banker_b_a",1,1],"5":["bacNiuNiuSGameScene",0,1],"6":["res/texture/player_b_a",1,1],"7":["res/texture/player_b",1,1],"8":["res/controlNIUPC/player_b_a_pc",1,1],"9":["bacNiuNiuSGameScenePC",0,1],"30":["res/texture/banker_b/texture",2,1],"31":["res/texture/banker_b/spriteFrame",3,1],"38":["res/controlNIUPC/banker_b_a_pc/texture",2,1],"39":["res/controlNIUPC/banker_b_a_pc/spriteFrame",3,1],"46":["res/controlNIUPC/banker_b_pc/texture",2,1],"47":["res/controlNIUPC/banker_b_pc/spriteFrame",3,1],"49":["res/controlNIUPC/player_b_pc/texture",2,1],"50":["res/controlNIUPC/player_b_pc/spriteFrame",3,1],"52":["res/texture/banker_b_a/texture",2,1],"53":["res/texture/banker_b_a/spriteFrame",3,1],"96":["res/texture/player_b_a/texture",2,1],"97":["res/texture/player_b_a/spriteFrame",3,1],"98":["res/texture/player_b/texture",2,1],"99":["res/texture/player_b/spriteFrame",3,1],"108":["res/controlNIUPC/player_b_a_pc/texture",2,1],"109":["res/controlNIUPC/player_b_a_pc/spriteFrame",3,1]},"scenes":{"db://assets/games/bacNiuniuS/bacNiuNiuSGameScene.scene":5,"db://assets/games/bacNiuniuS/bacNiuNiuSGameScenePC.scene":9},"packs":{"02700ca28":[271,318,320,332],"03d2c50fa":[383,457,491],"04ee4f9bf":[142,170,184,31,206,217,237,240,53,245,254,257,306,342,344,5,352,97,99,403,408,432,441,445,450,460,468,479,483,486],"080b4110d":[132,136,138,139,148,165,196,197,198,208,214,215,220,234,238,248,249,250,252,255,258,261,266,272,273,276,279,292,296,310,324,333,345,354,356,363,369,372,380,385,386,397,400,412,415,420,426,436,443,464,466,471,472,473],"08ddbdd32":[151,183,185,188,205,209,211,235,46,239,256,141,268,281,286,290,288,311,317,145,335,338,167,171,180,199,30,221,38,223,246,253,277,294,297,307,321,343,348,163,173,178,133,227,49,52,244,274,331,175,190,194,202,225,241,325,229,305,341,346,169,216,161,218,231,264,300,319,328,351,359,364,366,370,357,361,373,96,98,378,387,381,391,393,395,405,407,409,108,398,417,402,422,424,428,431,433,438,440,444,446,453,456,459,461,467,469,476,478,480,484,487,490],"0a33f9f7a":[336,362,421],"0bc32442a":[155,176],"0c41d2076":[146,152,164,168,172,181,189,195,210,222,39,228,236,47,50,242,265,275,282,291,312,326,327,347,349,365,396,399,109,418,439,462,9],"0d4dbc920":[134,186,226,230,270,308,388,410],"0e50a439a":[174,191,212,219,224,232,247,269,287,289,295,316,322,329,360,371,374,394,423,425,429,434,447,454,477,481,485,488],"0e9c01062":[200,358,451],"0ebf5354d":[162,203,278,298,301,339,367,379,382,392,404,406,470]},"versions":{"import":[10,"a2533",135,"13cda",140,"84255",11,"a2533",143,"d7e56",144,"a61aa",12,"a2533",147,"442e2",150,"54fbc",13,"a2533",153,"e1df9",156,"2bb83",157,"5c337",158,"1f6e3",159,"7b483",160,"6b6a9",14,"a2533",15,"a2533",166,"eea53",16,"a2533",17,"a2533",18,"a2533",19,"a2533",20,"a2533",21,"024f9",22,"a2533",23,"a2533",24,"a2533",25,"a2533",26,"a2533",27,"a2533",28,"a2533",29,"a2533",0,"a2533",32,"a2533",33,"a2533",34,"a2533",35,"a2533",36,"a2533",37,"a2533",1,"a2533",40,"a2533",41,"a2533",42,"a2533",43,"a2533",44,"a2533",45,"a2533",2,"a2533",48,"a2533",3,"a2533",51,"a2533",4,"a2533",54,"c16a8",55,"a2533",56,"a2533",57,"a2533",58,"a2533",59,"a2533",60,"a2533",61,"a2533",62,"a2533",63,"a2533",64,"a2533",65,"a2533",66,"a2533",67,"a2533",68,"a2533",69,"a2533",70,"a2533",71,"a2533",72,"a2533",73,"a2533",74,"a2533",75,"a2533",76,"a2533",77,"a2533",78,"a2533",79,"a2533",80,"a2533",81,"a2533",83,"a2533",84,"a2533",85,"a2533",86,"a2533",87,"a2533",88,"a2533",89,"a2533",90,"a2533",91,"a2533",92,"a2533",93,"a2533",94,"a2533",95,"a2533",6,"a2533",7,"a2533",100,"a2533",101,"a2533",102,"a2533",103,"a2533",104,"a2533",105,"a2533",106,"a2533",107,"a2533",8,"a2533",110,"a2533",111,"a2533",112,"a2533",113,"a2533",114,"a2533",115,"a2533",116,"a2533",117,"a2533",118,"a2533",119,"a2533",120,"a2533",121,"a2533",122,"a2533",123,"a2533",124,"a2533",125,"a2533",126,"a2533",127,"a2533",128,"a2533",129,"a2533",130,"a2533",131,"a2533"],"native":[10,"de7ab",11,"cbed1",12,"4412a",13,"440c4",14,"2ed4a",15,"a291e",16,"12aef",17,"effac",18,"8cb5e",19,"8f78e",20,"92d87",21,"09ca3",22,"2cbb2",23,"85395",24,"12b1b",25,"cfe7d",26,"e96e3",27,"b4a25",28,"6ba03",29,"0f3fc",0,"af79b",32,"d4496",33,"f6a0a",34,"6a001",35,"4218e",36,"fe425",37,"581d8",1,"ec6cc",40,"85e6a",41,"afd53",42,"b1978",43,"7c998",44,"3b642",45,"83bdf",2,"9a431",48,"86514",3,"2e117",51,"672ee",4,"6d792",54,"45a01",55,"3ee22",56,"27ca2",57,"58ee9",58,"0ea76",59,"bc5d7",60,"c7d36",61,"66176",62,"bffc4",63,"f17c5",64,"28bc9",65,"fe571",66,"9be18",67,"829bb",68,"a2b7f",69,"e84b9",70,"1edba",71,"8f4bc",72,"70d56",73,"3b247",74,"781eb",75,"a4257",76,"0a5df",77,"ad921",78,"53ebe",79,"6cef2",80,"44782",81,"81fac",83,"25d5d",84,"ac927",85,"8bc93",86,"5098c",87,"411fb",88,"a3590",89,"4617a",90,"9e086",91,"83e56",92,"050cf",93,"26764",94,"5470a",95,"b58b8",6,"6de88",7,"b070b",100,"8c337",101,"494e2",102,"f1f93",103,"f3164",104,"654a1",105,"28e5b",106,"9bf84",107,"7a6ff",8,"90126",110,"7a7d1",111,"857a7",112,"9db1f",113,"fbfba",114,"ddc89",115,"543b5",116,"1f4a7",117,"0677e",118,"93d21",119,"1cf6c",120,"125cd",121,"d86ae",122,"d6c97",123,"1941a",124,"a5ea9",125,"e0076",126,"c45ce",127,"283e7",128,"00ecb",129,"f9aae",130,"80fee",131,"6d707"]},"redirect":[137,"0",149,"0",154,"0",177,"0",179,"0",182,"0",187,"0",192,"1",193,"1",201,"0",204,"0",207,"0",213,"0",233,"1",243,"0",251,"0",259,"0",260,"0",262,"1",263,"1",267,"0",280,"0",283,"0",284,"0",285,"0",293,"0",299,"0",302,"0",303,"0",304,"0",309,"0",313,"0",314,"0",315,"1",323,"0",330,"0",334,"0",337,"0",340,"0",82,"0",350,"1",353,"0",355,"0",368,"0",375,"0",376,"0",377,"0",384,"0",389,"0",390,"0",401,"0",411,"0",413,"0",414,"0",416,"0",419,"0",427,"0",430,"0",435,"0",437,"0",442,"0",448,"0",449,"0",452,"1",455,"0",458,"0",463,"0",465,"0",474,"0",475,"0",482,"0",489,"0"],"debug":false,"extensionMap":{".cconb":[82]},"hasPreloadScript":true,"dependencyRelationships":{},"types":["cc.SceneAsset","cc.ImageAsset","cc.Texture2D","cc.SpriteFrame"]}