{"importBase":"import","nativeBase":"native","name":"bacNiuniuSBundle","deps":["main","resources"],"uuids":["28zh2tbaxECZRZTjlAd/Pn","3492T8rcpMsovAO4RwyVfC","3b7z5RspFJnZMp/84M3mBX","41T/DB2xRCsoTxxAvI8gK9","43fLIOV2pKPKo755Rmf9A3","94Cj8bcexCqZZbm2bUEZVO","b7pE9Ynd1K67xCWggfk8um","b7tEaMMt9KaKhC3gp+oF4b","c6yM1waZFJCZgNp0uSuM/D","e52Cs4nrFJY4AGDlZVSQJN","02E8gutvJALbJYvYLpjL33","020gHFCKdBM6jU7J0TpLRB","0425PhImJArpbKLiabiTmF","05FvcGNTdGQ4DYXpJB3/mG","08t95af4ZA2YFK4UGYdLrX","0aEywwGXNC8ZHFZ6NDcmtq","0brOF/2ClHtaxNil/etn4Q","0b0xjPWlFAVq0VmFJ5unMQ","10FyAIawFGcYyOCxtXXZqX","10nkgK8W1KQbMd/PkBAEft","11vcSwZKhOt6Knn7niM+l3","11zoVtRmpIw7hW+WSQgFfb","12KDX0CQVLfaiM1Mn+XSYE","13ykflF29KwIUhhMCA5Ega","14nLalIPNOB73wBjPFbx3g","16cqyrtcdDFJtCg94+muIV","180b4110d","19hfA7J1JHvLbgzM0Z0Bb8","19qDD2uk1Hv4fnrDscDMEB","1a800Gf1tNVppDcIIE2Nt3","1chMF9cjFBEqDBI6tOuM17","1dgcNa5bBAdpuW+b9QYn9E","1fpZc+doFBgJrg3jRtqXkb","20AsYH2lpDnpudT2uHuJr0","20g8DSkb9F9a/2WwWKby3I","24odHCfK5IkorCOCZMcFSA","259WfOS7tHl57GqCSPBjcK","28R7TECSlFrowTxwrNqcpV","28zh2tbaxECZRZTjlAd/Pn@6c48a","28zh2tbaxECZRZTjlAd/Pn@f9941","2a9RnmumtH1oZVQJzprKR8","2c521HD/hI64o4axcXDcN4","2d0otSAAhJtqoWvn5Q++gr","2erGA6KzJNabWK94nVmKeS","2fK+8arSVMMpMIMU7v6kVt","32MSWOFOpJV4hPKsv1Uy/S","33Q0kYFcZAj4M725kePduf","339XHwAp1My4t9ETPNyAkD","3492T8rcpMsovAO4RwyVfC@6c48a","3492T8rcpMsovAO4RwyVfC@f9941","35yLWDApNOHaXyxbVzPem/","36WaK5SMVLoJu9kW2Sef4Q","37XIBsvpVCRp6lqzAJEgId","37kIyp6O5PobYAAwhzmEH0","38IXkC/4xGArxTPHs4x5Wh","3aMhhvOVJPZpXtJ+aloNy+","3b7z5RspFJnZMp/84M3mBX@6c48a","3b7z5RspFJnZMp/84M3mBX@f9941","3c6VsfalJLfKp1GNReqln6","41T/DB2xRCsoTxxAvI8gK9@6c48a","41T/DB2xRCsoTxxAvI8gK9@f9941","41UcqJvtFJQ4FrBT4ARhNU","43fLIOV2pKPKo755Rmf9A3@6c48a","43fLIOV2pKPKo755Rmf9A3@f9941","44emgJQBhNI6w2sg+a7j+b","44x+IzsAFDvZxZ8RULqCCw","47a6LCXmNH6Zt4bOUlZIJx","48sGjaaupGRrS2qoypclDZ","4cWFIboJlMdrrBDKq5OhB1","4f1pZvYYJJXp5baxuRgn/Y","59k2gDmW5Lp4fTh484CcEz","5bv2sml19FF5hSyKgxq2/B","5cW65jXGRMCKK8iyWtPM2f","65Lki1xK1L4bfzX152+sii","67pKv4DlhPXLDK0suB3UYP","6ad4g5eCxCZqJQiLy2fOq9","6colKdavNCCLZZpblYtnz8","6es+2ReXlEKJ+sVzes73ox","6faVLl8WVHhJECwJVQAJwN","6fevJMZs9N8qx8DkIsA/I5","71XiMJfmpInqOg1iYGfM+u","713MDsuhVPiaRal9aCSDRQ","74riQP1O9PX4fQPDrBRz97","75NBmTX/JO9oJYXKkSF18K","75TWwsrNdHQ4hRT6LEN0re","75roTOulhB67TwHKV5E9d0","79I20Ox45FcodtFrHKBHBM","79503ADb9O+oqVTL0otExM","7aYppUCYpEuJ7uKI7ErZ6a","7bIdNd9zlOcITv6nRengYo","7bL0BEfR1DW7oCPjDD3XmS","7fQ0Wqb/tKxbkuc1o30cej","81GHAJmdxJhbiPHUO367vz","822fg5XpBPuZ3fgQ3dVeOj","8278wBbDRGjIInMMQlPnUU","84FObBFxlDIK2/KqLmHZn5","86LOCjLJxFkr7qX2gxF/9p","87lUUJZ3xMHpZskn/18r0b","89OqtuCL5PQoj9JFfWXrcR","89Wqux7l9M/7PokgavQWTl","8apQTOle5LcJVIlJMPE5XQ","8cyqK/+SBHa4sakbnUaXfd","8dcHjukiRMl4pSXcXGiGu5","8fR5pc/95Amr78H0rsZrLG","8fhQlcCK5DjIwRCEhDG8om","90Fmt0+K5LL4o0OtHEa7dW","928Nll3d1C0IxwFrUuR31M","93EqSj1UBEf4Zs9kqSlH6a","94kGuGpxZDZ4cSTQ3LgVn3","94t30MJhFKL7Njf46TSUOT","9eX0CUPBpHipPSBwTcDij4","a1jdSkC31BuZIIvG8+YZ0Z","a13QYCnW9MxYUBhILj56RO","a5BV8RkgRHS4wfR22ZUoxb","a76QxmXG9G34q4yJXu9VwE","a76+KawstF/5PF1KXX8gy7","a8ZajNkxlLX5KcZjBjfhnf","a8q7ndzulOJbl353u9frBF","aa1/wv2X1GJqpAyYJzHgBk","aa5FcRzzpJ6YDXX6I8Qarm","aa9hMJytxJELgsdkrR+Ly1","b0GLkiQdVO84NbiRH6V3Gq","b2cDYSX9FO7ZMn3c/050Ao","b6FbiJl4RBBYGdfqzD4kSR","b6LlTjsjhJLbZDc455t5TR","b7Y7TvJ1REJpT3ftlu7BSg","b7pE9Ynd1K67xCWggfk8um@6c48a","b7pE9Ynd1K67xCWggfk8um@f9941","b7tEaMMt9KaKhC3gp+oF4b@6c48a","b7tEaMMt9KaKhC3gp+oF4b@f9941","b9FROJUZFFQrDb5dN/JKds","bbEfgLuERLKbz+hDuazczG","bfMOp2PWdGAo8cEhnE/OOp","c0MKfQQTRLzLFQcBSO9jCJ","c10aQI9QVCrbx+7I3z1BSE","c2JEFWPdNNe7/v7JGE3x1t","c3A9Xy0CJNhbzplj/pJEtk","c3uPNgunJCsqQzNoUD+0f5","c3yNX2ZTJATo/X2+PgafQV","c37kFUPQ9Bh7jn+nVnxihS","c4QOCIgP1Ir6F4xijRX//d","c6LwSzBE9EWphfzwku4R27","c6yM1waZFJCZgNp0uSuM/D@6c48a","c6yM1waZFJCZgNp0uSuM/D@f9941","c7tF4hetRHc5wVk0W+vp8X","c8QeWafXpME7mEoI+OV8Tz","c8fENYK2dKBacq20vcQFOo","cbb/xPHTdP/KFy34YT0JDq","cbxW4bDWFITIR2Lr1TlqKN","d2WlLv9oNJmqxbsV2VBJD8","d3/pXJj/9Goq/5eavfSJ9h","d5Pw1aiZpJs6ZIx6yWba/4","d58I5kyJNHCpQqJDywRlE3","d6Fm2XDHVK45d2a1Pdj76W","d6+YznK2xGB419rCrqJnZ+","dau35XRcFBPYQn1Mw/jm/U","dcGiMk4yVG1Z17zPD37Ksk","dcdllgohpGUKuE4CsaNZ9C","dco0Ym3m9JlpEE6JaMk3px","de4t2fjdZHnptb3mt8iShn","dfg2KQtExB3Ki9OGZT7L2J","e0CofzVjRC/YB7cqyAJ2um","e0t2Jb2M5MmI3IFbbh12vO","e0y2FFtYFGboP2W7MLIkSS","e85n2aydpHzJifKYkpcp5O","e9lc9EuuNH1Z8nCDgDeSoF","f2BvzbovtI0JJ6N8bVxfoM","f4DkqsPPpPsoINz/3Yhvlr","f5UL4M2I5OureRqAaimftY","f7kFcPevRAJZbs2B9lyK5G","f8L9RW34BBQJ6DLbag33RF","faxfdBQ7pGbZ2O0ptyZAMe","fcRAii+l5JV6k2CeV4b+e6","fcv7g6OR9DsK5JhBDPw1zk","ffbD1HaWFF3IUx4Fy7yKHx","ffuIqPr2JI9I8dPLYGRDpD","01Jxfo4wRCSrKyk9IoyU+i@f9941","01bbc7dd5","02E8gutvJALbJYvYLpjL33@6c48a","02E8gutvJALbJYvYLpjL33@f9941","0235f987f","02kkBvMs5N7KE0jsPKB6BO@f9941","020gHFCKdBM6jU7J0TpLRB@6c48a","020gHFCKdBM6jU7J0TpLRB@f9941","027OFhmglBoIv7w+jzf2Zc","02/5lydMRA8oJSutUzIbQf@f9941","03aRBLKilDQZf1qZCvL6IE@f9941","03l0HrdRxMTbEcUr7BMDO7@f9941","03ce93833","03d2c50fa","0425PhImJArpbKLiabiTmF@6c48a","0425PhImJArpbKLiabiTmF@f9941","05FvcGNTdGQ4DYXpJB3/mG@6c48a","05FvcGNTdGQ4DYXpJB3/mG@f9941","06fabc65a","080b4110d","08t95af4ZA2YFK4UGYdLrX@6c48a","08t95af4ZA2YFK4UGYdLrX@f9941","09Hi/e0ZNLYqwkF4amjkzb@f9941","0aEywwGXNC8ZHFZ6NDcmtq@6c48a","0aEywwGXNC8ZHFZ6NDcmtq@f9941","0a33f9f7a","0brOF/2ClHtaxNil/etn4Q@6c48a","0brOF/2ClHtaxNil/etn4Q@f9941","0b0xjPWlFAVq0VmFJ5unMQ@6c48a","0b0xjPWlFAVq0VmFJ5unMQ@f9941","0c28c5c10","0cKx9+g+VOCZrxoiqT8ZuW","0cde47f9b","0e50a439a","0e86b22f1","0e9c01062","0ebf5354d","0eec911e6","10FyAIawFGcYyOCxtXXZqX@6c48a","10FyAIawFGcYyOCxtXXZqX@f9941","10nkgK8W1KQbMd/PkBAEft@6c48a","10nkgK8W1KQbMd/PkBAEft@f9941","106RmgYz1PDL6QwSfhoHDs@f9941","11AWvzKr9JorWsQA7m9O9X","11vcSwZKhOt6Knn7niM+l3@6c48a","11vcSwZKhOt6Knn7niM+l3@f9941","11zoVtRmpIw7hW+WSQgFfb@6c48a","11zoVtRmpIw7hW+WSQgFfb@f9941","12KDX0CQVLfaiM1Mn+XSYE@6c48a","12KDX0CQVLfaiM1Mn+XSYE@f9941","13ykflF29KwIUhhMCA5Ega@6c48a","13ykflF29KwIUhhMCA5Ega@f9941","14nLalIPNOB73wBjPFbx3g@6c48a","14nLalIPNOB73wBjPFbx3g@f9941","16cqyrtcdDFJtCg94+muIV@6c48a","16cqyrtcdDFJtCg94+muIV@f9941","16qv4jj+lETaCQhE7hqgIa","170faPuu1MzrnPC+zw9NKt@f9941","180b4110d@6c48a","19hfA7J1JHvLbgzM0Z0Bb8@6c48a","19hfA7J1JHvLbgzM0Z0Bb8@f9941","19qDD2uk1Hv4fnrDscDMEB@6c48a","19qDD2uk1Hv4fnrDscDMEB@f9941","1a800Gf1tNVppDcIIE2Nt3@6c48a","1a800Gf1tNVppDcIIE2Nt3@f9941","1chMF9cjFBEqDBI6tOuM17@6c48a","1chMF9cjFBEqDBI6tOuM17@f9941","1dgcNa5bBAdpuW+b9QYn9E@6c48a","1dgcNa5bBAdpuW+b9QYn9E@f9941","1fpZc+doFBgJrg3jRtqXkb@6c48a","1fpZc+doFBgJrg3jRtqXkb@f9941","20AsYH2lpDnpudT2uHuJr0@6c48a","20AsYH2lpDnpudT2uHuJr0@f9941","20YzUl2n9NQ4Wdt4CJXLM7@f9941","20g1ukYUVPvKWKBRznAKo+@f9941","20g8DSkb9F9a/2WwWKby3I@6c48a","20g8DSkb9F9a/2WwWKby3I@f9941","209sg8RU9DDqFOdOL9ByIz@f9941","23yEalyuVO4Z/B1OgMVGKz@f9941","24QxLqQRxN45qGqS3aZdWa@f9941","24odHCfK5IkorCOCZMcFSA@6c48a","24odHCfK5IkorCOCZMcFSA@f9941","259WfOS7tHl57GqCSPBjcK@6c48a","259WfOS7tHl57GqCSPBjcK@f9941","28R7TECSlFrowTxwrNqcpV@6c48a","28R7TECSlFrowTxwrNqcpV@f9941","293ULKSQBNPaG0dqivhZAD@f9941","2a9RnmumtH1oZVQJzprKR8@6c48a","2a9RnmumtH1oZVQJzprKR8@f9941","2byDUhRw5E56UJje3uOKCo","2c521HD/hI64o4axcXDcN4@6c48a","2c521HD/hI64o4axcXDcN4@f9941","2dreVSWhNERr0OePeKTn46@f9941","2d0otSAAhJtqoWvn5Q++gr@6c48a","2d0otSAAhJtqoWvn5Q++gr@f9941","2erGA6KzJNabWK94nVmKeS@6c48a","2erGA6KzJNabWK94nVmKeS@f9941","2fK+8arSVMMpMIMU7v6kVt@6c48a","2fK+8arSVMMpMIMU7v6kVt@f9941","31XEVCFCVIVLRuoc7buOt7@f9941","31oJhFqC1IWbfkkYpxQjb6@f9941","32MSWOFOpJV4hPKsv1Uy/S@6c48a","32MSWOFOpJV4hPKsv1Uy/S@f9941","33Q0kYFcZAj4M725kePduf@6c48a","33Q0kYFcZAj4M725kePduf@f9941","33Q/xC24dMxokVtQa5TRjk@f9941","339XHwAp1My4t9ETPNyAkD@6c48a","339XHwAp1My4t9ETPNyAkD@f9941","35yLWDApNOHaXyxbVzPem/@6c48a","35yLWDApNOHaXyxbVzPem/@f9941","36WaK5SMVLoJu9kW2Sef4Q@6c48a","36WaK5SMVLoJu9kW2Sef4Q@f9941","37XIBsvpVCRp6lqzAJEgId@6c48a","37XIBsvpVCRp6lqzAJEgId@f9941","37kIyp6O5PobYAAwhzmEH0@6c48a","37kIyp6O5PobYAAwhzmEH0@f9941","38IXkC/4xGArxTPHs4x5Wh@6c48a","38IXkC/4xGArxTPHs4x5Wh@f9941","393CdjrXdE/ajrCX8tNcJU@f9941","39/ekt9XBOK6LUa9dY3ZHZ@f9941","3aMhhvOVJPZpXtJ+aloNy+@6c48a","3aMhhvOVJPZpXtJ+aloNy+@f9941","3c0qJBtElDX6XTqyrwoEzQ@f9941","3c6VsfalJLfKp1GNReqln6@6c48a","3c6VsfalJLfKp1GNReqln6@f9941","41UcqJvtFJQ4FrBT4ARhNU@6c48a","41UcqJvtFJQ4FrBT4ARhNU@f9941","41ygQxVj5LQaGo4wZLVbx+","44emgJQBhNI6w2sg+a7j+b@6c48a","44emgJQBhNI6w2sg+a7j+b@f9941","44x+IzsAFDvZxZ8RULqCCw@6c48a","44x+IzsAFDvZxZ8RULqCCw@f9941","45t13wflpBCLtrGD7ucc27@f9941","460YvnTplPX60b0rX1+Yrg@f9941","46/DqyOlJMKqYfiumDzX2D@f9941","47a6LCXmNH6Zt4bOUlZIJx@6c48a","47a6LCXmNH6Zt4bOUlZIJx@f9941","47zrFDEORH25eRd8NiIBT1@f9941","48sGjaaupGRrS2qoypclDZ@6c48a","48sGjaaupGRrS2qoypclDZ@f9941","49DfMBAgBOSIQn9DMerM93@f9941","4cWFIboJlMdrrBDKq5OhB1@6c48a","4cWFIboJlMdrrBDKq5OhB1@f9941","4ctarzMntJKbtB2DaM/xio@f9941","4dFd4I3x5FkqhVYucQ/07+","4f1pZvYYJJXp5baxuRgn/Y@6c48a","4f1pZvYYJJXp5baxuRgn/Y@f9941","51aKviL5ZM/rk72UjRdsYk@f9941","54TknWPwVPqJqeCR+Y/Czo@f9941","55+jZHA31BwKl+ljQ2ggxe@f9941","59k2gDmW5Lp4fTh484CcEz@6c48a","59k2gDmW5Lp4fTh484CcEz@f9941","5azX0ZC5dG5YC/DQn49CDS@f9941","5bv2sml19FF5hSyKgxq2/B@6c48a","5bv2sml19FF5hSyKgxq2/B@f9941","5cBnF0VatMdYWZtUlynvWf@f9941","5cW65jXGRMCKK8iyWtPM2f@6c48a","5cW65jXGRMCKK8iyWtPM2f@f9941","5eYqIg585C/KMBHGyUyRiG","5engCTpAZDWpvdXibJSl3v","60iBQkxyNKbpqGME9ck7+Z@f9941","62KpCKOn9EcZ8L4op2Gixz@f9941","65Lki1xK1L4bfzX152+sii@6c48a","65Lki1xK1L4bfzX152+sii@f9941","67YewG9S1Ls7/F2knnHgX+@f9941","67pKv4DlhPXLDK0suB3UYP@6c48a","67pKv4DlhPXLDK0suB3UYP@f9941","68KiXUUMhKHYXAziVEqBvS@f9941","6ad4g5eCxCZqJQiLy2fOq9@6c48a","6ad4g5eCxCZqJQiLy2fOq9@f9941","6by57tF8VK2rGvUOUn0Lxa@f9941","6colKdavNCCLZZpblYtnz8@6c48a","6colKdavNCCLZZpblYtnz8@f9941","6dCt2tBbpG8r3QgVCx4qpF@f9941","6es+2ReXlEKJ+sVzes73ox@6c48a","6es+2ReXlEKJ+sVzes73ox@f9941","6faVLl8WVHhJECwJVQAJwN@6c48a","6faVLl8WVHhJECwJVQAJwN@f9941","6fevJMZs9N8qx8DkIsA/I5@6c48a","6fevJMZs9N8qx8DkIsA/I5@f9941","6fqoIGdzZNrZcjglG2auP1@f9941","71XiMJfmpInqOg1iYGfM+u@6c48a","71XiMJfmpInqOg1iYGfM+u@f9941","713MDsuhVPiaRal9aCSDRQ@6c48a","713MDsuhVPiaRal9aCSDRQ@f9941","73kWikp3NMYpLKKm9DXk5t@f9941","74riQP1O9PX4fQPDrBRz97@6c48a","74riQP1O9PX4fQPDrBRz97@f9941","74zMsjX3lGj62UKWw3LjuT@f9941","75NBmTX/JO9oJYXKkSF18K@6c48a","75NBmTX/JO9oJYXKkSF18K@f9941","75TWwsrNdHQ4hRT6LEN0re@6c48a","75TWwsrNdHQ4hRT6LEN0re@f9941","75roTOulhB67TwHKV5E9d0@6c48a","75roTOulhB67TwHKV5E9d0@f9941","76WT/ZYcFGu6J1iC03wYNl@f9941","79I20Ox45FcodtFrHKBHBM@6c48a","79I20Ox45FcodtFrHKBHBM@f9941","79503ADb9O+oqVTL0otExM@6c48a","79503ADb9O+oqVTL0otExM@f9941","7aYppUCYpEuJ7uKI7ErZ6a@6c48a","7aYppUCYpEuJ7uKI7ErZ6a@f9941","7bC/j/1UNFG5q/XVywVeCh@f9941","7bIdNd9zlOcITv6nRengYo@6c48a","7bIdNd9zlOcITv6nRengYo@f9941","7bL0BEfR1DW7oCPjDD3XmS@6c48a","7bL0BEfR1DW7oCPjDD3XmS@f9941","7dIdxIi8pNd5P1oFYDyofS@f9941","7dj5uJT9FMn6OrOOx83tfK@f9941","7eK4vv8w5A+YMANtorGQxs","7fQ0Wqb/tKxbkuc1o30cej@6c48a","7fQ0Wqb/tKxbkuc1o30cej@f9941","81GHAJmdxJhbiPHUO367vz@6c48a","81GHAJmdxJhbiPHUO367vz@f9941","822fg5XpBPuZ3fgQ3dVeOj@6c48a","822fg5XpBPuZ3fgQ3dVeOj@f9941","8278wBbDRGjIInMMQlPnUU@6c48a","8278wBbDRGjIInMMQlPnUU@f9941","83CPeamIVL1Ys3R6qpM9sR@f9941","84FObBFxlDIK2/KqLmHZn5@6c48a","84FObBFxlDIK2/KqLmHZn5@f9941","86LOCjLJxFkr7qX2gxF/9p@6c48a","86LOCjLJxFkr7qX2gxF/9p@f9941","87R9FFLRxB4YMN+Wg+oQrX","87lUUJZ3xMHpZskn/18r0b@6c48a","87lUUJZ3xMHpZskn/18r0b@f9941","89OqtuCL5PQoj9JFfWXrcR@6c48a","89OqtuCL5PQoj9JFfWXrcR@f9941","89Wqux7l9M/7PokgavQWTl@6c48a","89Wqux7l9M/7PokgavQWTl@f9941","8apQTOle5LcJVIlJMPE5XQ@6c48a","8apQTOle5LcJVIlJMPE5XQ@f9941","8cGORCCLFBD4yCQhcCXf3e@f9941","8clRQnfNNHCJLZPDZ6e7r8","8cyqK/+SBHa4sakbnUaXfd@6c48a","8cyqK/+SBHa4sakbnUaXfd@f9941","8dcHjukiRMl4pSXcXGiGu5@6c48a","8dcHjukiRMl4pSXcXGiGu5@f9941","8fR5pc/95Amr78H0rsZrLG@6c48a","8fR5pc/95Amr78H0rsZrLG@f9941","8fhQlcCK5DjIwRCEhDG8om@6c48a","8fhQlcCK5DjIwRCEhDG8om@f9941","90Fmt0+K5LL4o0OtHEa7dW@6c48a","90Fmt0+K5LL4o0OtHEa7dW@f9941","928Nll3d1C0IxwFrUuR31M@6c48a","928Nll3d1C0IxwFrUuR31M@f9941","94FSNmC+JCvalnQx2/Tmqv@f9941","94kGuGpxZDZ4cSTQ3LgVn3@6c48a","94kGuGpxZDZ4cSTQ3LgVn3@f9941","94t30MJhFKL7Njf46TSUOT@6c48a","94t30MJhFKL7Njf46TSUOT@f9941","95EkngnxZFbYuFpsqVTaFr@f9941","99t+H++RVO3q+lpyS4t8x6","9dz0vvP9VJ3qdoXvtGJXkT@f9941","9eX0CUPBpHipPSBwTcDij4@6c48a","9eX0CUPBpHipPSBwTcDij4@f9941","9fMCtKeAdKl4NoAhbMeCtT@f9941","a1jdSkC31BuZIIvG8+YZ0Z@6c48a","a1jdSkC31BuZIIvG8+YZ0Z@f9941","a13QYCnW9MxYUBhILj56RO@6c48a","a13QYCnW9MxYUBhILj56RO@f9941","a5BV8RkgRHS4wfR22ZUoxb@6c48a","a5BV8RkgRHS4wfR22ZUoxb@f9941","a5CWOn0opM74izQpkn+Gh1@f9941","a76QxmXG9G34q4yJXu9VwE@6c48a","a76QxmXG9G34q4yJXu9VwE@f9941","a76+KawstF/5PF1KXX8gy7@6c48a","a76+KawstF/5PF1KXX8gy7@f9941","a8ZajNkxlLX5KcZjBjfhnf@6c48a","a8ZajNkxlLX5KcZjBjfhnf@f9941","a8pG155iFMXrXDguGrU6In@f9941","a8q7ndzulOJbl353u9frBF@6c48a","a8q7ndzulOJbl353u9frBF@f9941","aaIPIW975Mv6QOkMabaumf@f9941","aa1/wv2X1GJqpAyYJzHgBk@6c48a","aa1/wv2X1GJqpAyYJzHgBk@f9941","aa5FcRzzpJ6YDXX6I8Qarm@6c48a","aa5FcRzzpJ6YDXX6I8Qarm@f9941","aa9hMJytxJELgsdkrR+Ly1@6c48a","aa9hMJytxJELgsdkrR+Ly1@f9941","aa+Xl4ZYlN656CxUK6ZLa3","b0GLkiQdVO84NbiRH6V3Gq@6c48a","b0GLkiQdVO84NbiRH6V3Gq@f9941","b19jka+7FO+J3whRYYxmku@f9941","b2cDYSX9FO7ZMn3c/050Ao@6c48a","b2cDYSX9FO7ZMn3c/050Ao@f9941","b2c0VohzhNI6S3R8n8WHml","b2hvSd+m5Jb5GjavS4tVFt","b2jA19ZjVFY5BQocFlL7Ix@f9941","b3mb1mGL9Nq5hbGAXZCEld@f9941","b6FbiJl4RBBYGdfqzD4kSR@6c48a","b6FbiJl4RBBYGdfqzD4kSR@f9941","b6LlTjsjhJLbZDc455t5TR@6c48a","b6LlTjsjhJLbZDc455t5TR@f9941","b7Y7TvJ1REJpT3ftlu7BSg@6c48a","b7Y7TvJ1REJpT3ftlu7BSg@f9941","b9FROJUZFFQrDb5dN/JKds@6c48a","b9FROJUZFFQrDb5dN/JKds@f9941","bbEfgLuERLKbz+hDuazczG@6c48a","bbEfgLuERLKbz+hDuazczG@f9941","bfMOp2PWdGAo8cEhnE/OOp@6c48a","bfMOp2PWdGAo8cEhnE/OOp@f9941","bf00/YKQ5Ht4nLDd/0zq2Z@f9941","c0MKfQQTRLzLFQcBSO9jCJ@6c48a","c0MKfQQTRLzLFQcBSO9jCJ@f9941","c1EU4AJddDeLNLIypgqAQz@f9941","c10aQI9QVCrbx+7I3z1BSE@6c48a","c10aQI9QVCrbx+7I3z1BSE@f9941","c2JEFWPdNNe7/v7JGE3x1t@6c48a","c2JEFWPdNNe7/v7JGE3x1t@f9941","c21N7sFFJLp51I9KKJOXrQ","c3A9Xy0CJNhbzplj/pJEtk@6c48a","c3A9Xy0CJNhbzplj/pJEtk@f9941","c3uPNgunJCsqQzNoUD+0f5@6c48a","c3uPNgunJCsqQzNoUD+0f5@f9941","c3yNX2ZTJATo/X2+PgafQV@6c48a","c3yNX2ZTJATo/X2+PgafQV@f9941","c37kFUPQ9Bh7jn+nVnxihS@6c48a","c37kFUPQ9Bh7jn+nVnxihS@f9941","c3/2H2yiVF2ZYXtK06xsPj","c4QOCIgP1Ir6F4xijRX//d@6c48a","c4QOCIgP1Ir6F4xijRX//d@f9941","c48jbkAJhFrYvuLRLJvo4A@f9941","c6J/hD3+lPwI6Vjusykbay@f9941","c6LwSzBE9EWphfzwku4R27@6c48a","c6LwSzBE9EWphfzwku4R27@f9941","c7bbZPS+tM9JrWFsjWXnC5@f9941","c7tF4hetRHc5wVk0W+vp8X@6c48a","c7tF4hetRHc5wVk0W+vp8X@f9941","c8QeWafXpME7mEoI+OV8Tz@6c48a","c8QeWafXpME7mEoI+OV8Tz@f9941","c8fENYK2dKBacq20vcQFOo@6c48a","c8fENYK2dKBacq20vcQFOo@f9941","caHCvFKPNEGpaE5iOheRRZ@f9941","cabwPMrelF2rdl7RnzNrpf","cbb/xPHTdP/KFy34YT0JDq@6c48a","cbb/xPHTdP/KFy34YT0JDq@f9941","cbxW4bDWFITIR2Lr1TlqKN@6c48a","cbxW4bDWFITIR2Lr1TlqKN@f9941","cfrl0fictCuLpeBGFATaHy@f9941","d2WlLv9oNJmqxbsV2VBJD8@6c48a","d2WlLv9oNJmqxbsV2VBJD8@f9941","d3/pXJj/9Goq/5eavfSJ9h@6c48a","d3/pXJj/9Goq/5eavfSJ9h@f9941","d5Pw1aiZpJs6ZIx6yWba/4@6c48a","d5Pw1aiZpJs6ZIx6yWba/4@f9941","d58I5kyJNHCpQqJDywRlE3@6c48a","d58I5kyJNHCpQqJDywRlE3@f9941","d6Fm2XDHVK45d2a1Pdj76W@6c48a","d6Fm2XDHVK45d2a1Pdj76W@f9941","d6+YznK2xGB419rCrqJnZ+@6c48a","d6+YznK2xGB419rCrqJnZ+@f9941","d87ZjnutRCb5QOEHIqtYU5@f9941","d8+MyVYs1BToc1aCbwxZwC@f9941","dau35XRcFBPYQn1Mw/jm/U@6c48a","dau35XRcFBPYQn1Mw/jm/U@f9941","dcGiMk4yVG1Z17zPD37Ksk@6c48a","dcGiMk4yVG1Z17zPD37Ksk@f9941","dcc1gWlXlNjaH9wiIbHn43@f9941","dcdllgohpGUKuE4CsaNZ9C@6c48a","dcdllgohpGUKuE4CsaNZ9C@f9941","dco0Ym3m9JlpEE6JaMk3px@6c48a","dco0Ym3m9JlpEE6JaMk3px@f9941","ddOBDwKQ1MAojPCmtgXCnj@f9941","ddPt3CeHdDgKAxW2+pHu2Z","ddn4e1bZNHKpXvhzcxBrZs","deaaM7WnNBtpuC3Xo8s1zF","det4+VA+pNnILw2KBto15G@f9941","de4t2fjdZHnptb3mt8iShn@6c48a","de4t2fjdZHnptb3mt8iShn@f9941","dfIR5itY9CHLBZnPWx47bp@f9941","dfg2KQtExB3Ki9OGZT7L2J@6c48a","dfg2KQtExB3Ki9OGZT7L2J@f9941","e0CofzVjRC/YB7cqyAJ2um@6c48a","e0CofzVjRC/YB7cqyAJ2um@f9941","e0t2Jb2M5MmI3IFbbh12vO@6c48a","e0t2Jb2M5MmI3IFbbh12vO@f9941","e0y2FFtYFGboP2W7MLIkSS@6c48a","e0y2FFtYFGboP2W7MLIkSS@f9941","e28RDkGfxIG4CKPAZgK1+K","e4AHZDTOhDhISMc8xv7XUY@f9941","e7Y4ycydREAoio4XnnVWLD","e78lu3ezxDKoro8L97gGFe@f9941","e85n2aydpHzJifKYkpcp5O@6c48a","e85n2aydpHzJifKYkpcp5O@f9941","e9lc9EuuNH1Z8nCDgDeSoF@6c48a","e9lc9EuuNH1Z8nCDgDeSoF@f9941","ebUp7hkKtLX5XlI0QHPPHs@f9941","ecexRSviNAVY/v4A/DPSse@f9941","ec5Bt7erhCP73pToGVKx5M@f9941","efGBqlUhVLcaJyGzgHDCvp@f9941","f2BvzbovtI0JJ6N8bVxfoM@6c48a","f2BvzbovtI0JJ6N8bVxfoM@f9941","f4DkqsPPpPsoINz/3Yhvlr@6c48a","f4DkqsPPpPsoINz/3Yhvlr@f9941","f5UL4M2I5OureRqAaimftY@6c48a","f5UL4M2I5OureRqAaimftY@f9941","f7kFcPevRAJZbs2B9lyK5G@6c48a","f7kFcPevRAJZbs2B9lyK5G@f9941","f8L9RW34BBQJ6DLbag33RF@6c48a","f8L9RW34BBQJ6DLbag33RF@f9941","f8iCCwiEVJmoC9s83vtTky","f8+uDEOF1Au4sjvSNbwZcK","faxfdBQ7pGbZ2O0ptyZAMe@6c48a","faxfdBQ7pGbZ2O0ptyZAMe@f9941","fbgeA0VGBBBKyV2nPRkvZp","fcRAii+l5JV6k2CeV4b+e6@6c48a","fcRAii+l5JV6k2CeV4b+e6@f9941","fcv7g6OR9DsK5JhBDPw1zk@6c48a","fcv7g6OR9DsK5JhBDPw1zk@f9941","ffbD1HaWFF3IUx4Fy7yKHx@6c48a","ffbD1HaWFF3IUx4Fy7yKHx@f9941","ffuIqPr2JI9I8dPLYGRDpD@6c48a","ffuIqPr2JI9I8dPLYGRDpD@f9941"],"paths":{"0":["res/texture/banker_b",1,1],"1":["res/controlNIUPC/banker_b_a_pc",1,1],"2":["res/controlNIUPC/banker_b_pc",1,1],"3":["res/controlNIUPC/player_b_pc",1,1],"4":["res/texture/banker_b_a",1,1],"5":["bacNiuNiuSGameScene",0,1],"6":["res/texture/player_b_a",1,1],"7":["res/texture/player_b",1,1],"8":["res/controlNIUPC/player_b_a_pc",1,1],"9":["bacNiuNiuSGameScenePC",0,1],"38":["res/texture/banker_b/texture",2,1],"39":["res/texture/banker_b/spriteFrame",3,1],"48":["res/controlNIUPC/banker_b_a_pc/texture",2,1],"49":["res/controlNIUPC/banker_b_a_pc/spriteFrame",3,1],"56":["res/controlNIUPC/banker_b_pc/texture",2,1],"57":["res/controlNIUPC/banker_b_pc/spriteFrame",3,1],"59":["res/controlNIUPC/player_b_pc/texture",2,1],"60":["res/controlNIUPC/player_b_pc/spriteFrame",3,1],"62":["res/texture/banker_b_a/texture",2,1],"63":["res/texture/banker_b_a/spriteFrame",3,1],"126":["res/texture/player_b_a/texture",2,1],"127":["res/texture/player_b_a/spriteFrame",3,1],"128":["res/texture/player_b/texture",2,1],"129":["res/texture/player_b/spriteFrame",3,1],"142":["res/controlNIUPC/player_b_a_pc/texture",2,1],"143":["res/controlNIUPC/player_b_a_pc/spriteFrame",3,1]},"scenes":{"db://assets/games/bacNiuniuS/bacNiuNiuSGameScene.scene":5,"db://assets/games/bacNiuniuS/bacNiuNiuSGameScenePC.scene":9},"packs":{"01bbc7dd5":[221,267,409],"0235f987f":[199,202,204,239,241,243,245,263,266,182,269,271,273,296,56,299,317,190,321,329,332,344,347,350,354,352,376,381,379,386,406,196,410,412,414,416,430,220,222,226,237,256,258,38,282,48,284,306,314,341,359,362,369,374,390,392,420,425,216,228,234,178,288,59,62,304,311,192,338,357,367,397,402,404,230,235,247,251,260,286,301,395,290,372,418,423,224,277,214,279,292,326,365,388,400,435,440,442,447,433,444,437,450,452,454,126,128,457,468,466,470,460,472,474,476,482,489,491,493,142,503,479,500,507,487,496,505,484,511,513,518,522,526,516,520,524,530,532,535,537,544,547,549,551,553,559,561,569,575,567,571,573,579,582,584,586,588],"03ce93833":[183,184,232,300,330,398,407,497,587],"03d2c50fa":[462,548,589],"06fabc65a":[193,207,231,413,417,469,550,576],"080b4110d":[176,181,186,187,198,218,253,254,255,268,275,276,281,295,298,308,309,310,313,316,319,323,328,336,337,340,343,356,361,378,394,408,422,429,432,439,446,449,459,464,465,478,481,498,502,509,515,528,534,556,558,563,564,565],"0a33f9f7a":[411,438,510],"0c28c5c10":[322,335,345,387,389,405,445,471,504,508],"0cde47f9b":[179,219,242,287,291,334,375,467,494],"0e50a439a":[229,248,272,280,285,293,307,333,351,353,360,385,391,401,436,448,451,475,512,514,519,525,538,545,570,574,580,583],"0e86b22f1":[197,203,217,223,227,238,246,252,270,283,49,289,297,57,60,302,305,327,339,355,380,396,399,403,424,426,441,477,480,143,506,554,9,568],"0e9c01062":[257,434,542],"0ebf5354d":[215,261,342,363,366,415,443,458,461,473,486,490,562],"0eec911e6":[191,200,205,225,236,240,244,259,39,264,274,278,63,312,315,318,348,358,368,370,373,377,382,393,419,421,5,428,431,453,455,456,463,127,129,483,485,488,492,501,517,521,523,527,531,533,536,541,552,555,560,572,577,578,581,585]},"versions":{"import":[177,"a3a0f",10,"a2533",180,"3746a",11,"a2533",188,"95746",189,"84255",12,"a2533",13,"a2533",194,"42dc0",195,"a61aa",14,"a2533",15,"a2533",201,"54fbc",16,"a2533",17,"a2533",206,"51535",208,"0739c",209,"1f6e3",210,"c3434",211,"7b483",212,"62edb",213,"3be19",18,"a2533",19,"a2533",20,"a2533",21,"a2533",22,"a2533",23,"a2533",24,"a2533",25,"a2533",26,"024f9",27,"a2533",28,"a2533",29,"a2533",30,"a2533",31,"a2533",32,"a2533",33,"a2533",34,"a2533",35,"a2533",36,"a2533",37,"a2533",0,"a2533",40,"a2533",41,"a2533",42,"a2533",43,"a2533",44,"a2533",45,"a2533",46,"a2533",47,"a2533",1,"a2533",50,"a2533",51,"a2533",52,"a2533",53,"a2533",54,"a2533",55,"a2533",2,"a2533",58,"a2533",3,"a2533",61,"a2533",4,"a2533",64,"c16a8",65,"a2533",66,"a2533",67,"a2533",68,"a2533",69,"a2533",70,"a2533",71,"a2533",72,"a2533",73,"a2533",74,"a2533",75,"a2533",76,"a2533",77,"a2533",78,"a2533",79,"a2533",80,"a2533",81,"a2533",82,"a2533",83,"a2533",84,"a2533",85,"a2533",86,"a2533",87,"a2533",88,"a2533",89,"a2533",90,"a2533",91,"a2533",92,"a2533",93,"a2533",94,"a2533",95,"a2533",96,"a2533",97,"a2533",98,"a2533",99,"a2533",100,"a2533",101,"a2533",102,"a2533",103,"a2533",104,"a2533",105,"a2533",106,"a2533",108,"a2533",109,"a2533",110,"a2533",111,"a2533",112,"a2533",113,"a2533",114,"a2533",115,"a2533",116,"a2533",117,"a2533",118,"a2533",119,"a2533",120,"a2533",121,"a2533",122,"a2533",123,"a2533",124,"a2533",125,"a2533",6,"a2533",7,"a2533",130,"a2533",131,"a2533",132,"a2533",133,"a2533",134,"a2533",135,"a2533",136,"a2533",137,"a2533",138,"a2533",139,"a2533",140,"a2533",141,"a2533",8,"a2533",144,"a2533",145,"a2533",146,"a2533",147,"a2533",148,"a2533",149,"a2533",150,"a2533",151,"a2533",152,"a2533",153,"a2533",154,"a2533",155,"a2533",156,"a2533",157,"a2533",158,"a2533",159,"a2533",160,"a2533",161,"a2533",162,"a2533",163,"a2533",164,"a2533",165,"a2533",166,"a2533",167,"a2533",168,"a2533",169,"a2533",170,"a2533",171,"a2533",172,"a2533",173,"a2533",174,"a2533",175,"a2533"],"native":[10,"de7ab",11,"f5aea",12,"cbed1",13,"338df",14,"4412a",15,"060c0",16,"440c4",17,"2007e",18,"2ed4a",19,"a291e",20,"65417",21,"12aef",22,"effac",23,"8cb5e",24,"8f78e",25,"92d87",26,"09ca3",27,"e3467",28,"2cbb2",29,"e843b",30,"12b1b",31,"cee89",32,"cfe7d",33,"e96e3",34,"b4a25",35,"6ba03",36,"8f73e",37,"0f3fc",0,"af79b",40,"d4496",41,"e74cb",42,"f6a0a",43,"6a001",44,"ef622",45,"4218e",46,"fe425",47,"581d8",1,"ec6cc",50,"85e6a",51,"afd53",52,"b1978",53,"7c998",54,"3b642",55,"83bdf",2,"9a431",58,"86514",3,"2e117",61,"672ee",4,"6d792",64,"45a01",65,"3ee22",66,"d8a35",67,"27ca2",68,"58ee9",69,"ec8d0",70,"0ea76",71,"b9b08",72,"bc5d7",73,"c7d36",74,"66176",75,"b2f36",76,"25cb6",77,"f17c5",78,"28bc9",79,"fe571",80,"be4da",81,"9be18",82,"829bb",83,"a2b7f",84,"f43c3",85,"e1d58",86,"e84b9",87,"1edba",88,"282bc",89,"8f4bc",90,"98c78",91,"70d56",92,"3b247",93,"781eb",94,"a9aab",95,"a4257",96,"88489",97,"0a5df",98,"301be",99,"ad921",100,"33181",101,"53ebe",102,"d4351",103,"6cef2",104,"31b11",105,"44782",106,"81fac",108,"25d5d",109,"ac927",110,"485d9",111,"5098c",112,"411fb",113,"a3590",114,"4617a",115,"9e086",116,"50946",117,"83e56",118,"050cf",119,"f2f1e",120,"331e9",121,"26764",122,"5470a",123,"b58b8",124,"1dd65",125,"f8418",6,"6de88",7,"b070b",130,"8c337",131,"494e2",132,"f1f93",133,"f3164",134,"65171",135,"654a1",136,"06564",137,"28e5b",138,"9bf84",139,"7a6ff",140,"a70a9",141,"d28b5",8,"90126",144,"67bb3",145,"7a7d1",146,"a84fb",147,"857a7",148,"9db1f",149,"a54e8",150,"fbfba",151,"78c49",152,"ddc89",153,"543b5",154,"65937",155,"0677e",156,"b68bc",157,"93d21",158,"1cf6c",159,"125cd",160,"d86ae",161,"fb92c",162,"d6c97",163,"1941a",164,"a5ea9",165,"e0076",166,"1878d",167,"c45ce",168,"283e7",169,"00ecb",170,"b5163",171,"f9aae",172,"80fee",173,"addf5",174,"f6d44",175,"6d707"]},"redirect":[185,"0",233,"0",249,"1",250,"1",262,"0",265,"0",294,"1",303,"0",320,"0",324,"1",325,"1",331,"0",346,"0",349,"0",364,"0",371,"0",383,"0",384,"1",107,"0",427,"1",495,"0",499,"0",529,"0",539,"0",540,"0",543,"1",546,"0",557,"0",566,"0"],"debug":false,"extensionMap":{".cconb":[107]},"hasPreloadScript":true,"dependencyRelationships":{},"types":["cc.SceneAsset","cc.ImageAsset","cc.Texture2D","cc.SpriteFrame"]}