[1,["90fodFniNHy57QXYfoA309@6c48a"],["_textureSource"],["cc.SpriteFrame"],0,[{"name":"p_m","rect":{"x":0,"y":0,"width":39,"height":42},"offset":{"x":0,"y":0},"originalSize":{"width":39,"height":42},"rotated":false,"capInsets":[0,0,0,0],"vertices":{"rawPosition":[-19.5,-21,0,19.5,-21,0,-19.5,21,0,19.5,21,0],"indexes":[0,1,2,2,1,3],"uv":[0,42,39,42,0,0,39,0],"nuv":[0,0,1,0,0,1,1,1],"minPos":{"x":-19.5,"y":-21,"z":0},"maxPos":{"x":19.5,"y":21,"z":0}},"packable":true,"pixelsToUnit":100,"pivot":{"x":0.5,"y":0.5},"meshType":0}],[0],0,[0],[0],[0]]
