[1,["cdq0AFA75Ft7arFVLxPgBI","34Vn2qLUZD8oGruX1IHkf9"],["_textureSetter","spriteFrame"],["cc.SpriteFrame",["cc.BitmapFont",["_name","fontSize","_fntConfig"],0]],[[1,0,1,2,4]],[[[{"name":"loseScoreFont_0","rect":[5,7,267,28],"offset":[0,0.5],"originalSize":[277,43],"capInsets":[0,0,0,0]}],[0],0,[0],[0],[0]],[[[0,"loseScoreFont",33,{"commonHeight":33,"fontSize":33,"atlasName":"font1_0.png","fontDefDictionary":{"45":{"xOffset":0,"yOffset":0,"xAdvance":21,"rect":{"x":30,"y":5,"width":21,"height":33}},"48":{"xOffset":0,"yOffset":0,"xAdvance":21,"rect":{"x":56,"y":5,"width":21,"height":33}},"49":{"xOffset":0,"yOffset":0,"xAdvance":15,"rect":{"x":82,"y":5,"width":15,"height":33}},"50":{"xOffset":0,"yOffset":0,"xAdvance":20,"rect":{"x":102,"y":5,"width":20,"height":32}},"51":{"xOffset":0,"yOffset":0,"xAdvance":19,"rect":{"x":127,"y":5,"width":19,"height":33}},"52":{"xOffset":0,"yOffset":0,"xAdvance":22,"rect":{"x":151,"y":5,"width":22,"height":33}},"53":{"xOffset":0,"yOffset":0,"xAdvance":20,"rect":{"x":178,"y":5,"width":20,"height":32}},"54":{"xOffset":0,"yOffset":0,"xAdvance":19,"rect":{"x":203,"y":5,"width":19,"height":33}},"55":{"xOffset":0,"yOffset":0,"xAdvance":21,"rect":{"x":227,"y":5,"width":21,"height":33}},"56":{"xOffset":0,"yOffset":0,"xAdvance":19,"rect":{"x":253,"y":5,"width":19,"height":33}},"57":{"xOffset":0,"yOffset":0,"xAdvance":20,"rect":{"x":5,"y":5,"width":20,"height":33}}},"kerningDict":{}}]],0,0,[0],[1],[1]]]]