[1,["8a9/qMv0pDC6aviFzTGzUs@f9941","ed/wU4b09CDK8HdPao4Tej@f9941","299lEq0M5OgaU9FKt4sdUG@f9941","89CrZF4Q5KiIo9kGvmwt1H@f9941","d4/h544p5Icbs34c6fEeDL@f9941","b5GOWFrxBAzahgnLcKY1Yj@f9941","13LZ6I67xDQoX0C9IbgQZk@f9941","7dj5uJT9FMn6OrOOx83tfK@f9941","20YzUl2n9NQ4Wdt4CJXLM7@f9941","13LZ6I67xDQoX0C9IbgQZk@6c48a","89CrZF4Q5KiIo9kGvmwt1H@6c48a","20g1ukYUVPvKWKBRznAKo+@f9941","54TknWPwVPqJqeCR+Y/Czo@f9941","95EkngnxZFbYuFpsqVTaFr@f9941","393CdjrXdE/ajrCX8tNcJU@f9941","b5GOWFrxBAzahgnLcKY1Yj@6c48a"],["node","_spriteFrame","_target","_textureSource","root","versionLabel","liveSoundSlider","liveSoundProgressBar","liveSoundToggle","soundSlider","soundProgressBar","soundToggle","musicSlider","musicProgressBar","musicToggle","data","_normalSprite","_hoverSprite","_pressedSprite","_disabledSprite"],[["cc.Sprite",["_sizeMode","_type","node","__prefab","_spriteFrame","_color"],1,1,4,6,5],["cc.Node",["_name","_layer","_components","_prefab","_parent","_children","_lpos"],1,9,4,1,2,5],"cc.SpriteFrame",["cc.Node",["_name","_layer","_parent","_components","_prefab","_children","_lpos"],1,1,12,4,2,5],["cc.UITransform",["node","__prefab","_contentSize","_anchorPoint"],3,1,4,5,5],["cc.Button",["_transition","node","__prefab","_normalColor","_target","clickEvents","_normalSprite","_hoverSprite","_pressedSprite","_disabledSprite"],2,1,4,5,1,9,6,6,6,6],["cc.ClickEvent",["_componentId","handler","customEventData","target"],0,1],["cc.Label",["_string","_actualFontSize","_fontSize","_horizontalAlign","node","__prefab"],-1,1,4],["cc.Prefab",["_name"],2],["cc.CompPrefabInfo",["fileId"],2],["423a9U7qctAe7BVL98KTvYm",["node","__prefab"],3,1,4],["7850dFI+dtNFL4BCvkEzL4V",["node","__prefab","musicToggle","musicProgressBar","musicSlider","soundToggle","soundProgressBar","soundSlider","liveSoundToggle","liveSoundProgressBar","liveSoundSlider","versionLabel"],3,1,4,1,1,1,1,1,1,1,1,1,1],["cc.PrefabInfo",["fileId","instance","targetOverrides","nestedPrefabInstanceRoots","root","asset"],-1,1,1],["cc.Widget",["_alignFlags","node","__prefab"],2,1,4],["cc.BlockInputEvents",["node","__prefab"],3,1,4],["cc.Toggle",["node","__prefab","clickEvents","_normalColor","_target","_checkMark"],3,1,4,9,5,1,1],["cc.ProgressBar",["_totalLength","_progress","node","__prefab","_barSprite"],1,1,4,1],["cc.Slider",["_progress","node","__prefab","slideEvents","_handle"],2,1,4,9,1]],[[9,0,2],[12,0,1,2,3,4,5,5],[4,0,1,2,1],[1,0,1,4,2,3,6,3],[3,0,1,2,5,3,4,6,3],[0,2,3,4,1],[3,0,1,2,3,4,6,3],[0,1,0,2,3,3],[0,2,3,1],[6,0,1,2,3,4],[4,0,1,2,3,1],[7,0,1,2,4,5,4],[3,0,1,2,5,3,4,3],[0,1,0,2,3,4,3],[5,1,2,3,4,1],[15,0,1,2,3,4,5,1],[16,0,1,2,3,4,3],[17,0,1,2,3,4,2],[0,0,2,3,5,4,2],[8,0,2],[1,0,1,5,2,3,6,3],[1,0,1,4,5,2,3,3],[1,0,1,4,2,3,3],[10,0,1,1],[11,0,1,2,3,4,5,6,7,8,9,10,11,1],[0,1,2,3,5,4,2],[0,0,2,3,4,2],[13,0,1,2,2],[5,0,1,2,5,3,4,6,7,8,9,2],[6,0,1,3,3],[14,0,1,1],[7,0,3,1,2,4,5,5]],[[[{"name":"control_dot_a_2","rect":{"x":0,"y":0,"width":14,"height":14},"offset":{"x":0,"y":0},"originalSize":{"width":14,"height":14},"rotated":false,"capInsets":[0,0,0,0],"vertices":{"rawPosition":[-7,-7,0,7,-7,0,-7,7,0,7,7,0],"indexes":[0,1,2,2,1,3],"uv":[0,14,14,14,0,0,14,0],"nuv":[0,0,1,0,0,1,1,1],"minPos":{"x":-7,"y":-7,"z":0},"maxPos":{"x":7,"y":7,"z":0}},"packable":true,"pixelsToUnit":100,"pivot":{"x":0.5,"y":0.5},"meshType":0}],[2],0,[0],[3],[9]],[[{"name":"control_line","rect":{"x":0,"y":0,"width":420,"height":4},"offset":{"x":0,"y":0},"originalSize":{"width":420,"height":4},"rotated":false,"capInsets":[0,0,0,0],"vertices":{"rawPosition":[-210,-2,0,210,-2,0,-210,2,0,210,2,0],"indexes":[0,1,2,2,1,3],"uv":[0,4,420,4,0,0,420,0],"nuv":[0,0,1,0,0,1,1,1],"minPos":{"x":-210,"y":-2,"z":0},"maxPos":{"x":210,"y":2,"z":0}},"packable":true,"pixelsToUnit":100,"pivot":{"x":0.5,"y":0.5},"meshType":0}],[2],0,[0],[3],[10]],[[[19,"soundSettingViewPC"],[20,"soundSettingViewPC",33554432,[-15,-16,-17],[[2,-2,[0,"d1/sTad3FAar6ZKRvbabxr"],[5,600,300]],[23,-3,[0,"d8vjfvrYpLW5bQB/+amZ4E"]],[24,-14,[0,"51cXElDZFH2ZZDSJg75UlN"],-13,-12,-11,-10,-9,-8,-7,-6,-5,-4]],[1,"63Aa9IaAdFpaG1nqNagls8",null,null,null,-1,0],[1,612.714,309.825,0]],[21,"bg",33554432,1,[-21,-22,-23,-24,-25,-26,-27,-28,-29,-30,-31,-32,-33,-34,-35],[[2,-18,[0,"a3KlNgM0BDyKYZ++MFfT+o"],[5,600,300]],[18,0,-19,[0,"c3okokJtlGsJVl7iVcwqJO"],[4,4279440147],19],[27,32,-20,[0,"d9cTE1n0RE67HUyCqQ9/0C"]]],[1,"fdsvrcc55IlKeJO/v5g/lB",null,null,null,1,0]],[4,"liveSoundToggle",33554432,2,[-39,-40],[[[2,-36,[0,"66k7IUrWlNIZZWmRPPLEUW"],[5,80,42]],[5,-37,[0,"d5bDjrcyhMT7McMDAOe0IP"],9],-38],4,4,1],[1,"8d4qQIYMtEY60EhEpIm2bd",null,null,null,1,0],[1,-3.327,43.435,0]],[4,"musicToggle",33554432,2,[-44,-45],[[[2,-41,[0,"34zKNGuFpD5rpG4zDNKGLw"],[5,80,42]],[5,-42,[0,"5fUKlx03RMBpYGIAxdFNQk"],13],-43],4,4,1],[1,"8eb3Czfk1KvatAo1XUX6Mu",null,null,null,1,0],[1,-3.327,-17.101,0]],[4,"soundToggle",33554432,2,[-49,-50],[[[2,-46,[0,"faF+ziodxKF7pMY5uGU2h8"],[5,80,42]],[5,-47,[0,"5fpVRbA+tJWIC23GZmUkVK"],17],-48],4,4,1],[1,"a1BVAA0Q1KgZtdsEzg7m0g",null,null,null,1,0],[1,-3.327,-78.713,0]],[3,"closeButton",33554432,2,[[2,-51,[0,"469vD9i6hCpL9eX2clXBjx"],[5,26,26]],[25,1,-52,[0,"cdFCfPmUJBhKM7zlGt6Qhd"],[4,4292269782],1],[28,1,-54,[0,"faFd45PqpAbpfbJJHQ3ci7"],[[29,"7850dFI+dtNFL4BCvkEzL4V","close",1]],[4,4292269782],-53,2,3,4,5]],[1,"31SEErTtRImJFvbbNIZ2NV",null,null,null,1,0],[1,271.005,116.093,0]],[4,"liveProgressBar",33554432,2,[-58],[[[2,-55,[0,"63xXkxLoRGbqkPPLI8HGMe"],[5,170,4]],[13,1,0,-56,[0,"f0TDoLTvNN1LEtoYaz3Pg8"],10],-57],4,4,1],[1,"c40kbXaNhLSb6z0cIe8NXd",null,null,null,1,0],[1,153.619,40.927,0]],[4,"liveSlider",33554432,2,[-62],[[[2,-59,[0,"b56NBrpRhKnJkeZnzmm1Qs"],[5,170,4]],[7,1,0,-60,[0,"944Im4ibxPsZzCBemntmKO"]],-61],4,4,1],[1,"a6RN8JkmpOXoIAa7kN51K4",null,null,null,1,0],[1,153.619,40.927,0]],[6,"Handle",33554432,8,[[[2,-63,[0,"65KenpVLJMJZ/AL8ZViiwj"],[5,14,14]],-64,[14,-66,[0,"3fl2lFM9dDIrXsoPTCbRPW"],[4,4292269782],-65]],4,1,4],[1,"9c4im8M8ZDF4m6w/+/uAYj",null,null,null,1,0],[1,85,0,0]],[4,"musicProgressBar",33554432,2,[-70],[[[2,-67,[0,"8fXw3T9aZDFZgvA2H5c2u1"],[5,170,4]],[13,1,0,-68,[0,"e5pCv+6R1CO6WsrHpWlLfB"],14],-69],4,4,1],[1,"63I84X7yJIEqMMNshsX051",null,null,null,1,0],[1,153.619,-17.101,0]],[4,"musicSlider",33554432,2,[-74],[[[2,-71,[0,"33tbSur7ZFQ4XFHA//zF2F"],[5,170,4]],[7,1,0,-72,[0,"6fuxfX0ERB7bWWOy7UEjjD"]],-73],4,4,1],[1,"da2USm8ltHsIuARH+cQK2B",null,null,null,1,0],[1,153.619,-17.101,0]],[6,"Handle",33554432,11,[[[2,-75,[0,"f2IgVwYF9IaZiSTElTJWPn"],[5,14,14]],-76,[14,-78,[0,"7c0KyqCvlNUqTF0DgLj4Ps"],[4,4292269782],-77]],4,1,4],[1,"f5/DXtXgFI3ar1KVHmq58H",null,null,null,1,0],[1,85,0,0]],[4,"soundProgressBar",33554432,2,[-82],[[[2,-79,[0,"62o8YgKBdMCJ3dH++HWMvm"],[5,170,4]],[13,1,0,-80,[0,"47mcsAcQtGQZPdAc6ka4Jf"],18],-81],4,4,1],[1,"dd4vsh+VJPnLVsg7TfYoiz",null,null,null,1,0],[1,153.619,-78.713,0]],[4,"soundSlider",33554432,2,[-86],[[[2,-83,[0,"f5kAAmc8hMcKgjjyx8a8bC"],[5,170,4]],[7,1,0,-84,[0,"03Stk7BjhM2Ir7Nzb1NyoS"]],-85],4,4,1],[1,"48SYSlT8pH/JWg6dFdhOKQ",null,null,null,1,0],[1,153.619,-78.713,0]],[6,"Handle",33554432,14,[[[2,-87,[0,"25HfNx5K9Dw5hGo2j7QWJ0"],[5,14,14]],-88,[14,-90,[0,"0fM9seVYdCLo0Sez2czFAG"],[4,4292269782],-89]],4,1,4],[1,"ceG3qnpaZAfJJuoSS1ki5a",null,null,null,1,0],[1,85,0,0]],[22,"mask",33554432,1,[[2,-91,[0,"e0HETdzW5DLo8ARjE8Rbhx"],[5,600,300]],[18,0,-92,[0,"bcJzc4l6JOPJ0gI6huuvV1"],[4,2013265920],0],[30,-93,[0,"a3DM1/4J5GWZkM9xNS53dY"]]],[1,"4crznN/bxHn6yoONBFVkK+",null,null,null,1,0]],[12,"Checkmark",33554432,3,[-96],[[[2,-94,[0,"87PfyoRaZG87FuqqIrht3h"],[5,80,42]],-95],4,1],[1,"4arBgPfZBOzJkJ7O//06Yz",null,null,null,1,0]],[12,"Checkmark",33554432,4,[-99],[[[2,-97,[0,"d8h6u/mqNDVauft75vg0Qv"],[5,80,42]],-98],4,1],[1,"9bGERXFktGNabn1MzjgD1w",null,null,null,1,0]],[12,"Checkmark",33554432,5,[-102],[[[2,-100,[0,"d0Q0rfradJooS/SsGYufei"],[5,80,42]],-101],4,1],[1,"ecPMtlEwBOjI7h4ilxTmDm",null,null,null,1,0]],[3,"title",33554432,2,[[2,-103,[0,"e03Q5gQD5DnorTcUrW0VVu"],[5,60,50.4]],[11,"音效",30,30,-104,[0,"61aomqZg9DfZwbJAnRaeXU"]]],[1,"76xXwjvP9FAquWoe/ZEKes",null,null,null,1,0],[1,-9.679,118.057,0]],[3,"line",33554432,2,[[2,-105,[0,"b1olju1/1HN6TQZVSbl7ol"],[5,600,1]],[26,0,-106,[0,"39KAO/zMlAnKfB/WGkOGnj"],6]],[1,"51+Nwau5ZMAIhbgL/JOJQ0",null,null,null,1,0],[1,0,87.769,0]],[3,"Label",33554432,2,[[2,-107,[0,"998RLPMpdKVoU0xdrxYGRZ"],[5,96,50.4]],[11,"視訊聲音",24,24,-108,[0,"fdXUI4TydMZIGe1cHIybrs"]]],[1,"7bHx1PQvBOBKQzn9fHONsh",null,null,null,1,0],[1,-216.91999999999996,43.434999999999945,0]],[3,"control_dot",33554432,3,[[2,-109,[0,"72KJnq2l1NzJmkPEgFSi3W"],[5,34,34]],[5,-110,[0,"6abLTH7b5CfIOrKGXaEwcM"],7]],[1,"74qXn8FZVG4L6URNwXEbrv",null,null,null,1,0],[1,-18.79,0,0]],[3,"control_dot_a_2",33554432,17,[[2,-111,[0,"a1He+GhlpHE5Jv1elKf4Ym"],[5,34,34]],[5,-112,[0,"2eHPFLJ/NLk4oCqK039g6m"],8]],[1,"d40Yi8WepG7KrA0mRRdnvS",null,null,null,1,0],[1,18.407,0,0]],[6,"Bar",33554432,7,[[[10,-113,[0,"ceKxr03jpPSYCQQMlFTy+x"],[5,170,4],[0,0,0.5]],-114],4,1],[1,"a48BKBrNNAYpxV73TdcC8k",null,null,null,1,0],[1,-84.633,0,0]],[3,"Label-001",33554432,2,[[2,-115,[0,"8473aRlolF87/J8PIrxJs8"],[5,96,50.4]],[11,"背景音樂",24,24,-116,[0,"4dyqs3NA5HC7RHwobGCLmQ"]]],[1,"81MvAWC2VBAL6OWv6f9Z5z",null,null,null,1,0],[1,-216.91999999999996,-17.10050000000001,0]],[3,"control_dot",33554432,4,[[2,-117,[0,"f4unM1SXZCdqTrdT8SgohY"],[5,34,34]],[5,-118,[0,"efV9UgGw9FrJ1RKaUF40+e"],11]],[1,"03qh2BnbZNA6D352j06V50",null,null,null,1,0],[1,-18.79,0,0]],[3,"control_dot_a_2",33554432,18,[[2,-119,[0,"cdU7Ar8ulJUqHiQZ3GXiaW"],[5,34,34]],[5,-120,[0,"838yVYXJZGO7DPSZB6RGJo"],12]],[1,"ecgnJ5ROBDsa9eGU8A8BiW",null,null,null,1,0],[1,18.407,0,0]],[6,"Bar",33554432,10,[[[10,-121,[0,"dejOTgrh1M5rAFMWN8y2F8"],[5,170,4],[0,0,0.5]],-122],4,1],[1,"0dJcY8T3VAv75RvL1Wk6VE",null,null,null,1,0],[1,-84.633,0,0]],[3,"Label-002",33554432,2,[[2,-123,[0,"daKYtTCUdIb6pI6E5vkhWq"],[5,96,50.4]],[11,"游戲音效",24,24,-124,[0,"35iLHnY3NLdpOzQUlwY1I/"]]],[1,"ebLs5pGWBA76f8o84bIJmr",null,null,null,1,0],[1,-216.91999999999996,-78.71299999999997,0]],[3,"control_dot",33554432,5,[[2,-125,[0,"44Fv1ntDtBBK/aSkRodCz8"],[5,34,34]],[5,-126,[0,"f126ugVHZAjIQaTtZ0a4tz"],15]],[1,"2dSidP+c1DGKTFBc+MfDc1",null,null,null,1,0],[1,-18.79,0,0]],[3,"control_dot_a_2",33554432,19,[[2,-127,[0,"626qXGKyBDuZkiAuGfcj3g"],[5,34,34]],[5,-128,[0,"felD5kkTBF8b0He5Ee4owu"],16]],[1,"f1p+QjomlDy6lmQ4Cdv6SG",null,null,null,1,0],[1,18.407,0,0]],[6,"Bar",33554432,13,[[[10,-129,[0,"b3JDrdm1hGKYugtTOcFdTz"],[5,170,4],[0,0,0.5]],-130],4,1],[1,"02bauTSldMjI7FiuWQlgS7",null,null,null,1,0],[1,-84.709,0,0]],[6,"versionLabel",33554432,1,[[[10,-131,[0,"959B1TE9NKAJcxF8j/t5xW"],[5,54.482421875,50.4],[0,1,0.5]],-132],4,1],[1,"d1IWDLEFZDJKkut4eqDGLZ",null,null,null,1,0],[1,299.307,-122.997,0]],[8,17,[0,"fdGmizjC1JIZbN6P/4VdkD"]],[15,3,[0,"8dWSGOhWxK07hBfV7lELVF"],[[9,"7850dFI+dtNFL4BCvkEzL4V","toggleListener","liveSound",1]],[4,4292269782],3,35],[7,1,0,25,[0,"62josBiYBBGrwDjMhrNaeF"]],[16,170,1,7,[0,"0c8Z1P7XtGpZJRNAKBG4ef"],37],[8,9,[0,"11aJc4PI5I6amwzSFKeKsY"]],[17,1,8,[0,"b8e5RvuNFM3JcoMhRj5nVr"],[[9,"7850dFI+dtNFL4BCvkEzL4V","sliderListener","live",1]],39],[8,18,[0,"e5JhTwOR9FmIh0eh4eWUgL"]],[15,4,[0,"ddpyMwRdhJUZrEE6zRpNaa"],[[9,"7850dFI+dtNFL4BCvkEzL4V","toggleListener","music",1]],[4,4292269782],4,41],[7,1,0,29,[0,"cdfkwywrhD5KocedmFu1pX"]],[16,170,1,10,[0,"c6NrDV239PTaHiMHQ4Reqb"],43],[8,12,[0,"74epcLr0xKf5LCrudLn5Sx"]],[17,1,11,[0,"f4ChRs7WtHvKUyzyFqXT1k"],[[9,"7850dFI+dtNFL4BCvkEzL4V","sliderListener","music",1]],45],[8,19,[0,"d33Mv25cVCtbWmIf1zXUe1"]],[15,5,[0,"efa5shH3BPZaI8LcOMnQSF"],[[9,"7850dFI+dtNFL4BCvkEzL4V","toggleListener","sound",1]],[4,4292269782],5,47],[7,1,0,33,[0,"f8hNdO2vRO2Y2kfQ1irmyn"]],[16,170,1,13,[0,"0fLsqeanpCIqdZdAdfUQ20"],49],[8,15,[0,"dap6N1hUVHTa8fgFY3HdgV"]],[17,1,14,[0,"f38SQS6GNCBKVruGwuG+0h"],[[9,"7850dFI+dtNFL4BCvkEzL4V","sliderListener","sound",1]],51],[31,"v1.0.0",2,20,20,34,[0,"b3me2xdpdKAoJZHra8wfub"]]],0,[0,4,1,0,0,1,0,0,1,0,5,53,0,6,40,0,7,38,0,8,36,0,9,52,0,10,50,0,11,48,0,12,46,0,13,44,0,14,42,0,0,1,0,-1,16,0,-2,2,0,-3,34,0,0,2,0,0,2,0,0,2,0,-1,6,0,-2,20,0,-3,21,0,-4,22,0,-5,3,0,-6,7,0,-7,8,0,-8,26,0,-9,4,0,-10,10,0,-11,11,0,-12,30,0,-13,5,0,-14,13,0,-15,14,0,0,3,0,0,3,0,-3,36,0,-1,23,0,-2,17,0,0,4,0,0,4,0,-3,42,0,-1,27,0,-2,18,0,0,5,0,0,5,0,-3,48,0,-1,31,0,-2,19,0,0,6,0,0,6,0,2,6,0,0,6,0,0,7,0,0,7,0,-3,38,0,-1,25,0,0,8,0,0,8,0,-3,40,0,-1,9,0,0,9,0,-2,39,0,2,9,0,0,9,0,0,10,0,0,10,0,-3,44,0,-1,29,0,0,11,0,0,11,0,-3,46,0,-1,12,0,0,12,0,-2,45,0,2,12,0,0,12,0,0,13,0,0,13,0,-3,50,0,-1,33,0,0,14,0,0,14,0,-3,52,0,-1,15,0,0,15,0,-2,51,0,2,15,0,0,15,0,0,16,0,0,16,0,0,16,0,0,17,0,-2,35,0,-1,24,0,0,18,0,-2,41,0,-1,28,0,0,19,0,-2,47,0,-1,32,0,0,20,0,0,20,0,0,21,0,0,21,0,0,22,0,0,22,0,0,23,0,0,23,0,0,24,0,0,24,0,0,25,0,-2,37,0,0,26,0,0,26,0,0,27,0,0,27,0,0,28,0,0,28,0,0,29,0,-2,43,0,0,30,0,0,30,0,0,31,0,0,31,0,0,32,0,0,32,0,0,33,0,-2,49,0,0,34,0,-2,53,0,15,1,132],[0,0,0,0,0,0,0,0,0,0,0,0,0,0,0,0,0,0,0,0,35,37,39,41,43,45,47,49,51],[1,1,16,17,18,19,1,1,1,1,1,1,1,1,1,1,1,1,1,1,1,1,1,1,1,1,1,1,1],[7,8,8,11,12,13,14,0,1,2,3,0,1,2,3,0,1,2,3,7,4,5,6,4,5,6,4,5,6]],[[{"name":"control_line_a","rect":{"x":0,"y":0,"width":7,"height":4},"offset":{"x":0,"y":0},"originalSize":{"width":7,"height":4},"rotated":false,"capInsets":[2,0,2,0],"vertices":{"rawPosition":[-3.5,-2,0,3.5,-2,0,-3.5,2,0,3.5,2,0],"indexes":[0,1,2,2,1,3],"uv":[0,4,7,4,0,0,7,0],"nuv":[0,0,1,0,0,1,1,1],"minPos":{"x":-3.5,"y":-2,"z":0},"maxPos":{"x":3.5,"y":2,"z":0}},"packable":true,"pixelsToUnit":100,"pivot":{"x":0.5,"y":0.5},"meshType":0}],[2],0,[0],[3],[15]]]]
