[1,["ecpdLyjvZBwrvm+cedCcQy","f0BIwQ8D5Ml7nTNQbh1YlS","189ea2649","a2MjXRFdtLlYQ5ouAFv/+R","2bK/i3tnNNLLfxOwvTPD6n","5f5dyqtRNNxaFmVzYns6FZ","57s5nBHpFNxadEeG3Cp/07","65mcGua21Byay2B0eTXud3","5cO7kybDxGj4ipyMYdRYZB","3ae7efMv1CLq2ilvUY/tQi","e97GVMl6JHh5Ml5qEDdSGa","29FYIk+N1GYaeWH/q1NxQO"],["node","_spriteFrame","_parent","_textureSetter","root","agreeButton","nodeContent","disclaScrollView","lbHint","data","_N$verticalScrollBar","_normalMaterial","_grayMaterial","_N$normalSprite","_N$pressedSprite","_N$hoverSprite","_N$disabledSprite"],[["cc.Node",["_name","_objFlags","_opacity","_components","_prefab","_contentSize","_children","_trs","_parent","_anchorPoint","_color"],0,9,4,5,2,7,1,5,5],["cc.Sprite",["_sizeMode","_type","node","_materials","_spriteFrame"],1,1,3,6],["cc.Node",["_name","_objFlags","_parent","_components","_prefab","_contentSize","_trs","_children","_anchorPoint"],1,1,2,4,5,7,2,5],["cc.Widget",["_alignFlags","_originalHeight","_originalWidth","alignMode","_left","node"],-2,1],["cc.Node",["_name","_objFlags","_active","_children","_components","_prefab","_contentSize","_trs","_anchorPoint","_parent"],0,2,12,4,5,7,5,1],["cc.PrefabInfo",["fileId","root"],2,1],"cc.SpriteFrame",["cc.Prefab",["_name"],2],["e2ef1AWvL9BGqF04nQoGthR",["node","lbHint","disclaScrollView","nodeContent","agreeButton"],3,1,1,1,1,1],["cc.Layout",["_resize","_N$layoutType","node","_layoutSize"],1,1,5],["dc260WzHhJCNbdTPXKK45bp",["node"],3,1],["cc.BlockInputEvents",["node"],3,1],["cc.ScrollView",["_enabled","horizontal","vertical","inertia","brake","elastic","bounceDuration","cancelInnerEvents","_N$horizontalScrollBar","node","_N$content"],-6,1,1],["cc.Mask",["_N$alphaThreshold","node","_materials"],2,1,3],["cc.Scrollbar",["_N$direction","node","_scrollView","_N$handle"],2,1,1,1],["cc.RichText",["_N$string","_N$fontSize","_N$cacheMode","_N$maxWidth","_N$lineHeight","node"],-2,1],["cc.Label",["_string","_N$horizontalAlign","_N$verticalAlign","_N$fontFamily","node","_materials"],-1,1,3],["cc.Button",["zoomScale","_N$enableAutoGrayEffect","_N$transition","node","clickEvents","_N$normalColor","_N$pressedColor","_N$disabledColor","_N$target"],0,1,9,5,5,5,1],["cc.ClickEvent",["_componentId","handler","target"],1,1]],[[5,0,1,2],[1,0,2,3,4,2],[0,0,8,3,4,5,7,2],[7,0,2],[0,0,6,3,4,5,7,2],[0,0,8,6,3,4,5,2],[0,0,6,3,4,5,9,7,2],[0,0,1,6,3,4,5,7,3],[0,0,2,8,3,4,10,5,3],[0,0,1,8,6,3,4,5,3],[4,0,1,2,3,4,5,6,8,7,4],[4,0,9,3,4,5,6,7,2],[2,0,2,7,3,4,5,6,2],[2,0,1,2,3,4,5,8,6,3],[2,0,2,3,4,5,6,2],[8,0,1,2,3,4,1],[3,0,2,1,5,4],[3,3,0,4,1,5,5],[3,3,0,2,1,5,5],[5,1,1],[1,2,3,4,1],[1,1,0,2,3,4,3],[1,1,0,2,3,3],[9,0,1,2,3,3],[10,0,1],[11,0,1],[12,0,1,2,3,4,5,6,7,8,9,10,10],[13,0,1,2,2],[14,0,1,2,3,2],[15,0,1,2,3,4,5,6],[16,0,1,2,3,4,5,5],[17,0,1,2,3,4,5,6,7,8,4],[18,0,1,2,3]],[[[{"name":"ui_mzsm","rect":[3,3,198,62],"offset":[0,0],"originalSize":[198,62],"capInsets":[0,0,0,0]}],[6],0,[0],[3],[2]],[[[3,"mahjongDisclaimersView"],[4,"mahjongDisclaimersView",[-8,-9],[[15,-6,-5,-4,-3,-2],[16,45,1280,720,-7]],[19,-1],[5,1280,720],[640,360,0,0,0,0,1,1,1,1]],[5,"bg",1,[-11,-12,-13],[[20,-10,[11],12]],[0,"6bWkRbnKdN8pq7VX/vhCmt",1],[5,1233,648]],[10,"scrollBar",512,false,[-17],[[-14,[17,0,37,350.07654921020657,237,-15],[21,1,0,-16,[6],7]],1,4,4],[0,"79Vkzj4CRAYJDNtx4tamB1",1],[5,12,470],[0,1,0.5],[462.5,0,0,0,0,0,1,1,1,1]],[6,"content",[-19],[[23,1,2,-18,[5,925,35.28]]],[0,"f8D7CSdDZHN4alET3zeiny",1],[5,925,35.28],[0,0.5,1],[0,229.841,0,0,0,0,1,1,1,1]],[7,"Background",512,[-22],[[1,2,-20,[9],10],[18,0,45,100,40,-21]],[0,"20GvJz0ZpAkLKSjoqLd1uJ",1],[5,213,77],[0,0,0,0,0,0,1,1,1,0]],[12,"scrollView",2,[3,-24],[-23],[0,"97E0yDtd1G3pPNaVGlxP3V",1],[5,1100,470],[0,12.513,0,0,0,0,1,1,1,1]],[11,"button_close",2,[5],[[-25,[24,-26]],1,4],[0,"79fqR5/GVKp6wIUTXGFz5b",1],[5,213,77],[1.487,-268.056,0,0,0,0,1,1,1,1]],[8,"spMask",180,1,[[1,0,-27,[0],1],[25,-28]],[0,"d4SqZ1YEpIeLj3FZVRThto",1],[4,4278190080],[5,1280,720]],[26,false,false,false,false,0.75,false,0.23,false,null,6,4],[9,"view",512,6,[4],[[27,0,-29,[5]]],[0,"f6SOaGr0lIIKd7Qv4QQub3",1],[5,1100,470]],[2,"spTitle",2,[[1,2,-30,[2],3]],[0,"8fKmncrCVOmYrizre8Fop2",1],[5,198,62],[7.581,282.596,0,0,0,0,1,1,1,1]],[13,"bar",512,3,[-31],[0,"20jXFFtcNJeLwnW0rmJKme",1],[5,10,30],[0,1,0],[-1,0,0,0,0,0,1,1,1,1]],[22,1,0,12,[4]],[28,1,3,9,13],[14,"lbHint",4,[-32],[0,"4edbWFfoJFfa7QLMi1Skam",1],[5,920,35.28],[0,-17.64,0,0,0,0,1,1,1,1]],[29,"",22,2,920,28,15],[2,"label",5,[[30,"同 意",1,1,"黑体",-33,[8]]],[0,"31b1r9QqJIU7CQas1O5and",1],[5,100,50.4],[0,2,0,0,0,0,1,1,1,1]],[31,0.9,true,3,7,[[32,"e2ef1AWvL9BGqF04nQoGthR","onClose",1]],[4,4293322470],[4,4291348680],[4,3363338360],5]],0,[0,4,1,0,5,18,0,6,4,0,7,9,0,8,16,0,0,1,0,0,1,0,-1,8,0,-2,2,0,0,2,0,-1,11,0,-2,6,0,-3,7,0,-1,14,0,0,3,0,0,3,0,-1,12,0,0,4,0,-1,15,0,0,5,0,0,5,0,-1,17,0,-1,9,0,-2,10,0,-1,18,0,0,7,0,0,8,0,0,8,0,0,10,0,0,11,0,-1,13,0,-1,16,0,0,17,0,9,1,3,2,6,4,2,10,5,2,7,9,10,14,33],[0,0,0,0,0,0,0,0,0,0,0,0,0,13,18,18,18,18,18,18],[-1,1,-1,1,-1,-1,-1,1,-1,-1,1,-1,1,1,11,12,13,14,15,16],[0,3,0,4,0,0,0,5,0,0,6,0,7,8,0,9,1,10,1,11]]]]