[1,["3cE7bnsx1Lcq0AShqnaCdx","66sWgdvkBOOol6qT7YJkew"],["_textureSetter","spriteFrame"],["cc.SpriteFrame",["cc.BitmapFont",["_name","fontSize","_fntConfig"],0]],[[1,0,1,2,4]],[[[{"name":"mahjongClockFont_0","rect":[7,8,390,48],"offset":[-0.5,-1.5],"originalSize":[405,61],"capInsets":[0,0,0,0]}],[0],0,[0],[0],[0]],[[[0,"mahjongClockFont",51,{"commonHeight":51,"fontSize":51,"atlasName":"font1_0.png","fontDefDictionary":{"48":{"xOffset":0,"yOffset":0,"xAdvance":35,"rect":{"x":5,"y":5,"width":35,"height":51}},"49":{"xOffset":0,"yOffset":0,"xAdvance":35,"rect":{"x":45,"y":5,"width":35,"height":51}},"50":{"xOffset":0,"yOffset":0,"xAdvance":35,"rect":{"x":85,"y":5,"width":35,"height":51}},"51":{"xOffset":0,"yOffset":0,"xAdvance":35,"rect":{"x":125,"y":5,"width":35,"height":51}},"52":{"xOffset":0,"yOffset":0,"xAdvance":35,"rect":{"x":165,"y":5,"width":35,"height":51}},"53":{"xOffset":0,"yOffset":0,"xAdvance":35,"rect":{"x":205,"y":5,"width":35,"height":51}},"54":{"xOffset":0,"yOffset":0,"xAdvance":35,"rect":{"x":245,"y":5,"width":35,"height":51}},"55":{"xOffset":0,"yOffset":0,"xAdvance":35,"rect":{"x":285,"y":5,"width":35,"height":51}},"56":{"xOffset":0,"yOffset":0,"xAdvance":35,"rect":{"x":325,"y":5,"width":35,"height":51}},"57":{"xOffset":0,"yOffset":0,"xAdvance":35,"rect":{"x":365,"y":5,"width":35,"height":51}}},"kerningDict":{}}]],0,0,[0],[1],[1]]]]