[1,["ecpdLyjvZBwrvm+cedCcQy","1b6a03f6b","c2Es4QLxFG7L/9UoHNS05w","cb8R3qGllNk5QfNJMPYgUI","1dZ9cvTJZPd5YaFAKQSsZl","38GLyw8mBN5Kp08VP0s5ZF","14c+DKY+NOY7kzB37iTH6V"],["node","_spriteFrame","_textureSetter","root","data","spCardRes"],[["cc.Sprite",["_type","_sizeMode","node","_materials","_spriteFrame"],1,1,3,6],["cc.Node",["_name","_active","_components","_prefab","_contentSize","_trs","_children","_parent"],1,9,4,5,7,2,1],["cc.PrefabInfo",["fileId","root"],2,1],"cc.SpriteFrame",["cc.Prefab",["_name"],2],["cc.Node",["_name","_parent","_components","_prefab","_contentSize","_trs"],2,1,2,4,5,7],["7653cBGGxtNFoCZJvYccEkE",["node","spCards","spCardRes"],3,1,2,6],["cc.BlockInputEvents",["node"],3,1]],[[2,0,1,2],[1,0,1,7,2,3,4,5,3],[0,2,3,4,1],[4,0,2],[1,0,6,2,3,4,5,2],[5,0,1,2,3,4,5,2],[0,0,1,2,3,4,3],[0,2,3,1],[6,0,1,2,1],[2,1,1],[7,0,1]],[[[{"name":"ui_tpjt","rect":[567,631,51,59],"offset":[0,0],"originalSize":[51,59],"capInsets":[0,0,0,0]}],[3],0,[0],[2],[1]],[[[3,"handCardItem1"],[4,"handCardItem1",[-5,-6,-7],[[2,-2,[5],6],[8,-4,[-3],7]],[9,-1],[5,76,110],[38,0,0,0,0,0,1,0.9,0.9,1]],[1,"spMask",false,1,[[6,1,0,-8,[3],4],[10,-9]],[0,"79k3uVVMlByYhNS9TzrG6G",1],[5,73,106],[-0.421,1,0,0,0,0,1,1,1,1]],[5,"spCard",1,[-10],[0,"7ei7H4xIZNIZuEHMo0dk6F",1],[5,40,62],[0,-10,0,0,0,0,1,1,1,1]],[7,3,[0]],[1,"spTing",false,1,[[2,-11,[1],2]],[0,"c381Vw14NPRJr1Vcb3F/W2",1],[5,51,59],[0,65,0,0,0,0,1,1,1,1]]],0,[0,3,1,0,0,1,0,-1,4,0,0,1,0,-1,3,0,-2,5,0,-3,2,0,0,2,0,0,2,0,-1,4,0,0,5,0,4,1,11],[0,0,0,0,0,0,0,0,4],[-1,-1,1,-1,1,-1,1,5,1],[0,0,2,0,3,0,4,5,6]]]]