[1,["abad4d7b-7329-412f-b102-3f15babb0f80@6c48a"],0,[["sp.SkeletonData",["_name","_atlasText","textureNames","_skeletonJson","textures"],-1,3]],[[0,0,1,2,3,4,5]],[[0,"chun","\nchun.png\nsize: 1731,1731\nformat: RGBA4444\nfilter: Linear,Linear\nrepeat: none\n春-animation_01\n  rotate: true\n  xy: 347, 1481\n  size: 248, 343\n  orig: 350, 350\n  offset: 37, 7\n  index: -1\n春-animation_02\n  rotate: true\n  xy: 692, 1481\n  size: 248, 343\n  orig: 350, 350\n  offset: 38, 7\n  index: -1\n春-animation_03\n  rotate: true\n  xy: 2, 478\n  size: 251, 343\n  orig: 350, 350\n  offset: 36, 7\n  index: -1\n春-animation_04\n  rotate: true\n  xy: 347, 475\n  size: 253, 343\n  orig: 350, 350\n  offset: 36, 7\n  index: -1\n春-animation_05\n  rotate: true\n  xy: 1037, 471\n  size: 256, 343\n  orig: 350, 350\n  offset: 35, 7\n  index: -1\n春-animation_06\n  rotate: true\n  xy: 347, 213\n  size: 259, 344\n  orig: 350, 350\n  offset: 35, 6\n  index: -1\n春-animation_07\n  rotate: true\n  xy: 693, 207\n  size: 262, 344\n  orig: 350, 350\n  offset: 34, 6\n  index: -1\n春-animation_08\n  rotate: true\n  xy: 1039, 202\n  size: 266, 344\n  orig: 350, 350\n  offset: 33, 6\n  index: -1\n春-animation_09\n  rotate: true\n  xy: 1385, 199\n  size: 269, 344\n  orig: 350, 350\n  offset: 32, 6\n  index: -1\n春-animation_10\n  rotate: true\n  xy: 692, 980\n  size: 249, 343\n  orig: 350, 350\n  offset: 55, 7\n  index: -1\n春-animation_11\n  rotate: true\n  xy: 1037, 1481\n  size: 248, 343\n  orig: 350, 350\n  offset: 58, 7\n  index: -1\n春-animation_12\n  rotate: true\n  xy: 1382, 1481\n  size: 248, 343\n  orig: 350, 350\n  offset: 59, 7\n  index: -1\n春-animation_13\n  rotate: true\n  xy: 1037, 980\n  size: 249, 343\n  orig: 350, 350\n  offset: 61, 7\n  index: -1\n春-animation_14\n  rotate: true\n  xy: 1382, 980\n  size: 249, 343\n  orig: 350, 350\n  offset: 62, 7\n  index: -1\n春-animation_15\n  rotate: true\n  xy: 2, 731\n  size: 249, 343\n  orig: 350, 350\n  offset: 62, 7\n  index: -1\n春-animation_16\n  rotate: true\n  xy: 1384, 728\n  size: 250, 343\n  orig: 350, 350\n  offset: 62, 7\n  index: -1\n春-animation_17\n  rotate: true\n  xy: 692, 474\n  size: 253, 343\n  orig: 350, 350\n  offset: 61, 7\n  index: -1\n春-animation_18\n  rotate: true\n  xy: 1382, 470\n  size: 256, 343\n  orig: 350, 350\n  offset: 59, 7\n  index: -1\n春-animation_19\n  rotate: true\n  xy: 2, 217\n  size: 259, 343\n  orig: 350, 350\n  offset: 58, 7\n  index: -1\n春-animation_20\n  rotate: true\n  xy: 347, 730\n  size: 249, 343\n  orig: 350, 350\n  offset: 55, 7\n  index: -1\n春-animation_21\n  rotate: true\n  xy: 347, 1231\n  size: 248, 344\n  orig: 350, 350\n  offset: 53, 6\n  index: -1\n春-animation_22\n  rotate: true\n  xy: 692, 729\n  size: 249, 344\n  orig: 350, 350\n  offset: 50, 6\n  index: -1\n春-animation_23\n  rotate: true\n  xy: 693, 1231\n  size: 248, 344\n  orig: 350, 350\n  offset: 48, 6\n  index: -1\n春-animation_24\n  rotate: true\n  xy: 1038, 729\n  size: 249, 344\n  orig: 350, 350\n  offset: 45, 6\n  index: -1\n春-animation_25\n  rotate: true\n  xy: 2, 1232\n  size: 248, 343\n  orig: 350, 350\n  offset: 43, 7\n  index: -1\n春-animation_26\n  rotate: true\n  xy: 1039, 1231\n  size: 248, 343\n  orig: 350, 350\n  offset: 41, 7\n  index: -1\n春-animation_27\n  rotate: true\n  xy: 1384, 1231\n  size: 248, 343\n  orig: 350, 350\n  offset: 39, 7\n  index: -1\n春-animation_28\n  rotate: true\n  xy: 2, 982\n  size: 248, 343\n  orig: 350, 350\n  offset: 38, 7\n  index: -1\n春-animation_29\n  rotate: true\n  xy: 347, 981\n  size: 248, 343\n  orig: 350, 350\n  offset: 37, 7\n  index: -1\n春-animation_30\n  rotate: true\n  xy: 2, 1482\n  size: 247, 343\n  orig: 350, 350\n  offset: 37, 7\n  index: -1\n春-animation_00\n  rotate: true\n  xy: 2, 1482\n  size: 247, 343\n  orig: 350, 350\n  offset: 37, 7\n  index: -1\n",["chun.png"],{"skeleton":{"hash":"/LmqFFIi765emC+MX2TQpcjAFaM","spine":"3.8.99","x":-250,"y":-250,"width":500,"height":500,"images":"./連續圖/","audio":""},"bones":[{"name":"root"}],"slots":[{"name":"春-animation_00","bone":"root","attachment":"春-animation_30"}],"skins":[{"name":"default","attachments":{"春-animation_00":{"春-animation_00":{"width":500,"height":500},"春-animation_01":{"width":500,"height":500},"春-animation_02":{"width":500,"height":500},"春-animation_03":{"width":500,"height":500},"春-animation_04":{"width":500,"height":500},"春-animation_05":{"width":500,"height":500},"春-animation_06":{"width":500,"height":500},"春-animation_07":{"width":500,"height":500},"春-animation_08":{"width":500,"height":500},"春-animation_09":{"width":500,"height":500},"春-animation_10":{"width":500,"height":500},"春-animation_11":{"width":500,"height":500},"春-animation_12":{"width":500,"height":500},"春-animation_13":{"width":500,"height":500},"春-animation_14":{"width":500,"height":500},"春-animation_15":{"width":500,"height":500},"春-animation_16":{"width":500,"height":500},"春-animation_17":{"width":500,"height":500},"春-animation_18":{"width":500,"height":500},"春-animation_19":{"width":500,"height":500},"春-animation_20":{"width":500,"height":500},"春-animation_21":{"width":500,"height":500},"春-animation_22":{"width":500,"height":500},"春-animation_23":{"width":500,"height":500},"春-animation_24":{"width":500,"height":500},"春-animation_25":{"width":500,"height":500},"春-animation_26":{"width":500,"height":500},"春-animation_27":{"width":500,"height":500},"春-animation_28":{"width":500,"height":500},"春-animation_29":{"width":500,"height":500},"春-animation_30":{"width":500,"height":500}}}}],"animations":{"animation":{"slots":{"春-animation_00":{"attachment":[{"name":"春-animation_00"},{"time":0.0333,"name":"春-animation_01"},{"time":0.0667,"name":"春-animation_02"},{"time":0.1333,"name":"春-animation_03"},{"time":0.1667,"name":"春-animation_04"},{"time":0.2,"name":"春-animation_05"},{"time":0.2333,"name":"春-animation_06"},{"time":0.2667,"name":"春-animation_07"},{"time":0.3333,"name":"春-animation_08"},{"time":0.3667,"name":"春-animation_09"},{"time":0.4,"name":"春-animation_10"},{"time":0.4333,"name":"春-animation_11"},{"time":0.5,"name":"春-animation_12"},{"time":0.5333,"name":"春-animation_13"},{"time":0.5667,"name":"春-animation_14"},{"time":0.6,"name":"春-animation_15"},{"time":0.6667,"name":"春-animation_16"},{"time":0.7,"name":"春-animation_17"},{"time":0.7333,"name":"春-animation_18"},{"time":0.7667,"name":"春-animation_19"},{"time":0.8333,"name":"春-animation_20"},{"time":0.8667,"name":"春-animation_21"},{"time":0.9,"name":"春-animation_22"},{"time":0.9333,"name":"春-animation_23"},{"time":0.9667,"name":"春-animation_24"},{"time":1.0333,"name":"春-animation_25"},{"time":1.0667,"name":"春-animation_26"},{"time":1.1,"name":"春-animation_27"},{"time":1.1333,"name":"春-animation_28"},{"time":1.1667,"name":"春-animation_29"},{"time":1.2,"name":"春-animation_30"}]}}}}},[0]]],0,0,[0],[-1],[0]]
