[1,["93EqSj1UBEf4Zs9kqSlH6a","293ULKSQBNPaG0dqivhZAD@f9941","02/5lydMRA8oJSutUzIbQf@f9941","170faPuu1MzrnPC+zw9NKt@f9941","1fl1b4vW5Ip7mIFDmZ+k7l","76WT/ZYcFGu6J1iC03wYNl@f9941","5cBnF0VatMdYWZtUlynvWf@f9941","e11lqAoYlB6Y4n3umww3wK@f9941","1eEb7gFpRJRqNzLECy3g4M@f9941","c7Z6vdUSxF1JiKEqaQP8Dx@f9941","c3lne2d0pGCIXBYkIM9CDm@f9941","03EsQcRqFBj4lBENNITzhC@6c48a","03EsQcRqFBj4lBENNITzhC@f9941","32PZN4MlFEN7KY+w15Dmbw@f9941","7fl1VTfI9IRpBOjaYIhdJI@f9941","ddPt3CeHdDgKAxW2+pHu2Z","efGBqlUhVLcaJyGzgHDCvp@f9941","84gyRG/EZKi4kvLmwGVGmu@f9941","c6AH+GFrxO94nt8pfiu/4Q@f9941","3dHIGI2sVLCqntralMGxZF@f9941","2aEE8H8UdGBJucCQi/18nu@f9941","127W1fMB9JN5lPIu9PPOuj@f9941","b8vSL7yWdGz47P/IPerYBM@f9941","52Cv77UspApoAxQHMLLeiP@f9941","28x+RWRCBPrJuQZHBQslY2@f9941","6dCt2tBbpG8r3QgVCx4qpF@f9941","c3/2H2yiVF2ZYXtK06xsPj","e7Y4ycydREAoio4XnnVWLD","4dFd4I3x5FkqhVYucQ/07+","41ygQxVj5LQaGo4wZLVbx+","2byDUhRw5E56UJje3uOKCo","3dHIGI2sVLCqntralMGxZF@6c48a","9cEFLMJxJER6IbyCPzGdnm@f9941","731sprJ6VEqq2SKt7CtmCj@f9941","f1KiPEuSRDIqJgPZgkKPHo@f9941","dfCTgVompDwZZgKD9B2LAY@f9941","4fBpuML2lNLJtnEo2XLs/c@f9941","e2Y4zNzHRF/b5LWdLVt36+@f9941","f5EXhgHW9Eqbyrx+MZJiyS@f9941","f4U4QQEyBOmqlFREphs8ox@f9941","6de8S0ehhMp7Gr8pL/9Mtb@f9941","f1KiPEuSRDIqJgPZgkKPHo@6c48a"],["node","_spriteFrame","targetInfo","root","data","_defaultClip","_textureSource","target","_target","value","playerDoubleNode","bankerDoubleNode","source","_parent","asset","bigRoadItemPrefab","cubeRoadItemPrefab","bigEyeRoadItemPrefab","smallRoadItemPrefab","cockroachRoadItemPrefab","tieNode","clockLabel","clockSprite","typeSprite","typeLabel","_atlas"],[["cc.Node",["_name","_layer","_active","_components","_prefab","_lpos","_parent","_children","_lscale"],0,9,4,5,1,2,5],["cc.Node",["_name","_layer","_active","_objFlags","__editorExtras__","_prefab","_components","_parent","_lpos","_children","_lscale"],-2,4,12,1,5,2,5],["cc.Sprite",["_sizeMode","_type","_fillType","_fillStart","_fillRange","node","__prefab","_spriteFrame","_color","_fillCenter"],-2,1,4,6,5,5],["cc.Label",["_string","_actualFontSize","_fontSize","_cacheMode","_isBold","_lineHeight","_horizontalAlign","node","__prefab","_color"],-4,1,4,5],"cc.SpriteFrame",["cc.UITransform",["node","__prefab","_contentSize","_anchorPoint"],3,1,4,5,5],["cc.Button",["node","__prefab","clickEvents","_normalColor","_target"],3,1,4,9,5,1],"cc.SpriteAtlas",["cc.Prefab",["_name"],2],["cc.CompPrefabInfo",["fileId"],2],["cc.ClickEvent",["_componentId","handler","target"],1,1],["423a9U7qctAe7BVL98KTvYm",["node","__prefab"],3,1,4],["cc.PrefabInfo",["fileId","instance","root","asset","targetOverrides","nestedPrefabInstanceRoots"],1,1,1,9,2],["cc.PrefabInfo",["fileId","instance","targetOverrides","nestedPrefabInstanceRoots","root","asset"],-1,1,1],["cc.PrefabInfo",["fileId","targetOverrides","nestedPrefabInstanceRoots","root","instance","asset"],0,1,4,6],["cc.TargetOverrideInfo",["propertyPath","source","target","targetInfo"],2,1,1,4],["cc.TargetInfo",["localID"],2],["cc.PrefabInstance",["fileId","prefabRootNode","propertyOverrides"],2,1,9],["CCPropertyOverrideInfo",["value","propertyPath","targetInfo"],1,1],["CCPropertyOverrideInfo",["propertyPath","targetInfo","value"],2,1,8],["CCPropertyOverrideInfo",["propertyPath","targetInfo","value"],2,4,8],["CCPropertyOverrideInfo",["propertyPath","targetInfo","value"],2,1,6],["84f0cdivFRCXrFNnRIhKgvp",["node","__prefab","bigRoadConent","cubeRoadConent","bigEyeRoadConent","smallRoadConent","cockroachRoadConent","roundNumLabel","BNumLabel","PNumLabel","TNumLabel","BDoubleNumLabel","PDoubleNumLabel"],3,1,4,1,1,1,1,1,1,1,1,1,1,1],["a0a46eOWn5P6563+uZHMlV1",["node","__prefab","tableNameLabel","playerCountLabel","roadMapView"],3,1,4,1,1,1],["c2623jJSYVEd76jmLDd9sqD",["node","__prefab","bgSpriteFrame"],3,1,4,3],["cc.Animation",["node","__prefab","_clips","_defaultClip"],3,1,4,3,6],["57acaDel+dGeJnP2/VEe+4S",["node","__prefab","bgSpriteFrame"],3,1,4,3],["ed1a0+J+HhB/aEWcxJWMoNM",["node","__prefab","bgSpriteFrame"],3,1,4,3],["ac98eTXwUJFA6fVwCWtbiVh",["node","__prefab","bgSpriteFrame","bankerDoubleNode","playerDoubleNode","tieNode"],3,1,4,12,1,1,1],["6da3dmtySNE77IRgVjKqVHU",["node","__prefab","clockSprite","clockLabel"],3,1,4,1,1],["99ec2d6xaNG4rtSY4afeWax",["node","__prefab","bgSpriteFrame","typeLabel","bankerDoubleNode","playerDoubleNode","typeSprite","typeSpriteFrames"],3,1,4,3,1,1,1,1,3]],[[9,0,2],[13,0,1,2,3,4,5,5],[5,0,1,2,1],[2,5,6,7,1],[5,0,1,2,3,1],[0,0,1,6,3,4,5,3],[0,0,2,1,6,3,4,5,4],[1,0,1,7,6,5,8,3],[18,0,1,2,3],[8,0,2],[0,0,1,6,7,3,4,5,3],[0,0,1,6,3,4,3],[16,0,2],[19,0,1,2,2],[3,0,1,2,5,3,7,8,6],[3,0,6,1,2,5,4,3,7,8,8],[25,0,1,2,3,1],[0,0,1,7,3,4,5,3],[0,0,2,1,6,3,4,5,8,4],[10,0,1,2,3],[1,0,1,7,6,5,3],[0,0,1,3,4,5,8,3],[6,0,1,2,3,4,1],[2,1,0,5,6,3],[2,0,5,6,7,2],[21,0,1,2,2],[1,0,1,9,6,5,8,3],[1,0,1,7,9,6,5,8,3],[1,3,4,7,5,3],[1,0,2,1,7,6,5,8,4],[1,0,2,1,7,6,5,10,4],[0,0,1,3,4,5,3],[0,0,2,1,6,3,4,4],[5,0,1,1],[6,0,1,2,1],[11,0,1,1],[12,0,1,2,3,4,5,3],[14,0,1,2,3,4,5,4],[15,0,1,2,3,2],[2,1,0,5,6,7,3],[2,0,5,6,8,7,2],[2,1,2,3,4,5,6,9,5],[2,5,6,1],[17,0,1,2,2],[20,0,1,2,2],[3,0,6,1,2,3,7,8,6],[3,0,6,1,2,4,3,7,8,9,7],[3,0,1,2,4,3,7,8,9,6],[3,0,1,2,4,7,8,5],[3,0,1,2,5,7,8,5],[22,0,1,2,3,4,5,6,7,8,9,10,11,12,1],[23,0,1,2,3,4,1],[24,0,1,2,1],[26,0,1,2,1],[27,0,1,2,1],[28,0,1,2,3,4,5,1],[29,0,1,2,3,1],[30,0,1,2,3,4,5,6,7,1]],[[[{"name":"road_frame_pc","rect":{"x":0,"y":0,"width":608,"height":242},"offset":{"x":0,"y":0},"originalSize":{"width":608,"height":242},"rotated":false,"capInsets":[0,0,0,0],"vertices":{"rawPosition":[-304,-121,0,304,-121,0,-304,121,0,304,121,0],"indexes":[0,1,2,2,1,3],"uv":[0,242,608,242,0,0,608,0],"nuv":[0,0,1,0,0,1,1,1],"minPos":{"x":-304,"y":-121,"z":0},"maxPos":{"x":304,"y":121,"z":0}},"packable":true,"pixelsToUnit":100,"pivot":{"x":0.5,"y":0.5},"meshType":0}],[4],0,[0],[6],[11]],[[[9,"bcBaccaratTableItemPC"],[26,"bcBaccaratTableItemPC",33554432,[-10,-11,-12,-13,-14,-15,-16,-17],[[[2,-5,[0,"d5zao+sftE1pmlPXX75o2N"],[5,608,242]],-6,[34,-8,[0,"39eCFY5cNPjq6Ull2gciii"],[[19,"a0a46eOWn5P6563+uZHMlV1","enterBtnClick",-7]]],[35,-9,[0,"56YKaOmlpMB5GgfuzNepER"]]],4,1,4,4],[36,"3ewxeq5wJFeL361GEKsnma",null,-4,0,[[38,["tableClock"],-3,-2,[12,["a344seHAZJKp06qp7iKSHX"]]]],[-1]],[1,0,-119,0]],[17,"road_b",33554432,[-19,-20,-21,-22,-23,-24,-25,-26,-27,-28,-29,-30,-31,-32,-33,-34,-35,-36,-37,-38,-39,-40,-41],[[2,-18,[0,"69LMaw6DlHprM53BRZXFhr"],[5,428,170]]],[1,"9d95mIiHBJ0aZRkKYvVUTa",null,null,null,1,0],[1,-0.098,0,0]],[27,"baccaratRoadMapView",33554432,1,[2,-44,-45,-46,-47,-48,-49,-50],[[[2,-42,[0,"d1imxSYcpNJKb4lKPFXDpg"],[5,428,170]],-43],4,1],[1,"748VGULnNKHI8wt8TD0QUy",null,null,null,1,0],[1,74.59199999999998,-22,0]],[12,["116GXJ4Q1APIzK6olojIp8"]],[6,"seekPlayerRoadButton",false,33554432,3,[[2,-51,[0,"2b8hS+3xdC370PsCJrYVT8"],[5,100,40]],[23,1,0,-52,[0,"a2TvZY82ZDBLH3QFQYN6Gq"]],[22,-54,[0,"8cHlh2edhFMZFh6ehc1esM"],[[19,"84f0cdivFRCXrFNnRIhKgvp","seekPlayerBtnClicked",3]],[4,4292269782],-53]],[1,"7dT7OctiZHF7FdVU9fimrH",null,null,null,1,0],[1,-286.156,102.263,0]],[6,"seekBankerRoadButton",false,33554432,3,[[2,-55,[0,"eeFJREWi1MuIXzrM5XUsFc"],[5,100,40]],[23,1,0,-56,[0,"f7PTehD4lMI5Gu1Dj2nrNY"]],[22,-58,[0,"7dRik4OPZGJYeXIgx6bGcD"],[[19,"84f0cdivFRCXrFNnRIhKgvp","seekBankerBtnClicked",3]],[4,4292269782],-57]],[1,"8fZehmekZOP5fOOUPEvRLR",null,null,null,1,0],[1,-172.096,103.526,0]],[10,"game_label",33554432,1,[-61],[[2,-59,[0,"ebdV5bI41P/L39jhThMizR"],[5,70,30]],[39,1,0,-60,[0,"edTK8gJr9E55iBPX71rcrK"],1]],[1,"98zt0ftoZKw5DnhnBNTXGq",null,null,null,1,0],[1,-257.788,86.016,0]],[28,0,{},1,[37,"116GXJ4Q1APIzK6olojIp8",null,null,-72,[43,"ecuZM2CwhFcZ/R3skHAsVe",1,[[8,"gameClock",["_name"],4],[13,["_lpos"],4,[1,278.672,85.021,0]],[13,["_lrot"],4,[3,0,0,0,1]],[13,["_euler"],4,[1,0,0,0]],[13,["_lscale"],4,[1,0.5,0.5,1]],[44,["_contentSize"],[12,["0aefklRtJESrZZCkETgU6N"]],[5,33.36,40]],[8,2,["_cacheMode"],-62],[8,true,["_active"],4],[8,true,["_isSystemFontUsed"],-63],[8,null,["_font"],-64],[25,["_spriteFrame"],-65,4],[25,["_atlas"],-66,5],[13,["_color"],-67,[4,4294967295]],[8,1,["_fillRange"],-68],[8,2,["_fillType"],-69],[8,0.25,["_fillStart"],-70],[13,["_fillCenter"],-71,[0,0.5,0.5]]]],3]],[12,["6aJ9pCO9RHgrNTU+cucy58"]],[10,"dealerBg",33554432,1,[-75],[[2,-73,[0,"32KVKFxuZP6Y/uQndLZG1L"],[5,134,170]],[3,-74,[0,"c9bU7kAT9CG5LIijhN0yeb"],7]],[1,"d0u1/yStBKObvN9c6VwuEW",null,null,null,1,0],[1,-224.077,-22,0]],[11,"bg",33554432,1,[[2,-76,[0,"81rbyO0IFI+pLbseF0l3TL"],[5,608,242]],[24,0,-77,[0,"e3790qJL1HRITgvolMeaFj"],0]],[1,"ae8gXx7OBHCqwuz2DdmLzO",null,null,null,1,0]],[11,"Label",33554432,7,[[2,-78,[0,"316TrN46ZGUZgkY8Qi84FK"],[5,60,20]],[14,"區塊鏈",20,20,20,2,-79,[0,"03d/h4SgRKrpZDyBNd+MfJ"]]],[1,"67XnfzL55Mnp2jjvsRW4QT",null,null,null,1,0]],[7,"tableNameLabel",33554432,1,[[[4,-80,[0,"8cT1Ih4AlFbb8pte2MmnrK"],[5,71.12,40],[0,0,0.5]],-81],4,1],[1,"a2eXzS7ChC2I0qF0Dezl/J",null,null,null,1,0],[1,-213.304,88.505,0]],[7,"playerNumLabel",33554432,1,[[[4,-82,[0,"71Vk9jDWtEf47/WVLBAe0I"],[5,16.68,40],[0,0,0.5]],-83],4,1],[1,"63Rsf25JJJPIO0s/3dDJ61",null,null,null,1,0],[1,-29.972,86.636,0]],[5,"icon_player",33554432,1,[[2,-84,[0,"baAyejYPVMcpMZ8I3jMUg4"],[5,22,22]],[3,-85,[0,"fbdkGyXx1LdJuijCQlJBIy"],2]],[1,"cdZksZCz1D8LyedJ3u7abp",null,null,null,1,0],[1,-44.349,85.957,0]],[12,["2e54P5L79BSJgpL6+HgO8k"]],[12,["5chtTRplZJPZzKrZVSnasK"]],[11,"dealer",33554432,10,[[2,-86,[0,"964R99xJpCHoDN/kHnAmon"],[5,134,170]],[3,-87,[0,"e9Vf/YIDlC6ouJwgWeLpyJ"],6]],[1,"50pixPSCJNc6Ss4sfrtT/5",null,null,null,1,0]],[11,"bg",33554432,2,[[2,-88,[0,"3buj3Vx3tAbbJyhN55FRWa"],[5,428,170]],[3,-89,[0,"b5iMCfIwlNKYifrcd7oAVJ"],8]],[1,"faj3ry+vJJpJNA36MMp1l9",null,null,null,1,0]],[6,"playerLabel",false,33554432,2,[[2,-90,[0,"52xfmOuOxPjoY9MBaeblmr"],[5,15,15]],[14,"閒",15,15,15,2,-91,[0,"e7DXzTtQ5GLYP/HhdRy+XC"]]],[1,"91igb4R1RI94VcHQ5YW0gc",null,null,null,1,0],[1,-314.232,104.13,0]],[6,"bankerLabel",false,33554432,2,[[2,-92,[0,"73rPxc45pK2oxmjXpULeCy"],[5,15,15]],[14,"莊",15,15,15,2,-93,[0,"01ZBCyVCdJXa3ZFhO+lVmV"]]],[1,"72av4b3FZKjaA5Zs/BAeFu",null,null,null,1,0],[1,-200.844,104.322,0]],[5,"piar_player",33554432,2,[[2,-94,[0,"53+nRWxW9D8ooi1TbOWn4Z"],[5,22,22]],[3,-95,[0,"aeO/rKajZIhrkRqy64QQbZ"],9]],[1,"f0t/uPdhBLAY5x+ZoVZmyq",null,null,null,1,0],[1,146.812,106.434,0]],[5,"pair_banker",33554432,2,[[2,-96,[0,"18zQkjlGFD+aZ0NArzkMya"],[5,22,22]],[3,-97,[0,"97i3INCM5FKIuqeDtEjQwA"],10]],[1,"65denmOP1Ku4rXpCPwjc+i",null,null,null,1,0],[1,96.288,106.434,0]],[5,"dot_banker",33554432,2,[[2,-98,[0,"b8+HhLCa9Dz4pbK/FU4zKX"],[5,22,22]],[3,-99,[0,"65MPhtt7NDt4zyNm2rRpRZ"],11]],[1,"308FbkG5dIao2R6c4xxtiF",null,null,null,1,0],[1,-61.453,107.361,0]],[5,"dot_player",33554432,2,[[2,-100,[0,"e6ekThoF9Bkp6yIIGs+opc"],[5,22,22]],[3,-101,[0,"efCJloFqBOwKD9Sy4KcBeT"],12]],[1,"26sBLAvHBJir7BnVZyNkkX",null,null,null,1,0],[1,-8.067,107.982,0]],[5,"dot_tie",33554432,2,[[2,-102,[0,"a9JS0eW8VHxY3ypD8br9zF"],[5,22,22]],[24,2,-103,[0,"a64F2lXWRGxq6LlBw+/jmz"],13]],[1,"66IFDWCe5IvLYFvj+wAC8X",null,null,null,1,0],[1,43.959,107.393,0]],[29,"roundNumLabel",false,33554432,2,[[[2,-104,[0,"1cGW1/+EBF4oYS3j8elwr3"],[5,33.36,40]],-105],4,1],[1,"5bd/oNy/9AC5kQ/Jmt02G4",null,null,null,1,0],[1,-94.186,103.807,0]],[5,"BLabel",33554432,2,[[2,-106,[0,"b89xu+vvlB85IxGQaDoNRf"],[5,10,15]],[14,"B",15,15,15,2,-107,[0,"317oP7yN5C/pYoFsvM6+9s"]]],[1,"d0TOC8+99MrbgeiLWizYUV",null,null,null,1,0],[1,-61.453,107.361,0]],[5,"PLabel",33554432,2,[[2,-108,[0,"5d6VF04K1K4bmQzz/bVXOz"],[5,10,15]],[14,"P",15,15,15,2,-109,[0,"d7FaKQQfpCyKEnxfxfbqfK"]]],[1,"f4L0kzvwRN2Y5dC2JknTYt",null,null,null,1,0],[1,-8.067,107.982,0]],[5,"TLabel",33554432,2,[[2,-110,[0,"cd9mn1bItELqxKTWmAwZai"],[5,9.16,15]],[14,"T",15,15,15,2,-111,[0,"68Q1xXfkVMp6vFWcEfCTq3"]]],[1,"0adtMrIuNEeaCuaFrwW0MN",null,null,null,1,0],[1,43.959,107.393,0]],[7,"BNumLabel",33554432,2,[[[4,-112,[0,"d3qlCpfYpHtJGimoByl9XZ"],[5,8.34,20],[0,0,0.5]],-113],4,1],[1,"47nvmuaXRMQoVnnGFkftt0",null,null,null,1,0],[1,-45.026,108.034,0]],[7,"PNumLabel",33554432,2,[[[4,-114,[0,"bbzeyDMEJI35Rf7PjQ6idU"],[5,8.34,20],[0,0,0.5]],-115],4,1],[1,"f0fB1tvXhPvbh1ekMfNq9L",null,null,null,1,0],[1,8.854,108.034,0]],[7,"TNumLabel",33554432,2,[[[4,-116,[0,"f1Hi3ZGI9M8p8UcASq3NA4"],[5,8.34,20],[0,0,0.5]],-117],4,1],[1,"01bc6w+w1KnrGpyGqGi6Np",null,null,null,1,0],[1,60.101,108.034,0]],[7,"BDoubleNumLabel",33554432,2,[[[4,-118,[0,"6cYvs8F3RGT54tnVQPwiE1"],[5,8.34,20],[0,0,0.5]],-119],4,1],[1,"abHVkFyCBOd6mh21qiuqbu",null,null,null,1,0],[1,112.807,108.034,0]],[7,"PDoubleLabel",33554432,2,[[[4,-120,[0,"126+ccKQJA5rHbOP0pA/gq"],[5,8.34,20],[0,0,0.5]],-121],4,1],[1,"bd06mWaUdGz5KTzfb25Rlp",null,null,null,1,0],[1,165.058,108.034,0]],[6,"road_bs_small",false,33554432,2,[[2,-122,[0,"fbQPcue8BDzbzWB87ohL4m"],[5,14,14]],[3,-123,[0,"59ayMsXUdLGLOxY7S/LOmS"],14]],[1,"410lPtxOhEOLazE3r104ts",null,null,null,1,0],[1,-178.116,103.32800000000003,0]],[6,"road_banker_small",false,33554432,2,[[2,-124,[0,"04kSB3yPRF55YaVY/4SmIi"],[5,14,14]],[3,-125,[0,"86PCEzcqxKKpZBWSrQ+VXb"],15]],[1,"5dRqSRHglOZYnSxKgp1bUn",null,null,null,1,0],[1,-157.47,103.32800000000003,0]],[6,"road_bline_small",false,33554432,2,[[2,-126,[0,"f24HPWV5NKkIP7+cI+JT9o"],[5,10,10]],[3,-127,[0,"a9FM2xhFdBdqfYce3MDQRP"],16]],[1,"5eiW1sKcZDOZRsPVw8q2oA",null,null,null,1,0],[1,-139.771,103.32800000000003,0]],[6,"road_ps_small",false,33554432,2,[[2,-128,[0,"67VittL0NMO5VueFC6iifm"],[5,14,14]],[3,-129,[0,"c3VQV9Hl9FtKX1yJsdlvho"],17]],[1,"694Sn5cV1OCaXVw11hXo1D",null,null,null,1,0],[1,-290.865,102.41900000000004,0]],[6,"road_player_small",false,33554432,2,[[2,-130,[0,"6a3lFWinRF7pl8HPlHxsK8"],[5,14,14]],[3,-131,[0,"5cLjbMHDdJqZW8hYAu5YqK"],18]],[1,"1b89hYMeJOpacrscB8WSdA",null,null,null,1,0],[1,-270.444,102.41900000000004,0]],[6,"road_pline_big",false,33554432,2,[[2,-132,[0,"7f3BjykQVKM6uddpat42HE"],[5,11,11]],[3,-133,[0,"8eZ0ADtp5CPrK7fHFKLGJJ"],19]],[1,"73qgy1JBREs4alT53coGb3",null,null,null,1,0],[1,-253.127,102.41900000000004,0]],[10,"bigRoadNode",33554432,3,[-135],[[4,-134,[0,"61qjr8Ha1FUrirdiV41BNr"],[5,342,113],[0,0,1]]],[1,"b6c3maNUZAF5dBCMSeToRw",null,null,null,1,0],[1,-128,85,0]],[11,"bigRoadContentNode",33554432,42,[[4,-136,[0,"31VWZ4zuBJ24zWp9XbZ8OT"],[5,342,113],[0,0,1]]],[1,"52/T5K//ZCiqmRpsaZcUCY",null,null,null,1,0]],[10,"cubeRoadNode",33554432,3,[-138],[[4,-137,[0,"96AlzhZc1IBoHxZpHCJm9A"],[5,87,170],[0,0,0.5]]],[1,"509sGoH5NBAZZ7UASIN/+l",null,null,null,1,0],[1,-214.58,0,0]],[5,"cubeRoadContentNode",33554432,44,[[4,-139,[0,"0fKqQY0JBMPZnrEADbg/ZN"],[5,87,170],[0,0,1]]],[1,"adIkel7l1Aa5hswpMp9N72",null,null,null,1,0],[1,0,85,0]],[10,"bigEyesRoadNode",33554432,3,[-141],[[4,-140,[0,"81iX9QbFdN0LM5C+oZo336"],[5,115,56],[0,0,0.5]]],[1,"d8EdM14WNNLpN0YAOQwnLC",null,null,null,1,0],[1,-128.051,-57.167,0]],[5,"bigEyesRoadContentNode",33554432,46,[[4,-142,[0,"d0C6YupShEaL11HtkE7++X"],[5,115,56],[0,0,1]]],[1,"3blmPzhzREmoPDzMHf5HgW",null,null,null,1,0],[1,0,28,0]],[10,"smallRoadNode",33554432,3,[-144],[[4,-143,[0,"7fu2VktOtLgroEpAZTkdVd"],[5,115,56],[0,0,0.5]]],[1,"e8PpGAJatK1I2HwhFebBdn",null,null,null,1,0],[1,-14.307,-57.167,0]],[5,"smallRoadContentNode",33554432,48,[[4,-145,[0,"6dea7BdVBNRoZJ2dO2Y/4q"],[5,115,56],[0,0,1]]],[1,"115U5TgrtPtJ2k4MgQwG8X",null,null,null,1,0],[1,0,28,0]],[10,"cockroachRoad",33554432,3,[-147],[[4,-146,[0,"4fRPu3Hh5A9Zb/CRsnbj9z"],[5,113,56],[0,0,0.5]]],[1,"23yabMp+xH6J4Ht27jOBg2",null,null,null,1,0],[1,100.845,-57.167,0]],[5,"cockroachContentNode",33554432,50,[[4,-148,[0,"bcP+pN+GNJ1Za/f5OvpLXz"],[5,113,56],[0,0,1]]],[1,"d2S1RDlXlPT4JIoNNsSmDf",null,null,null,1,0],[1,0,28,0]],[45,"百家樂1",0,20,20,2,13,[0,"c03eddV1JIp7JSlTuIu4gw"]],[46,"35",0,15,15,true,2,14,[0,"44M6C803tKi6+DMQwuIrGF"],[4,4283979864]],[47,"#30",20,20,true,2,27,[0,"77xrd+vNlGM7vzwTPsNuYs"],[4,4284110676]],[15,"0",0,15,15,20,true,2,31,[0,"c7XJaSrOJE26bxxSHcS4+m"]],[15,"0",0,15,15,20,true,2,32,[0,"6cU82a8A1BpqDSwCkgu9X2"]],[15,"0",0,15,15,20,true,2,33,[0,"9c8iBAoTZC+Il4guHM1kvo"]],[15,"0",0,15,15,20,true,2,34,[0,"9cQP/XHv5DkYPhBanlsdsM"]],[15,"0",0,15,15,20,true,2,35,[0,"c0T59Xu/JBj4cXk6nF6VHP"]],[50,3,[0,"23kekzt9BL8b36geHMSwZb"],43,45,47,49,51,54,55,56,57,58,59],[51,1,[0,"fcCpXqpNlC97f86F6d1KbE"],52,53,60]],0,[0,-1,8,0,7,8,0,12,61,0,3,1,0,0,1,0,-2,61,0,7,1,0,0,1,0,0,1,0,-1,11,0,-2,7,0,-3,13,0,-4,14,0,-5,15,0,-6,8,0,-7,10,0,-8,3,0,0,2,0,-1,19,0,-2,20,0,-3,21,0,-4,22,0,-5,23,0,-6,24,0,-7,25,0,-8,26,0,-9,27,0,-10,28,0,-11,29,0,-12,30,0,-13,31,0,-14,32,0,-15,33,0,-16,34,0,-17,35,0,-18,36,0,-19,37,0,-20,38,0,-21,39,0,-22,40,0,-23,41,0,0,3,0,-2,60,0,-2,42,0,-3,44,0,-4,46,0,-5,48,0,-6,50,0,-7,5,0,-8,6,0,0,5,0,0,5,0,8,5,0,0,5,0,0,6,0,0,6,0,8,6,0,0,6,0,0,7,0,0,7,0,-1,12,0,2,16,0,2,16,0,2,16,0,2,17,0,2,17,0,2,17,0,2,9,0,2,9,0,2,9,0,2,9,0,3,8,0,0,10,0,0,10,0,-1,18,0,0,11,0,0,11,0,0,12,0,0,12,0,0,13,0,-2,52,0,0,14,0,-2,53,0,0,15,0,0,15,0,0,18,0,0,18,0,0,19,0,0,19,0,0,20,0,0,20,0,0,21,0,0,21,0,0,22,0,0,22,0,0,23,0,0,23,0,0,24,0,0,24,0,0,25,0,0,25,0,0,26,0,0,26,0,0,27,0,-2,54,0,0,28,0,0,28,0,0,29,0,0,29,0,0,30,0,0,30,0,0,31,0,-2,55,0,0,32,0,-2,56,0,0,33,0,-2,57,0,0,34,0,-2,58,0,0,35,0,-2,59,0,0,36,0,0,36,0,0,37,0,0,37,0,0,38,0,0,38,0,0,39,0,0,39,0,0,40,0,0,40,0,0,41,0,0,41,0,0,42,0,-1,43,0,0,43,0,0,44,0,-1,45,0,0,45,0,0,46,0,-1,47,0,0,47,0,0,48,0,-1,49,0,0,49,0,0,50,0,-1,51,0,0,51,0,4,1,2,13,3,148],[0,0,0,0,0,0,0,0,0,0,0,0,0,0,0,0,0,0,0,0,60,60,60,60,60],[1,1,1,14,9,9,1,1,1,1,1,1,1,1,1,1,1,1,1,1,15,16,17,18,19],[12,13,14,15,16,4,17,18,19,20,21,22,23,24,5,2,6,3,1,25,26,27,28,29,30]],[[{"name":"auto-atlas","spriteFrames":["6","6de8S0ehhMp7Gr8pL/9Mtb@f9941","game_bg","d9v3fnufhEJ6SBKSOoAG68@f9941","clock_line","dfCTgVompDwZZgKD9B2LAY@f9941","game_label","32PZN4MlFEN7KY+w15Dmbw@f9941","road_tie_big","4fBpuML2lNLJtnEo2XLs/c@f9941","P","c3lne2d0pGCIXBYkIM9CDm@f9941","T","f5EXhgHW9Eqbyrx+MZJiyS@f9941","road_player_big","c7Z6vdUSxF1JiKEqaQP8Dx@f9941","clock_b","efGBqlUhVLcaJyGzgHDCvp@f9941","road_banker_big","e2Y4zNzHRF/b5LWdLVt36+@f9941","pair_banker","127W1fMB9JN5lPIu9PPOuj@f9941","road_pline_big","6dCt2tBbpG8r3QgVCx4qpF@f9941","road_bline_small","5cBnF0VatMdYWZtUlynvWf@f9941","dot_tie","28x+RWRCBPrJuQZHBQslY2@f9941","piar_player","2aEE8H8UdGBJucCQi/18nu@f9941","road_banker_small","02/5lydMRA8oJSutUzIbQf@f9941","dot_player","52Cv77UspApoAxQHMLLeiP@f9941","road_ps_small","170faPuu1MzrnPC+zw9NKt@f9941","road_pline_small","e11lqAoYlB6Y4n3umww3wK@f9941","B","f4U4QQEyBOmqlFREphs8ox@f9941","icon_player","7fl1VTfI9IRpBOjaYIhdJI@f9941","dot_banker","b8vSL7yWdGz47P/IPerYBM@f9941","road_tie","9cEFLMJxJER6IbyCPzGdnm@f9941","road_player_small","293ULKSQBNPaG0dqivhZAD@f9941","road_ps_big","1eEb7gFpRJRqNzLECy3g4M@f9941","road_bs_small","76WT/ZYcFGu6J1iC03wYNl@f9941","road_bs_big","731sprJ6VEqq2SKt7CtmCj@f9941","road_bg","c4T1HLHZFG051D4PLN7CAW@f9941","photo_bg_ai","84gyRG/EZKi4kvLmwGVGmu@f9941","photo_bg","c6AH+GFrxO94nt8pfiu/4Q@f9941"]}],[7],0,[],[],[]],[[[9,"cockroachRoadItem"],[31,"cockroachRoadItem",33554432,[[2,-2,[0,"d8AkILWIVC/qJiaJzAueWv"],[5,10,10]],[3,-3,[0,"cad3OIPVpFlpRmxqYZgF2i"],0],[52,-4,[0,"478Ke9yHxKDpIgNZZrXfsx"],[1,2]],[16,-5,[0,"5fYEzCdPJCzYUc13PA43n8"],[3],4]],[1,"b3vlAAFwZGP4EC3Vf9a5BA",null,null,null,-1,0],[1,8.271,-12.342,0]]],0,[0,3,1,0,0,1,0,0,1,0,0,1,0,0,1,0,4,1,5],[0,0,0,0,0],[1,-1,-2,-1,5],[7,6,7,0,0]],[[{"name":"road_bg_pc","rect":{"x":0,"y":0,"width":428,"height":170},"offset":{"x":0,"y":0},"originalSize":{"width":428,"height":170},"rotated":false,"capInsets":[0,0,0,0],"vertices":{"rawPosition":[-214,-85,0,214,-85,0,-214,85,0,214,85,0],"indexes":[0,1,2,2,1,3],"uv":[0,170,428,170,0,0,428,0],"nuv":[0,0,1,0,0,1,1,1],"minPos":{"x":-214,"y":-85,"z":0},"maxPos":{"x":214,"y":85,"z":0}},"packable":true,"pixelsToUnit":100,"pivot":{"x":0.5,"y":0.5},"meshType":0}],[4],0,[0],[6],[31]],[[[9,"smallRoadItem"],[21,"smallRoadItem",33554432,[[2,-2,[0,"84N5ZxHspEwIWJbA16ojQN"],[5,14,14]],[3,-3,[0,"0fJ8I9Ug9AKpgOrmQbg1Fm"],0],[53,-4,[0,"0dv/bXwXxLT4j3XC95TE6Z"],[1,2]],[16,-5,[0,"48s1fIJ0ZBCK/jhz/RSvFn"],[3],4]],[1,"f9MIjf4tBIUqSf6dYemsOP",null,null,null,-1,0],[1,6.535,-7.072,0],[1,0.8,0.8,1]]],0,[0,3,1,0,0,1,0,0,1,0,0,1,0,0,1,0,4,1,5],[0,0,0,0,0],[1,-1,-2,-1,5],[1,2,1,0,0]],[[[9,"bigEyeRoadItem"],[21,"bigEyeRoadItem",33554432,[[2,-2,[0,"c4CBIwCE5JQYOsRQp1QivM"],[5,14,14]],[3,-3,[0,"84p4ZCJsZGbpOEeBr+e5Tr"],0],[54,-4,[0,"c3w/WBWxxBRo7IzsfHIMgh"],[1,2]],[16,-5,[0,"91/2l+solO/K/bXSh0b6bY"],[3],4]],[1,"39sDfdt3pF+JaOgqCc3q7O",null,null,null,-1,0],[1,5.5,-7.068,0],[1,0.8,0.8,1]]],0,[0,3,1,0,0,1,0,0,1,0,0,1,0,0,1,0,4,1,5],[0,0,0,0,0],[1,-1,-2,-1,5],[3,5,3,0,0]],[[[9,"bigRoadItem"],[17,"bigRoadItem",33554432,[-9,-10,-11],[[2,-2,[0,"038veI9XpKF4ztHJFr5ZPb"],[5,18,19]],[3,-3,[0,"beojB1ikVDaKTmbGWufA/w"],3],[55,-7,[0,"f57nbEfJFFYbHL+2ilSEQ9"],[[null,4,5],0,6,6],-6,-5,-4],[16,-8,[0,"255n7/4CdCsIHznc0I8mnz"],[6],7]],[1,"09L8NIhDRC0LQemYKZ8J17",null,null,null,-1,0],[1,35.5,-34,0]],[18,"bankerDoubleNode",false,33554432,1,[[2,-12,[0,"7dYP9+KaxKzJAfJSDVNM6q"],[5,14,14]],[3,-13,[0,"f5EEe6JU1IGKFpNMwy5Iz9"],0]],[1,"8dhXKESL9Fh49vCrUbG1ai",null,null,null,1,0],[1,-5.934,3.895,0],[1,0.5,0.5,1]],[18,"playerDoubleNode",false,33554432,1,[[2,-14,[0,"17pdYyio5Kh6tU4zo1J8eE"],[5,14,14]],[3,-15,[0,"e6eSS2KxdLDohtKSD52Pl6"],1]],[1,"adFjaIJahHaKZArEKPvduz",null,null,null,1,0],[1,5.134,-5.341,0],[1,0.5,0.5,1]],[32,"tieNode",false,33554432,1,[[2,-16,[0,"287skWFTVNzrWNV69pvYx1"],[5,19,19]],[3,-17,[0,"bbTm6VkGhM+JVZaqapMuhR"],2]],[1,"b57JdwEYNP+p9m4dWdFFqB",null,null,null,1,0]]],0,[0,3,1,0,0,1,0,0,1,0,20,4,0,10,3,0,11,2,0,0,1,0,0,1,0,-1,2,0,-2,3,0,-3,4,0,0,2,0,0,2,0,0,3,0,0,3,0,0,4,0,0,4,0,4,1,17],[0,0,0,0,0,0,0,0],[1,1,1,1,-2,-3,-1,5],[2,1,32,8,33,8,0,0]],[[[9,"gameClock"],[17,"gameClock",33554432,[-6,-7,-8],[[33,-2,[0,"72idgGMd9KcaoOo2EjM6jY"]],[56,-5,[0,"a344seHAZJKp06qp7iKSHX"],-4,-3]],[1,"116GXJ4Q1APIzK6olojIp8",null,null,null,-1,0],[1,293.38,475.468,0]],[11,"clockBg",33554432,1,[[2,-9,[0,"e7qvPtKrlIlr6fGnTk7iBw"],[5,60,60]],[40,0,-10,[0,"5chtTRplZJPZzKrZVSnasK"],[4,1677721600],0]],[1,"8atQ0xz8xOfa524MAKX1+m",null,null,null,1,0]],[20,"clockSprite",33554432,1,[[[2,-11,[0,"9eqPze4WBDELC4A1riKnbK"],[5,70,70]],-12],4,1],[1,"87qcEtCsJIvZvyN3txh+MJ",null,null,null,1,0]],[20,"clockLabel",33554432,1,[[[2,-13,[0,"0aefklRtJESrZZCkETgU6N"],[5,33.369140625,50.4]],-14],4,1],[1,"06usfXbPxI5qL/LKxIiHZ4",null,null,null,1,0]],[41,3,2,0.25,1,3,[0,"6aJ9pCO9RHgrNTU+cucy58"],[0,0.5,0.5]],[48,"10",30,30,true,4,[0,"2e54P5L79BSJgpL6+HgO8k"]]],0,[0,3,1,0,0,1,0,21,6,0,22,5,0,0,1,0,-1,2,0,-2,3,0,-3,4,0,0,2,0,0,2,0,0,3,0,-2,5,0,0,4,0,-2,6,0,4,1,14],[0,5],[1,1],[34,35]],[[[9,"cubeRoadItem"],[17,"cubeRoadItem",33554432,[-10,-11,-12,-13],[[2,-2,[0,"9bD64UoFZE7ZRsEQSWTyA+"],[5,27,27]],[3,-3,[0,"b7az5GmuJIfblL1JscbhBI"],2],[57,-8,[0,"a96pgxzUFPtInzT/FN9In5"],[3,4,5],-7,-6,-5,-4,[6,7,8,9]],[16,-9,[0,"72aMUo1adE1qDuB5VF1xfZ"],[10],11]],[1,"05n/7ffZRLGbB76i36MYfJ",null,null,null,-1,0],[1,17.5,-18,0]],[18,"bankerDoubleNode",false,33554432,1,[[2,-14,[0,"feTQQBcZVDdYihhMl6pGgT"],[5,14,14]],[3,-15,[0,"ecWn3SmUNKJ70OTZnLXRMY"],0]],[1,"995eM7PdhJrrroOP3oe4AB",null,null,null,1,0],[1,-8.357,6.736,0],[1,0.8,0.8,1]],[18,"playerDoubleNode",false,33554432,1,[[2,-16,[0,"89PSXKzMpIIojsHmJzFpZ4"],[5,14,14]],[3,-17,[0,"70u6ZGKlpHQqswgqIJGSRa"],1]],[1,"53pWccq7dDMa+D0KS/4e8P",null,null,null,1,0],[1,8.786,-8.317,0],[1,0.8,0.8,1]],[30,"type",false,33554432,1,[[[2,-18,[0,"05NyHVYORB2Jur5wczY1tF"],[5,8,10]],-19],4,1],[1,"65OJbk85tFeZgXTPJAVzkc",null,null,null,1,0],[1,1.2,1.2,1]],[7,"typeLabel",33554432,1,[[[2,-20,[0,"49Y5bUFexEWqBrEUvGnjvR"],[5,10.0107421875,25.2]],-21],4,1],[1,"40a+d+YZBBvZULgNw+sSev",null,null,null,1,0],[1,0,-1.283,0]],[42,4,[0,"edEubHeAZBcJV6LJaKnuOT"]],[49,"6",18,18,20,5,[0,"47sV3pcARBwZ8P246EC6Kf"]]],0,[0,3,1,0,0,1,0,0,1,0,23,6,0,10,3,0,11,2,0,24,7,0,0,1,0,0,1,0,-1,4,0,-2,5,0,-3,2,0,-4,3,0,0,2,0,0,2,0,0,3,0,0,3,0,0,4,0,-2,6,0,0,5,0,-2,7,0,4,1,21],[0,0,0,0,0,0,0,0,0,0,0,0,6,6],[1,1,1,-1,-2,-3,-1,-2,-3,-4,-1,5,1,25],[2,1,9,36,37,9,38,39,10,40,0,0,10,4]],[[{"name":"default_radio_button_off","rect":{"x":3,"y":3,"width":26,"height":26},"offset":{"x":0,"y":0},"originalSize":{"width":32,"height":32},"rotated":false,"capInsets":[13,13,13,13],"vertices":{"rawPosition":[-13,-13,0,13,-13,0,-13,13,0,13,13,0],"indexes":[0,1,2,2,1,3],"uv":[3,29,29,29,3,3,29,3],"nuv":[0.09375,0.09375,0.90625,0.09375,0.09375,0.90625,0.90625,0.90625],"minPos":{"x":-13,"y":-13,"z":0},"maxPos":{"x":13,"y":13,"z":0}},"packable":true,"pixelsToUnit":100,"pivot":{"x":0.5,"y":0.5},"meshType":0}],[4],0,[0],[6],[41]]]]
