[1,["bc1+coX4BFi5ym5/BiKMZ/@6c48a"],0,[["sp.SkeletonData",["_name","_atlasText","textureNames","_skeletonJson","textures"],-1,3]],[[0,0,1,2,3,4,5]],[[0,"hongbao","\nhongbao.png\nsize: 1012,1012\nformat: RGBA4444\nfilter: Linear,Linear\nrepeat: none\n10106\n  rotate: false\n  xy: 2, 1001\n  size: 27, 9\n  orig: 350, 350\n  offset: 155, 0\n  index: -1\n10107\n  rotate: false\n  xy: 31, 956\n  size: 75, 54\n  orig: 350, 350\n  offset: 139, 0\n  index: -1\n10108\n  rotate: false\n  xy: 108, 880\n  size: 200, 130\n  orig: 350, 350\n  offset: 76, 0\n  index: -1\n10109\n  rotate: false\n  xy: 310, 816\n  size: 264, 194\n  orig: 350, 350\n  offset: 47, 0\n  index: -1\n10110\n  rotate: false\n  xy: 2, 582\n  size: 308, 232\n  orig: 350, 350\n  offset: 26, 11\n  index: -1\n10111\n  rotate: false\n  xy: 312, 520\n  size: 339, 274\n  orig: 350, 350\n  offset: 11, 0\n  index: -1\n10112\n  rotate: false\n  xy: 653, 502\n  size: 349, 292\n  orig: 350, 350\n  offset: 1, 0\n  index: -1\n10113\n  rotate: true\n  xy: 2, 230\n  size: 350, 304\n  orig: 350, 350\n  offset: 0, 3\n  index: -1\n10114\n  rotate: false\n  xy: 308, 197\n  size: 350, 303\n  orig: 350, 350\n  offset: 0, 9\n  index: -1\n10115\n  rotate: false\n  xy: 660, 192\n  size: 350, 308\n  orig: 350, 350\n  offset: 0, 14\n  index: -1\n10116\n  rotate: true\n  xy: 576, 796\n  size: 214, 309\n  orig: 350, 350\n  offset: 107, 14\n  index: -1\n",["hongbao.png"],{"skeleton":{"hash":"daPigmyfnr69tmtAX+nZ4yUE/u8","spine":"3.8.99","x":-250,"y":-250,"width":500,"height":500,"images":"./連續圖/","audio":""},"bones":[{"name":"root"}],"slots":[{"name":"10106","bone":"root","attachment":"10116"}],"skins":[{"name":"default","attachments":{"10106":{"10106":{"width":500,"height":500},"10107":{"width":500,"height":500},"10108":{"width":500,"height":500},"10109":{"width":500,"height":500},"10110":{"width":500,"height":500},"10111":{"width":500,"height":500},"10112":{"width":500,"height":500},"10113":{"width":500,"height":500},"10114":{"width":500,"height":500},"10115":{"width":500,"height":500},"10116":{"width":500,"height":500}}}}],"animations":{"animation":{"slots":{"10106":{"attachment":[{"name":"10106"},{"time":0.0333,"name":"10107"},{"time":0.1,"name":"10108"},{"time":0.1333,"name":"10109"},{"time":0.2,"name":"10110"},{"time":0.2333,"name":"10111"},{"time":0.3,"name":"10112"},{"time":0.3333,"name":"10113"},{"time":0.4,"name":"10114"},{"time":0.4333,"name":"10115"},{"time":0.5,"name":"10116"},{"time":0.5333,"name":null}]}}}}},[0]]],0,0,[0],[-1],[0]]
