[1,["det4+VA+pNnILw2KBto15G@f9941","f7J1uPEMlH45fJNvZJpprm@f9941","62a0/YvVtGvbNLoz4/r68q@f9941","e7vlsR7oVOBo300IniKsoZ@f9941","fc8lQBsdNIZrESOY8iUDBk@f9941","83WH5Aq3lFrZpH5LYjX8ki@f9941","7dj5uJT9FMn6OrOOx83tfK@f9941","55+jZHA31BwKl+ljQ2ggxe@f9941","82RIbtempEFacfwaGkgkLX@f9941","dbEUKT21dNT64vIrRYJKNB@f9941","adV/Mog+dHSrJq3SZ078NP@f9941","62a0/YvVtGvbNLoz4/r68q@6c48a","7bCou94slGQayxy3AMt1Vq@6c48a","82RIbtempEFacfwaGkgkLX@6c48a","83WH5Aq3lFrZpH5LYjX8ki@6c48a","adV/Mog+dHSrJq3SZ078NP@6c48a","20g1ukYUVPvKWKBRznAKo+@f9941","54TknWPwVPqJqeCR+Y/Czo@f9941","95EkngnxZFbYuFpsqVTaFr@f9941","f9VapoagxOG4MLjAYK/5ZE@f9941","7bCou94slGQayxy3AMt1Vq@f9941","ddF9vkY2hLpIT+IG9ZStbN@f9941","77U5wiKxpI6YnxV6Lnc1KQ","ad1dITTfRMcbJSoHVY6jtS","dbEUKT21dNT64vIrRYJKNB@6c48a","ddF9vkY2hLpIT+IG9ZStbN@6c48a","e7vlsR7oVOBo300IniKsoZ@6c48a","f7J1uPEMlH45fJNvZJpprm@6c48a","f9VapoagxOG4MLjAYK/5ZE@6c48a","fc8lQBsdNIZrESOY8iUDBk@6c48a"],["node","_spriteFrame","_target","_textureSource","_checkMark","_parent","root","data","gameLabel","roundLabel","resultLabel","betCoinLabel","betTypeLabel","roundAndTimeLabel","coinLabel","giftTypeLabel","timeLabel","totalGiftLabel","totalResultLabel","totalBetLabel","statisticLabel","giftTotalNode","betTotalNode","recordScrollview","selectedEndDateLabel","selectedStartDateLabel","endDateToggle","startDateToggle","roundEditBox","_normalSprite","_hoverSprite","_pressedSprite","_disabledSprite","_backgroundImage"],["cc.SpriteFrame",["cc.Node",["_name","_layer","_active","_components","_prefab","_children","_parent","_lpos","_lscale"],0,9,4,2,1,5,5],["cc.Label",["_string","_actualFontSize","_fontSize","_overflow","_enableWrapText","_horizontalAlign","_lineHeight","node","__prefab","_color"],-4,1,4,5],["cc.Sprite",["_sizeMode","_type","node","__prefab","_spriteFrame","_color"],1,1,4,6,5],["cc.Node",["_name","_layer","_active","_objFlags","_parent","_components","_prefab","_lpos","_children"],-1,1,12,4,5,2],["cc.Layout",["_resizeMode","_layoutType","_spacingX","_affectedByScale","_paddingTop","_paddingBottom","node","__prefab"],-3,1,4],["cc.Button",["_transition","node","__prefab","clickEvents","_target","_normalColor","_normalSprite","_hoverSprite","_pressedSprite","_disabledSprite"],2,1,4,9,1,5,6,6,6,6],["cc.UITransform",["node","__prefab","_contentSize","_anchorPoint"],3,1,4,5,5],["cc.Toggle",["_isChecked","node","__prefab","_normalColor","_target","_checkMark","clickEvents"],2,1,4,5,1,1,9],["cc.ClickEvent",["_componentId","handler","customEventData","target"],0,1],["cc.Prefab",["_name"],2],["cc.CompPrefabInfo",["fileId"],2],["20617M3o6dLvYhEwm+/Vswu",["node","__prefab","gameLabel","roundAndTimeLabel","betTypeLabel","betCoinLabel","resultLabel"],3,1,4,1,1,1,1,1],["cc.PrefabInfo",["fileId","instance","targetOverrides","nestedPrefabInstanceRoots","root","asset"],-1,1,1],["cc.Widget",["_alignFlags","node","__prefab"],2,1,4],["ac723yjuEtMx6u6YTxOaXqP",["node","__prefab","timeLabel","roundLabel","gameLabel","giftTypeLabel","coinLabel"],3,1,4,1,1,1,1,1],["44622h8ZLpH+YtYDzLF23GG",["node","__prefab","roundEditBox","startDateToggle","endDateToggle","startDateLabels","endDateLabels","selectedStartDateLabel","selectedEndDateLabel","recordScrollview","recordPrefab","roundLabel","titleNode","betTotalNode","giftTotalNode","statisticLabel","totalBetLabel","totalResultLabel","totalGiftLabel"],3,1,4,1,1,1,2,2,1,1,1,3,1,2,1,1,1,1,1,1],["423a9U7qctAe7BVL98KTvYm",["node","__prefab"],3,1,4],["cc.ToggleContainer",["node","__prefab"],3,1,4],["cc.Mask",["node","__prefab"],3,1,4],["cc.Graphics",["node","__prefab","_fillColor"],3,1,4,5],["cc.ScrollView",["bounceDuration","brake","horizontal","node","__prefab","_content"],0,1,4,1],["cc.BlockInputEvents",["node","__prefab"],3,1,4],["cc.EditBox",["_inputMode","_maxLength","node","__prefab","editingDidEnded","_textLabel","_placeholderLabel"],1,1,4,9,1,1]],[[11,0,2],[13,0,1,2,3,4,5,5],[7,0,1,2,1],[1,0,1,6,3,4,7,3],[2,0,1,2,6,7,8,5],[3,0,2,3,4,2],[9,0,1,2,3,4],[4,0,1,4,8,5,6,7,3],[14,0,1,2,2],[6,0,1,2,3,2],[4,0,1,4,5,6,7,3],[2,0,1,2,7,8,4],[1,0,1,6,5,3,4,7,3],[1,0,1,6,3,4,3],[3,0,2,3,2],[7,0,1,2,3,1],[1,0,1,5,3,4,7,3],[9,0,1,3,3],[4,0,2,1,4,5,6,4],[3,1,0,2,3,4,3],[3,1,2,3,5,4,2],[6,0,1,2,3,5,4,2],[1,0,1,6,5,3,4,3],[8,0,1,2,6,3,4,5,2],[9,0,1,3],[6,1,2,3,1],[10,0,2],[1,0,1,5,3,4,3],[4,0,1,4,5,6,3],[3,1,0,2,3,3],[3,2,3,4,1],[2,0,1,2,6,7,8,9,5],[2,0,5,1,2,7,8,9,5],[8,0,1,2,3,4,5,2],[19,0,1,1],[20,0,1,2,1],[21,0,1,2,3,4,5,4],[1,0,2,1,6,5,3,4,4],[1,0,1,6,5,3,4,7,8,3],[4,0,2,1,4,8,5,6,4],[4,0,3,1,4,5,6,7,4],[7,0,1,1],[3,0,2,3,5,4,2],[2,0,1,2,3,4,7,8,6],[5,0,1,4,5,6,7,5],[18,0,1,1],[8,1,2,6,3,4,5,1],[1,0,2,1,6,5,3,4,7,4],[4,0,2,1,4,5,6,7,4],[3,1,2,3,4,2],[12,0,1,2,3,4,5,6,1],[2,0,1,2,6,3,4,7,8,7],[2,0,5,1,2,3,4,7,8,7],[2,0,5,1,2,3,4,7,8,9,7],[2,0,5,1,2,7,8,5],[15,0,1,2,3,4,5,6,1],[16,0,1,2,3,4,5,6,7,8,9,10,11,12,13,14,15,16,17,18,1],[17,0,1,1],[5,0,1,2,3,6,7,5],[5,0,1,2,6,7,4],[5,0,1,3,6,7,4],[5,0,1,6,7,3],[6,0,1,2,3,4,6,7,8,9,2],[22,0,1,1],[23,0,1,2,3,4,5,6,3]],[[[{"name":"log_label","rect":{"x":0,"y":0,"width":100,"height":40},"offset":{"x":0,"y":0},"originalSize":{"width":100,"height":40},"rotated":false,"capInsets":[0,0,0,0],"vertices":{"rawPosition":[-50,-20,0,50,-20,0,-50,20,0,50,20,0],"indexes":[0,1,2,2,1,3],"uv":[0,40,100,40,0,0,100,0],"nuv":[0,0,1,0,0,1,1,1],"minPos":{"x":-50,"y":-20,"z":0},"maxPos":{"x":50,"y":20,"z":0}},"packable":true,"pixelsToUnit":100,"pivot":{"x":0.5,"y":0.5},"meshType":0}],[0],0,[0],[3],[11]],[[[26,"betRecordItemPC"],[16,"betRecordItemPC",33554432,[-10,-11,-12,-13,-14,-15],[[2,-2,[0,"4dBBWDbw1LpIxPpOTXIPh7"],[5,1350,60]],[14,0,-3,[0,"92rqHgyb9GxLd11p94KVIZ"]],[50,-9,[0,"e4/ACsifFImZzlVS/tRPjE"],-8,-7,-6,-5,-4]],[1,"6brhG6H6tOEJvl+KcqYWrt",null,null,null,-1,0],[1,0,-30,0]],[3,"line",33554432,1,[[2,-16,[0,"55tuYYGDNG/5cTydZWzQZB"],[5,1350,1]],[5,0,-17,[0,"949Ng+FphOdKlqip0gudD1"],0],[8,4,-18,[0,"31zTBzR2hF3a7eRRTNQhEg"]]],[1,"d8/tF4MNdLMbi3/aLxz+Dg",null,null,null,1,0],[1,0,-29.5,0]],[10,"gameLabel",33554432,1,[[[2,-19,[0,"28+dp4bMhEOJewGq9+ERWm"],[5,186.4453125,31.5]],-20],4,1],[1,"dayMWrQr9DhKBGOEu3Lrrx",null,null,null,1,0],[1,-524.95,0,0]],[10,"roundAndTimeLabel",33554432,1,[[[2,-21,[0,"aayHU2oyJCcpTS4kvyApKT"],[5,106.7578125,45.199999999999996]],-22],4,1],[1,"37U2IDSCZAk4kv23XhnXrz",null,null,null,1,0],[1,-269.473,0,0]],[10,"betTypeLabel",33554432,1,[[[2,-23,[0,"2cxq5QMqFGYba9RiChGpPO"],[5,60,25.2]],-24],4,1],[1,"dbUaMvPT1IJolYCzoeZRiL",null,null,null,1,0],[1,-13.309,0,0]],[10,"betCoinLabel",33554432,1,[[[2,-25,[0,"e9JRPZt+NNPoY754968TVi"],[5,64.4921875,25.2]],-26],4,1],[1,"f0bU+cWqhFspNXJ3emX517",null,null,null,1,0],[1,241.193,0,0]],[10,"resultLabel",33554432,1,[[[2,-27,[0,"7bY3xt9blFxZIcjm9g6iQ1"],[5,51.15234375,25.2]],-28],4,1],[1,"44JlRwe3VBfq5JJgq3g4dQ",null,null,null,1,0],[1,497.072,0,0]],[4,"bc_barateee dev.001",20,20,25,3,[0,"11HozTqnhJ467xUT/kyvUi"]],[51,"123 04-12 23:55",14,20,25,2,false,4,[0,"6aiDlhK1dPu6gP3MMpStnC"]],[4,"莊免佣",20,20,20,5,[0,"63bW4mZEtJbZJ0RyqOohmC"]],[31,"2，000",20,20,20,6,[0,"b7EBRES7xJbKgTbdhiJGrm"],[4,4286368767]],[31,"-2000",20,20,20,7,[0,"caAOK/E/RKO63cE+wGQTcY"],[4,4278585070]]],0,[0,6,1,0,0,1,0,0,1,0,10,12,0,11,11,0,12,10,0,13,9,0,8,8,0,0,1,0,-1,3,0,-2,4,0,-3,5,0,-4,6,0,-5,7,0,-6,2,0,0,2,0,0,2,0,0,2,0,0,3,0,-2,8,0,0,4,0,-2,9,0,0,5,0,-2,10,0,0,6,0,-2,11,0,0,7,0,-2,12,0,7,1,28],[0],[1],[0]],[[{"name":"arrow_6","rect":{"x":3,"y":5,"width":18,"height":14},"offset":{"x":0,"y":0},"originalSize":{"width":24,"height":24},"rotated":false,"capInsets":[0,0,0,0],"vertices":{"rawPosition":[-9,-7,0,9,-7,0,-9,7,0,9,7,0],"indexes":[0,1,2,2,1,3],"uv":[3,19,21,19,3,5,21,5],"nuv":[0.125,0.20833333333333334,0.875,0.20833333333333334,0.125,0.7916666666666666,0.875,0.7916666666666666],"minPos":{"x":-9,"y":-7,"z":0},"maxPos":{"x":9,"y":7,"z":0}},"packable":true,"pixelsToUnit":100,"pivot":{"x":0.5,"y":0.5},"meshType":0}],[0],0,[0],[3],[12]],[[{"name":"arrow_1","rect":{"x":5,"y":6,"width":14,"height":12},"offset":{"x":0,"y":0},"originalSize":{"width":24,"height":24},"rotated":false,"capInsets":[0,0,0,0],"vertices":{"rawPosition":[-7,-6,0,7,-6,0,-7,6,0,7,6,0],"indexes":[0,1,2,2,1,3],"uv":[5,18,19,18,5,6,19,6],"nuv":[0.20833333333333334,0.25,0.7916666666666666,0.25,0.20833333333333334,0.75,0.7916666666666666,0.75],"minPos":{"x":-7,"y":-6,"z":0},"maxPos":{"x":7,"y":6,"z":0}},"packable":true,"pixelsToUnit":100,"pivot":{"x":0.5,"y":0.5},"meshType":0}],[0],0,[0],[3],[13]],[[{"name":"log_label_bg","rect":{"x":0,"y":0,"width":100,"height":40},"offset":{"x":0,"y":0},"originalSize":{"width":100,"height":40},"rotated":false,"capInsets":[0,0,0,0],"vertices":{"rawPosition":[-50,-20,0,50,-20,0,-50,20,0,50,20,0],"indexes":[0,1,2,2,1,3],"uv":[0,40,100,40,0,0,100,0],"nuv":[0,0,1,0,0,1,1,1],"minPos":{"x":-50,"y":-20,"z":0},"maxPos":{"x":50,"y":20,"z":0}},"packable":true,"pixelsToUnit":100,"pivot":{"x":0.5,"y":0.5},"meshType":0}],[0],0,[0],[3],[14]],[[{"name":"arrow_5","rect":{"x":4,"y":8,"width":16,"height":10},"offset":{"x":0,"y":-1},"originalSize":{"width":24,"height":24},"rotated":false,"capInsets":[0,0,0,0],"vertices":{"rawPosition":[-8,-5,0,8,-5,0,-8,5,0,8,5,0],"indexes":[0,1,2,2,1,3],"uv":[4,16,20,16,4,6,20,6],"nuv":[0.16666666666666666,0.25,0.8333333333333334,0.25,0.16666666666666666,0.6666666666666666,0.8333333333333334,0.6666666666666666],"minPos":{"x":-8,"y":-5,"z":0},"maxPos":{"x":8,"y":5,"z":0}},"packable":true,"pixelsToUnit":100,"pivot":{"x":0.5,"y":0.5},"meshType":0}],[0],0,[0],[3],[15]],[[[26,"giftRecordItemPC"],[16,"giftRecordItemPC",33554432,[-9,-10,-11,-12,-13],[[2,-2,[0,"6bNFGSl7xOHLU9lFoP4iJ8"],[5,135,60]],[55,-8,[0,"d0V7TvHEVDGaNBh22UqHkR"],-7,-6,-5,-4,-3]],[1,"0ai5JToVdBCK2OehLZdnUI",null,null,null,-1,0],[1,0,-90,0]],[10,"timeLabel",33554432,1,[[[2,-14,[0,"b8U4Cx7rxDn71Ns7Zo68Qu"],[5,106.7578125,25.2]],-15],4,1],[1,"66YE7OFxtPHpCKSU7rjs6p",null,null,null,1,0],[1,-523.929,0,0]],[10,"roundLabel",33554432,1,[[[2,-16,[0,"975w9HyNpPVICWZLE55v4D"],[5,88.984375,25.2]],-17],4,1],[1,"185/srzj1Knb2+f7F74LtP",null,null,null,1,0],[1,-268.251,0,0]],[10,"gameTypeLabel",33554432,1,[[[2,-18,[0,"3067iHNcNAkopyorr88PpK"],[5,60,27.72]],-19],4,1],[1,"c1lZBnn7lLV6vl9/LOJTcs",null,null,null,1,0],[1,-10.903,0,0]],[10,"giftNameTitleLabel",33554432,1,[[[2,-20,[0,"a3LagcfIxEBZSVHMLFYclx"],[5,40,25.2]],-21],4,1],[1,"d7ZDZB+BtPp66M4Y+/Mfoe",null,null,null,1,0],[1,243.735,0,0]],[10,"coinTitleLabel",33554432,1,[[[2,-22,[0,"bfrleai6hJdZGeRKLqDn6d"],[5,50.048828125,25.2]],-23],4,1],[1,"3fV51DAFtPZ7dwRFu4JqMo",null,null,null,1,0],[1,500.901,0,0]],[4,"04-13 12:14",20,20,20,2,[0,"ddzMWxlLRPhbBnxXJXPkBq"]],[4,"88888888",20,20,20,3,[0,"cejJz2jItMdpdFF2Ex4noF"]],[4,"百家樂",20,20,22,4,[0,"94dh/gnKFL4oe1jyKRex8A"]],[4,"禮物",20,20,20,5,[0,"7afxhF46JK9J39CapyQFMU"]],[31,"8,000",20,20,20,6,[0,"16fkophQRISbN3JFX0l6/H"],[4,4286368767]]],0,[0,6,1,0,0,1,0,14,11,0,15,10,0,8,9,0,9,8,0,16,7,0,0,1,0,-1,2,0,-2,3,0,-3,4,0,-4,5,0,-5,6,0,0,2,0,-2,7,0,0,3,0,-2,8,0,0,4,0,-2,9,0,0,5,0,-2,10,0,0,6,0,-2,11,0,7,1,23],[],[],[]],[[[26,"recordViewPC"],[27,"recordViewPC",33554432,[-48,-49],[[2,-2,[0,"7cZzHqQ7pEcqEeTnG9nuQJ"],[5,1920,1080]],[56,-46,[0,"c1KEbFQUdHYq8tr6da4TbO"],-45,-44,-43,[-29,-30,-31,-32,-33,-34,-35,-36,-37,-38,-39,-40,-41,-42],[-15,-16,-17,-18,-19,-20,-21,-22,-23,-24,-25,-26,-27,-28],-14,-13,-12,[60,61],-11,[-9,-10],-8,-7,-6,-5,-4,-3],[57,-47,[0,"9bsZes6HxLe4s4dW5qc6ij"]]],[1,"564kmcrl1MN7xirFjJOhqi",null,null,null,-1,0]],[16,"startSelectNode",33554432,[-54,-55,-56,-57,-58,-59,-60,-61,-62,-63,-64,-65,-66,-67],[[15,-50,[0,"fe4546nzpNLayPzk4xkWSp"],[5,240,362.7999999999999],[0,0.5,1]],[19,1,0,-51,[0,"6a6aqCJghEK5Kqb/iEz29r"],39],[44,1,2,5,5,-52,[0,"a0EgaEJbFHSpginC03bXGq"]],[8,1,-53,[0,"9dXmQXXd1CdITJpWHfGNTI"]]],[1,"14oY5R1ixAdJ6u2Sq9G55Y",null,null,null,1,0],[1,0,92.5,0]],[16,"endSelectNode",33554432,[-72,-73,-74,-75,-76,-77,-78,-79,-80,-81,-82,-83,-84,-85],[[15,-68,[0,"a5otyymKZG6aReY4zp5dnk"],[5,240,362.7999999999999],[0,0.5,1]],[19,1,0,-69,[0,"90XAuAXN5Ir4uPVKrMKWfq"],56],[44,1,2,5,5,-70,[0,"3c3qRYLzdJU690vgDpJFbY"]],[8,1,-71,[0,"99pMLA/vRGTr2anxaS7zmt"]]],[1,"a1ZCvTIBtCAqDvDOXoy6xY",null,null,null,1,0],[1,0,92.5,0]],[22,"logpop_bg",33554432,1,[-88,-89,-90,-91,-92,-93,-94,-95,-96,-97,-98,-99,-100,-101,-102,-103],[[2,-86,[0,"75kKQXm39GjLMzUHXjM3Dy"],[5,1360,930]],[5,0,-87,[0,"ddRpEBYjFBjrW3CRyblGQz"],59]],[1,"eaTdtnruJLpbaQdEcrnvQJ",null,null,null,1,0]],[12,"betTitleNode",33554432,4,[-106,-107,-108,-109,-110],[[2,-104,[0,"16wTFEmSBMeo0R7T4N+QIN"],[5,1350,60]],[5,0,-105,[0,"47XW9DHQFLLbZRoTdvRPDB"],18]],[1,"18/iHDXCdLwLLv/6+MSHRV",null,null,null,1,0],[1,-1.949,228.703,0]],[47,"giftTitleNode",false,33554432,4,[-113,-114,-115,-116,-117],[[2,-111,[0,"28HyAe1AZB+K6pZ/kMLRTr"],[5,1350,60]],[5,0,-112,[0,"26P2p3YOBGPrJjmeMWwcNH"],19]],[1,"7a9UgY3KVG96wG8uDA28hf",null,null,null,1,0],[1,-1.949,228.606,0]],[12,"recordDateToggleGroup",33554432,4,[-121,-122,-123,-124],[[45,-118,[0,"51+eh9P/FPGowqnYE+EU2C"]],[2,-119,[0,"43FUz4+iNAsJC9FhiU8SXP"],[5,450,60]],[58,1,1,10,true,-120,[0,"cb86RWf1RA7rAdVLEIdGTb"]]],[1,"34O08J45FMVYGAvnCz4q6l",null,null,null,1,0],[1,-117.497,293.432,0]],[27,"Layout",33554432,[-127,-128,-129,-130,-131],[[2,-125,[0,"9edepI2wdP3IOk5TM2BIxn"],[5,129.0224609375,100]],[59,1,1,15,-126,[0,"c26PKsyslHebk4qAVShUUf"]]],[1,"588g0ZuhxPEKfLfFQh2p1t",null,null,null,1,0]],[7,"startToggle",33554432,4,[-135,-136,-137],[[[2,-132,[0,"f6O5ZlZIJDOqbwH5R3ehRO"],[5,200,40]],[19,1,0,-133,[0,"ebAHq1OOhGM5L3zqyAeMk8"],41],-134],4,4,1],[1,"28IAqNsbZOlbI8BQDpA9xX",null,null,null,1,0],[1,233.68600000000004,294.41599999999994,0]],[7,"endToggle",33554432,4,[-141,-142,-143],[[[2,-138,[0,"ccOW5fr/pBKqcdGZ9sqaXQ"],[5,200,40]],[19,1,0,-139,[0,"32AbfzZp1O2aiXSFMudY5n"],58],-140],4,4,1],[1,"2eRsss/MxKqpNKBgaYjEyQ",null,null,null,1,0],[1,467.26599999999996,294.41599999999994,0]],[16,"recordTypeToggleGroup",33554432,[-147,-148,-149],[[45,-144,[0,"de8pidbVxL6ZlXQxXI6USi"]],[2,-145,[0,"a3w39H6OhPi4iqm9ELAr9n"],[5,640,60]],[60,1,1,true,-146,[0,"76fSjJGo1MyIygvo+olt0E"]]],[1,"af0PTfbV5DU7+YcIgso66e",null,null,null,1,0],[1,-355.676,0,0]],[12,"Toggle1",33554432,11,[-155,-156],[[2,-150,[0,"d96RAT7EBIvqG/nyPZ1rt4"],[5,320,60]],[5,0,-151,[0,"f4VM6ghYBPaZGbxj4m4DHx"],7],[46,-154,[0,"aaGaC2tmJKR6NeIYibu+gA"],[[6,"44622h8ZLpH+YtYDzLF23GG","searchTypeToggleClick","0",1]],[4,4292269782],-153,-152]],[1,"11yH/s17JPPpbZ07fDyR/Q",null,null,null,1,0],[1,-160,0,0]],[37,"Toggle2",false,33554432,11,[-162,-163],[[2,-157,[0,"6bX7MVKn1Jgb8LF9qE7/mG"],[5,213,60]],[5,0,-158,[0,"c5TMO+n31NZb3vwam8wz37"],8],[33,false,-161,[0,"85YHMAEJtIB7UdgbOCO+uZ"],[4,4292269782],-160,-159]],[1,"60NNyI0opGQ7RA9uD8ZDcM",null,null,null,1,0]],[12,"Toggle3",33554432,11,[-169,-170],[[2,-164,[0,"e94av4OqFHHKSKJ281aoOm"],[5,320,60]],[5,0,-165,[0,"61rr8HtNJEeoVAjkDfzm2j"],9],[23,false,-168,[0,"6436N5Ld5Ox5Cm793akT3Q"],[[6,"44622h8ZLpH+YtYDzLF23GG","searchTypeToggleClick","1",1]],[4,4292269782],-167,-166]],[1,"7cIyCuv/ZBwqALXzy6ZqAQ",null,null,null,1,0],[1,160,0,0]],[12,"Toggle1",33554432,7,[-176,-177],[[2,-171,[0,"a9dki3zvpDCpbfiYSVQOr/"],[5,105,45]],[5,0,-172,[0,"54BYvOCRdIx59ktQ8n8U2h"],11],[46,-175,[0,"6c+7OxFJ1EhIKBDbu+SM1x"],[[6,"44622h8ZLpH+YtYDzLF23GG","dateToggleClick","today",1]],[4,4292269782],-174,-173]],[1,"dfcpjysHlPt6XZ8ScR1IR2",null,null,null,1,0],[1,-172.5,0,0]],[12,"Toggle2",33554432,7,[-183,-184],[[2,-178,[0,"bcsOTysEhOTIYLma9PuUf2"],[5,105,45]],[5,0,-179,[0,"11OXoSgVRN2oDt9fUQrVTZ"],12],[23,false,-182,[0,"b89iWINcxHj49YxGfh+EI/"],[[6,"44622h8ZLpH+YtYDzLF23GG","dateToggleClick","yesterday",1]],[4,4292269782],-181,-180]],[1,"09QT/nP+FG/ZuHrD3mFucK",null,null,null,1,0],[1,-57.5,0,0]],[12,"Toggle3",33554432,7,[-190,-191],[[2,-185,[0,"a74OViRDpN+6PnxbPn+Uvy"],[5,105,45]],[5,0,-186,[0,"94uH1bf1tL16uROv85YZDw"],13],[23,false,-189,[0,"8e5ea9qI9KPJCoGTbKk0HA"],[[6,"44622h8ZLpH+YtYDzLF23GG","dateToggleClick","currentWeek",1]],[4,4292269782],-188,-187]],[1,"92tPPO3GZIBYYBsiwQ1LGX",null,null,null,1,0],[1,57.5,0,0]],[12,"Toggle4",33554432,7,[-197,-198],[[2,-192,[0,"52526K5qVEDbbEtQHqkIeT"],[5,105,45]],[5,0,-193,[0,"f3aaF7z7FBapZvLtAexkEr"],14],[23,false,-196,[0,"84xIFSgc5FYqbq+kpNm8ij"],[[6,"44622h8ZLpH+YtYDzLF23GG","dateToggleClick","lastWeek",1]],[4,4292269782],-195,-194]],[1,"3ecUa04vBKJKQMS0Rx4RRa",null,null,null,1,0],[1,172.5,0,0]],[27,"betTotalNode",33554432,[-200,-201,-202,-203],[[41,-199,[0,"c7QgPZebxAIqrz4pnS8U3W"]]],[1,"84+Mu1LqBP1a/CqjaX1gdm",null,null,null,1,0]],[7,"roundNumEditBox",33554432,4,[-207,-208],[[[2,-204,[0,"d2zvMC7jdFNolTiBb27lAy"],[5,240,45]],[19,1,0,-205,[0,"51O8UYW9NIMrOiQ0T6EYw/"],15],-206],4,4,1],[1,"50u6kHAVhAZotal7lzNRtd",null,null,null,1,0],[1,-487.953,295,0]],[12,"firstPageButton",33554432,8,[-213],[[2,-209,[0,"0cQR4xPulF+ZjEKNKDazDa"],[5,14,12]],[20,1,-210,[0,"8amT2BunBAZa2XFxEkuZtS"],[4,4292269782],20],[21,1,-212,[0,"c6k41447xPQKLNLfRjSVEY"],[[24,"44622h8ZLpH+YtYDzLF23GG","firstPageButtonClicked"]],[4,4292269782],-211]],[1,"b3sFkxTTFBNZoJl5AT7WxS",null,null,null,1,0],[1,-57.51123046875,0,0]],[12,"previousPageButton",33554432,8,[-218],[[2,-214,[0,"23OLemjFZPTJ9M7SGnpa5g"],[5,8,14]],[20,1,-215,[0,"9elqGfNjpCyKHZttQwOTgJ"],[4,4292269782],21],[21,1,-217,[0,"df03sSYY5ByZAlgVqMH2Qf"],[[24,"44622h8ZLpH+YtYDzLF23GG","previousPageButtonClicked"]],[4,4292269782],-216]],[1,"3bzSflIRlCMIr70BvX1/MO",null,null,null,1,0],[1,-31.51123046875,0,0]],[38,"nextPageButton",33554432,8,[-223],[[2,-219,[0,"27IvA14XpPDLHvDvp87f87"],[5,8,14]],[20,1,-220,[0,"21XlceXYpOa58Xl1LU3ZNc"],[4,4292269782],22],[21,1,-222,[0,"355EnVd4BBspSYxuqjGct2"],[[24,"44622h8ZLpH+YtYDzLF23GG","nextPageButtonClicked"]],[4,4292269782],-221]],[1,"d5mWh/z3dAs5wxCqKrWtSl",null,null,null,1,0],[1,31.51123046875,0,0],[1,-1,1,1]],[38,"lastPageButton",33554432,8,[-228],[[2,-224,[0,"c92iL/HZhHRJdHUHf1EV7v"],[5,14,12]],[20,1,-225,[0,"b7usSygclFMKU7eDQ+g9Bp"],[4,4292269782],23],[21,1,-227,[0,"a5OK6LenFAybILeTqQG3Sq"],[[24,"44622h8ZLpH+YtYDzLF23GG","lastPageButtonClicked"]],[4,4292269782],-226]],[1,"b06uiSCHlEbKqCrayfx4oo",null,null,null,1,0],[1,57.51123046875,-0.644999999999996,0],[1,-1,1,1]],[12,"statisticNode",33554432,4,[-230,-231,19,-232],[[2,-229,[0,"6b0NjBzo1CUJ2Hoik1EDa4"],[5,100,60]]],[1,"93cr79znxBt5PG24ltVRzO",null,null,null,1,0],[1,-326.048,-429.958,0]],[3,"closeButton",33554432,4,[[2,-233,[0,"f1aoRbv6tMwZ1jK3a252nm"],[5,26,26]],[49,1,-234,[0,"14iHx3EnlEhrJoFq1+LwT9"],2],[62,1,-236,[0,"batMCSXOxM8pZvwTvzZkyh"],[[17,"44622h8ZLpH+YtYDzLF23GG","close",1]],-235,3,4,5,6]],[1,"74ly9ihKREqKs5VIsEPq4/",null,null,null,1,0],[1,636.565,430,0]],[3,"searchButton",33554432,4,[[2,-237,[0,"dfBF9SnYNPf6K7uDO/Yzhe"],[5,60,50]],[20,1,-238,[0,"29pQi0rDBMmqjgXiDEAmVx"],[4,4292269782],16],[21,1,-240,[0,"6dPur+hEJMXaVc0LZQtawD"],[[17,"44622h8ZLpH+YtYDzLF23GG","searchBtnClicked",1]],[4,4292269782],-239]],[1,"0dGIbntqZFjayxjxB/92NH",null,null,null,1,0],[1,616.678,293.432,0]],[7,"recordScrollView",33554432,4,[-244],[[[2,-241,[0,"23HZg3AGZABb4fgiqQkeXR"],[5,1350,600]],[29,1,0,-242,[0,"5e98MwnuZP5LrY80J8PoHj"]],-243],4,4,1],[1,"10/iINA4FAc4e7ITANlt7J",null,null,null,1,0],[1,0,-101.448,0]],[22,"view",33554432,28,[-248],[[2,-245,[0,"8ehuchH5FD45DbvpciXiSF"],[5,1350,600]],[34,-246,[0,"e5XdTjtBZEN5Ysyv3aCQlt"]],[35,-247,[0,"0e1pbbQuBPHpTQo8TYG4ag"],[4,16777215]]],[1,"5167ZvowtNBoKOmx5J8vx/",null,null,null,1,0]],[3,"content",33554432,29,[[15,-249,[0,"cbZfV/UVFI7JRpn9c+0J+O"],[5,1350,0],[0,0.5,1]],[61,1,2,-250,[0,"592t0QLnZDqpDIpyJOR1+q"]],[8,1,-251,[0,"9aW3bhY1xP77IVaAJy3k7j"]]],[1,"dfzbHhR1xKGbMaHqYu0uzn",null,null,null,1,0],[1,0,300,0]],[16,"ScrollView",33554432,[-255],[[2,-252,[0,"ffM3wo9BZMB4v7frck3JmY"],[5,240,185]],[29,1,0,-253,[0,"28FdInoRFMiJ8cSJMRTpGs"]],[36,0.23,0.75,false,-254,[0,"50XVpiZkpM1ah37Nwr+Dnb"],2]],[1,"38fI/BbWRC5ZSaTKbzMf+B",null,null,null,1,0],[1,0,-112.48,0]],[22,"view",33554432,31,[2],[[2,-256,[0,"3cnxUeYNtA3Ink/iHGrutL"],[5,240,185]],[34,-257,[0,"01cNo5jU9JBJZ21Cw5q7EX"]],[35,-258,[0,"f7YUD0qXZPcZFou9Q/6tMl"],[4,16777215]]],[1,"99qiC6+O1PJbhsp4bHavjN",null,null,null,1,0]],[7,"dateLabel1",33554432,2,[-262],[[[2,-259,[0,"8bkaBHTjhJRrSQyfqm3vFa"],[5,189.78515625,25.2]],-260,[9,1,-261,[0,"fe/zUbIFRFoa2cHWuEcfSP"],[[6,"44622h8ZLpH+YtYDzLF23GG","startDatSelectBtnClick","0",1]]]],4,1,4],[1,"b63WvLCl5HY6XaRwhtM0f5",null,null,null,1,0],[1,0,-17.6,0]],[7,"dateLabel2",33554432,2,[-266],[[[2,-263,[0,"c1Zm6R+rNCqLS2UB03Z9Qm"],[5,189.78515625,25.2]],-264,[9,1,-265,[0,"84dXJO7vtCGYSK9zdnUB3t"],[[6,"44622h8ZLpH+YtYDzLF23GG","startDatSelectBtnClick","1",1]]]],4,1,4],[1,"1adOKvCKhHZ4T4EHo4WiMG",null,null,null,1,0],[1,0,-42.800000000000004,0]],[7,"dateLabel3",33554432,2,[-270],[[[2,-267,[0,"3d+lXMdNNHPbp1QlJkWVM2"],[5,189.78515625,25.2]],-268,[9,1,-269,[0,"b5MShMf3RCTIvYg6Yi9d6/"],[[6,"44622h8ZLpH+YtYDzLF23GG","startDatSelectBtnClick","2",1]]]],4,1,4],[1,"f8caVdSedEoZFuzEVMXZu9",null,null,null,1,0],[1,0,-68,0]],[7,"dateLabel4",33554432,2,[-274],[[[2,-271,[0,"85N7TWMCdPk6ldk+CLuAP0"],[5,189.78515625,25.2]],-272,[9,1,-273,[0,"79AyAJydhM7L9neS3Xe5vV"],[[6,"44622h8ZLpH+YtYDzLF23GG","startDatSelectBtnClick","3",1]]]],4,1,4],[1,"e7y9UUllFBZYqoOkWOIfR5",null,null,null,1,0],[1,0,-93.19999999999999,0]],[7,"dateLabel5",33554432,2,[-278],[[[2,-275,[0,"7bT6NU44lHJL63Hbb8GPJL"],[5,189.78515625,25.2]],-276,[9,1,-277,[0,"bfbX/9s6dO4r/YELbQVCGn"],[[6,"44622h8ZLpH+YtYDzLF23GG","startDatSelectBtnClick","4",1]]]],4,1,4],[1,"618Ck5oixJvbeZf+z1plRV",null,null,null,1,0],[1,0,-118.39999999999998,0]],[7,"dateLabel6",33554432,2,[-282],[[[2,-279,[0,"16au2MtYtII5UoBvawikb+"],[5,189.78515625,25.2]],-280,[9,1,-281,[0,"8d6DaXTRpMQoTtvdPpP1eV"],[[6,"44622h8ZLpH+YtYDzLF23GG","startDatSelectBtnClick","5",1]]]],4,1,4],[1,"23KDVEvSxKNKUiEEAc/Hgw",null,null,null,1,0],[1,0,-143.59999999999997,0]],[7,"dateLabel7",33554432,2,[-286],[[[2,-283,[0,"d2kV1k7ZtCP7mYPX/Ckc2B"],[5,189.78515625,25.2]],-284,[9,1,-285,[0,"57BzDdDlVGcrA78WnOBwC3"],[[6,"44622h8ZLpH+YtYDzLF23GG","startDatSelectBtnClick","6",1]]]],4,1,4],[1,"a0sjNgApxNt61PdFt20j+I",null,null,null,1,0],[1,0,-168.79999999999995,0]],[7,"dateLabel8",33554432,2,[-290],[[[2,-287,[0,"bcqodE0JBFb7s18NGJayZL"],[5,189.78515625,25.2]],-288,[9,1,-289,[0,"8eKH1C4U5NT4/yg21+lrXh"],[[6,"44622h8ZLpH+YtYDzLF23GG","startDatSelectBtnClick","7",1]]]],4,1,4],[1,"22nCx7WRpPg5U9ignOgwTO",null,null,null,1,0],[1,0,-193.99999999999994,0]],[7,"dateLabel9",33554432,2,[-294],[[[2,-291,[0,"24MgluewdEOpDkHGVlQG9c"],[5,189.78515625,25.2]],-292,[9,1,-293,[0,"a54bmqlrNGAa6ba4+9zwkX"],[[6,"44622h8ZLpH+YtYDzLF23GG","startDatSelectBtnClick","8",1]]]],4,1,4],[1,"7ahkXiqltEML5NcX6I8R8g",null,null,null,1,0],[1,0,-219.19999999999993,0]],[7,"dateLabel10",33554432,2,[-298],[[[2,-295,[0,"1eAKLr5qRP77FDCi3bdxxb"],[5,189.78515625,25.2]],-296,[9,1,-297,[0,"1fWQq2SAJFvowIsyYQZnoQ"],[[6,"44622h8ZLpH+YtYDzLF23GG","startDatSelectBtnClick","9",1]]]],4,1,4],[1,"d9lGrFGaFMnIkfP2XxUFbn",null,null,null,1,0],[1,0,-244.39999999999992,0]],[7,"dateLabel11",33554432,2,[-302],[[[2,-299,[0,"298Njdpg9PKLpLpEccUJ8m"],[5,189.78515625,25.2]],-300,[9,1,-301,[0,"c8Hk57YdJG+qTxNarCJJVL"],[[6,"44622h8ZLpH+YtYDzLF23GG","startDatSelectBtnClick","10",1]]]],4,1,4],[1,"d60qk2vjVG1YWR4R2Fxz+7",null,null,null,1,0],[1,0,-269.59999999999997,0]],[7,"dateLabel12",33554432,2,[-306],[[[2,-303,[0,"93+vu70tVKzY082mTsjFje"],[5,189.78515625,25.2]],-304,[9,1,-305,[0,"5fvX41arBHT7kXfL11hHaZ"],[[6,"44622h8ZLpH+YtYDzLF23GG","startDatSelectBtnClick","11",1]]]],4,1,4],[1,"baerPrQu1D5ajRF3aLPfu8",null,null,null,1,0],[1,0,-294.8,0]],[7,"dateLabel13",33554432,2,[-310],[[[2,-307,[0,"c7OwLMrLhO4IQ4h1+ieZR+"],[5,189.78515625,25.2]],-308,[9,1,-309,[0,"6a7u9uWbZDVqWMospt77e2"],[[6,"44622h8ZLpH+YtYDzLF23GG","startDatSelectBtnClick","12",1]]]],4,1,4],[1,"39lW76dgpJMawMQxCOh8Gv",null,null,null,1,0],[1,0,-320.00000000000006,0]],[7,"dateLabel14",33554432,2,[-314],[[[2,-311,[0,"a2fCOxcstKTo3IrIX81v8u"],[5,189.78515625,25.2]],-312,[9,1,-313,[0,"bbHScoZ4VDobyTL8kXdFul"],[[6,"44622h8ZLpH+YtYDzLF23GG","startDatSelectBtnClick","13",1]]]],4,1,4],[1,"78VapBoRJP86Nh0SPHBvQ+",null,null,null,1,0],[1,0,-345.2000000000001,0]],[16,"ScrollView",33554432,[-318],[[2,-315,[0,"97QTUGItxJCoNEDEkeRtRJ"],[5,240,185]],[29,1,0,-316,[0,"cat1qsQK5N96xA/NDlwIaP"]],[36,0.23,0.75,false,-317,[0,"6ctiYrvA1LcopLEEOj4iJu"],3]],[1,"f2CUKh/ldLKYctNKrGkCNo",null,null,null,1,0],[1,0,-112.48000000000002,0]],[22,"view",33554432,47,[3],[[2,-319,[0,"0bqx6NcaZCW5HTxKwshAeN"],[5,240,185]],[34,-320,[0,"75eq7OnK5KkoOwg+Gmii2S"]],[35,-321,[0,"caTw+xYQxOnIin8w/Hy1mZ"],[4,16777215]]],[1,"91tADr+QREJb1qeF6Lu7dq",null,null,null,1,0]],[7,"dateLabel1",33554432,3,[-325],[[[2,-322,[0,"8bpk6VXlVCXZs5gaOmYaNo"],[5,189.78515625,25.2]],-323,[9,1,-324,[0,"adWRoQjLxEIaFAs6FwnN++"],[[6,"44622h8ZLpH+YtYDzLF23GG","endDatSelectBtnClick","0",1]]]],4,1,4],[1,"b8JiGAa5JKbILguExqlV16",null,null,null,1,0],[1,0,-17.6,0]],[7,"dateLabel2",33554432,3,[-329],[[[2,-326,[0,"f23YOCs/tJM5vh6f3h5dCc"],[5,189.78515625,25.2]],-327,[9,1,-328,[0,"f23Ufmn5hH75VDiAv555JM"],[[6,"44622h8ZLpH+YtYDzLF23GG","endDatSelectBtnClick","1",1]]]],4,1,4],[1,"09dpAlzqdLGIJxujtSrDzF",null,null,null,1,0],[1,0,-42.800000000000004,0]],[7,"dateLabel3",33554432,3,[-333],[[[2,-330,[0,"7es1nRRXtCh6RYtFy20hz2"],[5,189.78515625,25.2]],-331,[9,1,-332,[0,"93ueejlCRJkpnD9mpvcCQu"],[[6,"44622h8ZLpH+YtYDzLF23GG","endDatSelectBtnClick","2",1]]]],4,1,4],[1,"0b8YjBrn1NXIrWyUKgFru+",null,null,null,1,0],[1,0,-68,0]],[7,"dateLabel4",33554432,3,[-337],[[[2,-334,[0,"5eAOd2eSdCFYwu1dm4X7kz"],[5,189.78515625,25.2]],-335,[9,1,-336,[0,"ae2/1jCLhHc5CWpAJ2ULer"],[[6,"44622h8ZLpH+YtYDzLF23GG","endDatSelectBtnClick","3",1]]]],4,1,4],[1,"22Oqtczh9IDIBoinRJ3r1b",null,null,null,1,0],[1,0,-93.19999999999999,0]],[7,"dateLabel5",33554432,3,[-341],[[[2,-338,[0,"f3JscrWERCbLR/MCEy6Tpx"],[5,189.78515625,25.2]],-339,[9,1,-340,[0,"c9sXLXHGhPzrfaU0pQOZTw"],[[6,"44622h8ZLpH+YtYDzLF23GG","endDatSelectBtnClick","4",1]]]],4,1,4],[1,"e8r0I8PvBHpYezDexyK22/",null,null,null,1,0],[1,0,-118.39999999999998,0]],[7,"dateLabel6",33554432,3,[-345],[[[2,-342,[0,"0cXplgwuRGhrUssUlCeqz2"],[5,189.78515625,25.2]],-343,[9,1,-344,[0,"c7fOGQDa9E+qQyu38P5RbN"],[[6,"44622h8ZLpH+YtYDzLF23GG","endDatSelectBtnClick","5",1]]]],4,1,4],[1,"48HRL5iS5B1qUUtYgs1FDq",null,null,null,1,0],[1,0,-143.59999999999997,0]],[7,"dateLabel7",33554432,3,[-349],[[[2,-346,[0,"1awGdDxWlEGIMnFSmINvAr"],[5,189.78515625,25.2]],-347,[9,1,-348,[0,"34WPhwoiFJwZnskWeVEGZ3"],[[6,"44622h8ZLpH+YtYDzLF23GG","endDatSelectBtnClick","6",1]]]],4,1,4],[1,"95s/NT4bVBvawJgA2tr3h/",null,null,null,1,0],[1,0,-168.79999999999995,0]],[7,"dateLabel8",33554432,3,[-353],[[[2,-350,[0,"16G4twd/xI4arLUxDJ38FD"],[5,189.78515625,25.2]],-351,[9,1,-352,[0,"273r9RTBBMC6TiF4TNAoIZ"],[[6,"44622h8ZLpH+YtYDzLF23GG","endDatSelectBtnClick","7",1]]]],4,1,4],[1,"6fMVepQEVKDLYrGbKheqSC",null,null,null,1,0],[1,0,-193.99999999999994,0]],[7,"dateLabel9",33554432,3,[-357],[[[2,-354,[0,"55+89J071NP6/6dtWQDgzF"],[5,189.78515625,25.2]],-355,[9,1,-356,[0,"e4HFlz/HtORIttNi7gRQ97"],[[6,"44622h8ZLpH+YtYDzLF23GG","endDatSelectBtnClick","8",1]]]],4,1,4],[1,"7bw/0t4WpEyb6owj8LcrcW",null,null,null,1,0],[1,0,-219.19999999999993,0]],[7,"dateLabel10",33554432,3,[-361],[[[2,-358,[0,"ddB1Wpp25KDIk6NiTi58im"],[5,189.78515625,25.2]],-359,[9,1,-360,[0,"fczp+vgOlHe5/waH6ttos5"],[[6,"44622h8ZLpH+YtYDzLF23GG","endDatSelectBtnClick","9",1]]]],4,1,4],[1,"31Va8UzLhLxKoimJbv6K+e",null,null,null,1,0],[1,0,-244.39999999999992,0]],[7,"dateLabel11",33554432,3,[-365],[[[2,-362,[0,"83kkE2cy5EU4BB0l/6MxAD"],[5,189.78515625,25.2]],-363,[9,1,-364,[0,"45ti2+g2dNxoS4RF7pJowf"],[[6,"44622h8ZLpH+YtYDzLF23GG","endDatSelectBtnClick","10",1]]]],4,1,4],[1,"b2B9UHKr1FX7Wy3RNitxwj",null,null,null,1,0],[1,0,-269.59999999999997,0]],[7,"dateLabel12",33554432,3,[-369],[[[2,-366,[0,"5fgT+IAlhKlrdliydtH+Er"],[5,189.78515625,25.2]],-367,[9,1,-368,[0,"3ajW45MGlM97nCBZFTkRZi"],[[6,"44622h8ZLpH+YtYDzLF23GG","endDatSelectBtnClick","11",1]]]],4,1,4],[1,"ad8ra4rfZBVKSCZ8Vr2jvD",null,null,null,1,0],[1,0,-294.8,0]],[7,"dateLabel13",33554432,3,[-373],[[[2,-370,[0,"cbeOvH//dEIZB/68RydHj1"],[5,189.78515625,25.2]],-371,[9,1,-372,[0,"b2g/IatjVJIqxsOENBlBnZ"],[[6,"44622h8ZLpH+YtYDzLF23GG","endDatSelectBtnClick","12",1]]]],4,1,4],[1,"deX+ahmo1NpZFRInjSVzWN",null,null,null,1,0],[1,0,-320.00000000000006,0]],[7,"dateLabel14",33554432,3,[-377],[[[2,-374,[0,"d1ekEviLBO+5v35WP4hSRl"],[5,189.78515625,25.2]],-375,[9,1,-376,[0,"66H6WQgJRE1KCLFPRXwGkA"],[[6,"44622h8ZLpH+YtYDzLF23GG","endDatSelectBtnClick","13",1]]]],4,1,4],[1,"84PAFHuhZIXp1KTv9F9ugh",null,null,null,1,0],[1,0,-345.2000000000001,0]],[37,"giftTotalNode",false,33554432,25,[-379,-380],[[41,-378,[0,"53FpWwdTpKR7i53e3uSIYE"]]],[1,"32N9zpwmFHTZ6QC8l4J623",null,null,null,1,0]],[13,"mask",33554432,1,[[2,-381,[0,"a0LYcjITxDla48h+CRpaYU"],[5,1920,1080]],[42,0,-382,[0,"fdcGjTEE1NyarC0gdSRNWz"],[4,2013265920],0],[63,-383,[0,"edv5IsIjZL4pG2jyHATtDw"]]],[1,"71fianD3BB0Zeo4TFOvykW",null,null,null,1,0]],[12,"SpriteSplash",33554432,4,[11],[[2,-384,[0,"65gAe7hFNBi7RHC1ubVXFq"],[5,1350,60]],[42,0,-385,[0,"d1ieXgKmlF1L9bDgyCwYAr"],[4,4279110667],10]],[1,"08T0JNVhxFRZT+NNuPtq6I",null,null,null,1,0],[1,-1.949,361.617,0]],[12,"roundShowNode",33554432,4,[8],[[2,-386,[0,"8cQljoAJBKWJYxFnHlYuj4"],[5,200,40]],[5,0,-387,[0,"db/R7QRY5MD5HWi1hsQRhw"],24]],[1,"b8e0DAx5JGtqoY68tO1oBL",null,null,null,1,0],[1,0,-427.511,0]],[39,"Checkmark",false,33554432,9,[31],[[[2,-388,[0,"e7iOkRqzdIM6ZSAV8LlKHy"],[5,20,40]],-389],4,1],[1,"deKunheeRLlYpJcOwtXn9n",null,null,null,1,0]],[3,"line",33554432,33,[[2,-390,[0,"b2U3GIeVVBQpvyuVJnTpjo"],[5,240,1]],[5,0,-391,[0,"8a8dHD1+xESqqrkR7ECjSd"],25],[8,4,-392,[0,"66Z4X0XnpNWZLXhQ9iIT2d"]]],[1,"0dPsLpE+tDu4jeW1PrBbI+",null,null,null,1,0],[1,0,-12.1,0]],[3,"line",33554432,34,[[2,-393,[0,"d1uwo6Hv9K46q4FWG7jLAY"],[5,240,1]],[5,0,-394,[0,"e2B41fKUNEUb7aIxiYKn+9"],26],[8,4,-395,[0,"756i7IlHZKDKAll69ntEKa"]]],[1,"47FMz9PMZH6rrZWvvk2pJA",null,null,null,1,0],[1,0,-12.1,0]],[3,"line",33554432,35,[[2,-396,[0,"f4GLcmGEZPkL6MXF8KlKbU"],[5,240,1]],[5,0,-397,[0,"8e+rOxekxLWYGMeqaz1bg6"],27],[8,4,-398,[0,"41Lbtxm1dAgbqgpNJ1FNc8"]]],[1,"9aZyeS2SVHp4SdzbUZooCI",null,null,null,1,0],[1,0,-12.1,0]],[3,"line",33554432,36,[[2,-399,[0,"3dXhMzPLNN046zTXvpze7G"],[5,240,1]],[5,0,-400,[0,"9blXU9TytLm4Ac50TGCwKX"],28],[8,4,-401,[0,"97adVt8+VEI6f2kX3SSaaW"]]],[1,"73eD6ylyBGi5Eq2SvkN+C7",null,null,null,1,0],[1,0,-12.1,0]],[3,"line",33554432,37,[[2,-402,[0,"00uWAL74xGT4dziPTq14NN"],[5,240,1]],[5,0,-403,[0,"06ZjVh0tNNKIXRJ53ZAEGE"],29],[8,4,-404,[0,"9fWHHeoeRB6L7/4+3/iTib"]]],[1,"93Ik9T/ZdOnKXwzuqKCfOG",null,null,null,1,0],[1,0,-12.1,0]],[3,"line",33554432,38,[[2,-405,[0,"6eYd5rBLBIQar8ihrWI5ti"],[5,240,1]],[5,0,-406,[0,"78Qb1XUYlH16cMNsLK9IAH"],30],[8,4,-407,[0,"d4HftZCOdIfYGgigwXle7m"]]],[1,"84M649HDlC3bj3EJsrl1Fl",null,null,null,1,0],[1,0,-12.1,0]],[3,"line",33554432,39,[[2,-408,[0,"6f+bbe++VNY4/W616T6kaV"],[5,240,1]],[5,0,-409,[0,"bdGii+BvlHap2ZsBo3sorb"],31],[8,4,-410,[0,"18HvrjgsFEP52Pppj7eHnU"]]],[1,"b3xL5oS01KwY87eoUIQyd8",null,null,null,1,0],[1,0,-12.1,0]],[3,"line",33554432,40,[[2,-411,[0,"b3wKdtPYVJh6r1UDQ2Gsyy"],[5,240,1]],[5,0,-412,[0,"22KEZ8K4lI3JgLzLFkv0YR"],32],[8,4,-413,[0,"efvzv/m8tEQ4yC4Q8H1lpz"]]],[1,"eeKhQ6YgVO1LxptsDTFLO+",null,null,null,1,0],[1,0,-12.1,0]],[3,"line",33554432,41,[[2,-414,[0,"fbyktzKVdLs5SoYvQd9Xt7"],[5,240,1]],[5,0,-415,[0,"76fUd7hjdET596mOiuBB6c"],33],[8,4,-416,[0,"8dSRufkxRAQLxtYZFCJ+JB"]]],[1,"6bcyk4IZtPKJih1VOfcX5K",null,null,null,1,0],[1,0,-12.1,0]],[3,"line",33554432,42,[[2,-417,[0,"22PiqEVZZHdob4rCC7mavp"],[5,240,1]],[5,0,-418,[0,"983YFJAERO378ku1FJgRqm"],34],[8,4,-419,[0,"b7Z0zfZ5lIq5vo9JhxRLk1"]]],[1,"fbj/LNOo5Im6noIFWkx4Yr",null,null,null,1,0],[1,0,-12.1,0]],[3,"line",33554432,43,[[2,-420,[0,"2e4kTTl9pE6KkBtE4upZWX"],[5,240,1]],[5,0,-421,[0,"0cpObuHzRILq3/8S/fCnxG"],35],[8,4,-422,[0,"5eIEUF8rFHmLHTu8pffnec"]]],[1,"4dHnda87BLprNci3tepn+l",null,null,null,1,0],[1,0,-12.1,0]],[3,"line",33554432,44,[[2,-423,[0,"f2WyQ2ZfNPNrcBpt6KU4UO"],[5,240,1]],[5,0,-424,[0,"c3czQEqwtBoptH9qs1qOyX"],36],[8,4,-425,[0,"a7x1Ax7hBAXaH5QHpY+iIE"]]],[1,"b350wGsARFRagGbd7VaFeO",null,null,null,1,0],[1,0,-12.1,0]],[3,"line",33554432,45,[[2,-426,[0,"95EU6KW31CTa+21UJ0MGW6"],[5,240,1]],[5,0,-427,[0,"74o9PHULJCu4cWQQ10khbJ"],37],[8,4,-428,[0,"a10vkKjyxDb4siLSiFqCGM"]]],[1,"37mMZWvfNAHq4xjQnIBC6T",null,null,null,1,0],[1,0,-12.1,0]],[3,"line",33554432,46,[[2,-429,[0,"75r0lLs2JPN4q3ucRLI+Ch"],[5,240,1]],[5,0,-430,[0,"2f+o+ovMVCXaWzKfuBafHF"],38],[8,4,-431,[0,"06yELpWeREr7ZDc26FuG6C"]]],[1,"4429oSz0ZBsbLEfMPvUNTg",null,null,null,1,0],[1,0,-12.1,0]],[39,"Checkmark",false,33554432,10,[47],[[[2,-432,[0,"640sdjevhP8pPNVgChyjFo"],[5,200,40]],-433],4,1],[1,"0byBAPXBJD5rpAa3Eeq3VT",null,null,null,1,0]],[3,"line",33554432,49,[[2,-434,[0,"07iMOOIghM/7mXXNI1DTbK"],[5,240,1]],[5,0,-435,[0,"9dQg5r2phIHK7rGoq+Z5z1"],42],[8,4,-436,[0,"53WpLRtBpMtLXcn8W4DdQa"]]],[1,"c1tQOL3M9LNbagx1vSk2XU",null,null,null,1,0],[1,0,-12.1,0]],[3,"line",33554432,50,[[2,-437,[0,"590KIF8HpADpsbtho2mf85"],[5,240,1]],[5,0,-438,[0,"690yNyoHlCHrJ8vDCsK04c"],43],[8,4,-439,[0,"78NXBS6fJAgo0k+3T+vUt8"]]],[1,"14a3GLIXRBMaev+h2TTnor",null,null,null,1,0],[1,0,-12.1,0]],[3,"line",33554432,51,[[2,-440,[0,"07/8v3E3NPJa/hpYHR0DgC"],[5,240,1]],[5,0,-441,[0,"fenXShdXtE/JrcIl9y3zE1"],44],[8,4,-442,[0,"85eYGh3/xEFKJ02AvyZ5JF"]]],[1,"d7ACcHRi9DKaUWF20uL4br",null,null,null,1,0],[1,0,-12.1,0]],[3,"line",33554432,52,[[2,-443,[0,"a2fnHPkr9Ol5cQxRFnLlii"],[5,240,1]],[5,0,-444,[0,"19Z3SRFAVPSIsyUyCA+M4m"],45],[8,4,-445,[0,"adXdY2XaVIgrc8hkMMkS8Y"]]],[1,"00b/35zptA/r6DWi7Vj6Zi",null,null,null,1,0],[1,0,-12.1,0]],[3,"line",33554432,53,[[2,-446,[0,"18ToIYyVBGJZj8bYrDnIOh"],[5,240,1]],[5,0,-447,[0,"58v7F62UVGoJUuCWKFkmTQ"],46],[8,4,-448,[0,"fb/zSZP4pBJ6eUsQTPcaES"]]],[1,"3fFJxD36lE1qupeYc/OjQv",null,null,null,1,0],[1,0,-12.1,0]],[3,"line",33554432,54,[[2,-449,[0,"e3JYThd75EiL72jtFXQyrS"],[5,240,1]],[5,0,-450,[0,"70xGL3hVpLW6wVp/1nRo3r"],47],[8,4,-451,[0,"c9xddOfxxBtrpi0Wp2K990"]]],[1,"ecfrDVRLZPhq6DRvtHyCMu",null,null,null,1,0],[1,0,-12.1,0]],[3,"line",33554432,55,[[2,-452,[0,"e3JbdxQHJK36dT8LdkzZEg"],[5,240,1]],[5,0,-453,[0,"ab7BWMx0RBuJIZIRly9naL"],48],[8,4,-454,[0,"e0vN8rmbtGz4HcD2wj9SYK"]]],[1,"e8MjbCkjtIq5iHWgYVQL99",null,null,null,1,0],[1,0,-12.1,0]],[3,"line",33554432,56,[[2,-455,[0,"80RE0vOQVJCK2pJW5X3lZd"],[5,240,1]],[5,0,-456,[0,"99jF0etcFMroYBb1O7JLRn"],49],[8,4,-457,[0,"75CWrZ/LVDO5EwKRFm1bnn"]]],[1,"b7AeM5oOVCkJ1p/Vlb79Hl",null,null,null,1,0],[1,0,-12.1,0]],[3,"line",33554432,57,[[2,-458,[0,"997EDKRhNCzqHCUYCPUrzq"],[5,240,1]],[5,0,-459,[0,"f8xubxOvRFGaRYaH7EGQsW"],50],[8,4,-460,[0,"91ctRU4GtFdY/lfW4hyKNY"]]],[1,"41hXQpON5LsoRIR6GO+UIn",null,null,null,1,0],[1,0,-12.1,0]],[3,"line",33554432,58,[[2,-461,[0,"4c029FtWJI5LgtDZdwjKKC"],[5,240,1]],[5,0,-462,[0,"337uK4Z81ACYsAUT84JKGC"],51],[8,4,-463,[0,"43iO30/CBLX5N5w3+xe0c9"]]],[1,"7bhB2xZSpFYY8PCvUUk5re",null,null,null,1,0],[1,0,-12.1,0]],[3,"line",33554432,59,[[2,-464,[0,"dfXKpUuztN/rO1v/M1XZ0O"],[5,240,1]],[5,0,-465,[0,"a8HrVGGYtPKonoC0VotrtP"],52],[8,4,-466,[0,"f2BqGfaqRLa4tHHDKePm9p"]]],[1,"38YJ3k235P+o7NoC672WlW",null,null,null,1,0],[1,0,-12.1,0]],[3,"line",33554432,60,[[2,-467,[0,"bdXnvyZclKiZxqXi7b3rld"],[5,240,1]],[5,0,-468,[0,"d273b6trpApIh5CmR467qF"],53],[8,4,-469,[0,"d6AE3ltVNAFJ/rvZ4oNA1j"]]],[1,"67VAQF4i5PuJMRe99TFLMs",null,null,null,1,0],[1,0,-12.1,0]],[3,"line",33554432,61,[[2,-470,[0,"9dhM2L8lhAnbcStbG/30qY"],[5,240,1]],[5,0,-471,[0,"9akhnKWNpHIZs7Nehrp6vE"],54],[8,4,-472,[0,"fdBRugQx1CFbKPuENwzcfn"]]],[1,"9cdZL9Oo1N65gJSaoa1xuq",null,null,null,1,0],[1,0,-12.1,0]],[3,"line",33554432,62,[[2,-473,[0,"f5165zxqdK96267UbdB5TM"],[5,240,1]],[5,0,-474,[0,"4dOGeJ+XREV7rgmbjdIlhv"],55],[8,4,-475,[0,"9aLMv5JMNHq6YdMRSw0zp0"]]],[1,"f8julUph1KeqNkNOM8iVUn",null,null,null,1,0],[1,0,-12.1,0]],[3,"title",33554432,4,[[2,-476,[0,"09tayYYTlBqoynwQUfsXn/"],[5,52,50.4]],[11,"紀錄",26,26,-477,[0,"56oBOGUOFHor+w02zeL2Qz"]]],[1,"dcfqeaW+NOl4lAYndNgzHY",null,null,null,1,0],[1,0,430,0]],[3,"line",33554432,4,[[2,-478,[0,"1dsi/zDVVF8LNEDQmimIms"],[5,1350,1]],[5,0,-479,[0,"92hkeFPMdHjKIE9OqPSOXM"],1]],[1,"a5eUb5CVZPnLb5HpFL7ryK",null,null,null,1,0],[1,0,398.504,0]],[28,"Checkmark",33554432,12,[[[2,-480,[0,"90O3zDZplB9YwesfhjW6ph"],[5,320,60]],-481],4,1],[1,"daz89RewpJ0pRtExNHv7CJ",null,null,null,1,0]],[13,"Label",33554432,12,[[2,-482,[0,"4eElxihmVIwoXtV4P7RzSz"],[5,96,50.4]],[11,"投注紀錄",24,24,-483,[0,"d6EhEAPwNGPa5WeKPptXrm"]]],[1,"6dyzrRJSRNnY8GqO+6oOx4",null,null,null,1,0]],[18,"Checkmark",false,33554432,13,[[[2,-484,[0,"045x0A4a1DW6t7ljOgZIn7"],[5,213,60]],-485],4,1],[1,"3ckTT4emtMv6TVI642eYxd",null,null,null,1,0]],[13,"Label",33554432,13,[[2,-486,[0,"40k4PXzLNN5IHLfrr15nbs"],[5,48,50.4]],[11,"額度",24,24,-487,[0,"b3NBO0q4pA25XfINVby4nK"]]],[1,"10zy/2WgVMj4U7PClr+rbE",null,null,null,1,0]],[18,"Checkmark",false,33554432,14,[[[2,-488,[0,"01TTMe5MRObay4IvIxZY5X"],[5,320,60]],-489],4,1],[1,"9d4wsOGt5M9KSkmYhAsHQB",null,null,null,1,0]],[13,"Lbael",33554432,14,[[2,-490,[0,"e8tR+AMoJJl5p8EoPB9gNQ"],[5,96,50.4]],[11,"贈禮紀錄",24,24,-491,[0,"e6UHCqHPdAG6XRv9GSJEeh"]]],[1,"1cLQqIbchL147f73CFgjwE",null,null,null,1,0]],[28,"Checkmark",33554432,15,[[[2,-492,[0,"b0CxKXWeZJ2ZJrgdGP52Fy"],[5,105,45]],-493],4,1],[1,"c4YSCBTB9OI7iPf4rvpZ+O",null,null,null,1,0]],[13,"Label",33554432,15,[[2,-494,[0,"30DbsMsNhAVoeJu9wJeY2l"],[5,40,50.4]],[11,"今天",20,20,-495,[0,"16FuBfrapAd7P4nSElr2ts"]]],[1,"b93K4nx4hFgY2GSzFjzvJN",null,null,null,1,0]],[18,"Checkmark",false,33554432,16,[[[2,-496,[0,"7dTNrWTUVDT4Ozx2I1S44L"],[5,105,45]],-497],4,1],[1,"0bLe3/sn1NDbSsaP/bC6J5",null,null,null,1,0]],[13,"Label",33554432,16,[[2,-498,[0,"bdZpMwzgxASpFHVLhroHmb"],[5,40,50.4]],[11,"昨天",20,20,-499,[0,"32YS3Sk3xDZr4eO0GeWDHf"]]],[1,"efwoWKxodMX4D5+nkRks08",null,null,null,1,0]],[18,"Checkmark",false,33554432,17,[[[2,-500,[0,"94OJ+xgOBCG4B8GPK+Umub"],[5,105,45]],-501],4,1],[1,"89MTIrlDxCjKBWYxsGvFho",null,null,null,1,0]],[13,"Label",33554432,17,[[2,-502,[0,"f6eVC2FB5NuabPMrlt6XCm"],[5,40,50.4]],[11,"本週",20,20,-503,[0,"39MrZtNktO5JfO+aUvuB/T"]]],[1,"eeC1PLW0ZBTLVpJo2VUiCq",null,null,null,1,0]],[18,"Checkmark",false,33554432,18,[[[2,-504,[0,"70ptnZsrdI9pP3S7mtTCss"],[5,105,45]],-505],4,1],[1,"57Qmg3bE9LhZGGy6onrWWd",null,null,null,1,0]],[13,"Label",33554432,18,[[2,-506,[0,"72r0+K0/1Dno1CTumO8Pr3"],[5,40,50.4]],[11,"上週",20,20,-507,[0,"99hj8B3adLsJxxmLLg8AuL"]]],[1,"d0+/T6wflP34FMx6dxmnIn",null,null,null,1,0]],[3,"Label",33554432,4,[[2,-508,[0,"fdl9jF7tFN1rQareF/dIqT"],[5,48,50.4]],[11,"局號",24,24,-509,[0,"c2aORWJUlJ9aBwR97u/zTP"]]],[1,"667lxCdJVGaoMbDkGtKNeG",null,null,null,1,0],[1,-642.389,295,0]],[48,"TEXT_LABEL",false,33554432,20,[[[15,-510,[0,"fbHP+gjjhN8ZaTfDL2G9Ny"],[5,238,45],[0,0,1]],-511],4,1],[1,"5fQoVZWEpJ9YdaatHXv+02",null,null,null,1,0],[1,-118,22.5,0]],[10,"PLACEHOLDER_LABEL",33554432,20,[[[15,-512,[0,"0fiC7bRQxOrIm0S7HPK1Ce"],[5,238,45],[0,0,1]],-513],4,1],[1,"fce316dopHg6pUnSkh1qis",null,null,null,1,0],[1,-118,22.5,0]],[3,"arrow_6",33554432,4,[[2,-514,[0,"e9qRwRDLtPg5MQBBTWvnJR"],[5,18,14]],[30,-515,[0,"e7npoKh85IB4Bz3S0CsNwA"],17]],[1,"134rN1yQxIfqLV5HrOAacX",null,null,null,1,0],[1,349.165,293.432,0]],[3,"gameTitleLabel",33554432,5,[[2,-516,[0,"f1WfJj/xFB3rHJ11JUeTY5"],[5,40,45.199999999999996]],[4,"遊戲\n桌號",20,20,20,-517,[0,"0dDniKL8ZKOpBvrqKPrOXy"]]],[1,"b0u+2k2MVD9r1vaHK7h8Fc",null,null,null,1,0],[1,-523.357,0,0]],[3,"roundAndTimeTitleLabel",33554432,5,[[2,-518,[0,"devLUHcfpAb5Rh48Lm7BBw"],[5,40,45.199999999999996]],[4,"局號\n時間",20,20,20,-519,[0,"cd9O578G5C/I/ZLobM0AYN"]]],[1,"5a6PdqwA5FFIqo1U9NaL97",null,null,null,1,0],[1,-268.38424999999995,0,0]],[3,"betTypeTitleLabel",33554432,5,[[2,-520,[0,"89BwesNT1NiIgcOjR3+l5S"],[5,80,25.2]],[4,"投注類型",20,20,20,-521,[0,"53KodIUvtKCIcrPCQOWfnC"]]],[1,"02i3gBvFREDId1dEgKuCmo",null,null,null,1,0],[1,-13.411499999999933,0,0]],[3,"betCoinTitleLabel",33554432,5,[[2,-522,[0,"aau9SDs+tJ34jL+FbiIcG2"],[5,80,25.2]],[4,"投注金額",20,20,20,-523,[0,"06J7A4fsFAaYVYbat7KgWW"]]],[1,"dbMocwcKlBSqjwbm9HWIOQ",null,null,null,1,0],[1,241.5612500000002,0,0]],[3,"resultTitleLabel",33554432,5,[[2,-524,[0,"6bQahYe7pDQZCD/biCiouw"],[5,45.556640625,25.2]],[4,"輸/贏",20,20,20,-525,[0,"36XvhdqZNCfb8/TJ7VBqOE"]]],[1,"8dXNGPQYhBrLMm5ttl//qm",null,null,null,1,0],[1,496.5340000000001,0,0]],[3,"timeTitleLabel",33554432,6,[[2,-526,[0,"5cmwuxS5lDtIRzjNvWe2SY"],[5,40,25.2]],[4,"時間",20,20,20,-527,[0,"99qXuFZflIa7Jw1lvF5fAb"]]],[1,"58/LGvJvNCOKtYumVXPaV6",null,null,null,1,0],[1,-523.357,0,0]],[3,"roundTitleLabel",33554432,6,[[2,-528,[0,"ebT5SiAJ5B6pP97/FyO3wG"],[5,40,25.2]],[4,"局號",20,20,20,-529,[0,"e7Wn3H9xNLkrmZyZHahp9p"]]],[1,"acP2gp0l1ERrsSHx62NGPi",null,null,null,1,0],[1,-267.68966992187495,0,0]],[3,"gameTypeTitleLabel",33554432,6,[[2,-530,[0,"f8sPYLU/RNV6unmbDsu9B+"],[5,80,50.4]],[11,"遊戲類型",20,20,-531,[0,"e2cS8h1PtA368/Rci9sN+s"]]],[1,"612T6txeZK/b+Wn8AP+eFw",null,null,null,1,0],[1,-12.022339843749933,0,0]],[3,"giftNameTitleLabel",33554432,6,[[2,-532,[0,"4cvsp5rrRPCLBV1FHoF0ug"],[5,40,25.2]],[4,"禮物",20,20,20,-533,[0,"f97OV2uzlG37l4i+ZdKkFZ"]]],[1,"1a1kotcBlK/5cvjQVVHLVu",null,null,null,1,0],[1,243.6449902343752,0,0]],[3,"coinTitleLabel",33554432,6,[[2,-534,[0,"93ytH8ERNE/IuV/zWizRLp"],[5,40,25.2]],[4,"金額",20,20,20,-535,[0,"b9NisXIqNDE6mtOdmqFXme"]]],[1,"56srEi9UBPN7wzin1Phj32",null,null,null,1,0],[1,499.3123203125001,0,0]],[13,"Node",33554432,21,[[2,-536,[0,"e4p7rtpQtJjKvW36gfVZSA"],[5,29,30]],[25,-537,[0,"33u6Tn5wFEwLC5vEkg3gaq"],[[17,"44622h8ZLpH+YtYDzLF23GG","firstPageButtonClicked",1]]]],[1,"21qFThFGZIZ7phfl7ESRlv",null,null,null,1,0]],[13,"Node",33554432,22,[[2,-538,[0,"88RZ/x6YxGsbxNPFb8kQ07"],[5,23,30]],[25,-539,[0,"e7et4aS/5Jfp0b2GijmITx"],[[17,"44622h8ZLpH+YtYDzLF23GG","previousPageButtonClicked",1]]]],[1,"a9hcbqhGtEnY1z65zfxIZ1",null,null,null,1,0]],[28,"roundLabel",33554432,8,[[[2,-540,[0,"efUWZUHlNPpo8pcFI6RdNY"],[5,25.0224609375,25.2]],-541],4,1],[1,"5eWQal81pOW6yaJKk/+EsT",null,null,null,1,0]],[13,"Node",33554432,23,[[2,-542,[0,"2eLHhYWdhFJoinQbTEuGNw"],[5,23,30]],[25,-543,[0,"37xcMrepdDKrHcaHhPsZal"],[[17,"44622h8ZLpH+YtYDzLF23GG","nextPageButtonClicked",1]]]],[1,"d525rEDWRKwK7PzPieaxaT",null,null,null,1,0]],[13,"Node",33554432,24,[[2,-544,[0,"40o4NDoMxBq4SqP9HC9Ko5"],[5,29,30]],[25,-545,[0,"a6jmcziB1BJbd6jN7PK/wS"],[[17,"44622h8ZLpH+YtYDzLF23GG","lastPageButtonClicked",1]]]],[1,"f3cg2wvKpJnb0fZxpm1jDS",null,null,null,1,0]],[40,"Label",512,33554432,9,[[[2,-546,[0,"adzblvXfVIPb2CN89teQ62"],[5,200,40]],-547],4,1],[1,"c37G50uE1N7IR5OKyjRkEw",null,null,null,1,0],[1,-7.54,0,0]],[3,"arrow_5",33554432,9,[[2,-548,[0,"a7po296zZE6o5m3HEmIz/I"],[5,16,10]],[30,-549,[0,"a89I3obwJIr7oNpXQi/TIL"],40]],[1,"22ljzqPElNdLENtUGdW1ea",null,null,null,1,0],[1,87.892,0.714,0]],[40,"Label",512,33554432,10,[[[2,-550,[0,"1aMFwPRiBIN5rUqZP9cihc"],[5,200,40]],-551],4,1],[1,"27pYSVcadCKYuLkYdYhT4c",null,null,null,1,0],[1,-10.705,0,0]],[3,"arrow_5",33554432,10,[[2,-552,[0,"28QM6J1NRGYqI6vEi70YdY"],[5,16,10]],[30,-553,[0,"82z8LH4OdHhb20Cb0cKYCR"],57]],[1,"012kfWoyNLtJf/l3GN6fI4",null,null,null,1,0],[1,86.02,0.714,0]],[3,"statisticTitle",33554432,25,[[2,-554,[0,"da2DO+d2ZMfKo6Z6cR2Ix8"],[5,45.556640625,50.4]],[11,"總計:",20,20,-555,[0,"f2gzlwWgxDcKS+kfo0AeKc"]]],[1,"94YXlFCqhHoqBvPYJgrPSW",null,null,null,1,0],[1,-267.07,0,0]],[10,"statisticLabel",33554432,25,[[[15,-556,[0,"e2Ug6AYhdLc5WEQln8fLt+"],[5,11.123046875,50.4],[0,0,0.5]],-557],4,1],[1,"a8YSba47FNRKeEY9Z6MLo6",null,null,null,1,0],[1,-239.116,0,0]],[3,"totalBetTitle",33554432,19,[[2,-558,[0,"a4VpfUGf5PhJ/3W1eJewPT"],[5,85.556640625,50.4]],[11,"投注總額:",20,20,-559,[0,"f3M/RXFHNBUpvBz+Y2RnCQ"]]],[1,"b74c4pzjFFjZdvg3Epw24e",null,null,null,1,0],[1,-36.796,0,0]],[10,"totalBetLabel",33554432,19,[[[15,-560,[0,"ffZgBmFFJB+omdhIgPHyx+"],[5,11.123046875,50.4],[0,0,0.5]],-561],4,1],[1,"f461zvX2RHD5QXeXsounMu",null,null,null,1,0],[1,11.358,0,0]],[3,"totalResultTitle",33554432,19,[[2,-562,[0,"9e0AJpa9BOsIwz5XQ+3u1e"],[5,100,50.4]],[11,"輸贏總額：",20,20,-563,[0,"920isBxxZClqrnLNND7cV6"]]],[1,"ccZlYhShJOX66GkzFVAfIO",null,null,null,1,0],[1,604.495,0,0]],[10,"totalResultLabel",33554432,19,[[[15,-564,[0,"9bhiyiR+pCJpQOORTLM6Kg"],[5,11.123046875,50.4],[0,0,0.5]],-565],4,1],[1,"60nWPEokhLCLiqi27OC0OD",null,null,null,1,0],[1,648.632,0,0]],[3,"totalGiftTitle",33554432,63,[[2,-566,[0,"82Nzk0vlNCwKfWZAVpy52n"],[5,85.556640625,50.4]],[11,"禮物總額:",20,20,-567,[0,"59ifUKtNlLopJWwAg0Dz8y"]]],[1,"aa70ZNkSxK0aTbHDg1mJsL",null,null,null,1,0],[1,-38.33,0,0]],[10,"totalGiftLabel",33554432,63,[[[15,-568,[0,"17PPxNyPxHvInZh/bq4QHj"],[5,11.123046875,50.4],[0,0,0.5]],-569],4,1],[1,"1apM4b9utDW7GG/x/61X4s",null,null,null,1,0],[1,9.824,0,0]],[14,0,99,[0,"232GmyLMpHPbUNAST5Cws4"]],[14,0,101,[0,"5fkCw1R3ZB842Vc79hEX2q"]],[14,0,103,[0,"9c76xWGtlD1pP0ZKKrsPNw"]],[14,0,105,[0,"8cCCI6aNhIM6fyYl6n9gTz"]],[14,0,107,[0,"8doU3a07VC0pGhlipDh2NC"]],[14,0,109,[0,"cbtVyLk8pNpITaqjRZMxgC"]],[14,0,111,[0,"1c6v2JbytDI4gOBwNlxBMZ"]],[52,"",0,40,20,1,false,114,[0,"caLsX0TBRLWpr5dLCDSGdf"]],[53,"請輸入局號",0,20,20,1,false,115,[0,"ceeuznxb1A9L6Cpn3On66e"],[4,4290493371]],[64,6,8,20,[0,"9amelH9LlLn6a2m0KO4l9w"],[[17,"44622h8ZLpH+YtYDzLF23GG","roundEditBoxInputEnd",1]],151,152],[4,"1/1",18,18,20,129,[0,"90s2uglQNAwrzl3k6AquWw"]],[36,0.23,0.75,false,28,[0,"d1eOt0mKRLzayqwwseHHhL"],30],[4,"2023-11-22  00:00:00",20,20,20,33,[0,"ecp5FrId5MuZKw9NStLGYH"]],[4,"2023-11-22  00:00:00",20,20,20,34,[0,"0cfONsefBKl4QHm+6yujwh"]],[4,"2023-11-22  00:00:00",20,20,20,35,[0,"ee0CU8bUtKHJnyHE2sdIk3"]],[4,"2023-11-22  00:00:00",20,20,20,36,[0,"59yJ5RB4tFErgUXbNWddJ6"]],[4,"2023-11-22  00:00:00",20,20,20,37,[0,"f7JYFEi6FHzIEPw22wvIV8"]],[4,"2023-11-22  00:00:00",20,20,20,38,[0,"d7KeouUKRJ3YiB7HY85kp4"]],[4,"2023-11-22  00:00:00",20,20,20,39,[0,"19HTMcq3JARY7fzq8cKogD"]],[4,"2023-11-22  00:00:00",20,20,20,40,[0,"e1VihF6hpJIKXq0uKK1qkh"]],[4,"2023-11-22  00:00:00",20,20,20,41,[0,"b8KPF9/AVPmrKBLRUUHBrZ"]],[4,"2023-11-22  00:00:00",20,20,20,42,[0,"bc5yTpp1hDsbbzz/7NlQzX"]],[4,"2023-11-22  00:00:00",20,20,20,43,[0,"03vy13mRVCaaiDN7h+8/LQ"]],[4,"2023-11-22  00:00:00",20,20,20,44,[0,"eeJI1mOLxJrJICMc4cKTDf"]],[4,"2023-11-22  00:00:00",20,20,20,45,[0,"7fLdFEWPJLALPtakaYm+Tr"]],[4,"2023-11-22  00:00:00",20,20,20,46,[0,"11/MON5KBJaaoMGwYmXAMg"]],[14,0,67,[0,"cbum6ctgJBTpBwRCREivhW"]],[43,"2023-11-22  00:00:00",18,18,1,false,132,[0,"42sWKBgjxPV7XY0VAOZHnn"]],[33,false,9,[0,"3dvFzY8ShO7q1/2e3RvU9m"],[4,4292269782],9,170],[4,"2023-11-22  00:00:00",20,20,20,49,[0,"42qDwk1vxBnb4z359c30p0"]],[4,"2023-11-22  00:00:00",20,20,20,50,[0,"22XUD+jk1IQ4wMPHdprRqU"]],[4,"2023-11-22  00:00:00",20,20,20,51,[0,"75SL667KZHAK1ibPJ3ww0c"]],[4,"2023-11-22  00:00:00",20,20,20,52,[0,"38mXeMgKBCxKVRVs7hGmGK"]],[4,"2023-11-22  00:00:00",20,20,20,53,[0,"6d9Zvwjg1IdbB1EiPKrCzb"]],[4,"2023-11-22  00:00:00",20,20,20,54,[0,"c3J9ccEEBCPoTr3qodpGPX"]],[4,"2023-11-22  00:00:00",20,20,20,55,[0,"1dj//z+zRBjbHBebUgCWDI"]],[4,"2023-11-22  00:00:00",20,20,20,56,[0,"81ZnYdcYJI1pDtgPJMQaCq"]],[4,"2023-11-22  00:00:00",20,20,20,57,[0,"c79DWCvWdHFJaeIp/9EHzz"]],[4,"2023-11-22  00:00:00",20,20,20,58,[0,"e4xty8EBpEnpDyDtqi7lpb"]],[4,"2023-11-22  00:00:00",20,20,20,59,[0,"7dSAlkYk5JppF10Mjmm1B8"]],[4,"2023-11-22  00:00:00",20,20,20,60,[0,"3cFEUKBvNHCKQxf9VdQ7KS"]],[4,"2023-11-22  00:00:00",20,20,20,61,[0,"89W1VrH1tHR6exS3HwHixf"]],[4,"2023-11-22  00:00:00",20,20,20,62,[0,"f9xK2NrMlKsoEUXZZ/8QyF"]],[14,0,82,[0,"79CulseMpPI5BYIjILLEeU"]],[43,"2023-11-22  00:00:00",18,18,1,false,134,[0,"88+nZhvIxFSKOFvxBq+MaQ"]],[33,false,10,[0,"fayThfiF5DabGVpEqxE1xb"],[4,4292269782],10,187],[54,"0",0,20,20,137,[0,"0e4yyF+7pGy7ce4ERAj5PH"]],[32,"0",0,20,20,139,[0,"8axuUC6q9OZ5U6aO+EzfAB"],[4,4286368767]],[32,"0",0,20,20,141,[0,"4dWRjS4jpEzYB0KMzU/xPE"],[4,4279763156]],[32,"0",0,20,20,143,[0,"0c+tTrbFFA6LT0X4zBW2nl"],[4,4286368767]]],0,[0,6,1,0,0,1,0,17,193,0,18,192,0,19,191,0,20,190,0,21,63,0,22,19,0,-1,5,0,-2,6,0,9,154,0,23,155,0,24,188,0,25,171,0,-1,173,0,-2,174,0,-3,175,0,-4,176,0,-5,177,0,-6,178,0,-7,179,0,-8,180,0,-9,181,0,-10,182,0,-11,183,0,-12,184,0,-13,185,0,-14,186,0,-1,156,0,-2,157,0,-3,158,0,-4,159,0,-5,160,0,-6,161,0,-7,162,0,-8,163,0,-9,164,0,-10,165,0,-11,166,0,-12,167,0,-13,168,0,-14,169,0,26,189,0,27,172,0,28,153,0,0,1,0,0,1,0,-1,64,0,-2,4,0,0,2,0,0,2,0,0,2,0,0,2,0,-1,33,0,-2,34,0,-3,35,0,-4,36,0,-5,37,0,-6,38,0,-7,39,0,-8,40,0,-9,41,0,-10,42,0,-11,43,0,-12,44,0,-13,45,0,-14,46,0,0,3,0,0,3,0,0,3,0,0,3,0,-1,49,0,-2,50,0,-3,51,0,-4,52,0,-5,53,0,-6,54,0,-7,55,0,-8,56,0,-9,57,0,-10,58,0,-11,59,0,-12,60,0,-13,61,0,-14,62,0,0,4,0,0,4,0,-1,97,0,-2,98,0,-3,26,0,-4,65,0,-5,7,0,-6,113,0,-7,20,0,-8,27,0,-9,116,0,-10,5,0,-11,6,0,-12,66,0,-13,28,0,-14,9,0,-15,10,0,-16,25,0,0,5,0,0,5,0,-1,117,0,-2,118,0,-3,119,0,-4,120,0,-5,121,0,0,6,0,0,6,0,-1,122,0,-2,123,0,-3,124,0,-4,125,0,-5,126,0,0,7,0,0,7,0,0,7,0,-1,15,0,-2,16,0,-3,17,0,-4,18,0,0,8,0,0,8,0,-1,21,0,-2,22,0,-3,129,0,-4,23,0,-5,24,0,0,9,0,0,9,0,-3,172,0,-1,67,0,-2,132,0,-3,133,0,0,10,0,0,10,0,-3,189,0,-1,82,0,-2,134,0,-3,135,0,0,11,0,0,11,0,0,11,0,-1,12,0,-2,13,0,-3,14,0,0,12,0,0,12,0,4,144,0,2,12,0,0,12,0,-1,99,0,-2,100,0,0,13,0,0,13,0,4,145,0,2,13,0,0,13,0,-1,101,0,-2,102,0,0,14,0,0,14,0,4,146,0,2,14,0,0,14,0,-1,103,0,-2,104,0,0,15,0,0,15,0,4,147,0,2,15,0,0,15,0,-1,105,0,-2,106,0,0,16,0,0,16,0,4,148,0,2,16,0,0,16,0,-1,107,0,-2,108,0,0,17,0,0,17,0,4,149,0,2,17,0,0,17,0,-1,109,0,-2,110,0,0,18,0,0,18,0,4,150,0,2,18,0,0,18,0,-1,111,0,-2,112,0,0,19,0,-1,138,0,-2,139,0,-3,140,0,-4,141,0,0,20,0,0,20,0,-3,153,0,-1,114,0,-2,115,0,0,21,0,0,21,0,2,21,0,0,21,0,-1,127,0,0,22,0,0,22,0,2,22,0,0,22,0,-1,128,0,0,23,0,0,23,0,2,23,0,0,23,0,-1,130,0,0,24,0,0,24,0,2,24,0,0,24,0,-1,131,0,0,25,0,-1,136,0,-2,137,0,-4,63,0,0,26,0,0,26,0,2,26,0,0,26,0,0,27,0,0,27,0,2,27,0,0,27,0,0,28,0,0,28,0,-3,155,0,-1,29,0,0,29,0,0,29,0,0,29,0,-1,30,0,0,30,0,0,30,0,0,30,0,0,31,0,0,31,0,0,31,0,-1,32,0,0,32,0,0,32,0,0,32,0,0,33,0,-2,156,0,0,33,0,-1,68,0,0,34,0,-2,157,0,0,34,0,-1,69,0,0,35,0,-2,158,0,0,35,0,-1,70,0,0,36,0,-2,159,0,0,36,0,-1,71,0,0,37,0,-2,160,0,0,37,0,-1,72,0,0,38,0,-2,161,0,0,38,0,-1,73,0,0,39,0,-2,162,0,0,39,0,-1,74,0,0,40,0,-2,163,0,0,40,0,-1,75,0,0,41,0,-2,164,0,0,41,0,-1,76,0,0,42,0,-2,165,0,0,42,0,-1,77,0,0,43,0,-2,166,0,0,43,0,-1,78,0,0,44,0,-2,167,0,0,44,0,-1,79,0,0,45,0,-2,168,0,0,45,0,-1,80,0,0,46,0,-2,169,0,0,46,0,-1,81,0,0,47,0,0,47,0,0,47,0,-1,48,0,0,48,0,0,48,0,0,48,0,0,49,0,-2,173,0,0,49,0,-1,83,0,0,50,0,-2,174,0,0,50,0,-1,84,0,0,51,0,-2,175,0,0,51,0,-1,85,0,0,52,0,-2,176,0,0,52,0,-1,86,0,0,53,0,-2,177,0,0,53,0,-1,87,0,0,54,0,-2,178,0,0,54,0,-1,88,0,0,55,0,-2,179,0,0,55,0,-1,89,0,0,56,0,-2,180,0,0,56,0,-1,90,0,0,57,0,-2,181,0,0,57,0,-1,91,0,0,58,0,-2,182,0,0,58,0,-1,92,0,0,59,0,-2,183,0,0,59,0,-1,93,0,0,60,0,-2,184,0,0,60,0,-1,94,0,0,61,0,-2,185,0,0,61,0,-1,95,0,0,62,0,-2,186,0,0,62,0,-1,96,0,0,63,0,-1,142,0,-2,143,0,0,64,0,0,64,0,0,64,0,0,65,0,0,65,0,0,66,0,0,66,0,0,67,0,-2,170,0,0,68,0,0,68,0,0,68,0,0,69,0,0,69,0,0,69,0,0,70,0,0,70,0,0,70,0,0,71,0,0,71,0,0,71,0,0,72,0,0,72,0,0,72,0,0,73,0,0,73,0,0,73,0,0,74,0,0,74,0,0,74,0,0,75,0,0,75,0,0,75,0,0,76,0,0,76,0,0,76,0,0,77,0,0,77,0,0,77,0,0,78,0,0,78,0,0,78,0,0,79,0,0,79,0,0,79,0,0,80,0,0,80,0,0,80,0,0,81,0,0,81,0,0,81,0,0,82,0,-2,187,0,0,83,0,0,83,0,0,83,0,0,84,0,0,84,0,0,84,0,0,85,0,0,85,0,0,85,0,0,86,0,0,86,0,0,86,0,0,87,0,0,87,0,0,87,0,0,88,0,0,88,0,0,88,0,0,89,0,0,89,0,0,89,0,0,90,0,0,90,0,0,90,0,0,91,0,0,91,0,0,91,0,0,92,0,0,92,0,0,92,0,0,93,0,0,93,0,0,93,0,0,94,0,0,94,0,0,94,0,0,95,0,0,95,0,0,95,0,0,96,0,0,96,0,0,96,0,0,97,0,0,97,0,0,98,0,0,98,0,0,99,0,-2,144,0,0,100,0,0,100,0,0,101,0,-2,145,0,0,102,0,0,102,0,0,103,0,-2,146,0,0,104,0,0,104,0,0,105,0,-2,147,0,0,106,0,0,106,0,0,107,0,-2,148,0,0,108,0,0,108,0,0,109,0,-2,149,0,0,110,0,0,110,0,0,111,0,-2,150,0,0,112,0,0,112,0,0,113,0,0,113,0,0,114,0,-2,151,0,0,115,0,-2,152,0,0,116,0,0,116,0,0,117,0,0,117,0,0,118,0,0,118,0,0,119,0,0,119,0,0,120,0,0,120,0,0,121,0,0,121,0,0,122,0,0,122,0,0,123,0,0,123,0,0,124,0,0,124,0,0,125,0,0,125,0,0,126,0,0,126,0,0,127,0,0,127,0,0,128,0,0,128,0,0,129,0,-2,154,0,0,130,0,0,130,0,0,131,0,0,131,0,0,132,0,-2,171,0,0,133,0,0,133,0,0,134,0,-2,188,0,0,135,0,0,135,0,0,136,0,0,136,0,0,137,0,-2,190,0,0,138,0,0,138,0,0,139,0,-2,191,0,0,140,0,0,140,0,0,141,0,-2,192,0,0,142,0,0,142,0,0,143,0,-2,193,0,7,1,2,5,32,3,5,48,8,5,66,11,5,65,19,5,25,31,5,67,47,5,82,569],[0,0,0,0,0,0,0,0,0,0,0,0,0,0,0,0,0,0,0,0,0,0,0,0,0,0,0,0,0,0,0,0,0,0,0,0,0,0,0,0,0,0,0,0,0,0,0,0,0,0,0,0,0,0,0,0,0,0,0,0,0,0,144,145,146,147,148,149,150,153],[1,1,1,29,30,31,32,1,1,1,1,1,1,1,1,1,1,1,1,1,1,1,1,1,1,1,1,1,1,1,1,1,1,1,1,1,1,1,1,1,1,1,1,1,1,1,1,1,1,1,1,1,1,1,1,1,1,1,1,1,-1,-2,1,1,1,1,1,1,1,33],[6,0,7,7,16,17,18,5,5,5,6,1,1,1,1,3,19,20,2,2,8,9,9,8,1,0,0,0,0,0,0,0,0,0,0,0,0,0,0,1,10,3,0,0,0,0,0,0,0,0,0,0,0,0,0,0,1,10,3,21,22,23,2,2,2,4,4,4,4,3]],[[{"name":"arrow_2","rect":{"x":8,"y":5,"width":8,"height":14},"offset":{"x":0,"y":0},"originalSize":{"width":24,"height":24},"rotated":false,"capInsets":[0,0,0,0],"vertices":{"rawPosition":[-4,-7,0,4,-7,0,-4,7,0,4,7,0],"indexes":[0,1,2,2,1,3],"uv":[8,19,16,19,8,5,16,5],"nuv":[0.3333333333333333,0.20833333333333334,0.6666666666666666,0.20833333333333334,0.3333333333333333,0.7916666666666666,0.6666666666666666,0.7916666666666666],"minPos":{"x":-4,"y":-7,"z":0},"maxPos":{"x":4,"y":7,"z":0}},"packable":true,"pixelsToUnit":100,"pivot":{"x":0.5,"y":0.5},"meshType":0}],[0],0,[0],[3],[24]],[[{"name":"logpop_bg_m","rect":{"x":0,"y":0,"width":640,"height":1200},"offset":{"x":0,"y":0},"originalSize":{"width":640,"height":1200},"rotated":false,"capInsets":[0,0,0,0],"vertices":{"rawPosition":[-320,-600,0,320,-600,0,-320,600,0,320,600,0],"indexes":[0,1,2,2,1,3],"uv":[0,1200,640,1200,0,0,640,0],"nuv":[0,0,1,0,0,1,1,1],"minPos":{"x":-320,"y":-600,"z":0},"maxPos":{"x":320,"y":600,"z":0}},"packable":true,"pixelsToUnit":100,"pivot":{"x":0.5,"y":0.5},"meshType":0}],[0],0,[0],[3],[25]],[[{"name":"log_serch_btn","rect":{"x":0,"y":0,"width":88,"height":30},"offset":{"x":0,"y":0},"originalSize":{"width":88,"height":30},"rotated":false,"capInsets":[3,3,3,3],"vertices":{"rawPosition":[-44,-15,0,44,-15,0,-44,15,0,44,15,0],"indexes":[0,1,2,2,1,3],"uv":[0,30,88,30,0,0,88,0],"nuv":[0,0,1,0,0,1,1,1],"minPos":{"x":-44,"y":-15,"z":0},"maxPos":{"x":44,"y":15,"z":0}},"packable":true,"pixelsToUnit":100,"pivot":{"x":0.5,"y":0.5},"meshType":0}],[0],0,[0],[3],[26]],[[{"name":"log_btn","rect":{"x":0,"y":0,"width":100,"height":30},"offset":{"x":0,"y":0},"originalSize":{"width":100,"height":30},"rotated":false,"capInsets":[3,3,3,3],"vertices":{"rawPosition":[-50,-15,0,50,-15,0,-50,15,0,50,15,0],"indexes":[0,1,2,2,1,3],"uv":[0,30,100,30,0,0,100,0],"nuv":[0,0,1,0,0,1,1,1],"minPos":{"x":-50,"y":-15,"z":0},"maxPos":{"x":50,"y":15,"z":0}},"packable":true,"pixelsToUnit":100,"pivot":{"x":0.5,"y":0.5},"meshType":0}],[0],0,[0],[3],[27]],[[{"name":"log_serch_btn_m","rect":{"x":0,"y":0,"width":60,"height":50},"offset":{"x":0,"y":0},"originalSize":{"width":60,"height":50},"rotated":false,"capInsets":[0,0,0,0],"vertices":{"rawPosition":[-30,-25,0,30,-25,0,-30,25,0,30,25,0],"indexes":[0,1,2,2,1,3],"uv":[0,50,60,50,0,0,60,0],"nuv":[0,0,1,0,0,1,1,1],"minPos":{"x":-30,"y":-25,"z":0},"maxPos":{"x":30,"y":25,"z":0}},"packable":true,"pixelsToUnit":100,"pivot":{"x":0.5,"y":0.5},"meshType":0}],[0],0,[0],[3],[28]],[[{"name":"log_btn_a","rect":{"x":0,"y":0,"width":100,"height":30},"offset":{"x":0,"y":0},"originalSize":{"width":100,"height":30},"rotated":false,"capInsets":[0,0,0,0],"vertices":{"rawPosition":[-50,-15,0,50,-15,0,-50,15,0,50,15,0],"indexes":[0,1,2,2,1,3],"uv":[0,30,100,30,0,0,100,0],"nuv":[0,0,1,0,0,1,1,1],"minPos":{"x":-50,"y":-15,"z":0},"maxPos":{"x":50,"y":15,"z":0}},"packable":true,"pixelsToUnit":100,"pivot":{"x":0.5,"y":0.5},"meshType":0}],[0],0,[0],[3],[29]]]]
