{"importBase":"import","nativeBase":"native","name":"bacTiengowFBundle","deps":["main","resources"],"uuids":["18l/1m8uJAzZkV1tSN5U6/","22Oq/w4YJFMrXQm1NdLw0g","22kcWrOP9OwrK4MzeAII8j","37HP4PjtVEnoMiLeb7TOFs","45Q7nWX85OtIymAh+M6X7q","49GggiGfdFfIG3bJd+OshK","52Rc94vYNNHKzlIRUFc4Oc","6bWaTIdpNNgIGf4lpxkxdy","76fzQoE2JK8Z4qs7uYCfpP","7bSQ8rfstH/Jl25dxJf6is","81C5BPW/JJd4vrPsnxbBYc","82knXRukhBWbCaWg7GxmIn","87kLMUittFErj7L2OIgSMU","90HSFR8+xCqYKY2Dud9iec","90fodFniNHy57QXYfoA309","92Ye42HCJDB7Dr0D6nkv60","9bdPFSUvNMM5V14AEeWDeI","ab698JUhNNjY3PPIPsWQ2y","aeCrvRaghP9pN8o35ykxpE","bckIKMbN1IQoYbad2Bw5TU","bf2lRtjplHFoZsG2Awfch/","c5cFGrzKNOb5jYtGlszPJV","cb6rp655FFpLE1ae9lOSO4","e2sBk4Qx5KjoAMXB+gfGHx","f80mi07JFG2Z3G9zLmgzsz","fcXD/6Mp5P2q61/nvHWjmk","02E8gutvJALbJYvYLpjL33","020gHFCKdBM6jU7J0TpLRB","0425PhImJArpbKLiabiTmF","05FvcGNTdGQ4DYXpJB3/mG","08fthutJ1OsZOI/E5lLoIg","08fthutJ1OsZOI/E5lLoIg@6c48a","08fthutJ1OsZOI/E5lLoIg@f9941","08t95af4ZA2YFK4UGYdLrX","0brOF/2ClHtaxNil/etn4Q","10FyAIawFGcYyOCxtXXZqX","10nkgK8W1KQbMd/PkBAEft","10xnJmL5FMVIOvso5/drZW","11ce53a28","11zoVtRmpIw7hW+WSQgFfb","12KDX0CQVLfaiM1Mn+XSYE","12eba46a4","13ykflF29KwIUhhMCA5Ega","14nLalIPNOB73wBjPFbx3g","17706fd10","18l/1m8uJAzZkV1tSN5U6/@6c48a","18l/1m8uJAzZkV1tSN5U6/@f9941","19qDD2uk1Hv4fnrDscDMEB","1chMF9cjFBEqDBI6tOuM17","1fW58D6zROCa9kVdg1Pqx6","1fW58D6zROCa9kVdg1Pqx6@6c48a","1fW58D6zROCa9kVdg1Pqx6@f9941","1fpZc+doFBgJrg3jRtqXkb","20AsYH2lpDnpudT2uHuJr0","20g8DSkb9F9a/2WwWKby3I","22Oq/w4YJFMrXQm1NdLw0g@6c48a","22Oq/w4YJFMrXQm1NdLw0g@f9941","24odHCfK5IkorCOCZMcFSA","28R7TECSlFrowTxwrNqcpV","28zh2tbaxECZRZTjlAd/Pn","2a9RnmumtH1oZVQJzprKR8","2d0otSAAhJtqoWvn5Q++gr","2erGA6KzJNabWK94nVmKeS","32MSWOFOpJV4hPKsv1Uy/S","33Q0kYFcZAj4M725kePduf","339XHwAp1My4t9ETPNyAkD","35yLWDApNOHaXyxbVzPem/","36WaK5SMVLoJu9kW2Sef4Q","37HP4PjtVEnoMiLeb7TOFs@6c48a","37HP4PjtVEnoMiLeb7TOFs@f9941","37XIBsvpVCRp6lqzAJEgId","37kIyp6O5PobYAAwhzmEH0","38IXkC/4xGArxTPHs4x5Wh","3aMhhvOVJPZpXtJ+aloNy+","3c6VsfalJLfKp1GNReqln6","41Ad+BmbpBnIBoG0nmYiMa","41UcqJvtFJQ4FrBT4ARhNU","43fLIOV2pKPKo755Rmf9A3","44x+IzsAFDvZxZ8RULqCCw","45Q7nWX85OtIymAh+M6X7q@6c48a","45Q7nWX85OtIymAh+M6X7q@f9941","48sGjaaupGRrS2qoypclDZ","49GggiGfdFfIG3bJd+OshK@6c48a","49GggiGfdFfIG3bJd+OshK@f9941","52Rc94vYNNHKzlIRUFc4Oc@6c48a","52Rc94vYNNHKzlIRUFc4Oc@f9941","59k2gDmW5Lp4fTh484CcEz","5bv2sml19FF5hSyKgxq2/B","5cW65jXGRMCKK8iyWtPM2f","60HtkygrFFKLkhlwJ2rr34","60HtkygrFFKLkhlwJ2rr34@6c48a","60HtkygrFFKLkhlwJ2rr34@f9941","62klB70/1NnJ/d2oodSjzT","65Lki1xK1L4bfzX152+sii","67pKv4DlhPXLDK0suB3UYP","6bWaTIdpNNgIGf4lpxkxdy@6c48a","6bWaTIdpNNgIGf4lpxkxdy@f9941","6es+2ReXlEKJ+sVzes73ox","6faVLl8WVHhJECwJVQAJwN","6fevJMZs9N8qx8DkIsA/I5","6f0huxu1ZNtrsJGsEPblWV","713MDsuhVPiaRal9aCSDRQ","74riQP1O9PX4fQPDrBRz97","75NBmTX/JO9oJYXKkSF18K","76fzQoE2JK8Z4qs7uYCfpP@6c48a","76fzQoE2JK8Z4qs7uYCfpP@f9941","77rXNItzdCO7xTzfMIREyj","79I20Ox45FcodtFrHKBHBM","79503ADb9O+oqVTL0otExM","7bIdNd9zlOcITv6nRengYo","7bSQ8rfstH/Jl25dxJf6is@6c48a","7bSQ8rfstH/Jl25dxJf6is@f9941","7bbXckTGhBWYwmKgXs9Ja6","7cpi8/mn5K76gzBgHfbBfM","7fQ0Wqb/tKxbkuc1o30cej","81C5BPW/JJd4vrPsnxbBYc@6c48a","81C5BPW/JJd4vrPsnxbBYc@f9941","82knXRukhBWbCaWg7GxmIn@6c48a","82knXRukhBWbCaWg7GxmIn@f9941","822fg5XpBPuZ3fgQ3dVeOj","83SifE2OhEibmM9+R/O5a1","84FObBFxlDIK2/KqLmHZn5","86LOCjLJxFkr7qX2gxF/9p","87kLMUittFErj7L2OIgSMU@6c48a","87kLMUittFErj7L2OIgSMU@f9941","87lUUJZ3xMHpZskn/18r0b","89Wqux7l9M/7PokgavQWTl","8apQTOle5LcJVIlJMPE5XQ","8cyqK/+SBHa4sakbnUaXfd","8fNXiE0nZHWJ9OSuxfVMIX","8fNXiE0nZHWJ9OSuxfVMIX@6c48a","8fNXiE0nZHWJ9OSuxfVMIX@f9941","8fR5pc/95Amr78H0rsZrLG","90Fmt0+K5LL4o0OtHEa7dW","90HSFR8+xCqYKY2Dud9iec@6c48a","90HSFR8+xCqYKY2Dud9iec@f9941","90fodFniNHy57QXYfoA309@6c48a","90fodFniNHy57QXYfoA309@f9941","92Ye42HCJDB7Dr0D6nkv60@6c48a","92Ye42HCJDB7Dr0D6nkv60@f9941","928Nll3d1C0IxwFrUuR31M","93EqSj1UBEf4Zs9kqSlH6a","94kGuGpxZDZ4cSTQ3LgVn3","94t30MJhFKL7Njf46TSUOT","9bdPFSUvNMM5V14AEeWDeI@6c48a","9bdPFSUvNMM5V14AEeWDeI@f9941","9fYjYN+YlNZoRVgo60+HpC","9fYjYN+YlNZoRVgo60+HpC@6c48a","9fYjYN+YlNZoRVgo60+HpC@f9941","a1jdSkC31BuZIIvG8+YZ0Z","a13QYCnW9MxYUBhILj56RO","a5BV8RkgRHS4wfR22ZUoxb","a5979NIv9BX79BmuHiB0WV","a76QxmXG9G34q4yJXu9VwE","a76+KawstF/5PF1KXX8gy7","a8q7ndzulOJbl353u9frBF","aa1/wv2X1GJqpAyYJzHgBk","ab698JUhNNjY3PPIPsWQ2y@6c48a","ab698JUhNNjY3PPIPsWQ2y@f9941","ab+gFJQldAHL1kzpZmsJz1","aeCrvRaghP9pN8o35ykxpE@6c48a","aeCrvRaghP9pN8o35ykxpE@f9941","b0GLkiQdVO84NbiRH6V3Gq","b1q9VCGxZCvpYS5Kkv0mrN","b2cDYSX9FO7ZMn3c/050Ao","b6FbiJl4RBBYGdfqzD4kSR","b7pE9Ynd1K67xCWggfk8um","b7tEaMMt9KaKhC3gp+oF4b","b9FROJUZFFQrDb5dN/JKds","b99E6+PvZII4C6LjWCb3AS","bbEfgLuERLKbz+hDuazczG","bckIKMbN1IQoYbad2Bw5TU@6c48a","bckIKMbN1IQoYbad2Bw5TU@f9941","bfMOp2PWdGAo8cEhnE/OOp","bf2lRtjplHFoZsG2Awfch/@6c48a","bf2lRtjplHFoZsG2Awfch/@f9941","c0MKfQQTRLzLFQcBSO9jCJ","c2JEFWPdNNe7/v7JGE3x1t","c3uPNgunJCsqQzNoUD+0f5","c3yNX2ZTJATo/X2+PgafQV","c37kFUPQ9Bh7jn+nVnxihS","c4QOCIgP1Ir6F4xijRX//d","c7jN8mtYdDyJ1962a1BGz0","cbb/xPHTdP/KFy34YT0JDq","cbxW4bDWFITIR2Lr1TlqKN","d3/pXJj/9Goq/5eavfSJ9h","d5gJoyiTNOSawV0bPLQG+m","d5gJoyiTNOSawV0bPLQG+m@6c48a","d5gJoyiTNOSawV0bPLQG+m@f9941","d58I5kyJNHCpQqJDywRlE3","d6Fm2XDHVK45d2a1Pdj76W","d87ZjnutRCb5QOEHIqtYU5","dau35XRcFBPYQn1Mw/jm/U","dcdllgohpGUKuE4CsaNZ9C","dcdqMrq3dBaLDuIyvS33g5","dco0Ym3m9JlpEE6JaMk3px","de4t2fjdZHnptb3mt8iShn","dfg2KQtExB3Ki9OGZT7L2J","e0t2Jb2M5MmI3IFbbh12vO","e2sBk4Qx5KjoAMXB+gfGHx@6c48a","e2sBk4Qx5KjoAMXB+gfGHx@f9941","e85n2aydpHzJifKYkpcp5O","e9lc9EuuNH1Z8nCDgDeSoF","f4DkqsPPpPsoINz/3Yhvlr","f5UL4M2I5OureRqAaimftY","f7kFcPevRAJZbs2B9lyK5G","f80mi07JFG2Z3G9zLmgzsz@6c48a","f80mi07JFG2Z3G9zLmgzsz@f9941","faxfdBQ7pGbZ2O0ptyZAMe","fcRAii+l5JV6k2CeV4b+e6","fcXD/6Mp5P2q61/nvHWjmk@6c48a","fcXD/6Mp5P2q61/nvHWjmk@f9941","fdpcuEaexF7ouacJSi4kDi","feiXYrh5ZA7aCM+4roFnAI","ffbD1HaWFF3IUx4Fy7yKHx","ffuIqPr2JI9I8dPLYGRDpD","02E8gutvJALbJYvYLpjL33@6c48a","02E8gutvJALbJYvYLpjL33@f9941","027a78870","020gHFCKdBM6jU7J0TpLRB@6c48a","020gHFCKdBM6jU7J0TpLRB@f9941","0425PhImJArpbKLiabiTmF@6c48a","0425PhImJArpbKLiabiTmF@f9941","05FvcGNTdGQ4DYXpJB3/mG@6c48a","05FvcGNTdGQ4DYXpJB3/mG@f9941","0574931e5","05dfa0994","062b13243","06xhqwFgtJAYnsBhyhUoug@f9941","071358465","074b78b6c","07aa4376d","07f26ca69","0831e11da","08t95af4ZA2YFK4UGYdLrX@6c48a","08t95af4ZA2YFK4UGYdLrX@f9941","08caa59b5","0aEywwGXNC8ZHFZ6NDcmtq@f9941","0a49bc239","0a1yumFUFJjLRk9qPMw/z4","0brOF/2ClHtaxNil/etn4Q@6c48a","0brOF/2ClHtaxNil/etn4Q@f9941","0b0xjPWlFAVq0VmFJ5unMQ@f9941","0cKx9+g+VOCZrxoiqT8ZuW","0cdcd6f61","0dee69ee4","0e50a439a","0f85479c8","10FyAIawFGcYyOCxtXXZqX@6c48a","10FyAIawFGcYyOCxtXXZqX@f9941","10nkgK8W1KQbMd/PkBAEft@6c48a","10nkgK8W1KQbMd/PkBAEft@f9941","10xnJmL5FMVIOvso5/drZW@6c48a","10xnJmL5FMVIOvso5/drZW@f9941","11Ah31BnlL3aZZFo8vxwA/@f9941","11ce53a28@6c48a","11zoVtRmpIw7hW+WSQgFfb@6c48a","11zoVtRmpIw7hW+WSQgFfb@f9941","12KDX0CQVLfaiM1Mn+XSYE@6c48a","12KDX0CQVLfaiM1Mn+XSYE@f9941","12eba46a4@6c48a","13dwQ5RY5N5IiZAIIcU8cV@f9941","13ykflF29KwIUhhMCA5Ega@6c48a","13ykflF29KwIUhhMCA5Ega@f9941","14nLalIPNOB73wBjPFbx3g@6c48a","14nLalIPNOB73wBjPFbx3g@f9941","16cqyrtcdDFJtCg94+muIV@f9941","16mVeAGNpFY620rbu9buI8@f9941","17O9OboQdOK7ENMtCRnSeD@f9941","17706fd10@6c48a","19hfA7J1JHvLbgzM0Z0Bb8@f9941","19qDD2uk1Hv4fnrDscDMEB@6c48a","19qDD2uk1Hv4fnrDscDMEB@f9941","1a800Gf1tNVppDcIIE2Nt3@f9941","1b3sDuiKRDRpF0pmLsYaR+@f9941","1chMF9cjFBEqDBI6tOuM17@6c48a","1chMF9cjFBEqDBI6tOuM17@f9941","1dgcNa5bBAdpuW+b9QYn9E@f9941","1fpZc+doFBgJrg3jRtqXkb@6c48a","1fpZc+doFBgJrg3jRtqXkb@f9941","20AsYH2lpDnpudT2uHuJr0@6c48a","20AsYH2lpDnpudT2uHuJr0@f9941","20YzUl2n9NQ4Wdt4CJXLM7@f9941","20g1ukYUVPvKWKBRznAKo+@f9941","20g8DSkb9F9a/2WwWKby3I@6c48a","20g8DSkb9F9a/2WwWKby3I@f9941","24odHCfK5IkorCOCZMcFSA@6c48a","24odHCfK5IkorCOCZMcFSA@f9941","259WfOS7tHl57GqCSPBjcK@f9941","28R7TECSlFrowTxwrNqcpV@6c48a","28R7TECSlFrowTxwrNqcpV@f9941","28zh2tbaxECZRZTjlAd/Pn@6c48a","28zh2tbaxECZRZTjlAd/Pn@f9941","2a9RnmumtH1oZVQJzprKR8@6c48a","2a9RnmumtH1oZVQJzprKR8@f9941","2d0otSAAhJtqoWvn5Q++gr@6c48a","2d0otSAAhJtqoWvn5Q++gr@f9941","2erGA6KzJNabWK94nVmKeS@6c48a","2erGA6KzJNabWK94nVmKeS@f9941","2fK+8arSVMMpMIMU7v6kVt@f9941","32MSWOFOpJV4hPKsv1Uy/S@6c48a","32MSWOFOpJV4hPKsv1Uy/S@f9941","32Y+AvTg5O1Y/9P1wMMcwG@f9941","33Q0kYFcZAj4M725kePduf@6c48a","33Q0kYFcZAj4M725kePduf@f9941","339XHwAp1My4t9ETPNyAkD@6c48a","339XHwAp1My4t9ETPNyAkD@f9941","34LTkT6t9L+LlsO66MUq14@f9941","35yLWDApNOHaXyxbVzPem/@6c48a","35yLWDApNOHaXyxbVzPem/@f9941","36WaK5SMVLoJu9kW2Sef4Q@6c48a","36WaK5SMVLoJu9kW2Sef4Q@f9941","37XIBsvpVCRp6lqzAJEgId@6c48a","37XIBsvpVCRp6lqzAJEgId@f9941","37kIyp6O5PobYAAwhzmEH0@6c48a","37kIyp6O5PobYAAwhzmEH0@f9941","38IXkC/4xGArxTPHs4x5Wh@6c48a","38IXkC/4xGArxTPHs4x5Wh@f9941","38asI6nnRDlbMSeGbjlNe6@f9941","393CdjrXdE/ajrCX8tNcJU@f9941","3aMhhvOVJPZpXtJ+aloNy+@6c48a","3aMhhvOVJPZpXtJ+aloNy+@f9941","3cPqwfEl9LppjICoaFCd7y","3c6VsfalJLfKp1GNReqln6@6c48a","3c6VsfalJLfKp1GNReqln6@f9941","41Ad+BmbpBnIBoG0nmYiMa@6c48a","41Ad+BmbpBnIBoG0nmYiMa@f9941","41UcqJvtFJQ4FrBT4ARhNU@6c48a","41UcqJvtFJQ4FrBT4ARhNU@f9941","43fLIOV2pKPKo755Rmf9A3@6c48a","43fLIOV2pKPKo755Rmf9A3@f9941","44x+IzsAFDvZxZ8RULqCCw@6c48a","44x+IzsAFDvZxZ8RULqCCw@f9941","457fIps6xBnKpJI0z/llgN@f9941","47a6LCXmNH6Zt4bOUlZIJx@f9941","48sGjaaupGRrS2qoypclDZ@6c48a","48sGjaaupGRrS2qoypclDZ@f9941","4eCTEhr5NHoqddmXwn2BcB@f9941","4fBonA28lHZL9Aw/DTt/46@f9941","4f1pZvYYJJXp5baxuRgn/Y@f9941","54LS2sRUFJA6vX4K0LhR6y@f9941","54TknWPwVPqJqeCR+Y/Czo@f9941","55+jZHA31BwKl+ljQ2ggxe@f9941","59k2gDmW5Lp4fTh484CcEz@6c48a","59k2gDmW5Lp4fTh484CcEz@f9941","594LCPZ35INZca5KOkCOVT@f9941","5bv2sml19FF5hSyKgxq2/B@6c48a","5bv2sml19FF5hSyKgxq2/B@f9941","5cW65jXGRMCKK8iyWtPM2f@6c48a","5cW65jXGRMCKK8iyWtPM2f@f9941","5dvk/kGa5IwZWbSv6zrf3E","5engCTpAZDWpvdXibJSl3v","61uL901QZC66J1Wl8STux8@f9941","61xi0TZMpFX49qnP0qd2RV","62klB70/1NnJ/d2oodSjzT@6c48a","62klB70/1NnJ/d2oodSjzT@f9941","65Lki1xK1L4bfzX152+sii@6c48a","65Lki1xK1L4bfzX152+sii@f9941","67pKv4DlhPXLDK0suB3UYP@6c48a","67pKv4DlhPXLDK0suB3UYP@f9941","67rkG1j6JMKYP3OiCqJBrN@f9941","6ad4g5eCxCZqJQiLy2fOq9@f9941","6by57tF8VK2rGvUOUn0Lxa@f9941","6colKdavNCCLZZpblYtnz8@f9941","6es+2ReXlEKJ+sVzes73ox@6c48a","6es+2ReXlEKJ+sVzes73ox@f9941","6faVLl8WVHhJECwJVQAJwN@6c48a","6faVLl8WVHhJECwJVQAJwN@f9941","6fevJMZs9N8qx8DkIsA/I5@6c48a","6fevJMZs9N8qx8DkIsA/I5@f9941","6f0huxu1ZNtrsJGsEPblWV@6c48a","6f0huxu1ZNtrsJGsEPblWV@f9941","71XiMJfmpInqOg1iYGfM+u@f9941","713MDsuhVPiaRal9aCSDRQ@6c48a","713MDsuhVPiaRal9aCSDRQ@f9941","74riQP1O9PX4fQPDrBRz97@6c48a","74riQP1O9PX4fQPDrBRz97@f9941","74zMsjX3lGj62UKWw3LjuT@f9941","75NBmTX/JO9oJYXKkSF18K@6c48a","75NBmTX/JO9oJYXKkSF18K@f9941","75TWwsrNdHQ4hRT6LEN0re@f9941","75roTOulhB67TwHKV5E9d0@f9941","77rXNItzdCO7xTzfMIREyj@6c48a","77rXNItzdCO7xTzfMIREyj@f9941","78I/z1mgdIhb+l9A92nM2+@f9941","79I20Ox45FcodtFrHKBHBM@6c48a","79I20Ox45FcodtFrHKBHBM@f9941","79503ADb9O+oqVTL0otExM@6c48a","79503ADb9O+oqVTL0otExM@f9941","7992RGF2ZMBZOoAsGAyiI3@f9941","7aYppUCYpEuJ7uKI7ErZ6a@f9941","7bIdNd9zlOcITv6nRengYo@6c48a","7bIdNd9zlOcITv6nRengYo@f9941","7bL0BEfR1DW7oCPjDD3XmS@f9941","7bbXckTGhBWYwmKgXs9Ja6@6c48a","7bbXckTGhBWYwmKgXs9Ja6@f9941","7cpi8/mn5K76gzBgHfbBfM@6c48a","7cpi8/mn5K76gzBgHfbBfM@f9941","7dIdxIi8pNd5P1oFYDyofS@f9941","7dj5uJT9FMn6OrOOx83tfK@f9941","7eK4vv8w5A+YMANtorGQxs","7fQ0Wqb/tKxbkuc1o30cej@6c48a","7fQ0Wqb/tKxbkuc1o30cej@f9941","81GHAJmdxJhbiPHUO367vz@f9941","822fg5XpBPuZ3fgQ3dVeOj@6c48a","822fg5XpBPuZ3fgQ3dVeOj@f9941","8278wBbDRGjIInMMQlPnUU@f9941","83SifE2OhEibmM9+R/O5a1@6c48a","83SifE2OhEibmM9+R/O5a1@f9941","84FObBFxlDIK2/KqLmHZn5@6c48a","84FObBFxlDIK2/KqLmHZn5@f9941","86LOCjLJxFkr7qX2gxF/9p@6c48a","86LOCjLJxFkr7qX2gxF/9p@f9941","87R9FFLRxB4YMN+Wg+oQrX","87lUUJZ3xMHpZskn/18r0b@6c48a","87lUUJZ3xMHpZskn/18r0b@f9941","89OqtuCL5PQoj9JFfWXrcR@f9941","89Wqux7l9M/7PokgavQWTl@6c48a","89Wqux7l9M/7PokgavQWTl@f9941","8apQTOle5LcJVIlJMPE5XQ@6c48a","8apQTOle5LcJVIlJMPE5XQ@f9941","8clRQnfNNHCJLZPDZ6e7r8","8cyqK/+SBHa4sakbnUaXfd@6c48a","8cyqK/+SBHa4sakbnUaXfd@f9941","8dcHjukiRMl4pSXcXGiGu5@f9941","8fR5pc/95Amr78H0rsZrLG@6c48a","8fR5pc/95Amr78H0rsZrLG@f9941","8fhQlcCK5DjIwRCEhDG8om@f9941","90Fmt0+K5LL4o0OtHEa7dW@6c48a","90Fmt0+K5LL4o0OtHEa7dW@f9941","928Nll3d1C0IxwFrUuR31M@6c48a","928Nll3d1C0IxwFrUuR31M@f9941","94kGuGpxZDZ4cSTQ3LgVn3@6c48a","94kGuGpxZDZ4cSTQ3LgVn3@f9941","94t30MJhFKL7Njf46TSUOT@6c48a","94t30MJhFKL7Njf46TSUOT@f9941","95EkngnxZFbYuFpsqVTaFr@f9941","986ebY8NdH2IipIMHMI8T+","99t+H++RVO3q+lpyS4t8x6","9eX0CUPBpHipPSBwTcDij4@f9941","a1jdSkC31BuZIIvG8+YZ0Z@6c48a","a1jdSkC31BuZIIvG8+YZ0Z@f9941","a13QYCnW9MxYUBhILj56RO@6c48a","a13QYCnW9MxYUBhILj56RO@f9941","a3jiIy22JJWqvEpvdNW4L6@f9941","a5BV8RkgRHS4wfR22ZUoxb@6c48a","a5BV8RkgRHS4wfR22ZUoxb@f9941","a5979NIv9BX79BmuHiB0WV@6c48a","a5979NIv9BX79BmuHiB0WV@f9941","a76QxmXG9G34q4yJXu9VwE@6c48a","a76QxmXG9G34q4yJXu9VwE@f9941","a76+KawstF/5PF1KXX8gy7@6c48a","a76+KawstF/5PF1KXX8gy7@f9941","a8ZajNkxlLX5KcZjBjfhnf@f9941","a8q7ndzulOJbl353u9frBF@6c48a","a8q7ndzulOJbl353u9frBF@f9941","a9vO2GBWpJgazbBPZiz4tE","aa1/wv2X1GJqpAyYJzHgBk@6c48a","aa1/wv2X1GJqpAyYJzHgBk@f9941","aa5FcRzzpJ6YDXX6I8Qarm@f9941","aa9hMJytxJELgsdkrR+Ly1@f9941","aa+Xl4ZYlN656CxUK6ZLa3","ab+gFJQldAHL1kzpZmsJz1@6c48a","ab+gFJQldAHL1kzpZmsJz1@f9941","adV/Mog+dHSrJq3SZ078NP@f9941","aeJbk4/IBACZVl/75uF9qm@f9941","b0GLkiQdVO84NbiRH6V3Gq@6c48a","b0GLkiQdVO84NbiRH6V3Gq@f9941","b1q9VCGxZCvpYS5Kkv0mrN@6c48a","b1q9VCGxZCvpYS5Kkv0mrN@f9941","b2cDYSX9FO7ZMn3c/050Ao@6c48a","b2cDYSX9FO7ZMn3c/050Ao@f9941","b2c0VohzhNI6S3R8n8WHml","b2hvSd+m5Jb5GjavS4tVFt","b6FbiJl4RBBYGdfqzD4kSR@6c48a","b6FbiJl4RBBYGdfqzD4kSR@f9941","b6LlTjsjhJLbZDc455t5TR@f9941","b7Y7TvJ1REJpT3ftlu7BSg@f9941","b7pE9Ynd1K67xCWggfk8um@6c48a","b7pE9Ynd1K67xCWggfk8um@f9941","b7tEaMMt9KaKhC3gp+oF4b@6c48a","b7tEaMMt9KaKhC3gp+oF4b@f9941","b9FROJUZFFQrDb5dN/JKds@6c48a","b9FROJUZFFQrDb5dN/JKds@f9941","b99E6+PvZII4C6LjWCb3AS@6c48a","b99E6+PvZII4C6LjWCb3AS@f9941","bbEfgLuERLKbz+hDuazczG@6c48a","bbEfgLuERLKbz+hDuazczG@f9941","bfMOp2PWdGAo8cEhnE/OOp@6c48a","bfMOp2PWdGAo8cEhnE/OOp@f9941","c0MKfQQTRLzLFQcBSO9jCJ@6c48a","c0MKfQQTRLzLFQcBSO9jCJ@f9941","c10aQI9QVCrbx+7I3z1BSE@f9941","c2JEFWPdNNe7/v7JGE3x1t@6c48a","c2JEFWPdNNe7/v7JGE3x1t@f9941","c21N7sFFJLp51I9KKJOXrQ","c3uPNgunJCsqQzNoUD+0f5@6c48a","c3uPNgunJCsqQzNoUD+0f5@f9941","c3yNX2ZTJATo/X2+PgafQV@6c48a","c3yNX2ZTJATo/X2+PgafQV@f9941","c37kFUPQ9Bh7jn+nVnxihS@6c48a","c37kFUPQ9Bh7jn+nVnxihS@f9941","c4QOCIgP1Ir6F4xijRX//d@6c48a","c4QOCIgP1Ir6F4xijRX//d@f9941","c6J/hD3+lPwI6Vjusykbay@f9941","c6LwSzBE9EWphfzwku4R27@f9941","c7tF4hetRHc5wVk0W+vp8X@f9941","c8fENYK2dKBacq20vcQFOo@f9941","cabwPMrelF2rdl7RnzNrpf","cbb/xPHTdP/KFy34YT0JDq@6c48a","cbb/xPHTdP/KFy34YT0JDq@f9941","cbxW4bDWFITIR2Lr1TlqKN@6c48a","cbxW4bDWFITIR2Lr1TlqKN@f9941","ccgRy7udZEFasFP4LFPI/r@f9941","cd+W3oYuRMqKSGCO48Cmvr","d2WlLv9oNJmqxbsV2VBJD8@f9941","d3/pXJj/9Goq/5eavfSJ9h@6c48a","d3/pXJj/9Goq/5eavfSJ9h@f9941","d5Pw1aiZpJs6ZIx6yWba/4@f9941","d58I5kyJNHCpQqJDywRlE3@6c48a","d58I5kyJNHCpQqJDywRlE3@f9941","d6Fm2XDHVK45d2a1Pdj76W@6c48a","d6Fm2XDHVK45d2a1Pdj76W@f9941","d6+YznK2xGB419rCrqJnZ+@f9941","d87ZjnutRCb5QOEHIqtYU5@6c48a","d87ZjnutRCb5QOEHIqtYU5@f9941","d8+MyVYs1BToc1aCbwxZwC@f9941","dau35XRcFBPYQn1Mw/jm/U@6c48a","dau35XRcFBPYQn1Mw/jm/U@f9941","dbJA7uyxJGSI0tOBdZAXDV@f9941","db3SFsTs9ERpwAPuJlX5RH","dcGiMk4yVG1Z17zPD37Ksk@f9941","dcdllgohpGUKuE4CsaNZ9C@6c48a","dcdllgohpGUKuE4CsaNZ9C@f9941","dcdqMrq3dBaLDuIyvS33g5@6c48a","dcdqMrq3dBaLDuIyvS33g5@f9941","dco0Ym3m9JlpEE6JaMk3px@6c48a","dco0Ym3m9JlpEE6JaMk3px@f9941","dc8dpzMHBKIZSxkOK0psm4@f9941","ddOBDwKQ1MAojPCmtgXCnj@f9941","ddPt3CeHdDgKAxW2+pHu2Z","deSxtvxSxAs6qBYFtv00f9@f9941","deaaM7WnNBtpuC3Xo8s1zF","det4+VA+pNnILw2KBto15G@f9941","de4t2fjdZHnptb3mt8iShn@6c48a","de4t2fjdZHnptb3mt8iShn@f9941","dfIR5itY9CHLBZnPWx47bp@f9941","dfg2KQtExB3Ki9OGZT7L2J@6c48a","dfg2KQtExB3Ki9OGZT7L2J@f9941","e0CofzVjRC/YB7cqyAJ2um@f9941","e0t2Jb2M5MmI3IFbbh12vO@6c48a","e0t2Jb2M5MmI3IFbbh12vO@f9941","e28RDkGfxIG4CKPAZgK1+K","e3WzFOkCZN7YKP+PYzP1AX@f9941","e7vlsR7oVOBo300IniKsoZ@f9941","e85n2aydpHzJifKYkpcp5O@6c48a","e85n2aydpHzJifKYkpcp5O@f9941","e9lc9EuuNH1Z8nCDgDeSoF@6c48a","e9lc9EuuNH1Z8nCDgDeSoF@f9941","edb2MrbPtLz7vyihILya6U@f9941","eetFN/z+VK0IaFzEVk3TXI","efGBqlUhVLcaJyGzgHDCvp@f9941","f1d4qcPsVABrUi/WjjJiaz@f9941","f2BvzbovtI0JJ6N8bVxfoM@f9941","f4DkqsPPpPsoINz/3Yhvlr@6c48a","f4DkqsPPpPsoINz/3Yhvlr@f9941","f5UL4M2I5OureRqAaimftY@6c48a","f5UL4M2I5OureRqAaimftY@f9941","f7J1uPEMlH45fJNvZJpprm@f9941","f7kFcPevRAJZbs2B9lyK5G@6c48a","f7kFcPevRAJZbs2B9lyK5G@f9941","f8L9RW34BBQJ6DLbag33RF@f9941","f8+uDEOF1Au4sjvSNbwZcK","f9Siz+/y5GUKHHf0o647b2@f9941","faxfdBQ7pGbZ2O0ptyZAMe@6c48a","faxfdBQ7pGbZ2O0ptyZAMe@f9941","fbgeA0VGBBBKyV2nPRkvZp","fcRAii+l5JV6k2CeV4b+e6@6c48a","fcRAii+l5JV6k2CeV4b+e6@f9941","fcrXRPl7dLfqIW/XJ7VrXL","fcv7g6OR9DsK5JhBDPw1zk@f9941","fdpcuEaexF7ouacJSi4kDi@6c48a","fdpcuEaexF7ouacJSi4kDi@f9941","feiXYrh5ZA7aCM+4roFnAI@6c48a","feiXYrh5ZA7aCM+4roFnAI@f9941","ffbD1HaWFF3IUx4Fy7yKHx@6c48a","ffbD1HaWFF3IUx4Fy7yKHx@f9941","ffuIqPr2JI9I8dPLYGRDpD@6c48a","ffuIqPr2JI9I8dPLYGRDpD@f9941"],"paths":{"0":["res/texture/mobile/road_m",1,1],"1":["res/texture/pc/p_p",1,1],"3":["res/texture/pc/label_p_2_pc",1,1],"4":["res/texture/mobile/label_p_2",1,1],"5":["res/texture/pc/l_b_p",1,1],"6":["res/texture/common/label_1",1,1],"7":["res/texture/mobile/label_b_2",1,1],"8":["res/texture/pc/road_pc",1,1],"9":["res/texture/mobile/show_m",1,1],"10":["res/texture/common/label_b",1,1],"11":["res/texture/pc/b_p",1,1],"12":["res/texture/mobile/l_b_m",1,1],"13":["res/texture/mobile/b_m",1,1],"14":["res/texture/mobile/p_m",1,1],"15":["res/texture/pc/label_b_2_pc",1,1],"16":["res/texture/pc/result_p_pc",1,1],"17":["res/texture/common/label_p",1,1],"18":["res/texture/pc/result_t_pc",1,1],"19":["res/texture/mobile/result_t",1,1],"20":["res/texture/pc/result_b_pc",1,1],"21":["bacTiengowFGameScenePC",0,1],"22":["bacTiengowFGameScene",0,1],"23":["res/texture/pc/show_pc",1,1],"24":["res/texture/mobile/result_b",1,1],"25":["res/texture/mobile/result_p",1,1],"30":["res/texture/mobile/lobby_road_frame",1,1],"31":["res/texture/mobile/lobby_road_frame/texture",2,1],"32":["res/texture/mobile/lobby_road_frame/spriteFrame",3,1],"45":["res/texture/mobile/road_m/texture",2,1],"46":["res/texture/mobile/road_m/spriteFrame",3,1],"49":["res/texture/pc/l_p_p",1,1],"50":["res/texture/pc/l_p_p/texture",2,1],"51":["res/texture/pc/l_p_p/spriteFrame",3,1],"55":["res/texture/pc/p_p/texture",2,1],"56":["res/texture/pc/p_p/spriteFrame",3,1],"68":["res/texture/pc/label_p_2_pc/texture",2,1],"69":["res/texture/pc/label_p_2_pc/spriteFrame",3,1],"79":["res/texture/mobile/label_p_2/texture",2,1],"80":["res/texture/mobile/label_p_2/spriteFrame",3,1],"82":["res/texture/pc/l_b_p/texture",2,1],"83":["res/texture/pc/l_b_p/spriteFrame",3,1],"84":["res/texture/common/label_1/texture",2,1],"85":["res/texture/common/label_1/spriteFrame",3,1],"89":["res/texture/mobile/lobby_road",1,1],"90":["res/texture/mobile/lobby_road/texture",2,1],"91":["res/texture/mobile/lobby_road/spriteFrame",3,1],"95":["res/texture/mobile/label_b_2/texture",2,1],"96":["res/texture/mobile/label_b_2/spriteFrame",3,1],"104":["res/texture/pc/road_pc/texture",2,1],"105":["res/texture/pc/road_pc/spriteFrame",3,1],"110":["res/texture/mobile/show_m/texture",2,1],"111":["res/texture/mobile/show_m/spriteFrame",3,1],"115":["res/texture/common/label_b/texture",2,1],"116":["res/texture/common/label_b/spriteFrame",3,1],"117":["res/texture/pc/b_p/texture",2,1],"118":["res/texture/pc/b_p/spriteFrame",3,1],"123":["res/texture/mobile/l_b_m/texture",2,1],"124":["res/texture/mobile/l_b_m/spriteFrame",3,1],"129":["res/texture/pc/lobby_road_pc",1,1],"130":["res/texture/pc/lobby_road_pc/texture",2,1],"131":["res/texture/pc/lobby_road_pc/spriteFrame",3,1],"134":["res/texture/mobile/b_m/texture",2,1],"135":["res/texture/mobile/b_m/spriteFrame",3,1],"136":["res/texture/mobile/p_m/texture",2,1],"137":["res/texture/mobile/p_m/spriteFrame",3,1],"138":["res/texture/pc/label_b_2_pc/texture",2,1],"139":["res/texture/pc/label_b_2_pc/spriteFrame",3,1],"144":["res/texture/pc/result_p_pc/texture",2,1],"145":["res/texture/pc/result_p_pc/spriteFrame",3,1],"146":["res/texture/mobile/road_frame",1,1],"147":["res/texture/mobile/road_frame/texture",2,1],"148":["res/texture/mobile/road_frame/spriteFrame",3,1],"157":["res/texture/common/label_p/texture",2,1],"158":["res/texture/common/label_p/spriteFrame",3,1],"160":["res/texture/pc/result_t_pc/texture",2,1],"161":["res/texture/pc/result_t_pc/spriteFrame",3,1],"171":["res/texture/mobile/result_t/texture",2,1],"172":["res/texture/mobile/result_t/spriteFrame",3,1],"174":["res/texture/pc/result_b_pc/texture",2,1],"175":["res/texture/pc/result_b_pc/spriteFrame",3,1],"186":["res/texture/mobile/l_p_m",1,1],"187":["res/texture/mobile/l_p_m/texture",2,1],"188":["res/texture/mobile/l_p_m/spriteFrame",3,1],"199":["res/texture/pc/show_pc/texture",2,1],"200":["res/texture/pc/show_pc/spriteFrame",3,1],"206":["res/texture/mobile/result_b/texture",2,1],"207":["res/texture/mobile/result_b/spriteFrame",3,1],"210":["res/texture/mobile/result_p/texture",2,1],"211":["res/texture/mobile/result_p/spriteFrame",3,1]},"scenes":{"db://assets/games/bacTiengowF/bacTiengowFGameScene.scene":22,"db://assets/games/bacTiengowF/bacTiengowFGameScenePC.scene":21},"packs":{"027a78870":[350,182],"0574931e5":[259,292,330,80,96,383,386,111,395,408,463,479,481,494,22,528,551,556,572,576],"05dfa0994":[351,402,418],"062b13243":[261,267,2,302,307,333,337,340,345,352,360,389,444,465,513],"071358465":[268,2,384,529,538,541,553,559,562],"074b78b6c":[249,290,326,359,376,379,426,452,467,471,483,495,497,558],"07aa4376d":[294,336,456,472,548,588],"07f26ca69":[240,275,278,293,219,295,297,320,323,221,346,348,95,364,368,366,370,394,391,110,396,401,419,234,422,425,144,252,255,256,260,262,271,286,291,305,308,331,335,358,373,375,382,387,404,430,434,250,264,216,55,68,312,329,82,223,356,104,115,407,411,417,134,136,45,280,284,289,310,325,327,79,84,409,123,138,269,314,385,428,432,258,117,300,354,248,303,316,343,378,414,442,447,449,451,454,440,445,457,157,462,160,468,478,480,484,466,474,470,482,486,171,488,174,496,498,500,490,502,493,509,511,516,519,524,521,527,534,532,536,544,547,550,199,555,557,206,564,566,569,574,210,577,581,583,585,587],"0831e11da":[46,56,353,560],"08caa59b5":[228,254,274,318,338,182,573],"0a49bc239":[253,437],"0cdcd6f61":[224,243],"0dee69ee4":[217,220,222,235,241,251,257,263,272,276,279,285,2,287,296,301,306,311,69,313,315,321,324,328,85,344,347,355,357,369,371,388,392,397,116,410,412,413,420,423,429,139,431,433,435,145,441,446,448,450,158,161,469,475,485,489,175,491,499,501,503,21,508,514,520,525,530,533,535,542,200,567,579,582,584,586],"0e50a439a":[265,281,298,304,309,317,332,349,365,367,374,400,405,415,443,455,458,487,510,512,517,522,537,545,565,570,575,578],"0f85479c8":[239,322,105]},"versions":{"import":[26,"a2533",218,"024f4",27,"a2533",28,"a2533",29,"a2533",225,"ca0f5",226,"691e7",227,"d2bd9",229,"50fed",230,"629af",231,"ee087",232,"ebd26",233,"1e714",33,"a2533",236,"9fa8d",238,"d302c",34,"a2533",244,"a0046",245,"4b8e0",246,"27e1b",247,"7b6a2",35,"a2533",36,"a2533",37,"a2533",38,"c1514",39,"a2533",40,"a2533",41,"22f7e",42,"a2533",43,"a2533",44,"10f4f",0,"a2533",47,"a2533",48,"a2533",52,"a2533",53,"a2533",54,"a2533",1,"a2533",57,"a2533",58,"a2533",59,"a2533",60,"a2533",61,"a2533",62,"a2533",63,"a2533",64,"a2533",65,"a2533",66,"a2533",67,"a2533",3,"a2533",70,"a2533",71,"a2533",72,"a2533",73,"a2533",74,"a2533",75,"a2533",76,"a2533",77,"a2533",78,"a2533",4,"a2533",81,"a2533",5,"a2533",83,"5832f",6,"a2533",86,"a2533",87,"a2533",88,"a2533",92,"a2533",93,"a2533",94,"a2533",7,"a2533",97,"a2533",98,"a2533",99,"a2533",100,"a2533",101,"a2533",102,"a2533",103,"a2533",8,"a2533",106,"a2533",107,"a2533",108,"a2533",109,"a2533",9,"a2533",112,"a2533",113,"a2533",114,"a2533",10,"a2533",11,"a2533",118,"cec41",119,"a2533",120,"a2533",121,"a2533",122,"a2533",12,"a2533",124,"4ef39",125,"a2533",126,"a2533",127,"a2533",128,"a2533",132,"a2533",133,"a2533",13,"a2533",135,"0b579",14,"a2533",137,"56263",15,"a2533",140,"a2533",142,"a2533",143,"a2533",16,"a2533",149,"a2533",150,"a2533",151,"a2533",152,"a2533",153,"a2533",154,"a2533",155,"a2533",156,"a2533",17,"a2533",159,"a2533",18,"a2533",162,"a2533",163,"a2533",164,"a2533",165,"a2533",166,"a2533",167,"a2533",168,"a2533",169,"a2533",170,"a2533",19,"a2533",172,"f45b0",173,"a2533",20,"a2533",176,"a2533",177,"a2533",178,"a2533",179,"a2533",180,"a2533",181,"a2533",183,"a2533",184,"a2533",185,"a2533",189,"a2533",190,"a2533",191,"a2533",192,"a2533",193,"a2533",194,"a2533",195,"a2533",196,"a2533",197,"a2533",198,"a2533",23,"a2533",201,"a2533",202,"a2533",203,"a2533",204,"a2533",205,"a2533",24,"a2533",207,"55878",208,"a2533",209,"a2533",25,"a2533",211,"ae82d",212,"a2533",213,"a2533",214,"a2533",215,"a2533"],"native":[26,"de7ab",27,"f5aea",28,"cbed1",29,"338df",33,"4412a",34,"440c4",35,"2ed4a",36,"a291e",37,"c9691",38,"a2aeb",39,"12aef",40,"effac",41,"1ba40",42,"8cb5e",43,"8f78e",44,"097ca",0,"196c4",47,"2cbb2",48,"12b1b",52,"cfe7d",53,"e96e3",54,"b4a25",1,"f21ca",57,"6ba03",58,"0f3fc",59,"af79b",60,"d4496",61,"f6a0a",62,"6a001",63,"4218e",64,"fe425",65,"581d8",66,"85e6a",67,"afd53",3,"00e93",70,"b1978",71,"7c998",72,"3b642",73,"83bdf",74,"86514",75,"14d73",76,"672ee",77,"6d792",78,"3ee22",4,"d7b2b",81,"27ca2",5,"20511",6,"8c985",86,"0ea76",87,"b9b08",88,"bc5d7",92,"2e117",93,"c7d36",94,"66176",7,"2e31e",97,"f17c5",98,"28bc9",99,"fe571",100,"0792e",101,"9be18",102,"829bb",103,"a2b7f",8,"73f40",106,"6d792",107,"e84b9",108,"1edba",109,"8f4bc",9,"9f0cb",112,"6de88",113,"2cfe1",114,"70d56",10,"d6dc2",11,"0b17c",119,"781eb",120,"b070b",121,"a4257",122,"88489",12,"3bf34",125,"0a5df",126,"ad921",127,"33181",128,"53ebe",132,"6cef2",133,"44782",13,"c076d",14,"924d5",15,"b7fd3",140,"81fac",142,"25d5d",143,"ac927",16,"82a7d",149,"5098c",150,"411fb",151,"a3590",152,"9a431",153,"4617a",154,"9e086",155,"83e56",156,"050cf",17,"2106a",159,"af79b",18,"1d6a5",162,"26764",163,"dbe4f",164,"5470a",165,"b58b8",166,"6de88",167,"b070b",168,"8c337",169,"90126",170,"494e2",19,"f768b",173,"f1f93",20,"610b6",176,"f3164",177,"654a1",178,"28e5b",179,"9bf84",180,"7a6ff",181,"a70a9",183,"857a7",184,"9db1f",185,"fbfba",189,"ddc89",190,"543b5",191,"6af93",192,"0677e",193,"93d21",194,"c3a1f",195,"1cf6c",196,"125cd",197,"d86ae",198,"d6c97",23,"8ebdc",201,"a5ea9",202,"e0076",203,"c45ce",204,"283e7",205,"00ecb",24,"90be7",208,"f9aae",209,"80fee",25,"c1608",212,"18a4c",213,"ec6cc",214,"f6d44",215,"6d707"]},"redirect":[30,"0",31,"0",32,"0",237,"0",242,"0",266,"0",270,"0",273,"0",277,"0",49,"0",50,"0",51,"0",282,"1",283,"1",288,"0",299,"0",319,"1",334,"0",339,"0",341,"1",342,"1",89,"0",90,"0",91,"0",361,"0",362,"0",363,"0",372,"0",377,"0",380,"0",381,"0",390,"0",393,"0",398,"0",399,"1",403,"1",406,"0",416,"0",421,"0",424,"0",129,"0",130,"0",131,"0",427,"0",141,"0",436,"1",438,"0",439,"0",146,"0",147,"0",148,"0",453,"0",459,"0",460,"0",461,"0",464,"1",473,"0",476,"0",477,"0",492,"0",504,"0",505,"0",506,"0",507,"0",515,"0",518,"0",186,"0",187,"0",188,"0",523,"0",526,"0",531,"0",539,"0",540,"0",543,"1",546,"0",549,"0",552,"0",554,"1",561,"0",563,"0",568,"1",571,"0",580,"0"],"debug":false,"extensionMap":{".cconb":[141]},"hasPreloadScript":true,"dependencyRelationships":{},"types":["cc.SceneAsset","cc.ImageAsset","cc.Texture2D","cc.SpriteFrame"]}