[1,["738a51af-f65c-408b-aab8-6b120880b54e@6c48a"],["_textureSource"],["cc.SpriteFrame"],0,[{"name":"btn_4","rect":{"x":0,"y":0,"width":240,"height":60},"offset":{"x":0,"y":0},"originalSize":{"width":240,"height":60},"rotated":false,"capInsets":[0,0,0,0],"vertices":{"rawPosition":[-120,-30,0,120,-30,0,-120,30,0,120,30,0],"indexes":[0,1,2,2,1,3],"uv":[0,60,240,60,0,0,240,0],"nuv":[0,0,1,0,0,1,1,1],"minPos":{"x":-120,"y":-30,"z":0},"maxPos":{"x":120,"y":30,"z":0}},"packable":true,"pixelsToUnit":100,"pivot":{"x":0.5,"y":0.5},"meshType":0}],[0],0,[0],[0],[0]]
