[1,["20g1ukYUVPvKWKBRznAKo+@f9941","54TknWPwVPqJqeCR+Y/Czo@f9941","95EkngnxZFbYuFpsqVTaFr@f9941","55+jZHA31BwKl+ljQ2ggxe@f9941","09xYMV/jFNY7Ex/Pz6wzh9@6c48a","55+jZHA31BwKl+ljQ2ggxe@6c48a","81GHAJmdxJhbiPHUO367vz@6c48a","7dj5uJT9FMn6OrOOx83tfK@f9941","det4+VA+pNnILw2KBto15G@f9941","aeimHNmDpBCpfAbXwyBiuq@f9941","09xYMV/jFNY7Ex/Pz6wzh9@f9941","d8amKpby1Cjplqt3RLVbu9@f9941","81GHAJmdxJhbiPHUO367vz@f9941","aeimHNmDpBCpfAbXwyBiuq@6c48a","d8amKpby1Cjplqt3RLVbu9@6c48a"],["node","_spriteFrame","_target","_normalSprite","_hoverSprite","_pressedSprite","_disabledSprite","_textureSource","root","inputErrLabel","passwordEditBox","tableName","inputLabel","data","_parent"],[["cc.Node",["_name","_layer","_active","_objFlags","_components","_prefab","_parent","_children","_lpos"],-1,9,4,1,2,5],["cc.Sprite",["_sizeMode","_type","node","__prefab","_spriteFrame","_color"],1,1,4,6,5],["cc.Label",["_string","_actualFontSize","_fontSize","_horizontalAlign","_overflow","_enableWrapText","node","__prefab","_color"],-3,1,4,5],"cc.SpriteFrame",["cc.Node",["_name","_layer","_active","_parent","_components","_prefab","_lpos","_children"],0,1,12,4,5,2],["cc.UITransform",["node","__prefab","_contentSize","_anchorPoint"],3,1,4,5,5],["cc.Button",["_transition","node","__prefab","clickEvents","_target","_normalSprite","_hoverSprite","_pressedSprite","_disabledSprite","_normalColor"],2,1,4,9,1,6,6,6,6,5],["cc.ClickEvent",["_componentId","handler","customEventData","target"],0,1],["cc.Prefab",["_name"],2],["cc.CompPrefabInfo",["fileId"],2],["ad74fQPEsVKZ5s8WsgVQxrx",["node","__prefab","inputLabel","tableName","passwordEditBox","inputErrLabel"],3,1,4,1,1,1,1],["cc.Widget",["_alignFlags","_originalWidth","_originalHeight","node","__prefab"],0,1,4],["cc.PrefabInfo",["fileId","instance","targetOverrides","nestedPrefabInstanceRoots","root","asset"],-1,1,1],["cc.Layout",["_resizeMode","_layoutType","_spacingX","_spacingY","node","__prefab"],-1,1,4],["cc.BlockInputEvents",["node","__prefab"],3,1,4],["cc.EditBox",["_inputMode","_maxLength","node","__prefab","_textLabel","_placeholderLabel"],1,1,4,1,1]],[[9,0,2],[12,0,1,2,3,4,5,5],[5,0,1,2,1],[0,0,1,6,7,4,5,8,3],[0,0,3,1,6,4,5,4],[6,0,1,2,3,9,4,5,6,7,8,2],[1,1,0,2,3,4,3],[2,0,1,2,4,5,6,7,8,6],[7,0,1,2,3,4],[5,0,1,2,3,1],[0,0,1,6,4,5,8,3],[7,0,1,3,3],[4,0,2,1,3,4,5,6,4],[1,2,3,4,1],[4,0,1,3,4,5,6,3],[11,0,1,2,3,4,4],[2,0,3,1,2,6,7,5],[2,0,1,2,6,7,4],[8,0,2],[0,0,1,7,4,5,3],[0,0,2,1,7,4,5,8,4],[0,0,1,6,7,4,5,3],[0,0,1,6,4,5,3],[0,0,2,1,6,4,5,8,4],[4,0,1,3,7,4,5,6,3],[10,0,1,2,3,4,5,1],[13,0,1,2,3,4,5,5],[1,0,2,3,4,2],[1,1,2,3,4,2],[1,1,0,2,3,3],[1,0,2,3,5,4,2],[1,1,2,3,5,4,2],[6,0,1,2,3,4,5,6,7,8,2],[14,0,1,1],[2,0,1,2,4,5,6,7,6],[2,0,3,1,2,4,5,6,7,7],[2,0,3,1,2,4,5,6,7,8,7],[2,0,3,1,2,6,7,8,5],[15,0,1,2,3,4,5,3]],[[[{"name":"icon_lock","rect":{"x":4,"y":2,"width":16,"height":20},"offset":{"x":0,"y":0},"originalSize":{"width":24,"height":24},"rotated":false,"capInsets":[0,0,0,0],"vertices":{"rawPosition":[-8,-10,0,8,-10,0,-8,10,0,8,10,0],"indexes":[0,1,2,2,1,3],"uv":[4,22,20,22,4,2,20,2],"nuv":[0.16666666666666666,0.08333333333333333,0.8333333333333334,0.08333333333333333,0.16666666666666666,0.9166666666666666,0.8333333333333334,0.9166666666666666],"minPos":{"x":-8,"y":-10,"z":0},"maxPos":{"x":8,"y":10,"z":0}},"packable":true,"pixelsToUnit":100,"pivot":{"x":0.5,"y":0.5},"meshType":0}],[3],0,[0],[7],[4]],[[{"name":"icon_close","rect":{"x":11,"y":11,"width":26,"height":26},"offset":{"x":0,"y":0},"originalSize":{"width":48,"height":48},"rotated":false,"capInsets":[0,0,0,0],"vertices":{"rawPosition":[-13,-13,0,13,-13,0,-13,13,0,13,13,0],"indexes":[0,1,2,2,1,3],"uv":[11,37,37,37,11,11,37,11],"nuv":[0.22916666666666666,0.22916666666666666,0.7708333333333334,0.22916666666666666,0.22916666666666666,0.7708333333333334,0.7708333333333334,0.7708333333333334],"minPos":{"x":-13,"y":-13,"z":0},"maxPos":{"x":13,"y":13,"z":0}},"packable":true,"pixelsToUnit":100,"pivot":{"x":0.5,"y":0.5},"meshType":0}],[3],0,[0],[7],[5]],[[{"name":"pop_bg","rect":{"x":0,"y":0,"width":640,"height":671},"offset":{"x":0,"y":0},"originalSize":{"width":640,"height":671},"rotated":false,"capInsets":[0,0,0,0],"vertices":{"rawPosition":[-320,-335.5,0,320,-335.5,0,-320,335.5,0,320,335.5,0],"indexes":[0,1,2,2,1,3],"uv":[0,671,640,671,0,0,640,0],"nuv":[0,0,1,0,0,1,1,1],"minPos":{"x":-320,"y":-335.5,"z":0},"maxPos":{"x":320,"y":335.5,"z":0}},"packable":true,"pixelsToUnit":100,"pivot":{"x":0.5,"y":0.5},"meshType":0}],[3],0,[0],[7],[6]],[[[18,"enterPasswordTableView"],[19,"enterPasswordTableView",33554432,[-9,-10],[[2,-2,[0,"91ao9IV/tOJo4d9mcjCb6P"],[5,720,1280]],[25,-7,[0,"dfhv81/shJt67nHB2uUKP6"],-6,-5,-4,-3],[15,45,720,1280,-8,[0,"34RfoO63FIMZ4/9RfdnlOe"]]],[1,"0fLx5jPI1FNKuvwsEEaeu7",null,null,null,-1,0]],[20,"Layout",false,33554432,[-13,-14,-15,-16,-17,-18,-19,-20,-21,-22,-23,-24],[[9,-11,[0,"03X33N7bFNa6qCP0sLzbuM"],[5,285,235],[0,0,0.5]],[26,1,3,25,25,-12,[0,"6aeLHdnfRCSLSrPm0ayn/W"]]],[1,"cbX3VFak9E75DfbP0NXbd8",null,null,null,1,0],[1,-159.975,69.857,0]],[21,"pop_bg",33554432,1,[-27,-28,-29,-30,-31,-32,2,-33,-34,-35,-36],[[2,-25,[0,"cdQIre0xZPvLnsAI0ELAW0"],[5,639.8,221]],[27,0,-26,[0,"b5jDwlAwFFAopMQdKhJtXw"],74]],[1,"47uwxM05NNFYd0Q3Z4SM9A",null,null,null,1,0]],[3,"keyBoard1",33554432,2,[-41],[[2,-37,[0,"136t50e+lMRJ5zTqqnIMvY"],[5,60,40]],[6,1,0,-38,[0,"bfNIgtEgdJz7HErg3z3vQN"],7],[5,2,-40,[0,"45BNnLZudPbYYmowh0kWle"],[[8,"ad74fQPEsVKZ5s8WsgVQxrx","numberKeyBoardClicked","1",1]],[4,4292269782],-39,8,9,10,11]],[1,"cd1cvdD3pNA4gyYyvRQ//s",null,null,null,1,0],[1,30,97.5,0]],[3,"keyBoard2",33554432,2,[-46],[[2,-42,[0,"fe0CBtCdhO2aY1YEJNeVv1"],[5,60,40]],[6,1,0,-43,[0,"a8WxJY+p5L3agAmqk/wKpA"],12],[5,2,-45,[0,"a0j1mPtdxHSaPSk4a6StMM"],[[8,"ad74fQPEsVKZ5s8WsgVQxrx","numberKeyBoardClicked","2",1]],[4,4292269782],-44,13,14,15,16]],[1,"ccaSpzbyZLDqZfuQddVigv",null,null,null,1,0],[1,115,97.5,0]],[3,"keyBoard3",33554432,2,[-51],[[2,-47,[0,"1fSfh352dAyq4UQCN0aE2y"],[5,60,40]],[6,1,0,-48,[0,"27SC1gZSVO8p7mjUhBN+2i"],17],[5,2,-50,[0,"f4LagR+fZKGZkQuGeKE4WO"],[[8,"ad74fQPEsVKZ5s8WsgVQxrx","numberKeyBoardClicked","3",1]],[4,4292269782],-49,18,19,20,21]],[1,"6d6dYmNZtF5qDgDdYSLGBS",null,null,null,1,0],[1,200,97.5,0]],[3,"keyBoard4",33554432,2,[-56],[[2,-52,[0,"6avaQTMidBbJrF8Kk+M7Nl"],[5,60,40]],[6,1,0,-53,[0,"e5QIcvUctKAoC+Q2qHQlV3"],22],[5,2,-55,[0,"0bxkWnB4VL7rHr6Jvzk23q"],[[8,"ad74fQPEsVKZ5s8WsgVQxrx","numberKeyBoardClicked","4",1]],[4,4292269782],-54,23,24,25,26]],[1,"51JcRl42VOZoETGhry7Huv",null,null,null,1,0],[1,30,32.5,0]],[3,"keyBoard5",33554432,2,[-61],[[2,-57,[0,"9cIu6dvMJIlqPRTDx3/AFA"],[5,60,40]],[6,1,0,-58,[0,"d7HpJt87RFpbz4zUMiUUhg"],27],[5,2,-60,[0,"96EVMO73dKo57s8ONa4vql"],[[8,"ad74fQPEsVKZ5s8WsgVQxrx","numberKeyBoardClicked","5",1]],[4,4292269782],-59,28,29,30,31]],[1,"056B4B6OFEt6+9vgMzFO/S",null,null,null,1,0],[1,115,32.5,0]],[3,"keyBoard6",33554432,2,[-66],[[2,-62,[0,"edERxQX0JFia/ndUeQqPEh"],[5,60,40]],[6,1,0,-63,[0,"642XJ64HJLEI2pM7DZiHx0"],32],[5,2,-65,[0,"8anX1dKqtCKL1zj4pr0fCu"],[[8,"ad74fQPEsVKZ5s8WsgVQxrx","numberKeyBoardClicked","6",1]],[4,4292269782],-64,33,34,35,36]],[1,"e9fLFJM4tIkIYzhdPX891P",null,null,null,1,0],[1,200,32.5,0]],[3,"keyBoard7",33554432,2,[-71],[[2,-67,[0,"79tg27DXhJyryrj+t/U81r"],[5,60,40]],[6,1,0,-68,[0,"869oLXji5IAKvNcpj8UXvf"],37],[5,2,-70,[0,"c0DH9k40FJyrpn3I4bnzDL"],[[8,"ad74fQPEsVKZ5s8WsgVQxrx","numberKeyBoardClicked","7",1]],[4,4292269782],-69,38,39,40,41]],[1,"25Ij41DTFEC5Zu8gInKwG0",null,null,null,1,0],[1,30,-32.5,0]],[3,"keyBoard8",33554432,2,[-76],[[2,-72,[0,"e0z2bU6sBMd6p/cGYwk967"],[5,60,40]],[6,1,0,-73,[0,"9f8ZRzh7VF7bUs0cOOYP/e"],42],[5,2,-75,[0,"516GzOIRBAv5hvgeCtkAnB"],[[8,"ad74fQPEsVKZ5s8WsgVQxrx","numberKeyBoardClicked","8",1]],[4,4292269782],-74,43,44,45,46]],[1,"33HENcidhIZYxlsq+WzVMs",null,null,null,1,0],[1,115,-32.5,0]],[3,"keyBoard9",33554432,2,[-81],[[2,-77,[0,"9effvNYx5NG67V8cUor8Ns"],[5,60,40]],[6,1,0,-78,[0,"7cRtdz2e9M/7aAG6ISZNXU"],47],[5,2,-80,[0,"83fTmyrbFMq7LuQhGuCLCj"],[[8,"ad74fQPEsVKZ5s8WsgVQxrx","numberKeyBoardClicked","9",1]],[4,4292269782],-79,48,49,50,51]],[1,"99l2VmKihCabJxDNagNF4t",null,null,null,1,0],[1,200,-32.5,0]],[3,"delectBoard",33554432,2,[-86],[[2,-82,[0,"f3F2V/wCxNyrjbgwcaQzQN"],[5,60,40]],[6,1,0,-83,[0,"74o01SXfNArJ6biqHkEHaC"],52],[5,2,-85,[0,"9eP04+NmdJLJ3l+btbZzvP"],[[11,"ad74fQPEsVKZ5s8WsgVQxrx","backBoardClicked",1]],[4,4292269782],-84,53,54,55,56]],[1,"d0pm1USYFCfpY+0tx0NtTi",null,null,null,1,0],[1,30,-97.5,0]],[3,"keyBoard0",33554432,2,[-91],[[2,-87,[0,"3b++AIK8FJMpdGm6xYqruZ"],[5,60,40]],[6,1,0,-88,[0,"77xlyMnK9MCYjjcjCvZ+gq"],57],[5,2,-90,[0,"e39MCp7XJDWLfhVrGh9XZE"],[[8,"ad74fQPEsVKZ5s8WsgVQxrx","numberKeyBoardClicked","0",1]],[4,4292269782],-89,58,59,60,61]],[1,"cdvD8lyAxM/J6vqv0enNKB",null,null,null,1,0],[1,115,-97.5,0]],[3,"sureBoard",33554432,2,[-96],[[2,-92,[0,"3b2IeznENC27s3DeyFZmkV"],[5,60,40]],[6,1,0,-93,[0,"64SVsyOw5NZIyEJaEBY9DI"],62],[5,2,-95,[0,"e8sAds/VxO0rQ3TLp+gqHG"],[[11,"ad74fQPEsVKZ5s8WsgVQxrx","confirmBoardClicked",1]],[4,4292269782],-94,63,64,65,66]],[1,"8bKgU8n3JJRKpbXsHYPKno",null,null,null,1,0],[1,200,-97.5,0]],[3,"sureButton",33554432,3,[-101],[[2,-97,[0,"02iTOYDyREXKcfT6HMiAat"],[5,400,50]],[28,1,-98,[0,"538M6vHg9ET50Q+lMo6Kl3"],67],[32,1,-100,[0,"46m8yLtSxJJ41UtB5xIyJu"],[[11,"ad74fQPEsVKZ5s8WsgVQxrx","confirmBoardClicked",1]],-99,68,69,70,71]],[1,"45Qanz64xOhYAh8i96BSxh",null,null,null,1,0],[1,0,-74.233,0]],[24,"EditBox",33554432,3,[-105,-106],[[[2,-102,[0,"9fIovDzs5NH5CPJZw1GIu8"],[5,300,40]],[29,1,0,-103,[0,"fceL4gXxVA7rL6p7m4d7oT"]],-104],4,4,1],[1,"00nBHw29dDB76tOyh+ISbZ",null,null,null,1,0],[1,-10.951,7.264,0]],[22,"mask",33554432,1,[[2,-107,[0,"e6CVus5XlInq2PybPkZJkB"],[5,720,1280]],[30,0,-108,[0,"a6iYlBTapA5LpKAQOVyI/l"],[4,2013265920],0],[33,-109,[0,"77191zvvVAR6bRzGGUVcTn"]],[15,45,720,1280,-110,[0,"6bswgBTV9ByoFYCMUVwADT"]]],[1,"96tYTrnLVPf40aCzTpnXdQ",null,null,null,1,0]],[10,"closeButton",33554432,3,[[2,-111,[0,"483wtftAFNpYP4wD3471yG"],[5,26,26]],[31,1,-112,[0,"cdNo9JxoxEm5BQUWG98fpA"],[4,4292269782],1],[5,1,-114,[0,"65p48Kz95O5YLSyy65wCMA"],[[11,"ad74fQPEsVKZ5s8WsgVQxrx","closePasswordPanel",1]],[4,4292269782],-113,2,3,4,5]],[1,"a1ULa2X3JDS5ZZlOlRW7KL",null,null,null,1,0],[1,291.184,82.823,0]],[3,"text_password",33554432,3,[-117],[[2,-115,[0,"66zXwfuvpAnKofMxLWCuzf"],[5,400,50]],[13,-116,[0,"1d33HwlGdCT4q/LWbYdGLM"],73]],[1,"39dTTEnAxJi5MQRmHfgjbx",null,null,null,1,0],[1,0,7.264,0]],[10,"title",33554432,3,[[9,-118,[0,"39bMpw3l5PjYxQrHxWfaFz"],[5,120,50.4],[0,0,0.5]],[16,"輸入房間密碼",0,20,20,-119,[0,"0f0qXweYFNuaFKEkOpYgEx"]]],[1,"23BSz164xDdLkzkDgdmDyA",null,null,null,1,0],[1,-77.43,81.7,0]],[10,"line",33554432,3,[[2,-120,[0,"9ddbvsBcRJnLfbEKI+eZaV"],[5,640,1]],[13,-121,[0,"e3DC/ACA5Itbx/DtDnlwpI"],6]],[1,"86pcDFY8RN6K6EFzJpdGMU",null,null,null,1,0],[1,-0.319,49.617,0]],[12,"tableName",false,33554432,3,[[[9,-122,[0,"3bEe/u1MlDgZ/7FxpX1Wg2"],[5,82.24609375,50.4],[0,0,0.5]],-123],4,1],[1,"b1sJHkaqBMPbDqJANwD/Sx",null,null,null,1,0],[1,0.21699999999998454,297.53600000000006,0]],[23,"inputTipLabel",false,33554432,3,[[2,-124,[0,"048i048FJCgrl4Jb32hJ+M"],[5,120,50.4]],[17,"請輸入密碼：",20,20,-125,[0,"48pAQdCvdF/YsAXWdC+uHZ"]]],[1,"db12h3wVZHnonIZxixyiq4",null,null,null,1,0],[1,-145.984,226.92200000000003,0]],[12,"inputLabel",false,33554432,3,[[[9,-126,[0,"fchfauT7BGl60LLuZubPXq"],[5,0,50.4],[0,0,0.5]],-127],4,1],[1,"0afMPO03NMa4elGQJtxEpg",null,null,null,1,0],[1,-79.363,226.92200000000003,0]],[4,"Label",512,33554432,4,[[2,-128,[0,"f8FBWLN65O7YUSuJxTWFHy"],[5,100,40]],[7,"1",20,20,1,false,-129,[0,"40Xr1X4+dFXpW/3ziKih8w"],[4,4278190080]]],[1,"e8sXw7RDpPjZSVF/NhoRbd",null,null,null,1,0]],[4,"Label",512,33554432,5,[[2,-130,[0,"42UHw4crlI5bm1/We6+rjm"],[5,100,40]],[7,"2",20,20,1,false,-131,[0,"a2h+5tLBVOnqShlOlK8blh"],[4,4278190080]]],[1,"8fCrilBzlFOoUngxQBnej3",null,null,null,1,0]],[4,"Label",512,33554432,6,[[2,-132,[0,"a2Z68eMmNGh5/7QusOrewn"],[5,100,40]],[7,"3",20,20,1,false,-133,[0,"76W7AtSEFKEaGUx71nDonR"],[4,4278190080]]],[1,"3c+eJ7h9hAaIQwp4ZW1e4Z",null,null,null,1,0]],[4,"Label",512,33554432,7,[[2,-134,[0,"cdD2N3bSZJD6Wjx7ue4AuN"],[5,100,40]],[7,"4",20,20,1,false,-135,[0,"28TDofCLROJojh5vkGiOTj"],[4,4278190080]]],[1,"d9fgBrL8lKJKnnSAzUbZ++",null,null,null,1,0]],[4,"Label",512,33554432,8,[[2,-136,[0,"cdR6oIJXVMX5m3IGE8F/yf"],[5,100,40]],[7,"5",20,20,1,false,-137,[0,"aejfpr0wVEPq4AGFYGm5iS"],[4,4278190080]]],[1,"76RTCZu9JD15fywoAgdV27",null,null,null,1,0]],[4,"Label",512,33554432,9,[[2,-138,[0,"5fkYK4VXJONa+oyEHcBV3W"],[5,100,40]],[7,"6",20,20,1,false,-139,[0,"bczPG2WfNMQopfa9y1eeXI"],[4,4278190080]]],[1,"6etWoN2YFPlKIfFD8ZDOk+",null,null,null,1,0]],[4,"Label",512,33554432,10,[[2,-140,[0,"64N8NIvmtC+rDt8tKoZBhY"],[5,100,40]],[7,"7",20,20,1,false,-141,[0,"44dY09bCZNB5fG1locE/hp"],[4,4278190080]]],[1,"a0frcPgnpBs4Ba8QW9nVKP",null,null,null,1,0]],[4,"Label",512,33554432,11,[[2,-142,[0,"ban/wqNbNBnaduGaV6GaeD"],[5,100,40]],[7,"8",20,20,1,false,-143,[0,"1500YwH0VKL66yfX/3zBYI"],[4,4278190080]]],[1,"04Z3LLFOdCtbWbY+DTp/jh",null,null,null,1,0]],[4,"Label",512,33554432,12,[[2,-144,[0,"fajaPQA6JIYJ3oppMTbgcV"],[5,100,40]],[7,"9",20,20,1,false,-145,[0,"d8QZEGv3JG553kn9daN8YC"],[4,4278190080]]],[1,"95msGtGc1CRpmQnPLE6AL2",null,null,null,1,0]],[4,"Label",512,33554432,13,[[2,-146,[0,"bcRgIG+VRDLYqnZn/24CgM"],[5,100,40]],[7,"回退",20,20,1,false,-147,[0,"93DIq1ksBDt4hFvs0r/Wqu"],[4,4278190080]]],[1,"e3/QfPbz9AXq+qq5oPw4an",null,null,null,1,0]],[4,"Label",512,33554432,14,[[2,-148,[0,"e4tfR88sxO3qjPN1wfplhi"],[5,100,40]],[7,"0",20,20,1,false,-149,[0,"004cJTSHBCaJgs8cekU8CX"],[4,4278190080]]],[1,"e4E0m7LZlIgLL9lFTcWITy",null,null,null,1,0]],[4,"Label",512,33554432,15,[[2,-150,[0,"feJajB0glDdK7Ksu80yCu9"],[5,100,40]],[7,"確認",20,20,1,false,-151,[0,"36XlwlQFhCYqtWm/cVY1Lt"],[4,4278190080]]],[1,"12BY5Y0v1HgY2D4cx9SEmd",null,null,null,1,0]],[4,"Label",512,33554432,16,[[2,-152,[0,"2aM+L2VGJNv4gJyr6LN0Zm"],[5,100,40]],[34,"進入",20,20,1,false,-153,[0,"a0lIei6M5K1Ydg3XIYLAzZ"]]],[1,"5cKOC2W65G16mMIO36yXuX",null,null,null,1,0]],[10,"icon_lock",33554432,20,[[2,-154,[0,"degUBUBktGnp+tQZBNsZcw"],[5,16,20]],[13,-155,[0,"a0SAcb0UhFHrfoBmPS9fA/"],72]],[1,"b7q0JlDJxMK7INZ0rOAlCy",null,null,null,1,0],[1,-180.299,0,0]],[12,"TEXT_LABEL",false,33554432,17,[[[9,-156,[0,"51iVOIm0lIXqxhSS4gwq4t"],[5,298,40],[0,0,1]],-157],4,1],[1,"b3KLtBTdVJWoeVgvWHCduA",null,null,null,1,0],[1,-148,20,0]],[14,"PLACEHOLDER_LABEL",33554432,17,[[[9,-158,[0,"f4cEWyOPxEL4p8FaEcdUcs"],[5,298,40],[0,0,1]],-159],4,1],[1,"979QsMI/ZIFL3FDhv8hT+0",null,null,null,1,0],[1,-148,20,0]],[14,"inputErrorLabel",33554432,3,[[[2,-160,[0,"482zrzpNZGEoeR+xI54Pw4"],[5,90,50.4]],-161],4,1],[1,"c5/Ex0wZ5Ac6yYkoRCUJP9",null,null,null,1,0],[1,-153.166,-32.219,0]],[16,"百家樂01",0,20,20,23,[0,"19SJYgfh5Beah3Poc6Lkzl"]],[17,"",20,20,25,[0,"18o4d81htPJreEJUN3iBK8"]],[35,"",0,40,20,1,false,40,[0,"e55SFO1glLYLxFDDaIDB53"]],[36,"請輸入6位數字密碼",0,20,20,1,false,41,[0,"0aQhFxUXdGcbltQysLRLMV"],[4,4290493371]],[38,2,6,17,[0,"0bzvSTTZFKXJBYNbrQ68t/"],45,46],[37,"密碼輸入錯誤",0,15,15,42,[0,"71MNqakOVHCaSXE0jGN49J"],[4,4278190318]]],0,[0,8,1,0,0,1,0,9,48,0,10,47,0,11,43,0,12,44,0,0,1,0,0,1,0,-1,18,0,-2,3,0,0,2,0,0,2,0,-1,4,0,-2,5,0,-3,6,0,-4,7,0,-5,8,0,-6,9,0,-7,10,0,-8,11,0,-9,12,0,-10,13,0,-11,14,0,-12,15,0,0,3,0,0,3,0,-1,19,0,-2,21,0,-3,22,0,-4,23,0,-5,24,0,-6,25,0,-8,16,0,-9,20,0,-10,17,0,-11,42,0,0,4,0,0,4,0,2,4,0,0,4,0,-1,26,0,0,5,0,0,5,0,2,5,0,0,5,0,-1,27,0,0,6,0,0,6,0,2,6,0,0,6,0,-1,28,0,0,7,0,0,7,0,2,7,0,0,7,0,-1,29,0,0,8,0,0,8,0,2,8,0,0,8,0,-1,30,0,0,9,0,0,9,0,2,9,0,0,9,0,-1,31,0,0,10,0,0,10,0,2,10,0,0,10,0,-1,32,0,0,11,0,0,11,0,2,11,0,0,11,0,-1,33,0,0,12,0,0,12,0,2,12,0,0,12,0,-1,34,0,0,13,0,0,13,0,2,13,0,0,13,0,-1,35,0,0,14,0,0,14,0,2,14,0,0,14,0,-1,36,0,0,15,0,0,15,0,2,15,0,0,15,0,-1,37,0,0,16,0,0,16,0,2,16,0,0,16,0,-1,38,0,0,17,0,0,17,0,-3,47,0,-1,40,0,-2,41,0,0,18,0,0,18,0,0,18,0,0,18,0,0,19,0,0,19,0,2,19,0,0,19,0,0,20,0,0,20,0,-1,39,0,0,21,0,0,21,0,0,22,0,0,22,0,0,23,0,-2,43,0,0,24,0,0,24,0,0,25,0,-2,44,0,0,26,0,0,26,0,0,27,0,0,27,0,0,28,0,0,28,0,0,29,0,0,29,0,0,30,0,0,30,0,0,31,0,0,31,0,0,32,0,0,32,0,0,33,0,0,33,0,0,34,0,0,34,0,0,35,0,0,35,0,0,36,0,0,36,0,0,37,0,0,37,0,0,38,0,0,38,0,0,39,0,0,39,0,0,40,0,-2,45,0,0,41,0,-2,46,0,0,42,0,-2,48,0,13,1,2,14,3,161],[0,0,0,0,0,0,0,0,0,0,0,0,0,0,0,0,0,0,0,0,0,0,0,0,0,0,0,0,0,0,0,0,0,0,0,0,0,0,0,0,0,0,0,0,0,0,0,0,0,0,0,0,0,0,0,0,0,0,0,0,0,0,0,0,0,0,0,0,0,0,0,0,0,0,0],[1,1,3,4,5,6,1,1,3,4,5,6,1,3,4,5,6,1,3,4,5,6,1,3,4,5,6,1,3,4,5,6,1,3,4,5,6,1,3,4,5,6,1,3,4,5,6,1,3,4,5,6,1,3,4,5,6,1,3,4,5,6,1,3,4,5,6,1,3,4,5,6,1,1,1],[7,3,3,0,1,2,8,0,0,0,1,2,0,0,0,1,2,0,0,0,1,2,0,0,0,1,2,0,0,0,1,2,0,0,0,1,2,0,0,0,1,2,0,0,0,1,2,0,0,0,1,2,0,0,0,1,2,0,0,0,1,2,0,0,0,1,2,9,0,0,1,2,10,11,12]],[[{"name":"btn_enter","rect":{"x":0,"y":0,"width":400,"height":50},"offset":{"x":0,"y":0},"originalSize":{"width":400,"height":50},"rotated":false,"capInsets":[0,0,0,0],"vertices":{"rawPosition":[-200,-25,0,200,-25,0,-200,25,0,200,25,0],"indexes":[0,1,2,2,1,3],"uv":[0,50,400,50,0,0,400,0],"nuv":[0,0,1,0,0,1,1,1],"minPos":{"x":-200,"y":-25,"z":0},"maxPos":{"x":200,"y":25,"z":0}},"packable":true,"pixelsToUnit":100,"pivot":{"x":0.5,"y":0.5},"meshType":0}],[3],0,[0],[7],[13]],[[{"name":"text_password","rect":{"x":0,"y":0,"width":400,"height":50},"offset":{"x":0,"y":0},"originalSize":{"width":400,"height":50},"rotated":false,"capInsets":[0,0,0,0],"vertices":{"rawPosition":[-200,-25,0,200,-25,0,-200,25,0,200,25,0],"indexes":[0,1,2,2,1,3],"uv":[0,50,400,50,0,0,400,0],"nuv":[0,0,1,0,0,1,1,1],"minPos":{"x":-200,"y":-25,"z":0},"maxPos":{"x":200,"y":25,"z":0}},"packable":true,"pixelsToUnit":100,"pivot":{"x":0.5,"y":0.5},"meshType":0}],[3],0,[0],[7],[14]]]]
