[1,["1480af858@6c48a"],["_textureSource"],["cc.SpriteFrame"],0,[[[{"name":"22","rect":{"x":254,"y":254,"width":529,"height":245},"offset":{"x":0,"y":0},"originalSize":{"width":793,"height":245},"rotated":false,"capInsets":[0,0,0,0],"packable":true,"pixelsToUnit":100,"pivot":{"x":0.5,"y":0.5},"meshType":0}],[0],0,[0],[0],[0]],[[{"name":"15","rect":{"x":254,"y":505,"width":469,"height":245},"offset":{"x":0,"y":0},"originalSize":{"width":793,"height":245},"rotated":true,"capInsets":[0,0,0,0],"packable":true,"pixelsToUnit":100,"pivot":{"x":0.5,"y":0.5},"meshType":0}],[0],0,[0],[0],[0]],[[{"name":"9","rect":{"x":505,"y":505,"width":469,"height":245},"offset":{"x":0,"y":0},"originalSize":{"width":793,"height":245},"rotated":false,"capInsets":[0,0,0,0],"packable":true,"pixelsToUnit":100,"pivot":{"x":0.5,"y":0.5},"meshType":0}],[0],0,[0],[0],[0]],[[{"name":"35","rect":{"x":566,"y":3,"width":408,"height":245},"offset":{"x":41.5,"y":0},"originalSize":{"width":793,"height":245},"rotated":false,"capInsets":[0,0,0,0],"packable":true,"pixelsToUnit":100,"pivot":{"x":0.5,"y":0.5},"meshType":0}],[0],0,[0],[0],[0]],[[{"name":"23","rect":{"x":505,"y":756,"width":469,"height":245},"offset":{"x":0,"y":0},"originalSize":{"width":793,"height":245},"rotated":false,"capInsets":[0,0,0,0],"packable":true,"pixelsToUnit":100,"pivot":{"x":0.5,"y":0.5},"meshType":0}],[0],0,[0],[0],[0]],[[{"name":"27","rect":{"x":3,"y":3,"width":557,"height":245},"offset":{"x":116,"y":0},"originalSize":{"width":793,"height":245},"rotated":false,"capInsets":[0,0,0,0],"packable":true,"pixelsToUnit":100,"pivot":{"x":0.5,"y":0.5},"meshType":0}],[0],0,[0],[0],[0]],[[{"name":"26","rect":{"x":3,"y":254,"width":557,"height":245},"offset":{"x":116,"y":0},"originalSize":{"width":793,"height":245},"rotated":true,"capInsets":[0,0,0,0],"packable":true,"pixelsToUnit":100,"pivot":{"x":0.5,"y":0.5},"meshType":0}],[0],0,[0],[0],[0]]]]
