[1,["134dba38f@6c48a"],["_textureSource"],["cc.SpriteFrame","cc.SpriteAtlas"],0,[[[{"name":"road_banker_small","rect":{"x":155,"y":753,"width":14,"height":14},"offset":{"x":0,"y":0},"originalSize":{"width":14,"height":14},"rotated":false,"capInsets":[0,0,0,0],"packable":true,"pixelsToUnit":100,"pivot":{"x":0.5,"y":0.5},"meshType":0}],[0],0,[0],[0],[0]],[[{"name":"pair_banker","rect":{"x":138,"y":773,"width":22,"height":22},"offset":{"x":0,"y":0},"originalSize":{"width":22,"height":22},"rotated":false,"capInsets":[0,0,0,0],"packable":true,"pixelsToUnit":100,"pivot":{"x":0.5,"y":0.5},"meshType":0}],[0],0,[0],[0],[0]],[[{"name":"road_ps_small","rect":{"x":175,"y":753,"width":14,"height":14},"offset":{"x":0,"y":0},"originalSize":{"width":14,"height":14},"rotated":false,"capInsets":[0,0,0,0],"packable":true,"pixelsToUnit":100,"pivot":{"x":0.5,"y":0.5},"meshType":0}],[0],0,[0],[0],[0]],[[{"name":"road_ps_big","rect":{"x":208,"y":725,"width":18,"height":19},"offset":{"x":0,"y":0},"originalSize":{"width":18,"height":19},"rotated":false,"capInsets":[0,0,0,0],"packable":true,"pixelsToUnit":100,"pivot":{"x":0.5,"y":0.5},"meshType":0}],[0],0,[0],[0],[0]],[[{"name":"auto-atlas","spriteFrames":["game_bg","d9bf77e7-b9f8-4427-a481-2923a8006ebc@f9941","clock_line","df093815-a26a-43c1-9660-283f41d8b018@f9941","game_label","323d9378-3251-4437-b298-fb0d790e66f0@f9941","road_tie_big","4f069b8c-2f69-4d2c-9b67-128d972ecfdc@f9941","road_player_big","c767abdd-512c-45d4-988a-12a6903fc0f1@f9941","clock_b","ef181aa5-5215-4b71-a272-1b38070c2be9@f9941","road_banker_big","e2638ccd-cc74-45fd-be4b-59d2d5b77ebe@f9941","pair_banker","12ed6d5f-301f-4937-994f-22ef4f3ceba3@f9941","road_pline_big","6d0addad-05ba-46f2-bdd0-8150b1e2aa45@f9941","road_bline_small","5c067174-55ab-4c75-8599-b549729ef59f@f9941","dot_tie","28c7e456-4420-4fac-9b90-647050b25636@f9941","piar_player","2a104f07-f147-4604-9b9c-0908bfd7c9ee@f9941","road_banker_small","02ff9972-74c4-40f2-8252-bad53321b41f@f9941","dot_player","520afefb-52ca-40a6-8031-40730b2de88f@f9941","road_ps_small","17d1f68f-baed-4cce-b9cf-0becf0f4d2ad@f9941","road_pline_small","e1d65a80-a189-41e9-8e27-dee9b0c37c0a@f9941","icon_player","7f975553-7c8f-4846-904e-8da60885d248@f9941","dot_banker","b8bd22fb-c967-46cf-8ecf-fc83dead804c@f9941","road_tie","9c1052cc-2712-4447-a21b-c823f319d9e6@f9941","road_player_small","29dd42ca-4900-4d3d-a1b4-76a8af859003@f9941","road_ps_big","1e11bee0-1694-4946-a373-2c40b2de0e0c@f9941","road_bs_small","76593fd9-61c1-46bb-a275-882d37c18365@f9941","road_bs_big","73d6ca6b-27a5-44aa-ad92-2adec2b660a3@f9941","road_bg","c44f51cb-1d91-46d3-9d43-e0f2cdec2016@f9941","photo_bg_ai","84832446-fc46-4a8b-892f-2e6c065469ae@f9941","photo_bg","c6007f86-16bc-4ef7-89ed-f297e2bbfe10@f9941"]}],[1],0,[],[],[]],[[{"name":"dot_tie","rect":{"x":155,"y":697,"width":22,"height":22},"offset":{"x":0,"y":0},"originalSize":{"width":22,"height":22},"rotated":false,"capInsets":[0,0,0,0],"packable":true,"pixelsToUnit":100,"pivot":{"x":0.5,"y":0.5},"meshType":0}],[0],0,[0],[0],[0]],[[{"name":"road_player_small","rect":{"x":195,"y":750,"width":14,"height":14},"offset":{"x":0,"y":0},"originalSize":{"width":14,"height":14},"rotated":false,"capInsets":[0,0,0,0],"packable":true,"pixelsToUnit":100,"pivot":{"x":0.5,"y":0.5},"meshType":0}],[0],0,[0],[0],[0]],[[{"name":"piar_player","rect":{"x":155,"y":725,"width":22,"height":22},"offset":{"x":0,"y":0},"originalSize":{"width":22,"height":22},"rotated":false,"capInsets":[0,0,0,0],"packable":true,"pixelsToUnit":100,"pivot":{"x":0.5,"y":0.5},"meshType":0}],[0],0,[0],[0],[0]],[[{"name":"game_label","rect":{"x":3,"y":773,"width":30,"height":30},"offset":{"x":0,"y":0},"originalSize":{"width":30,"height":30},"rotated":false,"capInsets":[3,3,3,3],"packable":true,"pixelsToUnit":100,"pivot":{"x":0.5,"y":0.5},"meshType":0}],[0],0,[0],[0],[0]],[[{"name":"road_tie_big","rect":{"x":39,"y":773,"width":27,"height":27},"offset":{"x":0,"y":0},"originalSize":{"width":27,"height":27},"rotated":false,"capInsets":[0,0,0,0],"packable":true,"pixelsToUnit":100,"pivot":{"x":0.5,"y":0.5},"meshType":0}],[0],0,[0],[0],[0]],[[{"name":"dot_player","rect":{"x":166,"y":773,"width":22,"height":22},"offset":{"x":0,"y":0},"originalSize":{"width":22,"height":22},"rotated":false,"capInsets":[0,0,0,0],"packable":true,"pixelsToUnit":100,"pivot":{"x":0.5,"y":0.5},"meshType":0}],[0],0,[0],[0],[0]],[[{"name":"road_bline_small","rect":{"x":155,"y":801,"width":10,"height":10},"offset":{"x":0,"y":0},"originalSize":{"width":10,"height":10},"rotated":false,"capInsets":[0,0,0,0],"packable":true,"pixelsToUnit":100,"pivot":{"x":0.5,"y":0.5},"meshType":0}],[0],0,[0],[0],[0]],[[{"name":"road_pline_big","rect":{"x":138,"y":801,"width":11,"height":11},"offset":{"x":0,"y":0},"originalSize":{"width":11,"height":11},"rotated":false,"capInsets":[0,0,0,0],"packable":true,"pixelsToUnit":100,"pivot":{"x":0.5,"y":0.5},"meshType":0}],[0],0,[0],[0],[0]],[[{"name":"road_bs_big","rect":{"x":211,"y":697,"width":18,"height":18},"offset":{"x":0,"y":0},"originalSize":{"width":18,"height":18},"rotated":false,"capInsets":[0,0,0,0],"packable":true,"pixelsToUnit":100,"pivot":{"x":0.5,"y":0.5},"meshType":0}],[0],0,[0],[0],[0]],[[{"name":"road_bs_small","rect":{"x":215,"y":750,"width":14,"height":14},"offset":{"x":0,"y":0},"originalSize":{"width":14,"height":14},"rotated":false,"capInsets":[0,0,0,0],"packable":true,"pixelsToUnit":100,"pivot":{"x":0.5,"y":0.5},"meshType":0}],[0],0,[0],[0],[0]],[[{"name":"icon_player","rect":{"x":194,"y":773,"width":22,"height":22},"offset":{"x":0,"y":0},"originalSize":{"width":24,"height":24},"rotated":false,"capInsets":[0,0,0,0],"packable":true,"pixelsToUnit":100,"pivot":{"x":0.5,"y":0.5},"meshType":0}],[0],0,[0],[0],[0]],[[{"name":"photo_bg_ai","rect":{"x":247,"y":523,"width":134,"height":170},"offset":{"x":0,"y":0},"originalSize":{"width":134,"height":170},"rotated":true,"capInsets":[0,0,0,0],"packable":true,"pixelsToUnit":100,"pivot":{"x":0.5,"y":0.5},"meshType":0}],[0],0,[0],[0],[0]],[[{"name":"road_tie","rect":{"x":183,"y":725,"width":19,"height":19},"offset":{"x":0,"y":0},"originalSize":{"width":19,"height":19},"rotated":false,"capInsets":[0,0,0,0],"packable":true,"pixelsToUnit":100,"pivot":{"x":0.5,"y":0.5},"meshType":0}],[0],0,[0],[0],[0]],[[{"name":"dot_banker","rect":{"x":183,"y":697,"width":22,"height":22},"offset":{"x":0,"y":0},"originalSize":{"width":22,"height":22},"rotated":false,"capInsets":[0,0,0,0],"packable":true,"pixelsToUnit":100,"pivot":{"x":0.5,"y":0.5},"meshType":0}],[0],0,[0],[0],[0]],[[{"name":"road_bg","rect":{"x":247,"y":3,"width":514,"height":170},"offset":{"x":0,"y":0},"originalSize":{"width":514,"height":170},"rotated":true,"capInsets":[0,0,0,0],"packable":true,"pixelsToUnit":100,"pivot":{"x":0.5,"y":0.5},"meshType":0}],[0],0,[0],[0],[0]],[[{"name":"photo_bg","rect":{"x":247,"y":663,"width":134,"height":170},"offset":{"x":0,"y":0},"originalSize":{"width":134,"height":170},"rotated":true,"capInsets":[0,0,0,0],"packable":true,"pixelsToUnit":100,"pivot":{"x":0.5,"y":0.5},"meshType":0}],[0],0,[0],[0],[0]],[[{"name":"road_player_big","rect":{"x":72,"y":773,"width":27,"height":27},"offset":{"x":0,"y":0},"originalSize":{"width":27,"height":27},"rotated":false,"capInsets":[0,0,0,0],"packable":true,"pixelsToUnit":100,"pivot":{"x":0.5,"y":0.5},"meshType":0}],[0],0,[0],[0],[0]],[[{"name":"game_bg","rect":{"x":3,"y":3,"width":688,"height":238},"offset":{"x":0,"y":0},"originalSize":{"width":688,"height":238},"rotated":true,"capInsets":[0,0,0,0],"packable":true,"pixelsToUnit":100,"pivot":{"x":0.5,"y":0.5},"meshType":0}],[0],0,[0],[0],[0]],[[{"name":"clock_line","rect":{"x":3,"y":697,"width":70,"height":70},"offset":{"x":0,"y":0},"originalSize":{"width":70,"height":70},"rotated":false,"capInsets":[0,0,0,0],"packable":true,"pixelsToUnit":100,"pivot":{"x":0.5,"y":0.5},"meshType":0}],[0],0,[0],[0],[0]],[[{"name":"road_pline_small","rect":{"x":171,"y":801,"width":10,"height":10},"offset":{"x":0,"y":0},"originalSize":{"width":10,"height":10},"rotated":false,"capInsets":[0,0,0,0],"packable":true,"pixelsToUnit":100,"pivot":{"x":0.5,"y":0.5},"meshType":0}],[0],0,[0],[0],[0]],[[{"name":"road_banker_big","rect":{"x":105,"y":773,"width":27,"height":27},"offset":{"x":0,"y":0},"originalSize":{"width":27,"height":27},"rotated":false,"capInsets":[0,0,0,0],"packable":true,"pixelsToUnit":100,"pivot":{"x":0.5,"y":0.5},"meshType":0}],[0],0,[0],[0],[0]],[[{"name":"clock_b","rect":{"x":79,"y":697,"width":70,"height":70},"offset":{"x":0,"y":0},"originalSize":{"width":70,"height":70},"rotated":false,"capInsets":[0,0,0,0],"packable":true,"pixelsToUnit":100,"pivot":{"x":0.5,"y":0.5},"meshType":0}],[0],0,[0],[0],[0]]]]
