[1,["a5ykf2/tJN6YGHsiDdQKFF@6c48a"],0,[["sp.SkeletonData",["_name","_atlasText","textureNames","_skeletonJson","textures"],-1,3]],[[0,0,1,2,3,4,5]],[[0,"fudai","\nfudai.png\nsize: 1846,1846\nformat: RGBA4444\nfilter: Linear,Linear\nrepeat: none\n福袋噴錢-animation_00\n  rotate: false\n  xy: 808, 37\n  size: 217, 249\n  orig: 350, 350\n  offset: 63, 23\n  index: -1\n福袋噴錢-animation_01\n  rotate: false\n  xy: 331, 12\n  size: 218, 231\n  orig: 350, 350\n  offset: 63, 23\n  index: -1\n福袋噴錢-animation_02\n  rotate: true\n  xy: 1403, 353\n  size: 218, 198\n  orig: 350, 350\n  offset: 63, 23\n  index: -1\n福袋噴錢-animation_03\n  rotate: false\n  xy: 1603, 259\n  size: 218, 183\n  orig: 350, 350\n  offset: 63, 23\n  index: -1\n福袋噴錢-animation_04\n  rotate: true\n  xy: 1027, 98\n  size: 218, 177\n  orig: 350, 350\n  offset: 63, 23\n  index: -1\n福袋噴錢-animation_05\n  rotate: true\n  xy: 1422, 133\n  size: 218, 175\n  orig: 350, 350\n  offset: 63, 23\n  index: -1\n福袋噴錢-animation_06\n  rotate: false\n  xy: 1599, 70\n  size: 216, 187\n  orig: 350, 350\n  offset: 64, 23\n  index: -1\n福袋噴錢-animation_07\n  rotate: false\n  xy: 1206, 130\n  size: 214, 214\n  orig: 350, 350\n  offset: 65, 23\n  index: -1\n福袋噴錢-animation_08\n  rotate: true\n  xy: 1597, 1634\n  size: 210, 247\n  orig: 350, 350\n  offset: 67, 23\n  index: -1\n福袋噴錢-animation_09\n  rotate: false\n  xy: 933, 318\n  size: 208, 276\n  orig: 350, 350\n  offset: 68, 22\n  index: -1\n福袋噴錢-animation_10\n  rotate: true\n  xy: 1557, 664\n  size: 207, 287\n  orig: 350, 350\n  offset: 68, 22\n  index: -1\n福袋噴錢-animation_11\n  rotate: true\n  xy: 1195, 573\n  size: 208, 309\n  orig: 350, 350\n  offset: 68, 22\n  index: -1\n福袋噴錢-animation_12\n  rotate: true\n  xy: 2, 16\n  size: 227, 327\n  orig: 350, 350\n  offset: 50, 23\n  index: -1\n福袋噴錢-animation_13\n  rotate: true\n  xy: 914, 865\n  size: 214, 324\n  orig: 350, 350\n  offset: 65, 23\n  index: -1\n福袋噴錢-animation_14\n  rotate: false\n  xy: 271, 245\n  size: 216, 327\n  orig: 350, 350\n  offset: 64, 23\n  index: -1\n福袋噴錢-animation_15\n  rotate: true\n  xy: 324, 977\n  size: 218, 316\n  orig: 350, 350\n  offset: 63, 23\n  index: -1\n福袋噴錢-animation_16\n  rotate: false\n  xy: 1603, 444\n  size: 218, 218\n  orig: 350, 350\n  offset: 63, 23\n  index: -1\n福袋噴錢-animation_17\n  rotate: true\n  xy: 1600, 1195\n  size: 218, 230\n  orig: 350, 350\n  offset: 63, 23\n  index: -1\n福袋噴錢-animation_18\n  rotate: true\n  xy: 1600, 1415\n  size: 217, 244\n  orig: 350, 350\n  offset: 63, 23\n  index: -1\n福袋噴錢-animation_19\n  rotate: false\n  xy: 489, 245\n  size: 217, 327\n  orig: 350, 350\n  offset: 63, 23\n  index: -1\n福袋噴錢-animation_20\n  rotate: true\n  xy: 947, 1350\n  size: 220, 327\n  orig: 350, 350\n  offset: 60, 23\n  index: -1\n福袋噴錢-animation_21\n  rotate: false\n  xy: 708, 288\n  size: 223, 306\n  orig: 350, 350\n  offset: 57, 23\n  index: -1\n福袋噴錢-animation_22\n  rotate: true\n  xy: 1143, 346\n  size: 225, 258\n  orig: 350, 350\n  offset: 55, 23\n  index: -1\n福袋噴錢-animation_23\n  rotate: true\n  xy: 551, 10\n  size: 233, 255\n  orig: 350, 350\n  offset: 47, 23\n  index: -1\n福袋噴錢-animation_24\n  rotate: false\n  xy: 647, 1517\n  size: 298, 327\n  orig: 350, 350\n  offset: 42, 23\n  index: -1\n福袋噴錢-animation_25\n  rotate: false\n  xy: 324, 1517\n  size: 321, 327\n  orig: 350, 350\n  offset: 27, 23\n  index: -1\n福袋噴錢-animation_26\n  rotate: false\n  xy: 2, 899\n  size: 318, 280\n  orig: 350, 350\n  offset: 32, 23\n  index: -1\n福袋噴錢-animation_27\n  rotate: false\n  xy: 1240, 783\n  size: 315, 257\n  orig: 350, 350\n  offset: 35, 15\n  index: -1\n福袋噴錢-animation_28\n  rotate: false\n  xy: 2, 1181\n  size: 320, 326\n  orig: 350, 350\n  offset: 30, 15\n  index: -1\n福袋噴錢-animation_29\n  rotate: false\n  xy: 1276, 1301\n  size: 322, 269\n  orig: 350, 350\n  offset: 28, 15\n  index: -1\n福袋噴錢-animation_30\n  rotate: false\n  xy: 2, 1509\n  size: 320, 335\n  orig: 350, 350\n  offset: 28, 15\n  index: -1\n福袋噴錢-animation_31\n  rotate: false\n  xy: 324, 1197\n  size: 320, 318\n  orig: 350, 350\n  offset: 28, 15\n  index: -1\n福袋噴錢-animation_32\n  rotate: true\n  xy: 1571, 873\n  size: 320, 260\n  orig: 350, 350\n  offset: 28, 15\n  index: -1\n福袋噴錢-animation_33\n  rotate: false\n  xy: 1245, 1042\n  size: 324, 257\n  orig: 350, 350\n  offset: 24, 15\n  index: -1\n福袋噴錢-animation_34\n  rotate: true\n  xy: 2, 245\n  size: 327, 267\n  orig: 350, 350\n  offset: 21, 5\n  index: -1\n福袋噴錢-animation_35\n  rotate: false\n  xy: 918, 1081\n  size: 325, 267\n  orig: 350, 350\n  offset: 23, 5\n  index: -1\n福袋噴錢-animation_36\n  rotate: true\n  xy: 646, 1192\n  size: 323, 270\n  orig: 350, 350\n  offset: 25, 2\n  index: -1\n福袋噴錢-animation_37\n  rotate: false\n  xy: 947, 1572\n  size: 323, 272\n  orig: 350, 350\n  offset: 25, 0\n  index: -1\n福袋噴錢-animation_38\n  rotate: true\n  xy: 2, 574\n  size: 323, 272\n  orig: 350, 350\n  offset: 25, 0\n  index: -1\n福袋噴錢-animation_39\n  rotate: false\n  xy: 1272, 1572\n  size: 323, 272\n  orig: 350, 350\n  offset: 25, 0\n  index: -1\n福袋噴錢-animation_40\n  rotate: true\n  xy: 642, 867\n  size: 323, 270\n  orig: 350, 350\n  offset: 25, 2\n  index: -1\n福袋噴錢-animation_41\n  rotate: false\n  xy: 545, 598\n  size: 323, 267\n  orig: 350, 350\n  offset: 25, 5\n  index: -1\n福袋噴錢-animation_42\n  rotate: false\n  xy: 870, 596\n  size: 323, 267\n  orig: 350, 350\n  offset: 25, 5\n  index: -1\n福袋噴錢-animation_43\n  rotate: true\n  xy: 276, 574\n  size: 323, 267\n  orig: 350, 350\n  offset: 25, 5\n  index: -1\n",["fudai.png"],{"skeleton":{"hash":"IhjGbMqD43cFc2V05BrUgTqqgEI","spine":"3.8.99","x":-250,"y":-250,"width":500,"height":500,"images":"./連續圖/","audio":""},"bones":[{"name":"root"}],"slots":[{"name":"福袋噴錢-animation_00","bone":"root","attachment":"福袋噴錢-animation_43"}],"skins":[{"name":"default","attachments":{"福袋噴錢-animation_00":{"福袋噴錢-animation_00":{"width":500,"height":500},"福袋噴錢-animation_01":{"width":500,"height":500},"福袋噴錢-animation_02":{"width":500,"height":500},"福袋噴錢-animation_03":{"width":500,"height":500},"福袋噴錢-animation_04":{"width":500,"height":500},"福袋噴錢-animation_05":{"width":500,"height":500},"福袋噴錢-animation_06":{"width":500,"height":500},"福袋噴錢-animation_07":{"width":500,"height":500},"福袋噴錢-animation_08":{"width":500,"height":500},"福袋噴錢-animation_09":{"width":500,"height":500},"福袋噴錢-animation_10":{"width":500,"height":500},"福袋噴錢-animation_11":{"width":500,"height":500},"福袋噴錢-animation_12":{"width":500,"height":500},"福袋噴錢-animation_13":{"width":500,"height":500},"福袋噴錢-animation_14":{"width":500,"height":500},"福袋噴錢-animation_15":{"width":500,"height":500},"福袋噴錢-animation_16":{"width":500,"height":500},"福袋噴錢-animation_17":{"width":500,"height":500},"福袋噴錢-animation_18":{"width":500,"height":500},"福袋噴錢-animation_19":{"width":500,"height":500},"福袋噴錢-animation_20":{"width":500,"height":500},"福袋噴錢-animation_21":{"width":500,"height":500},"福袋噴錢-animation_22":{"width":500,"height":500},"福袋噴錢-animation_23":{"width":500,"height":500},"福袋噴錢-animation_24":{"width":500,"height":500},"福袋噴錢-animation_25":{"width":500,"height":500},"福袋噴錢-animation_26":{"width":500,"height":500},"福袋噴錢-animation_27":{"width":500,"height":500},"福袋噴錢-animation_28":{"width":500,"height":500},"福袋噴錢-animation_29":{"width":500,"height":500},"福袋噴錢-animation_30":{"width":500,"height":500},"福袋噴錢-animation_31":{"width":500,"height":500},"福袋噴錢-animation_32":{"width":500,"height":500},"福袋噴錢-animation_33":{"width":500,"height":500},"福袋噴錢-animation_34":{"width":500,"height":500},"福袋噴錢-animation_35":{"width":500,"height":500},"福袋噴錢-animation_36":{"width":500,"height":500},"福袋噴錢-animation_37":{"width":500,"height":500},"福袋噴錢-animation_38":{"width":500,"height":500},"福袋噴錢-animation_39":{"width":500,"height":500},"福袋噴錢-animation_40":{"width":500,"height":500},"福袋噴錢-animation_41":{"width":500,"height":500},"福袋噴錢-animation_42":{"width":500,"height":500},"福袋噴錢-animation_43":{"width":500,"height":500}}}}],"animations":{"animation":{"slots":{"福袋噴錢-animation_00":{"attachment":[{"name":"福袋噴錢-animation_00"},{"time":0.0333,"name":"福袋噴錢-animation_01"},{"time":0.0667,"name":"福袋噴錢-animation_02"},{"time":0.1,"name":"福袋噴錢-animation_03"},{"time":0.1333,"name":"福袋噴錢-animation_04"},{"time":0.1667,"name":"福袋噴錢-animation_05"},{"time":0.2,"name":"福袋噴錢-animation_06"},{"time":0.2333,"name":"福袋噴錢-animation_07"},{"time":0.2667,"name":"福袋噴錢-animation_08"},{"time":0.3,"name":"福袋噴錢-animation_09"},{"time":0.3333,"name":"福袋噴錢-animation_10"},{"time":0.3667,"name":"福袋噴錢-animation_11"},{"time":0.4,"name":"福袋噴錢-animation_12"},{"time":0.4333,"name":"福袋噴錢-animation_13"},{"time":0.4667,"name":"福袋噴錢-animation_14"},{"time":0.5,"name":"福袋噴錢-animation_15"},{"time":0.5333,"name":"福袋噴錢-animation_16"},{"time":0.5667,"name":"福袋噴錢-animation_17"},{"time":0.6,"name":"福袋噴錢-animation_18"},{"time":0.6333,"name":"福袋噴錢-animation_19"},{"time":0.6667,"name":"福袋噴錢-animation_20"},{"time":0.7,"name":"福袋噴錢-animation_21"},{"time":0.7333,"name":"福袋噴錢-animation_22"},{"time":0.7667,"name":"福袋噴錢-animation_23"},{"time":0.8,"name":"福袋噴錢-animation_24"},{"time":0.8333,"name":"福袋噴錢-animation_25"},{"time":0.8667,"name":"福袋噴錢-animation_26"},{"time":0.9,"name":"福袋噴錢-animation_27"},{"time":0.9333,"name":"福袋噴錢-animation_28"},{"time":0.9667,"name":"福袋噴錢-animation_29"},{"time":1,"name":"福袋噴錢-animation_30"},{"time":1.0333,"name":"福袋噴錢-animation_31"},{"time":1.0667,"name":"福袋噴錢-animation_32"},{"time":1.1,"name":"福袋噴錢-animation_33"},{"time":1.1333,"name":"福袋噴錢-animation_34"},{"time":1.1667,"name":"福袋噴錢-animation_35"},{"time":1.2,"name":"福袋噴錢-animation_36"},{"time":1.2333,"name":"福袋噴錢-animation_37"},{"time":1.2667,"name":"福袋噴錢-animation_38"},{"time":1.3,"name":"福袋噴錢-animation_39"},{"time":1.3333,"name":"福袋噴錢-animation_40"},{"time":1.3667,"name":"福袋噴錢-animation_41"},{"time":1.4,"name":"福袋噴錢-animation_42"},{"time":1.4333,"name":"福袋噴錢-animation_43"}]}}}}},[0]]],0,0,[0],[-1],[0]]
