[1,["8af7fa8c-bf4a-430b-a6af-885cd31b352c@f9941","edff0538-6f4f-420c-af07-74f6a8e137a3@f9941","29f6512a-d0ce-4e81-a53d-14ab78b1d506@f9941","d4fe1e78-e29e-4871-bb37-e1ce9f11e0cb@f9941","7d8f9b89-4fd1-4c9f-a3ab-38ec7cded7ca@f9941","20633525-da7f-4d43-859d-b780895cb33b@f9941","890ab645-e10e-4a88-8a3d-906be6c2dd47@f9941","b518e585-af10-40cd-a860-9cb70a635623@f9941","132d9e88-ebbc-4342-85f4-0bd21b810664@f9941","132d9e88-ebbc-4342-85f4-0bd21b810664@6c48a","20633525-da7f-4d43-859d-b780895cb33b@6c48a","20835ba4-6145-4fbc-a58a-051ce700aa3e@6c48a","29f6512a-d0ce-4e81-a53d-14ab78b1d506@6c48a","39dc2763-ad77-44fd-a8eb-097f2d35c254@6c48a","544e49d6-3f05-4fa8-9a9e-091f98fc2ce8@6c48a","7d8f9b89-4fd1-4c9f-a3ab-38ec7cded7ca@6c48a","890ab645-e10e-4a88-8a3d-906be6c2dd47@6c48a","8af7fa8c-bf4a-430b-a6af-885cd31b352c@6c48a","951249e0-9f16-456d-8b85-a6ca954da16b@6c48a","20835ba4-6145-4fbc-a58a-051ce700aa3e@f9941","544e49d6-3f05-4fa8-9a9e-091f98fc2ce8@f9941","951249e0-9f16-456d-8b85-a6ca954da16b@f9941","39dc2763-ad77-44fd-a8eb-097f2d35c254@f9941","b518e585-af10-40cd-a860-9cb70a635623@6c48a","d4fe1e78-e29e-4871-bb37-e1ce9f11e0cb@6c48a","edff0538-6f4f-420c-af07-74f6a8e137a3@6c48a"],["node","_spriteFrame","_textureSource","_target","root","liveSoundToggle","soundSlider","soundProgressBar","soundToggle","musicSlider","musicProgressBar","musicToggle","data","_normalSprite","_hoverSprite","_pressedSprite","_disabledSprite"],["cc.SpriteFrame",["cc.Sprite",["_type","_sizeMode","node","__prefab","_spriteFrame","_color"],1,1,4,6,5],["cc.Node",["_name","_layer","_components","_prefab","_parent","_children","_lpos"],1,9,4,1,2,5],["cc.Node",["_name","_layer","_parent","_components","_prefab","_children","_lpos"],1,1,12,4,2,5],["cc.UITransform",["node","__prefab","_contentSize","_anchorPoint"],3,1,4,5,5],["cc.Button",["_transition","node","__prefab","_normalColor","_target","clickEvents","_normalSprite","_hoverSprite","_pressedSprite","_disabledSprite"],2,1,4,5,1,9,6,6,6,6],["cc.ClickEvent",["_componentId","handler","customEventData","target"],0,1],["cc.Prefab",["_name"],2],["cc.CompPrefabInfo",["fileId"],2],["f2329dT2X5KH610Jtr8/BnR",["node","__prefab","musicToggle","musicProgressBar","musicSlider","soundToggle","soundProgressBar","soundSlider","liveSoundToggle"],3,1,4,1,1,1,1,1,1,1],["cc.PrefabInfo",["fileId","instance","targetOverrides","nestedPrefabInstanceRoots","root","asset"],-1,1,1],["cc.Widget",["_alignFlags","node","__prefab"],2,1,4],["cc.BlockInputEvents",["node","__prefab"],3,1,4],["cc.Label",["_string","_actualFontSize","_fontSize","node","__prefab"],0,1,4],["cc.Toggle",["node","__prefab","clickEvents","_normalColor","_target","_checkMark"],3,1,4,9,5,1,1],["cc.ProgressBar",["_totalLength","_progress","node","__prefab","_barSprite"],1,1,4,1],["cc.Slider",["_progress","node","__prefab","slideEvents","_handle"],2,1,4,9,1]],[[8,0,2],[10,0,1,2,3,4,5,5],[4,0,1,2,1],[2,0,1,4,2,3,6,3],[1,2,3,4,1],[3,0,1,2,5,3,4,6,3],[1,2,3,1],[6,0,1,2,3,4],[3,0,1,2,3,4,6,3],[1,0,1,2,3,3],[13,0,1,2,3,4,4],[3,0,1,2,5,3,4,3],[14,0,1,2,3,4,5,1],[4,0,1,2,3,1],[1,1,2,3,5,4,2],[1,0,2,3,4,2],[5,1,2,3,4,1],[15,0,1,2,3,4,3],[16,0,1,2,3,4,2],[7,0,2],[2,0,1,5,2,3,3],[2,0,1,4,5,2,3,6,3],[2,0,1,4,2,3,3],[9,0,1,2,3,4,5,6,7,8,1],[1,0,2,3,5,4,2],[11,0,1,2,2],[5,0,1,2,5,3,4,6,7,8,9,2],[6,0,1,3,3],[12,0,1,1]],[[[{"name":"control_dot_a_2","rect":{"x":0,"y":0,"width":14,"height":14},"offset":{"x":0,"y":0},"originalSize":{"width":14,"height":14},"rotated":false,"capInsets":[0,0,0,0],"vertices":{"rawPosition":[-7,-7,0,7,-7,0,-7,7,0,7,7,0],"indexes":[0,1,2,2,1,3],"uv":[0,14,14,14,0,0,14,0],"nuv":[0,0,1,0,0,1,1,1],"minPos":{"x":-7,"y":-7,"z":0},"maxPos":{"x":7,"y":7,"z":0}},"packable":true,"pixelsToUnit":100,"pivot":{"x":0.5,"y":0.5},"meshType":0}],[0],0,[0],[2],[9]],[[{"name":"x-close","rect":{"x":11,"y":11,"width":26,"height":26},"offset":{"x":0,"y":0},"originalSize":{"width":48,"height":48},"rotated":false,"capInsets":[0,0,0,0],"vertices":{"rawPosition":[-13,-13,0,13,-13,0,-13,13,0,13,13,0],"indexes":[0,1,2,2,1,3],"uv":[11,37,37,37,11,11,37,11],"nuv":[0.22916666666666666,0.22916666666666666,0.7708333333333334,0.22916666666666666,0.22916666666666666,0.7708333333333334,0.7708333333333334,0.7708333333333334],"minPos":{"x":-13,"y":-13,"z":0},"maxPos":{"x":13,"y":13,"z":0}},"packable":true,"pixelsToUnit":100,"pivot":{"x":0.5,"y":0.5},"meshType":0}],[0],0,[0],[2],[10]],[[{"name":"default_btn_normal","rect":{"x":0,"y":0,"width":40,"height":40},"offset":{"x":0,"y":0},"originalSize":{"width":40,"height":40},"rotated":false,"capInsets":[12,12,12,12],"vertices":{"rawPosition":[-20,-20,0,20,-20,0,-20,20,0,20,20,0],"indexes":[0,1,2,2,1,3],"uv":[0,40,40,40,0,0,40,0],"nuv":[0,0,1,0,0,1,1,1],"minPos":{"x":-20,"y":-20,"z":0},"maxPos":{"x":20,"y":20,"z":0}},"packable":true,"pixelsToUnit":100,"pivot":{"x":0.5,"y":0.5},"meshType":0}],[0],0,[0],[2],[11]],[[{"name":"control_bg","rect":{"x":0,"y":0,"width":80,"height":42},"offset":{"x":0,"y":0},"originalSize":{"width":80,"height":42},"rotated":false,"capInsets":[0,0,0,0],"vertices":{"rawPosition":[-40,-21,0,40,-21,0,-40,21,0,40,21,0],"indexes":[0,1,2,2,1,3],"uv":[0,42,80,42,0,0,80,0],"nuv":[0,0,1,0,0,1,1,1],"minPos":{"x":-40,"y":-21,"z":0},"maxPos":{"x":40,"y":21,"z":0}},"packable":true,"pixelsToUnit":100,"pivot":{"x":0.5,"y":0.5},"meshType":0}],[0],0,[0],[2],[12]],[[{"name":"line","rect":{"x":0,"y":0,"width":540,"height":1},"offset":{"x":0,"y":0},"originalSize":{"width":540,"height":1},"rotated":false,"capInsets":[0,0,0,0],"vertices":{"rawPosition":[-270,-0.5,0,270,-0.5,0,-270,0.5,0,270,0.5,0],"indexes":[0,1,2,2,1,3],"uv":[0,1,540,1,0,0,540,0],"nuv":[0,0,1,0,0,1,1,1],"minPos":{"x":-270,"y":-0.5,"z":0},"maxPos":{"x":270,"y":0.5,"z":0}},"packable":true,"pixelsToUnit":100,"pivot":{"x":0.5,"y":0.5},"meshType":0}],[0],0,[0],[2],[13]],[[{"name":"default_btn_pressed","rect":{"x":0,"y":0,"width":40,"height":40},"offset":{"x":0,"y":0},"originalSize":{"width":40,"height":40},"rotated":false,"capInsets":[12,12,12,12],"vertices":{"rawPosition":[-20,-20,0,20,-20,0,-20,20,0,20,20,0],"indexes":[0,1,2,2,1,3],"uv":[0,40,40,40,0,0,40,0],"nuv":[0,0,1,0,0,1,1,1],"minPos":{"x":-20,"y":-20,"z":0},"maxPos":{"x":20,"y":20,"z":0}},"packable":true,"pixelsToUnit":100,"pivot":{"x":0.5,"y":0.5},"meshType":0}],[0],0,[0],[2],[14]],[[{"name":"default_sprite_splash","rect":{"x":0,"y":0,"width":2,"height":2},"offset":{"x":0,"y":0},"originalSize":{"width":2,"height":2},"rotated":false,"capInsets":[0,0,0,0],"vertices":{"rawPosition":[-1,-1,0,1,-1,0,-1,1,0,1,1,0],"indexes":[0,1,2,2,1,3],"uv":[0,2,2,2,0,0,2,0],"nuv":[0,0,1,0,0,1,1,1],"minPos":{"x":-1,"y":-1,"z":0},"maxPos":{"x":1,"y":1,"z":0}},"packable":true,"pixelsToUnit":100,"pivot":{"x":0.5,"y":0.5},"meshType":0}],[0],0,[0],[2],[15]],[[{"name":"control_line","rect":{"x":0,"y":0,"width":420,"height":4},"offset":{"x":0,"y":0},"originalSize":{"width":420,"height":4},"rotated":false,"capInsets":[0,0,0,0],"vertices":{"rawPosition":[-210,-2,0,210,-2,0,-210,2,0,210,2,0],"indexes":[0,1,2,2,1,3],"uv":[0,4,420,4,0,0,420,0],"nuv":[0,0,1,0,0,1,1,1],"minPos":{"x":-210,"y":-2,"z":0},"maxPos":{"x":210,"y":2,"z":0}},"packable":true,"pixelsToUnit":100,"pivot":{"x":0.5,"y":0.5},"meshType":0}],[0],0,[0],[2],[16]],[[{"name":"control_dot","rect":{"x":0,"y":0,"width":34,"height":34},"offset":{"x":0,"y":0},"originalSize":{"width":34,"height":34},"rotated":false,"capInsets":[0,0,0,0],"vertices":{"rawPosition":[-17,-17,0,17,-17,0,-17,17,0,17,17,0],"indexes":[0,1,2,2,1,3],"uv":[0,34,34,34,0,0,34,0],"nuv":[0,0,1,0,0,1,1,1],"minPos":{"x":-17,"y":-17,"z":0},"maxPos":{"x":17,"y":17,"z":0}},"packable":true,"pixelsToUnit":100,"pivot":{"x":0.5,"y":0.5},"meshType":0}],[0],0,[0],[2],[17]],[[{"name":"default_btn_disabled","rect":{"x":0,"y":0,"width":40,"height":40},"offset":{"x":0,"y":0},"originalSize":{"width":40,"height":40},"rotated":false,"capInsets":[12,12,12,12],"vertices":{"rawPosition":[-20,-20,0,20,-20,0,-20,20,0,20,20,0],"indexes":[0,1,2,2,1,3],"uv":[0,40,40,40,0,0,40,0],"nuv":[0,0,1,0,0,1,1,1],"minPos":{"x":-20,"y":-20,"z":0},"maxPos":{"x":20,"y":20,"z":0}},"packable":true,"pixelsToUnit":100,"pivot":{"x":0.5,"y":0.5},"meshType":0}],[0],0,[0],[2],[18]],[[[19,"soundSettingView"],[20,"soundSettingView",33554432,[-11,-12],[[2,-2,[0,"d1/sTad3FAar6ZKRvbabxr"],[5,720,1280]],[23,-10,[0,"60t4rcAv9GL4Lib4KksjWc"],-9,-8,-7,-6,-5,-4,-3]],[1,"63Aa9IaAdFpaG1nqNagls8",null,null,null,-1,0]],[21,"bg",33554432,1,[-16,-17,-18,-19,-20,-21,-22,-23,-24,-25,-26,-27,-28],[[2,-13,[0,"a3KlNgM0BDyKYZ++MFfT+o"],[5,540,1280]],[14,0,-14,[0,"c3okokJtlGsJVl7iVcwqJO"],[4,4279440147],18],[25,32,-15,[0,"d9cTE1n0RE67HUyCqQ9/0C"]]],[1,"fdsvrcc55IlKeJO/v5g/lB",null,null,null,1,0],[1,90,0,0]],[5,"liveSoundToggle",33554432,2,[-32,-33],[[[2,-29,[0,"66k7IUrWlNIZZWmRPPLEUW"],[5,80,42]],[4,-30,[0,"d5bDjrcyhMT7McMDAOe0IP"],9],-31],4,4,1],[1,"8d4qQIYMtEY60EhEpIm2bd",null,null,null,1,0],[1,161.244,480.804,0]],[5,"musicToggle",33554432,2,[-37,-38],[[[2,-34,[0,"34zKNGuFpD5rpG4zDNKGLw"],[5,80,42]],[4,-35,[0,"5fUKlx03RMBpYGIAxdFNQk"],12],-36],4,4,1],[1,"8eb3Czfk1KvatAo1XUX6Mu",null,null,null,1,0],[1,158.598,348.914,0]],[5,"soundToggle",33554432,2,[-42,-43],[[[2,-39,[0,"faF+ziodxKF7pMY5uGU2h8"],[5,80,42]],[4,-40,[0,"5fpVRbA+tJWIC23GZmUkVK"],15],-41],4,4,1],[1,"a1BVAA0Q1KgZtdsEzg7m0g",null,null,null,1,0],[1,160.92,216.086,0]],[3,"closeButton",33554432,2,[[2,-44,[0,"469vD9i6hCpL9eX2clXBjx"],[5,26,26]],[24,1,-45,[0,"cdFCfPmUJBhKM7zlGt6Qhd"],[4,4292269782],1],[26,1,-47,[0,"faFd45PqpAbpfbJJHQ3ci7"],[[27,"f2329dT2X5KH610Jtr8/BnR","close",1]],[4,4292269782],-46,2,3,4,5]],[1,"31SEErTtRImJFvbbNIZ2NV",null,null,null,1,0],[1,221.598,600.791,0]],[5,"musicProgressBar",33554432,2,[-51],[[[2,-48,[0,"8fXw3T9aZDFZgvA2H5c2u1"],[5,420,4]],[15,1,-49,[0,"e5pCv+6R1CO6WsrHpWlLfB"],16],-50],4,4,1],[1,"63I84X7yJIEqMMNshsX051",null,null,null,1,0],[1,-7.674,293.935,0]],[5,"musicSlider",33554432,2,[-55],[[[2,-52,[0,"33tbSur7ZFQ4XFHA//zF2F"],[5,420,4]],[9,1,0,-53,[0,"6fuxfX0ERB7bWWOy7UEjjD"]],-54],4,4,1],[1,"da2USm8ltHsIuARH+cQK2B",null,null,null,1,0],[1,-7.674,293.935,0]],[8,"Handle",33554432,8,[[[2,-56,[0,"f2IgVwYF9IaZiSTElTJWPn"],[5,14,14]],-57,[16,-59,[0,"7c0KyqCvlNUqTF0DgLj4Ps"],[4,4292269782],-58]],4,1,4],[1,"f5/DXtXgFI3ar1KVHmq58H",null,null,null,1,0],[1,210,0,0]],[5,"soundProgressBar",33554432,2,[-63],[[[2,-60,[0,"62o8YgKBdMCJ3dH++HWMvm"],[5,420,4]],[15,1,-61,[0,"47mcsAcQtGQZPdAc6ka4Jf"],17],-62],4,4,1],[1,"dd4vsh+VJPnLVsg7TfYoiz",null,null,null,1,0],[1,-7.647,162.774,0]],[5,"soundSlider",33554432,2,[-67],[[[2,-64,[0,"f5kAAmc8hMcKgjjyx8a8bC"],[5,420,4]],[9,1,0,-65,[0,"03Stk7BjhM2Ir7Nzb1NyoS"]],-66],4,4,1],[1,"48SYSlT8pH/JWg6dFdhOKQ",null,null,null,1,0],[1,-7.647,162.774,0]],[8,"Handle",33554432,11,[[[2,-68,[0,"25HfNx5K9Dw5hGo2j7QWJ0"],[5,14,14]],-69,[16,-71,[0,"0fM9seVYdCLo0Sez2czFAG"],[4,4292269782],-70]],4,1,4],[1,"ceG3qnpaZAfJJuoSS1ki5a",null,null,null,1,0],[1,210,0,0]],[22,"mask",33554432,1,[[2,-72,[0,"e0HETdzW5DLo8ARjE8Rbhx"],[5,720,1280]],[14,0,-73,[0,"bcJzc4l6JOPJ0gI6huuvV1"],[4,2013265920],0],[28,-74,[0,"a3DM1/4J5GWZkM9xNS53dY"]]],[1,"4crznN/bxHn6yoONBFVkK+",null,null,null,1,0]],[11,"Checkmark",33554432,3,[-77],[[[2,-75,[0,"87PfyoRaZG87FuqqIrht3h"],[5,80,42]],-76],4,1],[1,"4arBgPfZBOzJkJ7O//06Yz",null,null,null,1,0]],[11,"Checkmark",33554432,4,[-80],[[[2,-78,[0,"d8h6u/mqNDVauft75vg0Qv"],[5,80,42]],-79],4,1],[1,"9bGERXFktGNabn1MzjgD1w",null,null,null,1,0]],[11,"Checkmark",33554432,5,[-83],[[[2,-81,[0,"d0Q0rfradJooS/SsGYufei"],[5,80,42]],-82],4,1],[1,"ecPMtlEwBOjI7h4ilxTmDm",null,null,null,1,0]],[3,"title",33554432,2,[[2,-84,[0,"e03Q5gQD5DnorTcUrW0VVu"],[5,60,50.4]],[10,"音效",30,30,-85,[0,"61aomqZg9DfZwbJAnRaeXU"]]],[1,"76xXwjvP9FAquWoe/ZEKes",null,null,null,1,0],[1,-9.679,601.552,0]],[3,"line",33554432,2,[[2,-86,[0,"b1olju1/1HN6TQZVSbl7ol"],[5,540,1]],[4,-87,[0,"39KAO/zMlAnKfB/WGkOGnj"],6]],[1,"51+Nwau5ZMAIhbgL/JOJQ0",null,null,null,1,0],[1,0,564.264,0]],[3,"Label",33554432,2,[[2,-88,[0,"998RLPMpdKVoU0xdrxYGRZ"],[5,96,50.4]],[10,"視訊聲音",24,24,-89,[0,"fdXUI4TydMZIGe1cHIybrs"]]],[1,"7bHx1PQvBOBKQzn9fHONsh",null,null,null,1,0],[1,-167.609,481.528,0]],[3,"control_dot",33554432,3,[[2,-90,[0,"72KJnq2l1NzJmkPEgFSi3W"],[5,34,34]],[4,-91,[0,"6abLTH7b5CfIOrKGXaEwcM"],7]],[1,"74qXn8FZVG4L6URNwXEbrv",null,null,null,1,0],[1,-18.79,0,0]],[3,"control_dot_a_2",33554432,14,[[2,-92,[0,"a1He+GhlpHE5Jv1elKf4Ym"],[5,34,34]],[4,-93,[0,"2eHPFLJ/NLk4oCqK039g6m"],8]],[1,"d40Yi8WepG7KrA0mRRdnvS",null,null,null,1,0],[1,18.407,0,0]],[3,"Label-001",33554432,2,[[2,-94,[0,"8473aRlolF87/J8PIrxJs8"],[5,96,50.4]],[10,"背景音樂",24,24,-95,[0,"4dyqs3NA5HC7RHwobGCLmQ"]]],[1,"81MvAWC2VBAL6OWv6f9Z5z",null,null,null,1,0],[1,-170.255,349.638,0]],[3,"control_dot",33554432,4,[[2,-96,[0,"f4unM1SXZCdqTrdT8SgohY"],[5,34,34]],[4,-97,[0,"efV9UgGw9FrJ1RKaUF40+e"],10]],[1,"03qh2BnbZNA6D352j06V50",null,null,null,1,0],[1,-18.79,0,0]],[3,"control_dot_a_2",33554432,15,[[2,-98,[0,"cdU7Ar8ulJUqHiQZ3GXiaW"],[5,34,34]],[4,-99,[0,"838yVYXJZGO7DPSZB6RGJo"],11]],[1,"ecgnJ5ROBDsa9eGU8A8BiW",null,null,null,1,0],[1,18.407,0,0]],[3,"Label-002",33554432,2,[[2,-100,[0,"daKYtTCUdIb6pI6E5vkhWq"],[5,96,50.4]],[10,"游戲音效",24,24,-101,[0,"35iLHnY3NLdpOzQUlwY1I/"]]],[1,"ebLs5pGWBA76f8o84bIJmr",null,null,null,1,0],[1,-167.933,216.81,0]],[3,"control_dot",33554432,5,[[2,-102,[0,"44Fv1ntDtBBK/aSkRodCz8"],[5,34,34]],[4,-103,[0,"f126ugVHZAjIQaTtZ0a4tz"],13]],[1,"2dSidP+c1DGKTFBc+MfDc1",null,null,null,1,0],[1,-18.79,0,0]],[3,"control_dot_a_2",33554432,16,[[2,-104,[0,"626qXGKyBDuZkiAuGfcj3g"],[5,34,34]],[4,-105,[0,"felD5kkTBF8b0He5Ee4owu"],14]],[1,"f1p+QjomlDy6lmQ4Cdv6SG",null,null,null,1,0],[1,18.407,0,0]],[8,"Bar",33554432,7,[[[13,-106,[0,"dejOTgrh1M5rAFMWN8y2F8"],[5,0,4],[0,0,0.5]],-107],4,1],[1,"0dJcY8T3VAv75RvL1Wk6VE",null,null,null,1,0],[1,-210,0,0]],[8,"Bar",33554432,10,[[[13,-108,[0,"b3JDrdm1hGKYugtTOcFdTz"],[5,0,4],[0,0,0.5]],-109],4,1],[1,"02bauTSldMjI7FiuWQlgS7",null,null,null,1,0],[1,-210,0,0]],[6,14,[0,"fdGmizjC1JIZbN6P/4VdkD"]],[12,3,[0,"8dWSGOhWxK07hBfV7lELVF"],[[7,"f2329dT2X5KH610Jtr8/BnR","toggleListener","liveSound",1]],[4,4292269782],3,30],[6,15,[0,"e5JhTwOR9FmIh0eh4eWUgL"]],[12,4,[0,"ddpyMwRdhJUZrEE6zRpNaa"],[[7,"f2329dT2X5KH610Jtr8/BnR","toggleListener","music",1]],[4,4292269782],4,32],[6,16,[0,"d33Mv25cVCtbWmIf1zXUe1"]],[12,5,[0,"efa5shH3BPZaI8LcOMnQSF"],[[7,"f2329dT2X5KH610Jtr8/BnR","toggleListener","sound",1]],[4,4292269782],5,34],[9,1,0,28,[0,"cdfkwywrhD5KocedmFu1pX"]],[17,420,0,7,[0,"c6NrDV239PTaHiMHQ4Reqb"],36],[6,9,[0,"74epcLr0xKf5LCrudLn5Sx"]],[18,1,8,[0,"f4ChRs7WtHvKUyzyFqXT1k"],[[7,"f2329dT2X5KH610Jtr8/BnR","sliderListener","music",1]],38],[9,1,0,29,[0,"f8hNdO2vRO2Y2kfQ1irmyn"]],[17,420,0,10,[0,"0fLsqeanpCIqdZdAdfUQ20"],40],[6,12,[0,"dap6N1hUVHTa8fgFY3HdgV"]],[18,1,11,[0,"f38SQS6GNCBKVruGwuG+0h"],[[7,"f2329dT2X5KH610Jtr8/BnR","sliderListener","sound",1]],42]],0,[0,4,1,0,0,1,0,5,31,0,6,43,0,7,41,0,8,35,0,9,39,0,10,37,0,11,33,0,0,1,0,-1,13,0,-2,2,0,0,2,0,0,2,0,0,2,0,-1,6,0,-2,17,0,-3,18,0,-4,19,0,-5,3,0,-6,22,0,-7,4,0,-8,25,0,-9,5,0,-10,7,0,-11,8,0,-12,10,0,-13,11,0,0,3,0,0,3,0,-3,31,0,-1,20,0,-2,14,0,0,4,0,0,4,0,-3,33,0,-1,23,0,-2,15,0,0,5,0,0,5,0,-3,35,0,-1,26,0,-2,16,0,0,6,0,0,6,0,3,6,0,0,6,0,0,7,0,0,7,0,-3,37,0,-1,28,0,0,8,0,0,8,0,-3,39,0,-1,9,0,0,9,0,-2,38,0,3,9,0,0,9,0,0,10,0,0,10,0,-3,41,0,-1,29,0,0,11,0,0,11,0,-3,43,0,-1,12,0,0,12,0,-2,42,0,3,12,0,0,12,0,0,13,0,0,13,0,0,13,0,0,14,0,-2,30,0,-1,21,0,0,15,0,-2,32,0,-1,24,0,0,16,0,-2,34,0,-1,27,0,0,17,0,0,17,0,0,18,0,0,18,0,0,19,0,0,19,0,0,20,0,0,20,0,0,21,0,0,21,0,0,22,0,0,22,0,0,23,0,0,23,0,0,24,0,0,24,0,0,25,0,0,25,0,0,26,0,0,26,0,0,27,0,0,27,0,0,28,0,-2,36,0,0,29,0,-2,40,0,12,1,109],[0,0,0,0,0,0,0,0,0,0,0,0,0,0,0,0,0,0,0,30,32,34,36,38,40,42],[1,1,13,14,15,16,1,1,1,1,1,1,1,1,1,1,1,1,1,1,1,1,1,1,1,1],[4,5,5,19,20,21,22,0,1,2,0,1,2,0,1,2,6,6,4,3,3,3,7,8,7,8]],[[{"name":"control_line_a","rect":{"x":0,"y":0,"width":7,"height":4},"offset":{"x":0,"y":0},"originalSize":{"width":7,"height":4},"rotated":false,"capInsets":[0,0,0,0],"vertices":{"rawPosition":[-3.5,-2,0,3.5,-2,0,-3.5,2,0,3.5,2,0],"indexes":[0,1,2,2,1,3],"uv":[0,4,7,4,0,0,7,0],"nuv":[0,0,1,0,0,1,1,1],"minPos":{"x":-3.5,"y":-2,"z":0},"maxPos":{"x":3.5,"y":2,"z":0}},"packable":true,"pixelsToUnit":100,"pivot":{"x":0.5,"y":0.5},"meshType":0}],[0],0,[0],[2],[23]],[[{"name":"control_bg_a","rect":{"x":0,"y":0,"width":80,"height":42},"offset":{"x":0,"y":0},"originalSize":{"width":80,"height":42},"rotated":false,"capInsets":[0,0,0,0],"vertices":{"rawPosition":[-40,-21,0,40,-21,0,-40,21,0,40,21,0],"indexes":[0,1,2,2,1,3],"uv":[0,42,80,42,0,0,80,0],"nuv":[0,0,1,0,0,1,1,1],"minPos":{"x":-40,"y":-21,"z":0},"maxPos":{"x":40,"y":21,"z":0}},"packable":true,"pixelsToUnit":100,"pivot":{"x":0.5,"y":0.5},"meshType":0}],[0],0,[0],[2],[24]],[[{"name":"control_dot_a","rect":{"x":0,"y":0,"width":34,"height":34},"offset":{"x":0,"y":0},"originalSize":{"width":34,"height":34},"rotated":false,"capInsets":[0,0,0,0],"vertices":{"rawPosition":[-17,-17,0,17,-17,0,-17,17,0,17,17,0],"indexes":[0,1,2,2,1,3],"uv":[0,34,34,34,0,0,34,0],"nuv":[0,0,1,0,0,1,1,1],"minPos":{"x":-17,"y":-17,"z":0},"maxPos":{"x":17,"y":17,"z":0}},"packable":true,"pixelsToUnit":100,"pivot":{"x":0.5,"y":0.5},"meshType":0}],[0],0,[0],[2],[25]]]]
