[1,["deb78f95-03ea-4d9c-82f0-d8a06da35e46@f9941","f7275b8f-10c9-47e3-97c9-36f649a69ae6@f9941","e7be5b11-ee85-4e06-8df4-d089e22aca19@f9941","626b4fd8-bd5b-46bd-b34b-a33e3fafaf2a@f9941","fcf25401-b1d3-4866-b112-398f22503064@f9941","83587e40-ab79-45ad-9a47-e4b6235fc922@f9941","55fa3647-037d-41c0-a97e-963436820c5e@f9941","824486ed-7a6a-4415-a71f-c1a1a48242d7@f9941","db114293-db57-4d4f-ae2f-22b45824a341@f9941","ad57f328-83e7-474a-b26a-dd2674efc34f@f9941","55fa3647-037d-41c0-a97e-963436820c5e@6c48a","626b4fd8-bd5b-46bd-b34b-a33e3fafaf2a@6c48a","7b0a8bbd-e2c9-4641-acb1-cb700cb7556a@6c48a","824486ed-7a6a-4415-a71f-c1a1a48242d7@6c48a","83587e40-ab79-45ad-9a47-e4b6235fc922@6c48a","ad57f328-83e7-474a-b26a-dd2674efc34f@6c48a","db114293-db57-4d4f-ae2f-22b45824a341@6c48a","dd17dbe4-6368-4ba4-84fe-206f594ad6cd@6c48a","e7be5b11-ee85-4e06-8df4-d089e22aca19@6c48a","7d8f9b89-4fd1-4c9f-a3ab-38ec7cded7ca@f9941","20835ba4-6145-4fbc-a58a-051ce700aa3e@f9941","544e49d6-3f05-4fa8-9a9e-091f98fc2ce8@f9941","951249e0-9f16-456d-8b85-a6ca954da16b@f9941","f955aa68-6a0c-4e1b-830b-8c060aff9644@f9941","7b0a8bbd-e2c9-4641-acb1-cb700cb7556a@f9941","dd17dbe4-6368-4ba4-84fe-206f594ad6cd@f9941","04e423e3-c42f-4f1a-8759-ea8eb23aaa20","f7275b8f-10c9-47e3-97c9-36f649a69ae6@6c48a","f955aa68-6a0c-4e1b-830b-8c060aff9644@6c48a","fcf25401-b1d3-4866-b112-398f22503064@6c48a"],["node","_spriteFrame","_target","_textureSource","_checkMark","_parent","root","roundLabel","recordScrollview","selectedEndDateLabel","selectedStartDateLabel","endDateToggle","startDateToggle","roundEditBox","data","_normalSprite","_hoverSprite","_pressedSprite","_disabledSprite","betRecordPrefab","_backgroundImage"],["cc.SpriteFrame",["cc.Node",["_name","_layer","_active","_components","_prefab","_parent","_children","_lpos","_lscale"],0,9,4,1,2,5,5],["cc.Node",["_name","_layer","_active","_objFlags","_parent","_components","_prefab","_lpos","_children"],-1,1,12,4,5,2],["cc.Sprite",["_sizeMode","_type","node","__prefab","_spriteFrame","_color"],1,1,4,6,5],["cc.Layout",["_resizeMode","_layoutType","_spacingX","_affectedByScale","_paddingTop","_paddingBottom","node","__prefab"],-3,1,4],["cc.Label",["_string","_actualFontSize","_fontSize","_overflow","_enableWrapText","_horizontalAlign","_lineHeight","node","__prefab","_color"],-4,1,4,5],["cc.Toggle",["_isChecked","node","__prefab","_normalColor","_target","_checkMark","clickEvents"],2,1,4,5,1,1,9],["cc.Button",["_transition","node","__prefab","clickEvents","_normalColor","_target","_normalSprite","_hoverSprite","_pressedSprite","_disabledSprite"],2,1,4,9,5,1,6,6,6,6],["cc.UITransform",["node","__prefab","_contentSize","_anchorPoint"],3,1,4,5,5],["cc.ClickEvent",["_componentId","handler","customEventData","target"],0,1],["cc.Prefab",["_name"],2],["cc.CompPrefabInfo",["fileId"],2],["44622h8ZLpH+YtYDzLF23GG",["node","__prefab","roundEditBox","startDateToggle","endDateToggle","startDateLabels","endDateLabels","selectedStartDateLabel","selectedEndDateLabel","recordScrollview","roundLabel","betRecordPrefab"],3,1,4,1,1,1,2,2,1,1,1,1,6],["cc.PrefabInfo",["fileId","instance","targetOverrides","nestedPrefabInstanceRoots","root","asset"],-1,1,1],["cc.Widget",["_alignFlags","node","__prefab"],2,1,4],["cc.ToggleContainer",["node","__prefab"],3,1,4],["cc.Mask",["node","__prefab"],3,1,4],["cc.Graphics",["node","__prefab","_fillColor"],3,1,4,5],["cc.ScrollView",["bounceDuration","brake","horizontal","node","__prefab","_content"],0,1,4,1],["cc.BlockInputEvents",["node","__prefab"],3,1,4],["cc.EditBox",["_inputMode","_maxLength","node","__prefab","_textLabel","_placeholderLabel"],1,1,4,1,1]],[[11,0,2],[13,0,1,2,3,4,5,5],[8,0,1,2,1],[1,0,1,5,3,4,7,3],[3,0,2,3,4,2],[5,0,1,2,6,7,8,5],[2,0,1,4,8,5,6,7,3],[9,0,1,2,3,4],[14,0,1,2,2],[7,0,1,2,3,2],[1,0,1,5,6,3,4,7,3],[5,0,1,2,7,8,4],[3,0,2,3,2],[1,0,1,5,3,4,3],[3,1,2,3,5,4,2],[9,0,1,3,3],[2,0,2,1,4,5,6,4],[8,0,1,2,3,1],[3,1,0,2,3,4,3],[3,2,3,4,1],[7,0,1,2,3,4,5,2],[1,0,1,6,3,4,7,3],[1,0,1,5,6,3,4,3],[6,0,1,2,3,4,5,2],[2,0,1,4,5,6,3],[3,1,0,2,3,3],[6,0,1,2,6,3,4,5,2],[16,0,1,1],[17,0,1,2,1],[18,0,1,2,3,4,5,4],[1,0,1,6,3,4,3],[1,0,1,5,3,4,7,8,3],[2,0,2,1,4,8,5,6,4],[2,0,3,1,4,5,6,7,4],[4,0,1,4,5,6,7,5],[15,0,1,1],[5,0,1,2,3,4,7,8,6],[10,0,2],[1,0,2,1,5,6,3,4,4],[2,0,2,1,4,5,6,7,4],[2,0,1,4,5,6,7,3],[12,0,1,2,3,4,5,6,7,8,9,10,11,1],[3,0,2,3,5,4,2],[4,0,1,2,3,6,7,5],[4,0,1,2,6,7,4],[4,0,1,3,6,7,4],[4,0,1,6,7,3],[6,1,2,3,4,5,1],[6,1,2,6,3,4,5,1],[7,0,1,2,3,4,5,6,7,8,9,2],[19,0,1,1],[5,0,5,1,2,3,4,7,8,7],[5,0,5,1,2,3,4,7,8,9,7],[20,0,1,2,3,4,5,3]],[[[{"name":"icon_close","rect":{"x":11,"y":11,"width":26,"height":26},"offset":{"x":0,"y":0},"originalSize":{"width":48,"height":48},"rotated":false,"capInsets":[0,0,0,0],"vertices":{"rawPosition":[-13,-13,0,13,-13,0,-13,13,0,13,13,0],"indexes":[0,1,2,2,1,3],"uv":[11,37,37,37,11,11,37,11],"nuv":[0.22916666666666666,0.22916666666666666,0.7708333333333334,0.22916666666666666,0.22916666666666666,0.7708333333333334,0.7708333333333334,0.7708333333333334],"minPos":{"x":-13,"y":-13,"z":0},"maxPos":{"x":13,"y":13,"z":0}},"packable":true,"pixelsToUnit":100,"pivot":{"x":0.5,"y":0.5},"meshType":0}],[0],0,[0],[3],[10]],[[{"name":"log_label","rect":{"x":0,"y":0,"width":100,"height":40},"offset":{"x":0,"y":0},"originalSize":{"width":100,"height":40},"rotated":false,"capInsets":[0,0,0,0],"vertices":{"rawPosition":[-50,-20,0,50,-20,0,-50,20,0,50,20,0],"indexes":[0,1,2,2,1,3],"uv":[0,40,100,40,0,0,100,0],"nuv":[0,0,1,0,0,1,1,1],"minPos":{"x":-50,"y":-20,"z":0},"maxPos":{"x":50,"y":20,"z":0}},"packable":true,"pixelsToUnit":100,"pivot":{"x":0.5,"y":0.5},"meshType":0}],[0],0,[0],[3],[11]],[[{"name":"arrow_6","rect":{"x":3,"y":5,"width":18,"height":14},"offset":{"x":0,"y":0},"originalSize":{"width":24,"height":24},"rotated":false,"capInsets":[0,0,0,0],"vertices":{"rawPosition":[-9,-7,0,9,-7,0,-9,7,0,9,7,0],"indexes":[0,1,2,2,1,3],"uv":[3,19,21,19,3,5,21,5],"nuv":[0.125,0.20833333333333334,0.875,0.20833333333333334,0.125,0.7916666666666666,0.875,0.7916666666666666],"minPos":{"x":-9,"y":-7,"z":0},"maxPos":{"x":9,"y":7,"z":0}},"packable":true,"pixelsToUnit":100,"pivot":{"x":0.5,"y":0.5},"meshType":0}],[0],0,[0],[3],[12]],[[{"name":"arrow_1","rect":{"x":5,"y":6,"width":14,"height":12},"offset":{"x":0,"y":0},"originalSize":{"width":24,"height":24},"rotated":false,"capInsets":[0,0,0,0],"vertices":{"rawPosition":[-7,-6,0,7,-6,0,-7,6,0,7,6,0],"indexes":[0,1,2,2,1,3],"uv":[5,18,19,18,5,6,19,6],"nuv":[0.20833333333333334,0.25,0.7916666666666666,0.25,0.20833333333333334,0.75,0.7916666666666666,0.75],"minPos":{"x":-7,"y":-6,"z":0},"maxPos":{"x":7,"y":6,"z":0}},"packable":true,"pixelsToUnit":100,"pivot":{"x":0.5,"y":0.5},"meshType":0}],[0],0,[0],[3],[13]],[[{"name":"log_label_bg","rect":{"x":0,"y":0,"width":100,"height":40},"offset":{"x":0,"y":0},"originalSize":{"width":100,"height":40},"rotated":false,"capInsets":[0,0,0,0],"vertices":{"rawPosition":[-50,-20,0,50,-20,0,-50,20,0,50,20,0],"indexes":[0,1,2,2,1,3],"uv":[0,40,100,40,0,0,100,0],"nuv":[0,0,1,0,0,1,1,1],"minPos":{"x":-50,"y":-20,"z":0},"maxPos":{"x":50,"y":20,"z":0}},"packable":true,"pixelsToUnit":100,"pivot":{"x":0.5,"y":0.5},"meshType":0}],[0],0,[0],[3],[14]],[[{"name":"arrow_5","rect":{"x":4,"y":8,"width":16,"height":10},"offset":{"x":0,"y":-1},"originalSize":{"width":24,"height":24},"rotated":false,"capInsets":[0,0,0,0],"vertices":{"rawPosition":[-8,-5,0,8,-5,0,-8,5,0,8,5,0],"indexes":[0,1,2,2,1,3],"uv":[4,16,20,16,4,6,20,6],"nuv":[0.16666666666666666,0.25,0.8333333333333334,0.25,0.16666666666666666,0.6666666666666666,0.8333333333333334,0.6666666666666666],"minPos":{"x":-8,"y":-5,"z":0},"maxPos":{"x":8,"y":5,"z":0}},"packable":true,"pixelsToUnit":100,"pivot":{"x":0.5,"y":0.5},"meshType":0}],[0],0,[0],[3],[15]],[[{"name":"arrow_2","rect":{"x":8,"y":5,"width":8,"height":14},"offset":{"x":0,"y":0},"originalSize":{"width":24,"height":24},"rotated":false,"capInsets":[0,0,0,0],"vertices":{"rawPosition":[-4,-7,0,4,-7,0,-4,7,0,4,7,0],"indexes":[0,1,2,2,1,3],"uv":[8,19,16,19,8,5,16,5],"nuv":[0.3333333333333333,0.20833333333333334,0.6666666666666666,0.20833333333333334,0.3333333333333333,0.7916666666666666,0.6666666666666666,0.7916666666666666],"minPos":{"x":-4,"y":-7,"z":0},"maxPos":{"x":4,"y":7,"z":0}},"packable":true,"pixelsToUnit":100,"pivot":{"x":0.5,"y":0.5},"meshType":0}],[0],0,[0],[3],[16]],[[{"name":"logpop_bg_m","rect":{"x":0,"y":0,"width":640,"height":1200},"offset":{"x":0,"y":0},"originalSize":{"width":640,"height":1200},"rotated":false,"capInsets":[0,0,0,0],"vertices":{"rawPosition":[-320,-600,0,320,-600,0,-320,600,0,320,600,0],"indexes":[0,1,2,2,1,3],"uv":[0,1200,640,1200,0,0,640,0],"nuv":[0,0,1,0,0,1,1,1],"minPos":{"x":-320,"y":-600,"z":0},"maxPos":{"x":320,"y":600,"z":0}},"packable":true,"pixelsToUnit":100,"pivot":{"x":0.5,"y":0.5},"meshType":0}],[0],0,[0],[3],[17]],[[{"name":"log_serch_btn","rect":{"x":0,"y":0,"width":88,"height":30},"offset":{"x":0,"y":0},"originalSize":{"width":88,"height":30},"rotated":false,"capInsets":[3,3,3,3],"vertices":{"rawPosition":[-44,-15,0,44,-15,0,-44,15,0,44,15,0],"indexes":[0,1,2,2,1,3],"uv":[0,30,88,30,0,0,88,0],"nuv":[0,0,1,0,0,1,1,1],"minPos":{"x":-44,"y":-15,"z":0},"maxPos":{"x":44,"y":15,"z":0}},"packable":true,"pixelsToUnit":100,"pivot":{"x":0.5,"y":0.5},"meshType":0}],[0],0,[0],[3],[18]],[[[37,"recordView"],[30,"recordView",33554432,[-39,-40],[[2,-2,[0,"7cZzHqQ7pEcqEeTnG9nuQJ"],[5,720,1280]],[41,-38,[0,"c1KEbFQUdHYq8tr6da4TbO"],-37,-36,-35,[-21,-22,-23,-24,-25,-26,-27,-28,-29,-30,-31,-32,-33,-34],[-7,-8,-9,-10,-11,-12,-13,-14,-15,-16,-17,-18,-19,-20],-6,-5,-4,-3,58]],[1,"564kmcrl1MN7xirFjJOhqi",null,null,null,-1,0]],[21,"startSelectNode",33554432,[-45,-46,-47,-48,-49,-50,-51,-52,-53,-54,-55,-56,-57,-58],[[17,-41,[0,"fe4546nzpNLayPzk4xkWSp"],[5,240,362.7999999999999],[0,0.5,1]],[18,1,0,-42,[0,"6a6aqCJghEK5Kqb/iEz29r"],37],[34,1,2,5,5,-43,[0,"a0EgaEJbFHSpginC03bXGq"]],[8,1,-44,[0,"9dXmQXXd1CdITJpWHfGNTI"]]],[1,"14oY5R1ixAdJ6u2Sq9G55Y",null,null,null,1,0],[1,0,92.5,0]],[21,"endSelectNode",33554432,[-63,-64,-65,-66,-67,-68,-69,-70,-71,-72,-73,-74,-75,-76],[[17,-59,[0,"a5otyymKZG6aReY4zp5dnk"],[5,240,362.7999999999999],[0,0.5,1]],[18,1,0,-60,[0,"90XAuAXN5Ir4uPVKrMKWfq"],54],[34,1,2,5,5,-61,[0,"3c3qRYLzdJU690vgDpJFbY"]],[8,1,-62,[0,"99pMLA/vRGTr2anxaS7zmt"]]],[1,"a1ZCvTIBtCAqDvDOXoy6xY",null,null,null,1,0],[1,0,92.5,0]],[22,"logpop_bg",33554432,1,[-79,-80,-81,-82,-83,-84,-85,-86,-87,-88,-89,-90,-91,-92],[[2,-77,[0,"75kKQXm39GjLMzUHXjM3Dy"],[5,640,1200]],[19,-78,[0,"ddRpEBYjFBjrW3CRyblGQz"],57]],[1,"eaTdtnruJLpbaQdEcrnvQJ",null,null,null,1,0]],[10,"recordDateToggleGroup",33554432,4,[-96,-97,-98,-99],[[35,-93,[0,"51+eh9P/FPGowqnYE+EU2C"]],[2,-94,[0,"43FUz4+iNAsJC9FhiU8SXP"],[5,590,60]],[43,1,1,10,true,-95,[0,"cb86RWf1RA7rAdVLEIdGTb"]]],[1,"34O08J45FMVYGAvnCz4q6l",null,null,null,1,0],[1,0,337.962,0]],[10,"betTitleNode",33554432,4,[-102,-103,-104,-105,-106],[[2,-100,[0,"16wTFEmSBMeo0R7T4N+QIN"],[5,600,60]],[4,0,-101,[0,"47XW9DHQFLLbZRoTdvRPDB"],17]],[1,"18/iHDXCdLwLLv/6+MSHRV",null,null,null,1,0],[1,0,189.39,0]],[30,"Layout",33554432,[-109,-110,-111,-112,-113],[[2,-107,[0,"66nJ2hA29J+LJ968dXxDMa"],[5,109.0224609375,100]],[44,1,1,10,-108,[0,"8eimSafvxACrl4v1bS5QsX"]]],[1,"8dgK53vBxD24XajWhQHhnV",null,null,null,1,0]],[6,"startToggle",33554432,4,[-117,-118,-119],[[[2,-114,[0,"f6O5ZlZIJDOqbwH5R3ehRO"],[5,240,40]],[18,1,0,-115,[0,"ebAHq1OOhGM5L3zqyAeMk8"],39],-116],4,4,1],[1,"28IAqNsbZOlbI8BQDpA9xX",null,null,null,1,0],[1,-179,264,0]],[6,"endToggle",33554432,4,[-123,-124,-125],[[[2,-120,[0,"ccOW5fr/pBKqcdGZ9sqaXQ"],[5,240,40]],[18,1,0,-121,[0,"32AbfzZp1O2aiXSFMudY5n"],56],-122],4,4,1],[1,"2eRsss/MxKqpNKBgaYjEyQ",null,null,null,1,0],[1,99.026,264,0]],[10,"recordTypeToggleGroup",33554432,4,[-129,-130,-131],[[35,-126,[0,"de8pidbVxL6ZlXQxXI6USi"]],[2,-127,[0,"a3w39H6OhPi4iqm9ELAr9n"],[5,426,60]],[45,1,1,true,-128,[0,"76fSjJGo1MyIygvo+olt0E"]]],[1,"af0PTfbV5DU7+YcIgso66e",null,null,null,1,0],[1,0,492.32,0]],[10,"Toggle1",33554432,10,[-137,-138],[[2,-132,[0,"d96RAT7EBIvqG/nyPZ1rt4"],[5,213,60]],[4,0,-133,[0,"f4VM6ghYBPaZGbxj4m4DHx"],7],[47,-136,[0,"aaGaC2tmJKR6NeIYibu+gA"],[4,4292269782],-135,-134]],[1,"11yH/s17JPPpbZ07fDyR/Q",null,null,null,1,0],[1,-106.5,0,0]],[38,"Toggle2",false,33554432,10,[-144,-145],[[2,-139,[0,"6bX7MVKn1Jgb8LF9qE7/mG"],[5,213,60]],[4,0,-140,[0,"c5TMO+n31NZb3vwam8wz37"],8],[23,false,-143,[0,"85YHMAEJtIB7UdgbOCO+uZ"],[4,4292269782],-142,-141]],[1,"60NNyI0opGQ7RA9uD8ZDcM",null,null,null,1,0]],[10,"Toggle3",33554432,10,[-151,-152],[[2,-146,[0,"e94av4OqFHHKSKJ281aoOm"],[5,213,60]],[4,0,-147,[0,"61rr8HtNJEeoVAjkDfzm2j"],9],[23,false,-150,[0,"6436N5Ld5Ox5Cm793akT3Q"],[4,4292269782],-149,-148]],[1,"7cIyCuv/ZBwqALXzy6ZqAQ",null,null,null,1,0],[1,106.5,0,0]],[10,"Toggle1",33554432,5,[-158,-159],[[2,-153,[0,"a9dki3zvpDCpbfiYSVQOr/"],[5,140,50]],[4,0,-154,[0,"54BYvOCRdIx59ktQ8n8U2h"],10],[48,-157,[0,"6c+7OxFJ1EhIKBDbu+SM1x"],[[7,"44622h8ZLpH+YtYDzLF23GG","dateToggleClick","today",1]],[4,4292269782],-156,-155]],[1,"dfcpjysHlPt6XZ8ScR1IR2",null,null,null,1,0],[1,-225,0,0]],[10,"Toggle2",33554432,5,[-165,-166],[[2,-160,[0,"bcsOTysEhOTIYLma9PuUf2"],[5,140,50]],[4,0,-161,[0,"11OXoSgVRN2oDt9fUQrVTZ"],11],[26,false,-164,[0,"b89iWINcxHj49YxGfh+EI/"],[[7,"44622h8ZLpH+YtYDzLF23GG","dateToggleClick","yesterday",1]],[4,4292269782],-163,-162]],[1,"09QT/nP+FG/ZuHrD3mFucK",null,null,null,1,0],[1,-75,0,0]],[10,"Toggle3",33554432,5,[-172,-173],[[2,-167,[0,"a74OViRDpN+6PnxbPn+Uvy"],[5,140,50]],[4,0,-168,[0,"94uH1bf1tL16uROv85YZDw"],12],[26,false,-171,[0,"8e5ea9qI9KPJCoGTbKk0HA"],[[7,"44622h8ZLpH+YtYDzLF23GG","dateToggleClick","currentWeek",1]],[4,4292269782],-170,-169]],[1,"92tPPO3GZIBYYBsiwQ1LGX",null,null,null,1,0],[1,75,0,0]],[10,"Toggle4",33554432,5,[-179,-180],[[2,-174,[0,"52526K5qVEDbbEtQHqkIeT"],[5,140,50]],[4,0,-175,[0,"f3aaF7z7FBapZvLtAexkEr"],13],[26,false,-178,[0,"84xIFSgc5FYqbq+kpNm8ij"],[[7,"44622h8ZLpH+YtYDzLF23GG","dateToggleClick","lastWeek",1]],[4,4292269782],-177,-176]],[1,"3ecUa04vBKJKQMS0Rx4RRa",null,null,null,1,0],[1,225,0,0]],[6,"roundNumEditBox",33554432,4,[-184,-185],[[[2,-181,[0,"d2zvMC7jdFNolTiBb27lAy"],[5,500,45]],[18,1,0,-182,[0,"51O8UYW9NIMrOiQ0T6EYw/"],14],-183],4,4,1],[1,"50u6kHAVhAZotal7lzNRtd",null,null,null,1,0],[1,30,411.884,0]],[3,"closeButton",33554432,4,[[2,-186,[0,"f1aoRbv6tMwZ1jK3a252nm"],[5,26,26]],[14,1,-187,[0,"14iHx3EnlEhrJoFq1+LwT9"],[4,4292269782],2],[49,1,-189,[0,"batMCSXOxM8pZvwTvzZkyh"],[[15,"44622h8ZLpH+YtYDzLF23GG","close",1]],[4,4292269782],-188,3,4,5,6]],[1,"74ly9ihKREqKs5VIsEPq4/",null,null,null,1,0],[1,279.192,558.556,0]],[3,"searchButton",33554432,4,[[2,-190,[0,"dfBF9SnYNPf6K7uDO/Yzhe"],[5,60,50]],[14,1,-191,[0,"29pQi0rDBMmqjgXiDEAmVx"],[4,4292269782],15],[20,1,-193,[0,"6dPur+hEJMXaVc0LZQtawD"],[[15,"44622h8ZLpH+YtYDzLF23GG","searchBtnClicked",1]],[4,4292269782],-192]],[1,"0dGIbntqZFjayxjxB/92NH",null,null,null,1,0],[1,265.655,265.05,0]],[3,"firstPageButton",33554432,7,[[2,-194,[0,"5b5/6l6L9IyZP77W3rC7qu"],[5,14,12]],[14,1,-195,[0,"82TyHkYLhLyoP+KYgAq3Ag"],[4,4292269782],18],[20,1,-197,[0,"d1ihAundVKKap5v4ny1bF9"],[[15,"44622h8ZLpH+YtYDzLF23GG","firstPageButtonClicked",1]],[4,4292269782],-196]],[1,"15VWpyTFpDDI9le2VcrGqN",null,null,null,1,0],[1,-47.51123046875,-0.644999999999996,0]],[3,"previousPageButton",33554432,7,[[2,-198,[0,"4fvauxdW1NdqJ54+zP3NxY"],[5,8,14]],[14,1,-199,[0,"4du7Bh291HEqH3Y7hxqkJq"],[4,4292269782],19],[20,1,-201,[0,"97TY39AQJAy79WG8Anx8TR"],[[15,"44622h8ZLpH+YtYDzLF23GG","previousPageButtonClicked",1]],[4,4292269782],-200]],[1,"6augT0D+9PXLOGojStWiVf",null,null,null,1,0],[1,-26.51123046875,0,0]],[31,"nextPageButton",33554432,7,[[2,-202,[0,"7dBW4h7bxIVKvxeyakX94c"],[5,8,14]],[14,1,-203,[0,"86IHjYGIJPaKB/Is+gJFLq"],[4,4292269782],20],[20,1,-205,[0,"883UtOiWpBmaHnPFhP+plW"],[[15,"44622h8ZLpH+YtYDzLF23GG","nextPageButtonClicked",1]],[4,4292269782],-204]],[1,"66+lP4PA1Jwb4bhhf/O5zx",null,null,null,1,0],[1,26.51123046875,0,0],[1,-1,1,1]],[31,"lastPageButton",33554432,7,[[2,-206,[0,"ddnYBv559Jm66WBGEk0D07"],[5,14,12]],[14,1,-207,[0,"75bnkP/oFFZKzadMfWX/sE"],[4,4292269782],21],[20,1,-209,[0,"531IFuN0pEhajroAEpASVz"],[[15,"44622h8ZLpH+YtYDzLF23GG","lastPageButtonClicked",1]],[4,4292269782],-208]],[1,"c9sZQR77lBVIsCxmOSQLrv",null,null,null,1,0],[1,47.51123046875,-0.644999999999996,0],[1,-1,1,1]],[6,"recordScrollView",33554432,4,[-213],[[[2,-210,[0,"23HZg3AGZABb4fgiqQkeXR"],[5,600,680]],[25,1,0,-211,[0,"5e98MwnuZP5LrY80J8PoHj"]],-212],4,4,1],[1,"10/iINA4FAc4e7ITANlt7J",null,null,null,1,0],[1,0,-199.992,0]],[22,"view",33554432,25,[-217],[[2,-214,[0,"8ehuchH5FD45DbvpciXiSF"],[5,600,680]],[27,-215,[0,"e5XdTjtBZEN5Ysyv3aCQlt"]],[28,-216,[0,"0e1pbbQuBPHpTQo8TYG4ag"],[4,16777215]]],[1,"5167ZvowtNBoKOmx5J8vx/",null,null,null,1,0]],[3,"content",33554432,26,[[17,-218,[0,"cbZfV/UVFI7JRpn9c+0J+O"],[5,600,0],[0,0.5,1]],[46,1,2,-219,[0,"592t0QLnZDqpDIpyJOR1+q"]],[8,1,-220,[0,"9aW3bhY1xP77IVaAJy3k7j"]]],[1,"dfzbHhR1xKGbMaHqYu0uzn",null,null,null,1,0],[1,0,340,0]],[21,"ScrollView",33554432,[-224],[[2,-221,[0,"ffM3wo9BZMB4v7frck3JmY"],[5,240,185]],[25,1,0,-222,[0,"28FdInoRFMiJ8cSJMRTpGs"]],[29,0.23,0.75,false,-223,[0,"50XVpiZkpM1ah37Nwr+Dnb"],2]],[1,"38fI/BbWRC5ZSaTKbzMf+B",null,null,null,1,0],[1,0,-112.48,0]],[22,"view",33554432,28,[2],[[2,-225,[0,"3cnxUeYNtA3Ink/iHGrutL"],[5,240,185]],[27,-226,[0,"01cNo5jU9JBJZ21Cw5q7EX"]],[28,-227,[0,"f7YUD0qXZPcZFou9Q/6tMl"],[4,16777215]]],[1,"99qiC6+O1PJbhsp4bHavjN",null,null,null,1,0]],[6,"dateLabel1",33554432,2,[-231],[[[2,-228,[0,"8bkaBHTjhJRrSQyfqm3vFa"],[5,189.78515625,25.2]],-229,[9,1,-230,[0,"fe/zUbIFRFoa2cHWuEcfSP"],[[7,"44622h8ZLpH+YtYDzLF23GG","startDatSelectBtnClick","0",1]]]],4,1,4],[1,"b63WvLCl5HY6XaRwhtM0f5",null,null,null,1,0],[1,0,-17.6,0]],[6,"dateLabel2",33554432,2,[-235],[[[2,-232,[0,"c1Zm6R+rNCqLS2UB03Z9Qm"],[5,189.78515625,25.2]],-233,[9,1,-234,[0,"84dXJO7vtCGYSK9zdnUB3t"],[[7,"44622h8ZLpH+YtYDzLF23GG","startDatSelectBtnClick","1",1]]]],4,1,4],[1,"1adOKvCKhHZ4T4EHo4WiMG",null,null,null,1,0],[1,0,-42.800000000000004,0]],[6,"dateLabel3",33554432,2,[-239],[[[2,-236,[0,"3d+lXMdNNHPbp1QlJkWVM2"],[5,189.78515625,25.2]],-237,[9,1,-238,[0,"b5MShMf3RCTIvYg6Yi9d6/"],[[7,"44622h8ZLpH+YtYDzLF23GG","startDatSelectBtnClick","2",1]]]],4,1,4],[1,"f8caVdSedEoZFuzEVMXZu9",null,null,null,1,0],[1,0,-68,0]],[6,"dateLabel4",33554432,2,[-243],[[[2,-240,[0,"85N7TWMCdPk6ldk+CLuAP0"],[5,189.78515625,25.2]],-241,[9,1,-242,[0,"79AyAJydhM7L9neS3Xe5vV"],[[7,"44622h8ZLpH+YtYDzLF23GG","startDatSelectBtnClick","3",1]]]],4,1,4],[1,"e7y9UUllFBZYqoOkWOIfR5",null,null,null,1,0],[1,0,-93.19999999999999,0]],[6,"dateLabel5",33554432,2,[-247],[[[2,-244,[0,"7bT6NU44lHJL63Hbb8GPJL"],[5,189.78515625,25.2]],-245,[9,1,-246,[0,"bfbX/9s6dO4r/YELbQVCGn"],[[7,"44622h8ZLpH+YtYDzLF23GG","startDatSelectBtnClick","4",1]]]],4,1,4],[1,"618Ck5oixJvbeZf+z1plRV",null,null,null,1,0],[1,0,-118.39999999999998,0]],[6,"dateLabel6",33554432,2,[-251],[[[2,-248,[0,"16au2MtYtII5UoBvawikb+"],[5,189.78515625,25.2]],-249,[9,1,-250,[0,"8d6DaXTRpMQoTtvdPpP1eV"],[[7,"44622h8ZLpH+YtYDzLF23GG","startDatSelectBtnClick","5",1]]]],4,1,4],[1,"23KDVEvSxKNKUiEEAc/Hgw",null,null,null,1,0],[1,0,-143.59999999999997,0]],[6,"dateLabel7",33554432,2,[-255],[[[2,-252,[0,"d2kV1k7ZtCP7mYPX/Ckc2B"],[5,189.78515625,25.2]],-253,[9,1,-254,[0,"57BzDdDlVGcrA78WnOBwC3"],[[7,"44622h8ZLpH+YtYDzLF23GG","startDatSelectBtnClick","6",1]]]],4,1,4],[1,"a0sjNgApxNt61PdFt20j+I",null,null,null,1,0],[1,0,-168.79999999999995,0]],[6,"dateLabel8",33554432,2,[-259],[[[2,-256,[0,"bcqodE0JBFb7s18NGJayZL"],[5,189.78515625,25.2]],-257,[9,1,-258,[0,"8eKH1C4U5NT4/yg21+lrXh"],[[7,"44622h8ZLpH+YtYDzLF23GG","startDatSelectBtnClick","7",1]]]],4,1,4],[1,"22nCx7WRpPg5U9ignOgwTO",null,null,null,1,0],[1,0,-193.99999999999994,0]],[6,"dateLabel9",33554432,2,[-263],[[[2,-260,[0,"24MgluewdEOpDkHGVlQG9c"],[5,189.78515625,25.2]],-261,[9,1,-262,[0,"a54bmqlrNGAa6ba4+9zwkX"],[[7,"44622h8ZLpH+YtYDzLF23GG","startDatSelectBtnClick","8",1]]]],4,1,4],[1,"7ahkXiqltEML5NcX6I8R8g",null,null,null,1,0],[1,0,-219.19999999999993,0]],[6,"dateLabel10",33554432,2,[-267],[[[2,-264,[0,"1eAKLr5qRP77FDCi3bdxxb"],[5,189.78515625,25.2]],-265,[9,1,-266,[0,"1fWQq2SAJFvowIsyYQZnoQ"],[[7,"44622h8ZLpH+YtYDzLF23GG","startDatSelectBtnClick","9",1]]]],4,1,4],[1,"d9lGrFGaFMnIkfP2XxUFbn",null,null,null,1,0],[1,0,-244.39999999999992,0]],[6,"dateLabel11",33554432,2,[-271],[[[2,-268,[0,"298Njdpg9PKLpLpEccUJ8m"],[5,189.78515625,25.2]],-269,[9,1,-270,[0,"c8Hk57YdJG+qTxNarCJJVL"],[[7,"44622h8ZLpH+YtYDzLF23GG","startDatSelectBtnClick","10",1]]]],4,1,4],[1,"d60qk2vjVG1YWR4R2Fxz+7",null,null,null,1,0],[1,0,-269.59999999999997,0]],[6,"dateLabel12",33554432,2,[-275],[[[2,-272,[0,"93+vu70tVKzY082mTsjFje"],[5,189.78515625,25.2]],-273,[9,1,-274,[0,"5fvX41arBHT7kXfL11hHaZ"],[[7,"44622h8ZLpH+YtYDzLF23GG","startDatSelectBtnClick","11",1]]]],4,1,4],[1,"baerPrQu1D5ajRF3aLPfu8",null,null,null,1,0],[1,0,-294.8,0]],[6,"dateLabel13",33554432,2,[-279],[[[2,-276,[0,"c7OwLMrLhO4IQ4h1+ieZR+"],[5,189.78515625,25.2]],-277,[9,1,-278,[0,"6a7u9uWbZDVqWMospt77e2"],[[7,"44622h8ZLpH+YtYDzLF23GG","startDatSelectBtnClick","12",1]]]],4,1,4],[1,"39lW76dgpJMawMQxCOh8Gv",null,null,null,1,0],[1,0,-320.00000000000006,0]],[6,"dateLabel14",33554432,2,[-283],[[[2,-280,[0,"a2fCOxcstKTo3IrIX81v8u"],[5,189.78515625,25.2]],-281,[9,1,-282,[0,"bbHScoZ4VDobyTL8kXdFul"],[[7,"44622h8ZLpH+YtYDzLF23GG","startDatSelectBtnClick","13",1]]]],4,1,4],[1,"78VapBoRJP86Nh0SPHBvQ+",null,null,null,1,0],[1,0,-345.2000000000001,0]],[21,"ScrollView",33554432,[-287],[[2,-284,[0,"97QTUGItxJCoNEDEkeRtRJ"],[5,240,185]],[25,1,0,-285,[0,"cat1qsQK5N96xA/NDlwIaP"]],[29,0.23,0.75,false,-286,[0,"6ctiYrvA1LcopLEEOj4iJu"],3]],[1,"f2CUKh/ldLKYctNKrGkCNo",null,null,null,1,0],[1,0,-112.48000000000002,0]],[22,"view",33554432,44,[3],[[2,-288,[0,"0bqx6NcaZCW5HTxKwshAeN"],[5,240,185]],[27,-289,[0,"75eq7OnK5KkoOwg+Gmii2S"]],[28,-290,[0,"caTw+xYQxOnIin8w/Hy1mZ"],[4,16777215]]],[1,"91tADr+QREJb1qeF6Lu7dq",null,null,null,1,0]],[6,"dateLabel1",33554432,3,[-294],[[[2,-291,[0,"8bpk6VXlVCXZs5gaOmYaNo"],[5,189.78515625,25.2]],-292,[9,1,-293,[0,"adWRoQjLxEIaFAs6FwnN++"],[[7,"44622h8ZLpH+YtYDzLF23GG","endDatSelectBtnClick","0",1]]]],4,1,4],[1,"b8JiGAa5JKbILguExqlV16",null,null,null,1,0],[1,0,-17.6,0]],[6,"dateLabel2",33554432,3,[-298],[[[2,-295,[0,"f23YOCs/tJM5vh6f3h5dCc"],[5,189.78515625,25.2]],-296,[9,1,-297,[0,"f23Ufmn5hH75VDiAv555JM"],[[7,"44622h8ZLpH+YtYDzLF23GG","endDatSelectBtnClick","1",1]]]],4,1,4],[1,"09dpAlzqdLGIJxujtSrDzF",null,null,null,1,0],[1,0,-42.800000000000004,0]],[6,"dateLabel3",33554432,3,[-302],[[[2,-299,[0,"7es1nRRXtCh6RYtFy20hz2"],[5,189.78515625,25.2]],-300,[9,1,-301,[0,"93ueejlCRJkpnD9mpvcCQu"],[[7,"44622h8ZLpH+YtYDzLF23GG","endDatSelectBtnClick","2",1]]]],4,1,4],[1,"0b8YjBrn1NXIrWyUKgFru+",null,null,null,1,0],[1,0,-68,0]],[6,"dateLabel4",33554432,3,[-306],[[[2,-303,[0,"5eAOd2eSdCFYwu1dm4X7kz"],[5,189.78515625,25.2]],-304,[9,1,-305,[0,"ae2/1jCLhHc5CWpAJ2ULer"],[[7,"44622h8ZLpH+YtYDzLF23GG","endDatSelectBtnClick","3",1]]]],4,1,4],[1,"22Oqtczh9IDIBoinRJ3r1b",null,null,null,1,0],[1,0,-93.19999999999999,0]],[6,"dateLabel5",33554432,3,[-310],[[[2,-307,[0,"f3JscrWERCbLR/MCEy6Tpx"],[5,189.78515625,25.2]],-308,[9,1,-309,[0,"c9sXLXHGhPzrfaU0pQOZTw"],[[7,"44622h8ZLpH+YtYDzLF23GG","endDatSelectBtnClick","4",1]]]],4,1,4],[1,"e8r0I8PvBHpYezDexyK22/",null,null,null,1,0],[1,0,-118.39999999999998,0]],[6,"dateLabel6",33554432,3,[-314],[[[2,-311,[0,"0cXplgwuRGhrUssUlCeqz2"],[5,189.78515625,25.2]],-312,[9,1,-313,[0,"c7fOGQDa9E+qQyu38P5RbN"],[[7,"44622h8ZLpH+YtYDzLF23GG","endDatSelectBtnClick","5",1]]]],4,1,4],[1,"48HRL5iS5B1qUUtYgs1FDq",null,null,null,1,0],[1,0,-143.59999999999997,0]],[6,"dateLabel7",33554432,3,[-318],[[[2,-315,[0,"1awGdDxWlEGIMnFSmINvAr"],[5,189.78515625,25.2]],-316,[9,1,-317,[0,"34WPhwoiFJwZnskWeVEGZ3"],[[7,"44622h8ZLpH+YtYDzLF23GG","endDatSelectBtnClick","6",1]]]],4,1,4],[1,"95s/NT4bVBvawJgA2tr3h/",null,null,null,1,0],[1,0,-168.79999999999995,0]],[6,"dateLabel8",33554432,3,[-322],[[[2,-319,[0,"16G4twd/xI4arLUxDJ38FD"],[5,189.78515625,25.2]],-320,[9,1,-321,[0,"273r9RTBBMC6TiF4TNAoIZ"],[[7,"44622h8ZLpH+YtYDzLF23GG","endDatSelectBtnClick","7",1]]]],4,1,4],[1,"6fMVepQEVKDLYrGbKheqSC",null,null,null,1,0],[1,0,-193.99999999999994,0]],[6,"dateLabel9",33554432,3,[-326],[[[2,-323,[0,"55+89J071NP6/6dtWQDgzF"],[5,189.78515625,25.2]],-324,[9,1,-325,[0,"e4HFlz/HtORIttNi7gRQ97"],[[7,"44622h8ZLpH+YtYDzLF23GG","endDatSelectBtnClick","8",1]]]],4,1,4],[1,"7bw/0t4WpEyb6owj8LcrcW",null,null,null,1,0],[1,0,-219.19999999999993,0]],[6,"dateLabel10",33554432,3,[-330],[[[2,-327,[0,"ddB1Wpp25KDIk6NiTi58im"],[5,189.78515625,25.2]],-328,[9,1,-329,[0,"fczp+vgOlHe5/waH6ttos5"],[[7,"44622h8ZLpH+YtYDzLF23GG","endDatSelectBtnClick","9",1]]]],4,1,4],[1,"31Va8UzLhLxKoimJbv6K+e",null,null,null,1,0],[1,0,-244.39999999999992,0]],[6,"dateLabel11",33554432,3,[-334],[[[2,-331,[0,"83kkE2cy5EU4BB0l/6MxAD"],[5,189.78515625,25.2]],-332,[9,1,-333,[0,"45ti2+g2dNxoS4RF7pJowf"],[[7,"44622h8ZLpH+YtYDzLF23GG","endDatSelectBtnClick","10",1]]]],4,1,4],[1,"b2B9UHKr1FX7Wy3RNitxwj",null,null,null,1,0],[1,0,-269.59999999999997,0]],[6,"dateLabel12",33554432,3,[-338],[[[2,-335,[0,"5fgT+IAlhKlrdliydtH+Er"],[5,189.78515625,25.2]],-336,[9,1,-337,[0,"3ajW45MGlM97nCBZFTkRZi"],[[7,"44622h8ZLpH+YtYDzLF23GG","endDatSelectBtnClick","11",1]]]],4,1,4],[1,"ad8ra4rfZBVKSCZ8Vr2jvD",null,null,null,1,0],[1,0,-294.8,0]],[6,"dateLabel13",33554432,3,[-342],[[[2,-339,[0,"cbeOvH//dEIZB/68RydHj1"],[5,189.78515625,25.2]],-340,[9,1,-341,[0,"b2g/IatjVJIqxsOENBlBnZ"],[[7,"44622h8ZLpH+YtYDzLF23GG","endDatSelectBtnClick","12",1]]]],4,1,4],[1,"deX+ahmo1NpZFRInjSVzWN",null,null,null,1,0],[1,0,-320.00000000000006,0]],[6,"dateLabel14",33554432,3,[-346],[[[2,-343,[0,"d1ekEviLBO+5v35WP4hSRl"],[5,189.78515625,25.2]],-344,[9,1,-345,[0,"66H6WQgJRE1KCLFPRXwGkA"],[[7,"44622h8ZLpH+YtYDzLF23GG","endDatSelectBtnClick","13",1]]]],4,1,4],[1,"84PAFHuhZIXp1KTv9F9ugh",null,null,null,1,0],[1,0,-345.2000000000001,0]],[13,"mask",33554432,1,[[2,-347,[0,"a0LYcjITxDla48h+CRpaYU"],[5,720,1280]],[42,0,-348,[0,"fdcGjTEE1NyarC0gdSRNWz"],[4,2013265920],0],[50,-349,[0,"edv5IsIjZL4pG2jyHATtDw"]]],[1,"71fianD3BB0Zeo4TFOvykW",null,null,null,1,0]],[10,"roundShowNode",33554432,4,[7],[[2,-350,[0,"8cQljoAJBKWJYxFnHlYuj4"],[5,200,40]],[4,0,-351,[0,"db/R7QRY5MD5HWi1hsQRhw"],22]],[1,"b8e0DAx5JGtqoY68tO1oBL",null,null,null,1,0],[1,0,-560,0]],[32,"Checkmark",false,33554432,8,[28],[[[2,-352,[0,"e7iOkRqzdIM6ZSAV8LlKHy"],[5,240,40]],-353],4,1],[1,"deKunheeRLlYpJcOwtXn9n",null,null,null,1,0]],[3,"line",33554432,30,[[2,-354,[0,"b2U3GIeVVBQpvyuVJnTpjo"],[5,240,1]],[4,0,-355,[0,"8a8dHD1+xESqqrkR7ECjSd"],23],[8,4,-356,[0,"66Z4X0XnpNWZLXhQ9iIT2d"]]],[1,"0dPsLpE+tDu4jeW1PrBbI+",null,null,null,1,0],[1,0,-12.1,0]],[3,"line",33554432,31,[[2,-357,[0,"d1uwo6Hv9K46q4FWG7jLAY"],[5,240,1]],[4,0,-358,[0,"e2B41fKUNEUb7aIxiYKn+9"],24],[8,4,-359,[0,"756i7IlHZKDKAll69ntEKa"]]],[1,"47FMz9PMZH6rrZWvvk2pJA",null,null,null,1,0],[1,0,-12.1,0]],[3,"line",33554432,32,[[2,-360,[0,"f4GLcmGEZPkL6MXF8KlKbU"],[5,240,1]],[4,0,-361,[0,"8e+rOxekxLWYGMeqaz1bg6"],25],[8,4,-362,[0,"41Lbtxm1dAgbqgpNJ1FNc8"]]],[1,"9aZyeS2SVHp4SdzbUZooCI",null,null,null,1,0],[1,0,-12.1,0]],[3,"line",33554432,33,[[2,-363,[0,"3dXhMzPLNN046zTXvpze7G"],[5,240,1]],[4,0,-364,[0,"9blXU9TytLm4Ac50TGCwKX"],26],[8,4,-365,[0,"97adVt8+VEI6f2kX3SSaaW"]]],[1,"73eD6ylyBGi5Eq2SvkN+C7",null,null,null,1,0],[1,0,-12.1,0]],[3,"line",33554432,34,[[2,-366,[0,"00uWAL74xGT4dziPTq14NN"],[5,240,1]],[4,0,-367,[0,"06ZjVh0tNNKIXRJ53ZAEGE"],27],[8,4,-368,[0,"9fWHHeoeRB6L7/4+3/iTib"]]],[1,"93Ik9T/ZdOnKXwzuqKCfOG",null,null,null,1,0],[1,0,-12.1,0]],[3,"line",33554432,35,[[2,-369,[0,"6eYd5rBLBIQar8ihrWI5ti"],[5,240,1]],[4,0,-370,[0,"78Qb1XUYlH16cMNsLK9IAH"],28],[8,4,-371,[0,"d4HftZCOdIfYGgigwXle7m"]]],[1,"84M649HDlC3bj3EJsrl1Fl",null,null,null,1,0],[1,0,-12.1,0]],[3,"line",33554432,36,[[2,-372,[0,"6f+bbe++VNY4/W616T6kaV"],[5,240,1]],[4,0,-373,[0,"bdGii+BvlHap2ZsBo3sorb"],29],[8,4,-374,[0,"18HvrjgsFEP52Pppj7eHnU"]]],[1,"b3xL5oS01KwY87eoUIQyd8",null,null,null,1,0],[1,0,-12.1,0]],[3,"line",33554432,37,[[2,-375,[0,"b3wKdtPYVJh6r1UDQ2Gsyy"],[5,240,1]],[4,0,-376,[0,"22KEZ8K4lI3JgLzLFkv0YR"],30],[8,4,-377,[0,"efvzv/m8tEQ4yC4Q8H1lpz"]]],[1,"eeKhQ6YgVO1LxptsDTFLO+",null,null,null,1,0],[1,0,-12.1,0]],[3,"line",33554432,38,[[2,-378,[0,"fbyktzKVdLs5SoYvQd9Xt7"],[5,240,1]],[4,0,-379,[0,"76fUd7hjdET596mOiuBB6c"],31],[8,4,-380,[0,"8dSRufkxRAQLxtYZFCJ+JB"]]],[1,"6bcyk4IZtPKJih1VOfcX5K",null,null,null,1,0],[1,0,-12.1,0]],[3,"line",33554432,39,[[2,-381,[0,"22PiqEVZZHdob4rCC7mavp"],[5,240,1]],[4,0,-382,[0,"983YFJAERO378ku1FJgRqm"],32],[8,4,-383,[0,"b7Z0zfZ5lIq5vo9JhxRLk1"]]],[1,"fbj/LNOo5Im6noIFWkx4Yr",null,null,null,1,0],[1,0,-12.1,0]],[3,"line",33554432,40,[[2,-384,[0,"2e4kTTl9pE6KkBtE4upZWX"],[5,240,1]],[4,0,-385,[0,"0cpObuHzRILq3/8S/fCnxG"],33],[8,4,-386,[0,"5eIEUF8rFHmLHTu8pffnec"]]],[1,"4dHnda87BLprNci3tepn+l",null,null,null,1,0],[1,0,-12.1,0]],[3,"line",33554432,41,[[2,-387,[0,"f2WyQ2ZfNPNrcBpt6KU4UO"],[5,240,1]],[4,0,-388,[0,"c3czQEqwtBoptH9qs1qOyX"],34],[8,4,-389,[0,"a7x1Ax7hBAXaH5QHpY+iIE"]]],[1,"b350wGsARFRagGbd7VaFeO",null,null,null,1,0],[1,0,-12.1,0]],[3,"line",33554432,42,[[2,-390,[0,"95EU6KW31CTa+21UJ0MGW6"],[5,240,1]],[4,0,-391,[0,"74o9PHULJCu4cWQQ10khbJ"],35],[8,4,-392,[0,"a10vkKjyxDb4siLSiFqCGM"]]],[1,"37mMZWvfNAHq4xjQnIBC6T",null,null,null,1,0],[1,0,-12.1,0]],[3,"line",33554432,43,[[2,-393,[0,"75r0lLs2JPN4q3ucRLI+Ch"],[5,240,1]],[4,0,-394,[0,"2f+o+ovMVCXaWzKfuBafHF"],36],[8,4,-395,[0,"06yELpWeREr7ZDc26FuG6C"]]],[1,"4429oSz0ZBsbLEfMPvUNTg",null,null,null,1,0],[1,0,-12.1,0]],[32,"Checkmark",false,33554432,9,[44],[[[2,-396,[0,"640sdjevhP8pPNVgChyjFo"],[5,240,40]],-397],4,1],[1,"0byBAPXBJD5rpAa3Eeq3VT",null,null,null,1,0]],[3,"line",33554432,46,[[2,-398,[0,"07iMOOIghM/7mXXNI1DTbK"],[5,240,1]],[4,0,-399,[0,"9dQg5r2phIHK7rGoq+Z5z1"],40],[8,4,-400,[0,"53WpLRtBpMtLXcn8W4DdQa"]]],[1,"c1tQOL3M9LNbagx1vSk2XU",null,null,null,1,0],[1,0,-12.1,0]],[3,"line",33554432,47,[[2,-401,[0,"590KIF8HpADpsbtho2mf85"],[5,240,1]],[4,0,-402,[0,"690yNyoHlCHrJ8vDCsK04c"],41],[8,4,-403,[0,"78NXBS6fJAgo0k+3T+vUt8"]]],[1,"14a3GLIXRBMaev+h2TTnor",null,null,null,1,0],[1,0,-12.1,0]],[3,"line",33554432,48,[[2,-404,[0,"07/8v3E3NPJa/hpYHR0DgC"],[5,240,1]],[4,0,-405,[0,"fenXShdXtE/JrcIl9y3zE1"],42],[8,4,-406,[0,"85eYGh3/xEFKJ02AvyZ5JF"]]],[1,"d7ACcHRi9DKaUWF20uL4br",null,null,null,1,0],[1,0,-12.1,0]],[3,"line",33554432,49,[[2,-407,[0,"a2fnHPkr9Ol5cQxRFnLlii"],[5,240,1]],[4,0,-408,[0,"19Z3SRFAVPSIsyUyCA+M4m"],43],[8,4,-409,[0,"adXdY2XaVIgrc8hkMMkS8Y"]]],[1,"00b/35zptA/r6DWi7Vj6Zi",null,null,null,1,0],[1,0,-12.1,0]],[3,"line",33554432,50,[[2,-410,[0,"18ToIYyVBGJZj8bYrDnIOh"],[5,240,1]],[4,0,-411,[0,"58v7F62UVGoJUuCWKFkmTQ"],44],[8,4,-412,[0,"fb/zSZP4pBJ6eUsQTPcaES"]]],[1,"3fFJxD36lE1qupeYc/OjQv",null,null,null,1,0],[1,0,-12.1,0]],[3,"line",33554432,51,[[2,-413,[0,"e3JYThd75EiL72jtFXQyrS"],[5,240,1]],[4,0,-414,[0,"70xGL3hVpLW6wVp/1nRo3r"],45],[8,4,-415,[0,"c9xddOfxxBtrpi0Wp2K990"]]],[1,"ecfrDVRLZPhq6DRvtHyCMu",null,null,null,1,0],[1,0,-12.1,0]],[3,"line",33554432,52,[[2,-416,[0,"e3JbdxQHJK36dT8LdkzZEg"],[5,240,1]],[4,0,-417,[0,"ab7BWMx0RBuJIZIRly9naL"],46],[8,4,-418,[0,"e0vN8rmbtGz4HcD2wj9SYK"]]],[1,"e8MjbCkjtIq5iHWgYVQL99",null,null,null,1,0],[1,0,-12.1,0]],[3,"line",33554432,53,[[2,-419,[0,"80RE0vOQVJCK2pJW5X3lZd"],[5,240,1]],[4,0,-420,[0,"99jF0etcFMroYBb1O7JLRn"],47],[8,4,-421,[0,"75CWrZ/LVDO5EwKRFm1bnn"]]],[1,"b7AeM5oOVCkJ1p/Vlb79Hl",null,null,null,1,0],[1,0,-12.1,0]],[3,"line",33554432,54,[[2,-422,[0,"997EDKRhNCzqHCUYCPUrzq"],[5,240,1]],[4,0,-423,[0,"f8xubxOvRFGaRYaH7EGQsW"],48],[8,4,-424,[0,"91ctRU4GtFdY/lfW4hyKNY"]]],[1,"41hXQpON5LsoRIR6GO+UIn",null,null,null,1,0],[1,0,-12.1,0]],[3,"line",33554432,55,[[2,-425,[0,"4c029FtWJI5LgtDZdwjKKC"],[5,240,1]],[4,0,-426,[0,"337uK4Z81ACYsAUT84JKGC"],49],[8,4,-427,[0,"43iO30/CBLX5N5w3+xe0c9"]]],[1,"7bhB2xZSpFYY8PCvUUk5re",null,null,null,1,0],[1,0,-12.1,0]],[3,"line",33554432,56,[[2,-428,[0,"dfXKpUuztN/rO1v/M1XZ0O"],[5,240,1]],[4,0,-429,[0,"a8HrVGGYtPKonoC0VotrtP"],50],[8,4,-430,[0,"f2BqGfaqRLa4tHHDKePm9p"]]],[1,"38YJ3k235P+o7NoC672WlW",null,null,null,1,0],[1,0,-12.1,0]],[3,"line",33554432,57,[[2,-431,[0,"bdXnvyZclKiZxqXi7b3rld"],[5,240,1]],[4,0,-432,[0,"d273b6trpApIh5CmR467qF"],51],[8,4,-433,[0,"d6AE3ltVNAFJ/rvZ4oNA1j"]]],[1,"67VAQF4i5PuJMRe99TFLMs",null,null,null,1,0],[1,0,-12.1,0]],[3,"line",33554432,58,[[2,-434,[0,"9dhM2L8lhAnbcStbG/30qY"],[5,240,1]],[4,0,-435,[0,"9akhnKWNpHIZs7Nehrp6vE"],52],[8,4,-436,[0,"fdBRugQx1CFbKPuENwzcfn"]]],[1,"9cdZL9Oo1N65gJSaoa1xuq",null,null,null,1,0],[1,0,-12.1,0]],[3,"line",33554432,59,[[2,-437,[0,"f5165zxqdK96267UbdB5TM"],[5,240,1]],[4,0,-438,[0,"4dOGeJ+XREV7rgmbjdIlhv"],53],[8,4,-439,[0,"9aLMv5JMNHq6YdMRSw0zp0"]]],[1,"f8julUph1KeqNkNOM8iVUn",null,null,null,1,0],[1,0,-12.1,0]],[3,"title",33554432,4,[[2,-440,[0,"09tayYYTlBqoynwQUfsXn/"],[5,52,50.4]],[11,"紀錄",26,26,-441,[0,"56oBOGUOFHor+w02zeL2Qz"]]],[1,"dcfqeaW+NOl4lAYndNgzHY",null,null,null,1,0],[1,0,564.182,0]],[3,"line",33554432,4,[[2,-442,[0,"1dsi/zDVVF8LNEDQmimIms"],[5,640,1]],[19,-443,[0,"92hkeFPMdHjKIE9OqPSOXM"],1]],[1,"a5eUb5CVZPnLb5HpFL7ryK",null,null,null,1,0],[1,0,522.854,0]],[24,"Checkmark",33554432,11,[[[2,-444,[0,"90O3zDZplB9YwesfhjW6ph"],[5,213,60]],-445],4,1],[1,"daz89RewpJ0pRtExNHv7CJ",null,null,null,1,0]],[13,"Label",33554432,11,[[2,-446,[0,"4eElxihmVIwoXtV4P7RzSz"],[5,48,50.4]],[11,"投注",24,24,-447,[0,"d6EhEAPwNGPa5WeKPptXrm"]]],[1,"6dyzrRJSRNnY8GqO+6oOx4",null,null,null,1,0]],[16,"Checkmark",false,33554432,12,[[[2,-448,[0,"045x0A4a1DW6t7ljOgZIn7"],[5,213,60]],-449],4,1],[1,"3ckTT4emtMv6TVI642eYxd",null,null,null,1,0]],[13,"Label",33554432,12,[[2,-450,[0,"40k4PXzLNN5IHLfrr15nbs"],[5,48,50.4]],[11,"額度",24,24,-451,[0,"b3NBO0q4pA25XfINVby4nK"]]],[1,"10zy/2WgVMj4U7PClr+rbE",null,null,null,1,0]],[16,"Checkmark",false,33554432,13,[[[2,-452,[0,"01TTMe5MRObay4IvIxZY5X"],[5,213,60]],-453],4,1],[1,"9d4wsOGt5M9KSkmYhAsHQB",null,null,null,1,0]],[13,"Lbael",33554432,13,[[2,-454,[0,"e8tR+AMoJJl5p8EoPB9gNQ"],[5,48,50.4]],[11,"贈禮",24,24,-455,[0,"e6UHCqHPdAG6XRv9GSJEeh"]]],[1,"1cLQqIbchL147f73CFgjwE",null,null,null,1,0]],[24,"Checkmark",33554432,14,[[[2,-456,[0,"b0CxKXWeZJ2ZJrgdGP52Fy"],[5,150,50]],-457],4,1],[1,"c4YSCBTB9OI7iPf4rvpZ+O",null,null,null,1,0]],[13,"Label",33554432,14,[[2,-458,[0,"30DbsMsNhAVoeJu9wJeY2l"],[5,40,50.4]],[11,"今日",20,20,-459,[0,"16FuBfrapAd7P4nSElr2ts"]]],[1,"b93K4nx4hFgY2GSzFjzvJN",null,null,null,1,0]],[16,"Checkmark",false,33554432,15,[[[2,-460,[0,"7dTNrWTUVDT4Ozx2I1S44L"],[5,150,50]],-461],4,1],[1,"0bLe3/sn1NDbSsaP/bC6J5",null,null,null,1,0]],[13,"Label",33554432,15,[[2,-462,[0,"bdZpMwzgxASpFHVLhroHmb"],[5,40,50.4]],[11,"昨日",20,20,-463,[0,"32YS3Sk3xDZr4eO0GeWDHf"]]],[1,"efwoWKxodMX4D5+nkRks08",null,null,null,1,0]],[16,"Checkmark",false,33554432,16,[[[2,-464,[0,"94OJ+xgOBCG4B8GPK+Umub"],[5,150,50]],-465],4,1],[1,"89MTIrlDxCjKBWYxsGvFho",null,null,null,1,0]],[13,"Label",33554432,16,[[2,-466,[0,"f6eVC2FB5NuabPMrlt6XCm"],[5,40,50.4]],[11,"本周",20,20,-467,[0,"39MrZtNktO5JfO+aUvuB/T"]]],[1,"eeC1PLW0ZBTLVpJo2VUiCq",null,null,null,1,0]],[16,"Checkmark",false,33554432,17,[[[2,-468,[0,"70ptnZsrdI9pP3S7mtTCss"],[5,150,50]],-469],4,1],[1,"57Qmg3bE9LhZGGy6onrWWd",null,null,null,1,0]],[13,"Label",33554432,17,[[2,-470,[0,"72r0+K0/1Dno1CTumO8Pr3"],[5,40,50.4]],[11,"上周",20,20,-471,[0,"99hj8B3adLsJxxmLLg8AuL"]]],[1,"d0+/T6wflP34FMx6dxmnIn",null,null,null,1,0]],[3,"Label",33554432,4,[[2,-472,[0,"fdl9jF7tFN1rQareF/dIqT"],[5,48,50.4]],[11,"侷號",24,24,-473,[0,"c2aORWJUlJ9aBwR97u/zTP"]]],[1,"667lxCdJVGaoMbDkGtKNeG",null,null,null,1,0],[1,-274.728,411.096,0]],[39,"TEXT_LABEL",false,33554432,18,[[[17,-474,[0,"fbHP+gjjhN8ZaTfDL2G9Ny"],[5,498,45],[0,0,1]],-475],4,1],[1,"5fQoVZWEpJ9YdaatHXv+02",null,null,null,1,0],[1,-248,22.5,0]],[40,"PLACEHOLDER_LABEL",33554432,18,[[[17,-476,[0,"0fiC7bRQxOrIm0S7HPK1Ce"],[5,498,45],[0,0,1]],-477],4,1],[1,"fce316dopHg6pUnSkh1qis",null,null,null,1,0],[1,-248,22.5,0]],[3,"arrow_6",33554432,4,[[2,-478,[0,"e9qRwRDLtPg5MQBBTWvnJR"],[5,18,14]],[19,-479,[0,"e7npoKh85IB4Bz3S0CsNwA"],16]],[1,"134rN1yQxIfqLV5HrOAacX",null,null,null,1,0],[1,-38.207,264.972,0]],[3,"gameTitleLabel",33554432,6,[[2,-480,[0,"f1WfJj/xFB3rHJ11JUeTY5"],[5,40,50.4]],[11,"游戲",20,20,-481,[0,"0dDniKL8ZKOpBvrqKPrOXy"]]],[1,"b0u+2k2MVD9r1vaHK7h8Fc",null,null,null,1,0],[1,-259.667,0,0]],[3,"roundAndTimeTitleLabel",33554432,6,[[2,-482,[0,"devLUHcfpAb5Rh48Lm7BBw"],[5,40,45.199999999999996]],[5,"局\n時間",20,20,20,-483,[0,"cd9O578G5C/I/ZLobM0AYN"]]],[1,"5a6PdqwA5FFIqo1U9NaL97",null,null,null,1,0],[1,-108,0,0]],[3,"betTypeTitleLabel",33554432,6,[[2,-484,[0,"89BwesNT1NiIgcOjR3+l5S"],[5,80,25.2]],[5,"投注類型",20,20,20,-485,[0,"53KodIUvtKCIcrPCQOWfnC"]]],[1,"02i3gBvFREDId1dEgKuCmo",null,null,null,1,0],[1,19.5,0,0]],[3,"betCoinTitleLabel",33554432,6,[[2,-486,[0,"aau9SDs+tJ34jL+FbiIcG2"],[5,80,25.2]],[5,"投注金額",20,20,20,-487,[0,"06J7A4fsFAaYVYbat7KgWW"]]],[1,"dbMocwcKlBSqjwbm9HWIOQ",null,null,null,1,0],[1,148,0,0]],[3,"resultTitleLabel",33554432,6,[[2,-488,[0,"6bQahYe7pDQZCD/biCiouw"],[5,45.556640625,25.2]],[5,"輸/贏",20,20,20,-489,[0,"36XvhdqZNCfb8/TJ7VBqOE"]]],[1,"8dXNGPQYhBrLMm5ttl//qm",null,null,null,1,0],[1,258,0,0]],[24,"roundLabel",33554432,7,[[[2,-490,[0,"b9IfBaIQ9HCq8+EGnEO6+k"],[5,25.0224609375,25.2]],-491],4,1],[1,"f8blF75wZKPp0evBarfMD3",null,null,null,1,0]],[33,"Label",512,33554432,8,[[[2,-492,[0,"adzblvXfVIPb2CN89teQ62"],[5,240,40]],-493],4,1],[1,"c37G50uE1N7IR5OKyjRkEw",null,null,null,1,0],[1,-10.705,0,0]],[3,"arrow_5",33554432,8,[[2,-494,[0,"a7po296zZE6o5m3HEmIz/I"],[5,16,10]],[19,-495,[0,"a89I3obwJIr7oNpXQi/TIL"],38]],[1,"22ljzqPElNdLENtUGdW1ea",null,null,null,1,0],[1,104.91,0.714,0]],[33,"Label",512,33554432,9,[[[2,-496,[0,"1aMFwPRiBIN5rUqZP9cihc"],[5,240,40]],-497],4,1],[1,"27pYSVcadCKYuLkYdYhT4c",null,null,null,1,0],[1,-10.705,0,0]],[3,"arrow_5",33554432,9,[[2,-498,[0,"28QM6J1NRGYqI6vEi70YdY"],[5,16,10]],[19,-499,[0,"82z8LH4OdHhb20Cb0cKYCR"],55]],[1,"012kfWoyNLtJf/l3GN6fI4",null,null,null,1,0],[1,104.91,0.714,0]],[12,0,94,[0,"232GmyLMpHPbUNAST5Cws4"]],[12,0,96,[0,"5fkCw1R3ZB842Vc79hEX2q"]],[12,0,98,[0,"9c76xWGtlD1pP0ZKKrsPNw"]],[12,0,100,[0,"8cCCI6aNhIM6fyYl6n9gTz"]],[12,0,102,[0,"8doU3a07VC0pGhlipDh2NC"]],[12,0,104,[0,"cbtVyLk8pNpITaqjRZMxgC"]],[12,0,106,[0,"1c6v2JbytDI4gOBwNlxBMZ"]],[51,"",0,40,20,1,false,109,[0,"caLsX0TBRLWpr5dLCDSGdf"]],[52,"請輸入侷號",0,20,20,1,false,110,[0,"ceeuznxb1A9L6Cpn3On66e"],[4,4290493371]],[53,6,8,18,[0,"9amelH9LlLn6a2m0KO4l9w"],129,130],[5,"1/1",18,18,20,117,[0,"29NvIdChVDq4L10Rp9NvUz"]],[29,0.23,0.75,false,25,[0,"d1eOt0mKRLzayqwwseHHhL"],27],[5,"2023-11-22  00:00:00",20,20,20,30,[0,"ecp5FrId5MuZKw9NStLGYH"]],[5,"2023-11-22  00:00:00",20,20,20,31,[0,"0cfONsefBKl4QHm+6yujwh"]],[5,"2023-11-22  00:00:00",20,20,20,32,[0,"ee0CU8bUtKHJnyHE2sdIk3"]],[5,"2023-11-22  00:00:00",20,20,20,33,[0,"59yJ5RB4tFErgUXbNWddJ6"]],[5,"2023-11-22  00:00:00",20,20,20,34,[0,"f7JYFEi6FHzIEPw22wvIV8"]],[5,"2023-11-22  00:00:00",20,20,20,35,[0,"d7KeouUKRJ3YiB7HY85kp4"]],[5,"2023-11-22  00:00:00",20,20,20,36,[0,"19HTMcq3JARY7fzq8cKogD"]],[5,"2023-11-22  00:00:00",20,20,20,37,[0,"e1VihF6hpJIKXq0uKK1qkh"]],[5,"2023-11-22  00:00:00",20,20,20,38,[0,"b8KPF9/AVPmrKBLRUUHBrZ"]],[5,"2023-11-22  00:00:00",20,20,20,39,[0,"bc5yTpp1hDsbbzz/7NlQzX"]],[5,"2023-11-22  00:00:00",20,20,20,40,[0,"03vy13mRVCaaiDN7h+8/LQ"]],[5,"2023-11-22  00:00:00",20,20,20,41,[0,"eeJI1mOLxJrJICMc4cKTDf"]],[5,"2023-11-22  00:00:00",20,20,20,42,[0,"7fLdFEWPJLALPtakaYm+Tr"]],[5,"2023-11-22  00:00:00",20,20,20,43,[0,"11/MON5KBJaaoMGwYmXAMg"]],[12,0,62,[0,"cbum6ctgJBTpBwRCREivhW"]],[36,"2023-11-22  00:00:00",20,20,1,false,118,[0,"42sWKBgjxPV7XY0VAOZHnn"]],[23,false,8,[0,"3dvFzY8ShO7q1/2e3RvU9m"],[4,4292269782],8,148],[5,"2023-11-22  00:00:00",20,20,20,46,[0,"42qDwk1vxBnb4z359c30p0"]],[5,"2023-11-22  00:00:00",20,20,20,47,[0,"22XUD+jk1IQ4wMPHdprRqU"]],[5,"2023-11-22  00:00:00",20,20,20,48,[0,"75SL667KZHAK1ibPJ3ww0c"]],[5,"2023-11-22  00:00:00",20,20,20,49,[0,"38mXeMgKBCxKVRVs7hGmGK"]],[5,"2023-11-22  00:00:00",20,20,20,50,[0,"6d9Zvwjg1IdbB1EiPKrCzb"]],[5,"2023-11-22  00:00:00",20,20,20,51,[0,"c3J9ccEEBCPoTr3qodpGPX"]],[5,"2023-11-22  00:00:00",20,20,20,52,[0,"1dj//z+zRBjbHBebUgCWDI"]],[5,"2023-11-22  00:00:00",20,20,20,53,[0,"81ZnYdcYJI1pDtgPJMQaCq"]],[5,"2023-11-22  00:00:00",20,20,20,54,[0,"c79DWCvWdHFJaeIp/9EHzz"]],[5,"2023-11-22  00:00:00",20,20,20,55,[0,"e4xty8EBpEnpDyDtqi7lpb"]],[5,"2023-11-22  00:00:00",20,20,20,56,[0,"7dSAlkYk5JppF10Mjmm1B8"]],[5,"2023-11-22  00:00:00",20,20,20,57,[0,"3cFEUKBvNHCKQxf9VdQ7KS"]],[5,"2023-11-22  00:00:00",20,20,20,58,[0,"89W1VrH1tHR6exS3HwHixf"]],[5,"2023-11-22  00:00:00",20,20,20,59,[0,"f9xK2NrMlKsoEUXZZ/8QyF"]],[12,0,77,[0,"79CulseMpPI5BYIjILLEeU"]],[36,"2023-11-22  00:00:00",20,20,1,false,120,[0,"88+nZhvIxFSKOFvxBq+MaQ"]],[23,false,9,[0,"fayThfiF5DabGVpEqxE1xb"],[4,4292269782],9,165]],0,[0,6,1,0,0,1,0,7,132,0,8,133,0,9,166,0,10,149,0,-1,151,0,-2,152,0,-3,153,0,-4,154,0,-5,155,0,-6,156,0,-7,157,0,-8,158,0,-9,159,0,-10,160,0,-11,161,0,-12,162,0,-13,163,0,-14,164,0,-1,134,0,-2,135,0,-3,136,0,-4,137,0,-5,138,0,-6,139,0,-7,140,0,-8,141,0,-9,142,0,-10,143,0,-11,144,0,-12,145,0,-13,146,0,-14,147,0,11,167,0,12,150,0,13,131,0,0,1,0,-1,60,0,-2,4,0,0,2,0,0,2,0,0,2,0,0,2,0,-1,30,0,-2,31,0,-3,32,0,-4,33,0,-5,34,0,-6,35,0,-7,36,0,-8,37,0,-9,38,0,-10,39,0,-11,40,0,-12,41,0,-13,42,0,-14,43,0,0,3,0,0,3,0,0,3,0,0,3,0,-1,46,0,-2,47,0,-3,48,0,-4,49,0,-5,50,0,-6,51,0,-7,52,0,-8,53,0,-9,54,0,-10,55,0,-11,56,0,-12,57,0,-13,58,0,-14,59,0,0,4,0,0,4,0,-1,92,0,-2,93,0,-3,19,0,-4,10,0,-5,5,0,-6,108,0,-7,18,0,-8,20,0,-9,111,0,-10,6,0,-11,61,0,-12,25,0,-13,8,0,-14,9,0,0,5,0,0,5,0,0,5,0,-1,14,0,-2,15,0,-3,16,0,-4,17,0,0,6,0,0,6,0,-1,112,0,-2,113,0,-3,114,0,-4,115,0,-5,116,0,0,7,0,0,7,0,-1,21,0,-2,22,0,-3,117,0,-4,23,0,-5,24,0,0,8,0,0,8,0,-3,150,0,-1,62,0,-2,118,0,-3,119,0,0,9,0,0,9,0,-3,167,0,-1,77,0,-2,120,0,-3,121,0,0,10,0,0,10,0,0,10,0,-1,11,0,-2,12,0,-3,13,0,0,11,0,0,11,0,4,122,0,2,11,0,0,11,0,-1,94,0,-2,95,0,0,12,0,0,12,0,4,123,0,2,12,0,0,12,0,-1,96,0,-2,97,0,0,13,0,0,13,0,4,124,0,2,13,0,0,13,0,-1,98,0,-2,99,0,0,14,0,0,14,0,4,125,0,2,14,0,0,14,0,-1,100,0,-2,101,0,0,15,0,0,15,0,4,126,0,2,15,0,0,15,0,-1,102,0,-2,103,0,0,16,0,0,16,0,4,127,0,2,16,0,0,16,0,-1,104,0,-2,105,0,0,17,0,0,17,0,4,128,0,2,17,0,0,17,0,-1,106,0,-2,107,0,0,18,0,0,18,0,-3,131,0,-1,109,0,-2,110,0,0,19,0,0,19,0,2,19,0,0,19,0,0,20,0,0,20,0,2,20,0,0,20,0,0,21,0,0,21,0,2,21,0,0,21,0,0,22,0,0,22,0,2,22,0,0,22,0,0,23,0,0,23,0,2,23,0,0,23,0,0,24,0,0,24,0,2,24,0,0,24,0,0,25,0,0,25,0,-3,133,0,-1,26,0,0,26,0,0,26,0,0,26,0,-1,27,0,0,27,0,0,27,0,0,27,0,0,28,0,0,28,0,0,28,0,-1,29,0,0,29,0,0,29,0,0,29,0,0,30,0,-2,134,0,0,30,0,-1,63,0,0,31,0,-2,135,0,0,31,0,-1,64,0,0,32,0,-2,136,0,0,32,0,-1,65,0,0,33,0,-2,137,0,0,33,0,-1,66,0,0,34,0,-2,138,0,0,34,0,-1,67,0,0,35,0,-2,139,0,0,35,0,-1,68,0,0,36,0,-2,140,0,0,36,0,-1,69,0,0,37,0,-2,141,0,0,37,0,-1,70,0,0,38,0,-2,142,0,0,38,0,-1,71,0,0,39,0,-2,143,0,0,39,0,-1,72,0,0,40,0,-2,144,0,0,40,0,-1,73,0,0,41,0,-2,145,0,0,41,0,-1,74,0,0,42,0,-2,146,0,0,42,0,-1,75,0,0,43,0,-2,147,0,0,43,0,-1,76,0,0,44,0,0,44,0,0,44,0,-1,45,0,0,45,0,0,45,0,0,45,0,0,46,0,-2,151,0,0,46,0,-1,78,0,0,47,0,-2,152,0,0,47,0,-1,79,0,0,48,0,-2,153,0,0,48,0,-1,80,0,0,49,0,-2,154,0,0,49,0,-1,81,0,0,50,0,-2,155,0,0,50,0,-1,82,0,0,51,0,-2,156,0,0,51,0,-1,83,0,0,52,0,-2,157,0,0,52,0,-1,84,0,0,53,0,-2,158,0,0,53,0,-1,85,0,0,54,0,-2,159,0,0,54,0,-1,86,0,0,55,0,-2,160,0,0,55,0,-1,87,0,0,56,0,-2,161,0,0,56,0,-1,88,0,0,57,0,-2,162,0,0,57,0,-1,89,0,0,58,0,-2,163,0,0,58,0,-1,90,0,0,59,0,-2,164,0,0,59,0,-1,91,0,0,60,0,0,60,0,0,60,0,0,61,0,0,61,0,0,62,0,-2,148,0,0,63,0,0,63,0,0,63,0,0,64,0,0,64,0,0,64,0,0,65,0,0,65,0,0,65,0,0,66,0,0,66,0,0,66,0,0,67,0,0,67,0,0,67,0,0,68,0,0,68,0,0,68,0,0,69,0,0,69,0,0,69,0,0,70,0,0,70,0,0,70,0,0,71,0,0,71,0,0,71,0,0,72,0,0,72,0,0,72,0,0,73,0,0,73,0,0,73,0,0,74,0,0,74,0,0,74,0,0,75,0,0,75,0,0,75,0,0,76,0,0,76,0,0,76,0,0,77,0,-2,165,0,0,78,0,0,78,0,0,78,0,0,79,0,0,79,0,0,79,0,0,80,0,0,80,0,0,80,0,0,81,0,0,81,0,0,81,0,0,82,0,0,82,0,0,82,0,0,83,0,0,83,0,0,83,0,0,84,0,0,84,0,0,84,0,0,85,0,0,85,0,0,85,0,0,86,0,0,86,0,0,86,0,0,87,0,0,87,0,0,87,0,0,88,0,0,88,0,0,88,0,0,89,0,0,89,0,0,89,0,0,90,0,0,90,0,0,90,0,0,91,0,0,91,0,0,91,0,0,92,0,0,92,0,0,93,0,0,93,0,0,94,0,-2,122,0,0,95,0,0,95,0,0,96,0,-2,123,0,0,97,0,0,97,0,0,98,0,-2,124,0,0,99,0,0,99,0,0,100,0,-2,125,0,0,101,0,0,101,0,0,102,0,-2,126,0,0,103,0,0,103,0,0,104,0,-2,127,0,0,105,0,0,105,0,0,106,0,-2,128,0,0,107,0,0,107,0,0,108,0,0,108,0,0,109,0,-2,129,0,0,110,0,-2,130,0,0,111,0,0,111,0,0,112,0,0,112,0,0,113,0,0,113,0,0,114,0,0,114,0,0,115,0,0,115,0,0,116,0,0,116,0,0,117,0,-2,132,0,0,118,0,-2,149,0,0,119,0,0,119,0,0,120,0,-2,166,0,0,121,0,0,121,0,14,1,2,5,29,3,5,45,7,5,61,28,5,62,44,5,77,499],[0,0,0,0,0,0,0,0,0,0,0,0,0,0,0,0,0,0,0,0,0,0,0,0,0,0,0,0,0,0,0,0,0,0,0,0,0,0,0,0,0,0,0,0,0,0,0,0,0,0,0,0,0,0,0,0,0,0,0,122,123,124,125,126,127,128,131],[1,1,1,15,16,17,18,1,1,1,1,1,1,1,1,1,1,1,1,1,1,1,1,1,1,1,1,1,1,1,1,1,1,1,1,1,1,1,1,1,1,1,1,1,1,1,1,1,1,1,1,1,1,1,1,1,1,1,19,1,1,1,1,1,1,1,20],[19,0,6,6,20,21,22,5,5,5,1,1,1,1,2,23,24,3,7,8,8,7,1,0,0,0,0,0,0,0,0,0,0,0,0,0,0,1,9,2,0,0,0,0,0,0,0,0,0,0,0,0,0,0,1,9,2,25,26,3,3,3,4,4,4,4,2]],[[{"name":"log_btn","rect":{"x":0,"y":0,"width":100,"height":30},"offset":{"x":0,"y":0},"originalSize":{"width":100,"height":30},"rotated":false,"capInsets":[3,3,3,3],"vertices":{"rawPosition":[-50,-15,0,50,-15,0,-50,15,0,50,15,0],"indexes":[0,1,2,2,1,3],"uv":[0,30,100,30,0,0,100,0],"nuv":[0,0,1,0,0,1,1,1],"minPos":{"x":-50,"y":-15,"z":0},"maxPos":{"x":50,"y":15,"z":0}},"packable":true,"pixelsToUnit":100,"pivot":{"x":0.5,"y":0.5},"meshType":0}],[0],0,[0],[3],[27]],[[{"name":"log_serch_btn_m","rect":{"x":0,"y":0,"width":60,"height":50},"offset":{"x":0,"y":0},"originalSize":{"width":60,"height":50},"rotated":false,"capInsets":[0,0,0,0],"vertices":{"rawPosition":[-30,-25,0,30,-25,0,-30,25,0,30,25,0],"indexes":[0,1,2,2,1,3],"uv":[0,50,60,50,0,0,60,0],"nuv":[0,0,1,0,0,1,1,1],"minPos":{"x":-30,"y":-25,"z":0},"maxPos":{"x":30,"y":25,"z":0}},"packable":true,"pixelsToUnit":100,"pivot":{"x":0.5,"y":0.5},"meshType":0}],[0],0,[0],[3],[28]],[[{"name":"log_btn_a","rect":{"x":0,"y":0,"width":100,"height":30},"offset":{"x":0,"y":0},"originalSize":{"width":100,"height":30},"rotated":false,"capInsets":[0,0,0,0],"vertices":{"rawPosition":[-50,-15,0,50,-15,0,-50,15,0,50,15,0],"indexes":[0,1,2,2,1,3],"uv":[0,30,100,30,0,0,100,0],"nuv":[0,0,1,0,0,1,1,1],"minPos":{"x":-50,"y":-15,"z":0},"maxPos":{"x":50,"y":15,"z":0}},"packable":true,"pixelsToUnit":100,"pivot":{"x":0.5,"y":0.5},"meshType":0}],[0],0,[0],[3],[29]]]]
