[1,["065d1e81-c2e0-47a0-9c04-fea9ddb985cb@6c48a"],["_textureSource"],["cc.SpriteFrame"],0,[{"name":"label_1","rect":{"x":0,"y":0,"width":160,"height":60},"offset":{"x":0,"y":0},"originalSize":{"width":160,"height":60},"rotated":false,"capInsets":[0,0,0,0],"vertices":{"rawPosition":[-80,-30,0,80,-30,0,-80,30,0,80,30,0],"indexes":[0,1,2,2,1,3],"uv":[0,60,160,60,0,0,160,0],"nuv":[0,0,1,0,0,1,1,1],"minPos":{"x":-80,"y":-30,"z":0},"maxPos":{"x":80,"y":30,"z":0}},"packable":true,"pixelsToUnit":100,"pivot":{"x":0.5,"y":0.5},"meshType":0}],[0],0,[0],[0],[0]]
