[1,["20835ba4-6145-4fbc-a58a-051ce700aa3e@f9941","544e49d6-3f05-4fa8-9a9e-091f98fc2ce8@f9941","951249e0-9f16-456d-8b85-a6ca954da16b@f9941","b62e54e3-b238-492d-b643-738e79b794d1@f9941","0516f706-3537-4643-80d8-5e9241dff986@6c48a","0516f706-3537-4643-80d8-5e9241dff986@f9941","1672acab-b5c7-4314-9b42-83de3e9ae215@f9941","8d7078ee-9224-4c97-8a52-5dc5c6886bb9@f9941","f82fd456-df80-4140-9e83-2db6a0df7445@f9941","8f85095c-08ae-438c-8c11-0848431bca26@f9941","e00a87f3-5634-42fd-807b-72ac80276ba6@f9941","1672acab-b5c7-4314-9b42-83de3e9ae215@6c48a","8d7078ee-9224-4c97-8a52-5dc5c6886bb9@6c48a","8f85095c-08ae-438c-8c11-0848431bca26@6c48a","b62e54e3-b238-492d-b643-738e79b794d1@6c48a","e00a87f3-5634-42fd-807b-72ac80276ba6@6c48a","f82fd456-df80-4140-9e83-2db6a0df7445@6c48a"],["node","_spriteFrame","_textureSource","_target","_normalSprite","_hoverSprite","_pressedSprite","_disabledSprite","root","videoBg","videoMask","playToggle","muteToggle","data"],["cc.SpriteFrame",["cc.Node",["_name","_layer","_active","_objFlags","_components","_prefab","_parent","_children","_lpos"],-1,9,4,1,2,5],["cc.Sprite",["_type","_sizeMode","node","__prefab","_spriteFrame","_color"],1,1,4,6,5],["cc.Node",["_name","_layer","_active","_parent","_components","_prefab","_children","_lpos"],0,1,12,4,2,5],["cc.PrefabInfo",["fileId","instance","nestedPrefabInstanceRoots","targetOverrides","root","asset"],-1,1,1],["cc.Button",["_transition","node","__prefab","_normalColor","_target","_normalSprite","_hoverSprite","_pressedSprite","_disabledSprite","clickEvents"],2,1,4,5,1,6,6,6,6,9],["cc.Toggle",["_isChecked","node","__prefab","clickEvents","_normalColor","_target","_checkMark"],2,1,4,9,5,1,1],["cc.Prefab",["_name"],2],["cc.UITransform",["node","__prefab","_contentSize"],3,1,4,5],["cc.CompPrefabInfo",["fileId"],2],["f4e22gsOHtERbwjH5HaT4Uj",["node","__prefab","muteToggle","playToggle","videoMask","videoBg"],3,1,4,1,1,1,1],["cc.Widget",["_alignFlags","_top","node","__prefab"],1,1,4],["cc.Mask",["node","__prefab"],3,1,4],["cc.Graphics",["node","__prefab","_fillColor"],3,1,4,5],["cc.ClickEvent",["_componentId","handler","target"],1,1],["cc.Label",["_string","_actualFontSize","_fontSize","_overflow","_enableWrapText","node","__prefab","_color"],-2,1,4,5]],[[9,0,2],[8,0,1,2,1],[4,0,1,3,2,4,5,5],[2,2,3,4,1],[2,2,3,1],[14,0,1,2,3],[3,0,1,3,6,4,5,7,3],[7,0,2],[1,0,1,7,4,5,3],[1,0,2,1,6,7,4,5,4],[1,0,1,6,7,4,5,3],[1,0,1,6,4,5,8,3],[1,0,2,1,6,4,5,8,4],[1,0,3,1,6,4,5,4],[1,0,1,6,4,5,3],[3,0,2,1,3,4,5,4],[3,0,1,3,4,5,3],[10,0,1,2,3,4,5,1],[11,0,1,2,3,3],[12,0,1,1],[13,0,1,2,1],[4,0,1,2,3,4,5,5],[2,0,1,2,3,4,3],[2,0,2,3,5,4,2],[5,0,1,2,9,3,4,5,6,7,8,2],[5,0,1,2,3,4,5,6,7,8,2],[15,0,1,2,3,4,5,6,7,6],[6,0,1,2,3,4,5,6,2],[6,1,2,3,4,5,6,1]],[[[{"name":"ai_girl","rect":{"x":133,"y":10,"width":357,"height":921},"offset":{"x":1,"y":-5},"originalSize":{"width":621,"height":931},"rotated":false,"capInsets":[0,0,0,0],"vertices":{"rawPosition":[-178.5,-460.5,0,178.5,-460.5,0,-178.5,460.5,0,178.5,460.5,0],"indexes":[0,1,2,2,1,3],"uv":[133,921,490,921,133,0,490,0],"nuv":[0.214170692431562,0,0.789049919484702,0,0.214170692431562,0.9892588614393125,0.789049919484702,0.9892588614393125],"minPos":{"x":-178.5,"y":-460.5,"z":0},"maxPos":{"x":178.5,"y":460.5,"z":0}},"packable":true,"pixelsToUnit":100,"pivot":{"x":0.5,"y":0.5},"meshType":0}],[0],0,[0],[2],[4]],[[[7,"videoViewPC"],[8,"videoViewPC",33554432,[-11,-12,-13,-14,-15,-16],[[1,-2,[0,"7di8eqomZC7ZCQ0u+mcukq"],[5,1920,1080]],[17,-7,[0,"75aQV7I5BNOKyF9KdTlaA1"],-6,-5,-4,-3],[18,1,-5.684341886080802e-14,-8,[0,"22Pf9HBipLEYPuTeW0q6R1"]],[19,-9,[0,"02edJyZfFCqahEYYh4gHkR"]],[20,-10,[0,"6a26MeAd1MGqEZm3VCCFkA"],[4,16777215]]],[21,"1f5vlW6SJEy4B83fVzF6bW",null,null,[],-1,0]],[9,"playButton",false,33554432,1,[-21],[[1,-17,[0,"d41P+e9O1CTYCempsjsZoI"],[5,100,40]],[22,1,0,-18,[0,"7e+gp8VClIBK2wJyytwJIA"],0],[24,2,-20,[0,"94X4y4L69Es5SL1axpl3IN"],[[5,"f4e22gsOHtERbwjH5HaT4Uj","playBtnClicked",1]],[4,4292269782],-19,1,2,3,4]],[2,"196PwavElB24u4m5Hk43v/",null,null,null,1,0]],[6,"mutedToggle",33554432,1,[-25],[[[1,-22,[0,"2aqo0MpgpLKomEvUmY7Hst"],[5,54,54]],[3,-23,[0,"431z+HmPJOBpCHnzx++6of"],7],-24],4,4,1],[2,"54suSgAHJI8JvLue08eh0X",null,null,null,1,0],[1,667.35,495.577,0]],[6,"playToggle",33554432,1,[-29],[[[1,-26,[0,"f9M8JlrmdGsZE1L6fO9YWi"],[5,54,54]],[3,-27,[0,"25qV23K6tJF7DkuWmFLJ7C"],8],-28],4,4,1],[2,"e3BFikF1ZAeIX/dS2Lv3oL",null,null,null,1,0],[1,596.732,496.708,0]],[10,"videobgPC",33554432,1,[-32],[[1,-30,[0,"d0w8p10bpKQr3VKx4BkumT"],[5,1920,1080]],[3,-31,[0,"ceNm29ZmNOMbnI7jt1EQlW"],6]],[2,"5ecCmIO4dNzaDrEXls8qGG",null,null,null,1,0]],[11,"refreshButton",33554432,1,[[1,-33,[0,"3bWjL522pOPrDLeW/WiS6Q"],[5,54,54]],[23,1,-34,[0,"5c4YRm6QxNUYzYj1YfEaOO"],[4,4292269782],9],[25,1,-36,[0,"72P6LTYFNC+50g94YvffdL"],[4,4292269782],-35,10,11,12,13]],[2,"1ezJQfTMtCkJuB7OLSfu14",null,null,null,1,0],[1,735.973,496.081,0]],[12,"videoMask",false,33554432,1,[[1,-37,[0,"9ekx8QaT1EvqlPEETI1kT0"],[5,1920,730]],[4,-38,[0,"88xVhNQzFL0LIboyl0io4t"]]],[2,"97lntRuCBHSLrX6nJ56MaL",null,null,null,1,0],[1,0,174,0]],[13,"Label",512,33554432,2,[[1,-39,[0,"3c2PE9oi5JLpoaOxULHkyT"],[5,100,40]],[26,"play",20,20,1,false,-40,[0,"11AXYzYTdC75wmVHhqn9/l"],[4,4278190080]]],[2,"53DeILIK1MRIEreeUo88fv",null,null,null,1,0]],[14,"Sprite",33554432,5,[[1,-41,[0,"c9Kx09L8dPSbjoW8hMS/W1"],[5,357,921]],[3,-42,[0,"efVIC/kQBOGofmIlPjn0XN"],5]],[2,"b3PlZv3kVOhIqEeYV48dSg",null,null,null,1,0]],[15,"Checkmark",false,33554432,3,[[[1,-43,[0,"38CVYOI5xPf7cFiZ+enNl9"],[5,54,54]],-44],4,1],[2,"beCfexGeFGNo8w61n9cAKY",null,null,null,1,0]],[16,"Checkmark",33554432,4,[[[1,-45,[0,"53Aze1reBLbqyeilRa4bS4"],[5,54,54]],-46],4,1],[2,"59o5lPCtpEHLBsi+/ea2g9",null,null,null,1,0]],[4,10,[0,"956ykBjoVIx5MaFxlvEhIM"]],[27,false,3,[0,"01ovZwPX1JDoiFXNmAh1HF"],[[5,"f4e22gsOHtERbwjH5HaT4Uj","muteToggleClicked",1]],[4,4292269782],3,12],[4,11,[0,"01KnQLoApKtIOeYhTPYHgq"]],[28,4,[0,"67HysqTeFCGboKsUAOhcuB"],[[5,"f4e22gsOHtERbwjH5HaT4Uj","playToggleClicked",1]],[4,4292269782],4,14]],0,[0,8,1,0,0,1,0,9,5,0,10,7,0,11,15,0,12,13,0,0,1,0,0,1,0,0,1,0,0,1,0,-1,2,0,-2,7,0,-3,5,0,-4,3,0,-5,4,0,-6,6,0,0,2,0,0,2,0,3,2,0,0,2,0,-1,8,0,0,3,0,0,3,0,-3,13,0,-1,10,0,0,4,0,0,4,0,-3,15,0,-1,11,0,0,5,0,0,5,0,-1,9,0,0,6,0,0,6,0,3,6,0,0,6,0,0,7,0,0,7,0,0,8,0,0,8,0,0,9,0,0,9,0,0,10,0,-2,12,0,0,11,0,-2,14,0,13,1,46],[0,0,0,0,0,0,0,0,0,0,0,0,0,0,12,14],[1,4,5,6,7,1,1,1,1,1,4,5,6,7,1,1],[0,0,0,1,2,5,6,7,8,3,3,0,1,2,9,10]],[[{"name":"bg","rect":{"x":0,"y":0,"width":1920,"height":1080},"offset":{"x":0,"y":0},"originalSize":{"width":1920,"height":1080},"rotated":false,"capInsets":[0,0,0,0],"vertices":{"rawPosition":[-960,-540,0,960,-540,0,-960,540,0,960,540,0],"indexes":[0,1,2,2,1,3],"uv":[0,1080,1920,1080,0,0,1920,0],"nuv":[0,0,1,0,0,1,1,1],"minPos":{"x":-960,"y":-540,"z":0},"maxPos":{"x":960,"y":540,"z":0}},"packable":true,"pixelsToUnit":100,"pivot":{"x":0.5,"y":0.5},"meshType":0}],[0],0,[0],[2],[11]],[[{"name":"icon_sound","rect":{"x":0,"y":0,"width":54,"height":54},"offset":{"x":0,"y":0},"originalSize":{"width":54,"height":54},"rotated":false,"capInsets":[0,0,0,0],"vertices":{"rawPosition":[-27,-27,0,27,-27,0,-27,27,0,27,27,0],"indexes":[0,1,2,2,1,3],"uv":[0,54,54,54,0,0,54,0],"nuv":[0,0,1,0,0,1,1,1],"minPos":{"x":-27,"y":-27,"z":0},"maxPos":{"x":27,"y":27,"z":0}},"packable":true,"pixelsToUnit":100,"pivot":{"x":0.5,"y":0.5},"meshType":0}],[0],0,[0],[2],[12]],[[{"name":"icon_sound_off","rect":{"x":0,"y":0,"width":54,"height":54},"offset":{"x":0,"y":0},"originalSize":{"width":54,"height":54},"rotated":false,"capInsets":[0,0,0,0],"vertices":{"rawPosition":[-27,-27,0,27,-27,0,-27,27,0,27,27,0],"indexes":[0,1,2,2,1,3],"uv":[0,54,54,54,0,0,54,0],"nuv":[0,0,1,0,0,1,1,1],"minPos":{"x":-27,"y":-27,"z":0},"maxPos":{"x":27,"y":27,"z":0}},"packable":true,"pixelsToUnit":100,"pivot":{"x":0.5,"y":0.5},"meshType":0}],[0],0,[0],[2],[13]],[[{"name":"icon_re","rect":{"x":0,"y":0,"width":54,"height":54},"offset":{"x":0,"y":0},"originalSize":{"width":54,"height":54},"rotated":false,"capInsets":[0,0,0,0],"vertices":{"rawPosition":[-27,-27,0,27,-27,0,-27,27,0,27,27,0],"indexes":[0,1,2,2,1,3],"uv":[0,54,54,54,0,0,54,0],"nuv":[0,0,1,0,0,1,1,1],"minPos":{"x":-27,"y":-27,"z":0},"maxPos":{"x":27,"y":27,"z":0}},"packable":true,"pixelsToUnit":100,"pivot":{"x":0.5,"y":0.5},"meshType":0}],[0],0,[0],[2],[14]],[[{"name":"icon_video_off","rect":{"x":0,"y":0,"width":54,"height":54},"offset":{"x":0,"y":0},"originalSize":{"width":54,"height":54},"rotated":false,"capInsets":[0,0,0,0],"vertices":{"rawPosition":[-27,-27,0,27,-27,0,-27,27,0,27,27,0],"indexes":[0,1,2,2,1,3],"uv":[0,54,54,54,0,0,54,0],"nuv":[0,0,1,0,0,1,1,1],"minPos":{"x":-27,"y":-27,"z":0},"maxPos":{"x":27,"y":27,"z":0}},"packable":true,"pixelsToUnit":100,"pivot":{"x":0.5,"y":0.5},"meshType":0}],[0],0,[0],[2],[15]],[[{"name":"icon_video","rect":{"x":0,"y":0,"width":54,"height":54},"offset":{"x":0,"y":0},"originalSize":{"width":54,"height":54},"rotated":false,"capInsets":[0,0,0,0],"vertices":{"rawPosition":[-27,-27,0,27,-27,0,-27,27,0,27,27,0],"indexes":[0,1,2,2,1,3],"uv":[0,54,54,54,0,0,54,0],"nuv":[0,0,1,0,0,1,1,1],"minPos":{"x":-27,"y":-27,"z":0},"maxPos":{"x":27,"y":27,"z":0}},"packable":true,"pixelsToUnit":100,"pivot":{"x":0.5,"y":0.5},"meshType":0}],[0],0,[0],[2],[16]]]]
