[1,["e06e0272-3256-4edb-bec4-50ecc6eb94a9@6c48a"],["_textureSource"],["cc.SpriteFrame"],0,[{"name":"mode2_p_b_a","rect":{"x":0,"y":0,"width":341,"height":146},"offset":{"x":0,"y":0},"originalSize":{"width":341,"height":146},"rotated":false,"capInsets":[0,0,0,0],"vertices":{"rawPosition":[-170.5,-73,0,170.5,-73,0,-170.5,73,0,170.5,73,0],"indexes":[0,1,2,2,1,3],"uv":[0,146,341,146,0,0,341,0],"nuv":[0,0,1,0,0,1,1,1],"minPos":{"x":-170.5,"y":-73,"z":0},"maxPos":{"x":170.5,"y":73,"z":0}},"packable":true,"pixelsToUnit":100,"pivot":{"x":0.5,"y":0.5},"meshType":0}],[0],0,[0],[0],[0]]
