[1,["738a51af-f65c-408b-aab8-6b120880b54e@f9941","f889462a-5005-4de6-9319-d47da62a1d29@f9941","f34e81a6-1e38-4710-a2b7-a5e792907801@f9941","738a51af-f65c-408b-aab8-6b120880b54e@6c48a","f34e81a6-1e38-4710-a2b7-a5e792907801@6c48a","f889462a-5005-4de6-9319-d47da62a1d29@6c48a"],["node","_spriteFrame","_textureSource","_target","_parent","root","contentLabel","confirmBtn","cancelBtn","data"],[["cc.Node",["_name","_layer","_objFlags","_components","_prefab","_children","_parent","_lpos"],0,9,4,2,1,5],"cc.SpriteFrame",["cc.Sprite",["_type","_sizeMode","node","__prefab","_spriteFrame","_color"],1,1,4,6,5],["cc.Label",["_string","_actualFontSize","_fontSize","_overflow","_enableWrapText","_isBold","_lineHeight","node","__prefab"],-4,1,4],["cc.Prefab",["_name"],2],["cc.Node",["_name","_layer","_parent","_components","_prefab","_lpos"],1,1,12,4,5],["cc.UITransform",["node","__prefab","_contentSize"],3,1,4,5],["cc.CompPrefabInfo",["fileId"],2],["cc.Widget",["_alignFlags","_originalWidth","_originalHeight","node","__prefab"],0,1,4],["aff46L1qPdM/7U9mX+0oFWT",["node","__prefab","cancelBtn","confirmBtn","contentLabel"],3,1,4,1,1,1],["cc.PrefabInfo",["fileId","instance","targetOverrides","nestedPrefabInstanceRoots","root","asset"],-1,1,1],["cc.Button",["_transition","_zoomScale","node","__prefab","clickEvents","_normalColor","_target"],1,1,4,9,5,1],["cc.ClickEvent",["_componentId","handler","target"],1,1],["cc.Layout",["_resizeMode","_layoutType","_spacingX","node","__prefab"],0,1,4],["cc.BlockInputEvents",["node","__prefab"],3,1,4]],[[7,0,2],[6,0,1,2,1],[10,0,1,2,3,4,5,5],[0,0,1,5,3,4,7,3],[0,0,2,1,6,3,4,4],[8,0,1,2,3,4,4],[2,0,2,3,5,4,2],[11,0,1,2,3,4,5,6,3],[12,0,1,2,3],[3,0,1,2,3,4,5,7,8,7],[4,0,2],[0,0,1,5,3,4,3],[0,0,1,6,5,3,4,3],[0,0,1,6,5,3,4,7,3],[0,0,1,6,3,4,3],[5,0,1,2,3,4,5,3],[9,0,1,2,3,4,1],[2,0,1,2,3,4,3],[13,0,1,2,3,4,4],[14,0,1,1],[3,0,1,2,6,3,7,8,6]],[[[[10,"tipPopup"],[11,"tipPopup",33554432,[-8,-9],[[1,-2,[0,"1fjUqz9M9Gd7YdvwLb9EIn"],[5,720,1280]],[5,45,1280,720,-3,[0,"2bxgIBfphKZZmk2C/ZtinW"]],[16,-7,[0,"8fcR9tQ2hB3rBX9anBZ5yM"],-6,-5,-4]],[2,"11AR3HI7NNlZpMDMWkd6N0",null,null,null,-1,0]],[3,"sureButton",33554432,[-14],[[1,-10,[0,"4deGd9zlZKk5fguvy0G1yx"],[5,240,60]],[6,1,-11,[0,"7f7gdpRfhG0Ibj54XDbBZJ"],[4,4292269782],0],[7,1,0.9,-13,[0,"ff+fVYfepGSL+8igiAnTHQ"],[[8,"aff46L1qPdM/7U9mX+0oFWT","onConfirmBtnClick",1]],[4,4292269782],-12]],[2,"5cbinurzhPtbHwq8H5fc9+",null,null,null,1,0],[1,-140,-7.269999999999982,0]],[3,"cancleButton",33554432,[-19],[[1,-15,[0,"9dUvp6hQBKmrcxBrF/fYwl"],[5,240,60]],[6,1,-16,[0,"95F6VbHepNApr2Q7PpwR6j"],[4,4292269782],1],[7,1,0.9,-18,[0,"1ag/C7trhHGarY5iAIF/S5"],[[8,"aff46L1qPdM/7U9mX+0oFWT","onCancelBtnClick",1]],[4,4292269782],-17]],[2,"9c0r79TERI3KCF01B07Lgt",null,null,null,1,0],[1,140,-7.269999999999982,0]],[12,"bg",33554432,1,[-22,-23],[[1,-20,[0,"b1+O9WUqZNjbXiQAaGP9ni"],[5,594,337]],[17,1,0,-21,[0,"bcs1/RAZxDja+C3jVlvs1Z"],2]],[2,"14U4gDSoJFbJP38Xm+iLXI",null,null,null,1,0]],[13,"btnLayout",33554432,4,[2,3],[[1,-24,[0,"91SQJqC3ZB4aMy7Pfq6A+X"],[5,520,100]],[18,1,1,40,-25,[0,"f9dZLMhNpNELIH4y13NGN6"]]],[2,"48s8LM2ItGs6qMvPeiHWNU",null,null,null,1,0],[1,0,-102,0]],[14,"mask",33554432,1,[[1,-26,[0,"88bDmfrjFICYsiFFKa/JPh"],[5,720,1280]],[5,45,2,2,-27,[0,"68biXi2qJFK4d0gOrUaxPz"]],[19,-28,[0,"04tGHWz4RGDoduohwoGCEr"]]],[2,"37rzCdgm5HiqkRJ0rroNyn",null,null,null,1,0]],[15,"contentLabel",33554432,4,[[[1,-29,[0,"76mb3Yd0xCNpa3V3LHq8in"],[5,500,69.3]],-30],4,1],[2,"767yUXeolIEJ5/+QUPedAl",null,null,null,1,0],[1,0,36,0]],[4,"Label",512,33554432,2,[[1,-31,[0,"802r0F/vtBcalRzirZBrnk"],[5,135,40]],[9,"確定",30,30,2,false,true,-32,[0,"3cAIOThh5B45i2XVACPScX"]]],[2,"08cKZS3aNLjrNgtIjI8UAa",null,null,null,1,0]],[4,"Label",512,33554432,3,[[1,-33,[0,"4cnHPvGItMaYmzxkiMTAts"],[5,135,40]],[9,"取消",30,30,2,false,true,-34,[0,"46rLaA4z5MvZnfOofOzPoe"]]],[2,"1dGXFJIe9KC4EZiyKnaoTk",null,null,null,1,0]],[20,"testtest",33,33,55,3,7,[0,"a5uZ5+x9NN8Y5GkZ2SPwob"]]],0,[0,5,1,0,0,1,0,0,1,0,6,10,0,7,2,0,8,3,0,0,1,0,-1,6,0,-2,4,0,0,2,0,0,2,0,3,2,0,0,2,0,-1,8,0,0,3,0,0,3,0,3,3,0,0,3,0,-1,9,0,0,4,0,0,4,0,-1,7,0,-2,5,0,0,5,0,0,5,0,0,6,0,0,6,0,0,6,0,0,7,0,-2,10,0,0,8,0,0,8,0,0,9,0,0,9,0,9,1,2,4,5,3,4,5,34],[0,0,0],[1,1,1],[0,1,2]],[[{"name":"btn_4","rect":{"x":0,"y":0,"width":240,"height":60},"offset":{"x":0,"y":0},"originalSize":{"width":240,"height":60},"rotated":false,"capInsets":[0,0,0,0],"vertices":{"rawPosition":[-120,-30,0,120,-30,0,-120,30,0,120,30,0],"indexes":[0,1,2,2,1,3],"uv":[0,60,240,60,0,0,240,0],"nuv":[0,0,1,0,0,1,1,1],"minPos":{"x":-120,"y":-30,"z":0},"maxPos":{"x":120,"y":30,"z":0}},"packable":true,"pixelsToUnit":100,"pivot":{"x":0.5,"y":0.5},"meshType":0}],[1],0,[0],[2],[3]],[[{"name":"Disconnected_bg","rect":{"x":0,"y":0,"width":640,"height":390},"offset":{"x":0,"y":0},"originalSize":{"width":640,"height":390},"rotated":false,"capInsets":[0,0,0,0],"vertices":{"rawPosition":[-320,-195,0,320,-195,0,-320,195,0,320,195,0],"indexes":[0,1,2,2,1,3],"uv":[0,390,640,390,0,0,640,0],"nuv":[0,0,1,0,0,1,1,1],"minPos":{"x":-320,"y":-195,"z":0},"maxPos":{"x":320,"y":195,"z":0}},"packable":true,"pixelsToUnit":100,"pivot":{"x":0.5,"y":0.5},"meshType":0}],[1],0,[0],[2],[4]],[[{"name":"btn_5","rect":{"x":0,"y":0,"width":240,"height":60},"offset":{"x":0,"y":0},"originalSize":{"width":240,"height":60},"rotated":false,"capInsets":[0,0,0,0],"vertices":{"rawPosition":[-120,-30,0,120,-30,0,-120,30,0,120,30,0],"indexes":[0,1,2,2,1,3],"uv":[0,60,240,60,0,0,240,0],"nuv":[0,0,1,0,0,1,1,1],"minPos":{"x":-120,"y":-30,"z":0},"maxPos":{"x":120,"y":30,"z":0}},"packable":true,"pixelsToUnit":100,"pivot":{"x":0.5,"y":0.5},"meshType":0}],[1],0,[0],[2],[5]]]]
