[1,["60HeaG0OpATpZOpN2XdjT5@6c48a"],0,[["sp.SkeletonData",["_name","_atlasText","textureNames","_skeletonJson","textures"],-1,3]],[[0,0,1,2,3,4,5]],[[0,"bindou","\nbindou.png\nsize: 1050,1050\nformat: RGBA4444\nfilter: Linear,Linear\nrepeat: none\n連續圖/10318\n  rotate: false\n  xy: 2, 838\n  size: 399, 210\n  orig: 400, 400\n  offset: 1, 0\n  index: -1\n連續圖/10319\n  rotate: false\n  xy: 232, 304\n  size: 399, 210\n  orig: 400, 400\n  offset: 1, 0\n  index: -1\n連續圖/10320\n  rotate: true\n  xy: 403, 651\n  size: 397, 286\n  orig: 400, 400\n  offset: 3, 21\n  index: -1\n連續圖/10321\n  rotate: true\n  xy: 2, 540\n  size: 296, 281\n  orig: 400, 400\n  offset: 55, 85\n  index: -1\n連續圖/10322\n  rotate: true\n  xy: 2, 248\n  size: 290, 228\n  orig: 400, 400\n  offset: 58, 172\n  index: -1\n連續圖/10323\n  rotate: false\n  xy: 232, 178\n  size: 241, 124\n  orig: 400, 400\n  offset: 83, 276\n  index: -1\n連續圖/10324\n  rotate: true\n  xy: 2, 26\n  size: 220, 138\n  orig: 400, 400\n  offset: 93, 262\n  index: -1\n連續圖/10325\n  rotate: false\n  xy: 395, 517\n  size: 191, 132\n  orig: 400, 400\n  offset: 108, 268\n  index: -1\n連續圖/10326\n  rotate: true\n  xy: 633, 457\n  size: 192, 162\n  orig: 400, 400\n  offset: 108, 238\n  index: -1\n連續圖/10327\n  rotate: false\n  xy: 625, 22\n  size: 172, 125\n  orig: 400, 400\n  offset: 117, 241\n  index: -1\n連續圖/10328\n  rotate: false\n  xy: 232, 14\n  size: 163, 162\n  orig: 400, 400\n  offset: 122, 182\n  index: -1\n連續圖/10329\n  rotate: false\n  xy: 397, 19\n  size: 143, 137\n  orig: 400, 400\n  offset: 132, 158\n  index: -1\n連續圖/10330\n  rotate: true\n  xy: 475, 158\n  size: 144, 143\n  orig: 400, 400\n  offset: 132, 126\n  index: -1\n連續圖/10331\n  rotate: true\n  xy: 633, 149\n  size: 306, 96\n  orig: 400, 400\n  offset: 50, 124\n  index: -1\n連續圖/10332\n  rotate: true\n  xy: 285, 516\n  size: 320, 108\n  orig: 400, 400\n  offset: 41, 125\n  index: -1\n連續圖/10333\n  rotate: true\n  xy: 691, 714\n  size: 334, 104\n  orig: 400, 400\n  offset: 38, 124\n  index: -1\n連續圖/10334\n  rotate: true\n  xy: 142, 123\n  size: 123, 88\n  orig: 400, 400\n  offset: 142, 134\n  index: -1\n連續圖/10335\n  rotate: true\n  xy: 142, 2\n  size: 119, 86\n  orig: 400, 400\n  offset: 144, 136\n  index: -1\n連續圖/10336\n  rotate: true\n  xy: 542, 43\n  size: 113, 81\n  orig: 400, 400\n  offset: 147, 141\n  index: -1\n",["bindou.png"],{"skeleton":{"hash":"HGFWRMjMGwIW14acHQzicPhYjng","spine":"3.8.99","images":"","audio":""},"bones":[{"name":"root"}],"slots":[{"name":"連續圖/10318","bone":"root"}],"skins":[{"name":"default","attachments":{"連續圖/10318":{"連續圖/10318":{"width":500,"height":500},"連續圖/10319":{"width":500,"height":500},"連續圖/10320":{"width":500,"height":500},"連續圖/10321":{"width":500,"height":500},"連續圖/10322":{"width":500,"height":500},"連續圖/10323":{"width":500,"height":500},"連續圖/10324":{"width":500,"height":500},"連續圖/10325":{"width":500,"height":500},"連續圖/10326":{"width":500,"height":500},"連續圖/10327":{"width":500,"height":500},"連續圖/10328":{"width":500,"height":500},"連續圖/10329":{"width":500,"height":500},"連續圖/10330":{"width":500,"height":500},"連續圖/10331":{"width":500,"height":500},"連續圖/10332":{"width":500,"height":500},"連續圖/10333":{"width":500,"height":500},"連續圖/10334":{"width":500,"height":500},"連續圖/10335":{"width":500,"height":500},"連續圖/10336":{"width":500,"height":500}}}}],"animations":{"animation":{"slots":{"連續圖/10318":{"attachment":[{"name":"連續圖/10318"},{"time":0.0333,"name":"連續圖/10319"},{"time":0.0667,"name":"連續圖/10320"},{"time":0.1,"name":"連續圖/10321"},{"time":0.1333,"name":"連續圖/10322"},{"time":0.1667,"name":"連續圖/10323"},{"time":0.2,"name":"連續圖/10324"},{"time":0.2333,"name":"連續圖/10325"},{"time":0.2667,"name":"連續圖/10326"},{"time":0.3,"name":"連續圖/10327"},{"time":0.3333,"name":"連續圖/10328"},{"time":0.3667,"name":"連續圖/10329"},{"time":0.4,"name":"連續圖/10330"},{"time":0.4333,"name":"連續圖/10331"},{"time":0.4667,"name":"連續圖/10332"},{"time":0.5,"name":"連續圖/10333"},{"time":0.5333,"name":"連續圖/10334"},{"time":0.5667,"name":"連續圖/10335"},{"time":0.6,"name":"連續圖/10336"}]}}}}},[0]]],0,0,[0],[-1],[0]]
