[1,["7amt9wjgRCEaHeq1ASqOkc@6c48a"],0,[["sp.SkeletonData",["_name","_atlasText","textureNames","_skeletonJson","textures"],-1,3]],[[0,0,1,2,3,4,5]],[[0,"tuoxie","\ntuoxie.png\nsize: 1313,1313\nformat: RGBA4444\nfilter: Linear,Linear\nrepeat: none\n10351\n  rotate: false\n  xy: 2, 961\n  size: 350, 350\n  orig: 350, 350\n  offset: 0, 0\n  index: -1\n10352\n  rotate: true\n  xy: 706, 273\n  size: 341, 350\n  orig: 350, 350\n  offset: 0, 0\n  index: -1\n10353\n  rotate: true\n  xy: 706, 2\n  size: 269, 324\n  orig: 350, 350\n  offset: 43, 7\n  index: -1\n10354\n  rotate: true\n  xy: 706, 616\n  size: 343, 350\n  orig: 350, 350\n  offset: 5, 0\n  index: -1\n10355\n  rotate: false\n  xy: 2, 609\n  size: 350, 350\n  orig: 350, 350\n  offset: 0, 0\n  index: -1\n10356\n  rotate: false\n  xy: 2, 257\n  size: 350, 350\n  orig: 350, 350\n  offset: 0, 0\n  index: -1\n10357\n  rotate: false\n  xy: 354, 961\n  size: 350, 350\n  orig: 350, 350\n  offset: 0, 0\n  index: -1\n10358\n  rotate: false\n  xy: 706, 961\n  size: 350, 350\n  orig: 350, 350\n  offset: 0, 0\n  index: -1\n10359\n  rotate: false\n  xy: 354, 609\n  size: 350, 350\n  orig: 350, 350\n  offset: 0, 0\n  index: -1\n10360\n  rotate: false\n  xy: 354, 257\n  size: 350, 350\n  orig: 350, 350\n  offset: 0, 0\n  index: -1\n10361\n  rotate: true\n  xy: 2, 61\n  size: 194, 322\n  orig: 350, 350\n  offset: 77, 8\n  index: -1\n",["tuoxie.png"],{"skeleton":{"hash":"nyAoKBEK7RBAnuoFldmhLh/YkJ4","spine":"3.8.99","x":-250,"y":-250,"width":500,"height":500,"images":"./連續圖/","audio":""},"bones":[{"name":"root"}],"slots":[{"name":"10351","bone":"root","attachment":"10361"}],"skins":[{"name":"default","attachments":{"10351":{"10351":{"width":500,"height":500},"10352":{"width":500,"height":500},"10353":{"width":500,"height":500},"10354":{"width":500,"height":500},"10355":{"width":500,"height":500},"10356":{"width":500,"height":500},"10357":{"width":500,"height":500},"10358":{"width":500,"height":500},"10359":{"width":500,"height":500},"10360":{"width":500,"height":500},"10361":{"width":500,"height":500}}}}],"animations":{"animation":{"slots":{"10351":{"attachment":[{"name":"10351"},{"time":0.0667,"name":"10352"},{"time":0.1,"name":"10353"},{"time":0.1333,"name":"10354"},{"time":0.1667,"name":"10355"},{"time":0.2333,"name":"10356"},{"time":0.2667,"name":"10357"},{"time":0.3,"name":"10358"},{"time":0.3667,"name":"10359"},{"time":0.4,"name":"10360"},{"time":0.4333,"name":"10361"},{"time":0.4667,"name":null}]}}}}},[0]]],0,0,[0],[-1],[0]]
