{"paths":{"3":["i18n/sound/en/voice_stop_bet",3],"4":["i18n/sound/common/sound_time_5_1",3],"5":["image/back",5],"6":["i18n/sound/en/voice_start_bet",3],"7":["i18n/sound/common/sound_flip",3],"8":["i18n/spine/en/autoplay_move",5],"9":["i18n/sound/common/sound_deal",3],"10":["i18n/spine/tw/autoplay_move",5],"11":["i18n/sound/common/sound_time_0",3],"12":["i18n/sound/common/sound_jq_button",3],"13":["image/btn_video_close",5],"14":["i18n/sound/common/sound_blackjack_room",3],"15":["i18n/sound/common/sound_shuffle",3],"16":["i18n/spine/en/autoplay_move",6],"17":["i18n/sound/zh/voice_start_bet",3],"18":["i18n/sound/zh/voice_bet_success",3],"19":["i18n/sound/common/sound_btn_common_2",3],"20":["i18n/sound/common/sound_win_score",3],"22":["i18n/sound/common/sound_place_chip",3],"23":["image/button_gb",5],"24":["i18n/sound/common/sound_btn_enter",3],"25":["i18n/spine/zh/autoplay_move",5],"26":["image/btn_play",1,1],"28":["poker/52",1,1],"29":["poker/40",1,1],"30":["poker/61",1,1],"31":["poker/9",1,1],"33":["poker/11",1,1],"35":["poker/0",1,1],"36":["i18n/spine/en/autoplay_move",1,1],"40":["i18n/spine/tw/autoplay_move",6],"41":["i18n/sound/common/sound_victory",3],"42":["image/btn_play",5],"43":["i18n/spine/zh/autoplay_move",6],"44":["i18n/sound/en/voice_bet_success",3],"45":["i18n/sound/zh/voice_stop_bet",3],"46":["poker/39",1,1],"47":["poker/27",1,1],"48":["poker/24",1,1],"49":["poker/22",1,1],"50":["poker/25",1,1],"51":["poker/5",1,1],"52":["poker/51",1,1],"54":["poker/19",1,1],"65":["deafultPhoto/peo6",1,1],"66":["poker/2",1,1],"68":["i18n/spine/en/autoplay_move",4],"69":["deafultPhoto/peo9",1,1],"70":["poker/44",1,1],"71":["deafultPhoto/peo5",1,1],"72":["poker/pokerAutoAtlas",0],"73":["poker/4",1,1],"75":["deafultPhoto/peo3",1,1],"76":["poker/54",1,1],"77":["i18n/label/jp",2],"79":["poker/3",1,1],"80":["poker/38",1,1],"81":["prefab/loadNode",7],"82":["poker/50",1,1],"83":["i18n/label/tw",2],"84":["poker/12",1,1],"85":["i18n/spine/zh/autoplay_move",1,1],"86":["poker/45",1,1],"87":["poker/55",1,1],"88":["prefab/webViewNode",7],"89":["deafultPhoto/peo4",1,1],"90":["poker/29",1,1],"91":["poker/58",1,1],"93":["poker/6",1,1],"94":["poker/41",1,1],"95":["poker/37",1,1],"96":["i18n/label/en",2],"98":["poker/34",1,1],"99":["image/button_gb",1,1],"100":["poker/21",1,1],"101":["deafultPhoto/peo0",1,1],"102":["poker/57",1,1],"105":["poker/23",1,1],"106":["prefab/setting",7],"107":["poker/28",1,1],"108":["poker/33",1,1],"109":["deafultPhoto/peo2",1,1],"110":["poker/56",1,1],"111":["poker/7",1,1],"112":["deafultPhoto/peo7",1,1],"113":["i18n/spine/tw/autoplay_move",4],"115":["poker/42",1,1],"116":["poker/13",1,1],"117":["poker/36",1,1],"118":["prefab/netConnetDialogBox",7],"120":["image/back",1,1],"122":["poker/8",1,1],"123":["i18n/spine/tw/autoplay_move",1,1],"125":["i18n/label/zh",2],"126":["poker/20",1,1],"127":["poker/26",1,1],"128":["prefab/dialogBox",7],"129":["poker/1",1,1],"130":["prefab/set_Sound",7],"131":["poker/poker_bg",1,1],"133":["poker/59",1,1],"134":["deafultPhoto/default",1,1],"135":["poker/10",1,1],"138":["poker/43",1,1],"139":["deafultPhoto/AutoAtlas",0],"140":["deafultPhoto/peo1",1,1],"141":["prefab/gameVideoPlayerView",7],"142":["deafultPhoto/peo8",1,1],"143":["poker/60",1,1],"144":["image/btn_video_close",1,1],"145":["poker/17",1,1],"148":["poker/35",1,1],"150":["poker/53",1,1],"151":["i18n/spine/zh/autoplay_move",4],"152":["poker/18",1,1],"153":["poker/49",1,1]},"types":["cc.SpriteAtlas","cc.SpriteFrame","cc.JsonAsset","cc.AudioClip","sp.SkeletonData","cc.Texture2D","cc.Asset","cc.Prefab"],"uuids":["a2MjXRFdtLlYQ5ouAFv/+R","29FYIk+N1GYaeWH/q1NxQO","e97GVMl6JHh5Ml5qEDdSGa","04jHkPasZMUZFcikeRQOjK","070+PrgfdJm4ccUM3l4mdH","0cGYu2m3hEZqV+jOLSPvVQ","13zJN8milMz7TgLLBB2iHd","2e5jUebwNDeqX5Sw8lXjI1","3djf9Rr55MHaTEqYK0UkuT","45sNjO++ZNKqVHmnjR0ei5","47CU9LLR1Bq6EoqBpWVNU9","48GJD2ehlOG7dLUOTSRgsS","4bYfzKxFJLBoBCsDNO0fTv","4dcYJKqydHuLASXYa9qAdp","4fH/IaNRVN4qpfpnGuVKzT","565aKt82BMRIuxd4YQiKyf","7aQQNwewNLiY1yrMnNRy1j","7cbE5I8GJF1poo9wd5gYlA","89NOndhiRL6KC+Ho0cD6p2","90XBIO4C5Ba6nxOwBAXYTt","910A3ZR8VNPodszsl3vk+Q","9dw49k1j9JGYMig5W+bfjP","a1c50joqhHtbnJ/Zo4UOVf","a4mpLdhgVJvK492oL/itoW","bbQx7XW21Bi4P6LBELDtKa","bcM/kLCh1D7ZdvV7I2WUgD","81Q0t50KNKNIUfQj3KPd/z","82gZpEN9xHNIfZeK6SdkHV","83eOuHrGtHRKEraomqECnk","85qJC4PNFDpK13tNn7ybWL","86rxdjIiRH+Ibbd/dPPy2k","8a74mU4xxK1K6ipRMqbDmF","8eP6SnIf1A6LUfVE+UhEcu","92FIUEp/5AtJQJVyrHJW4X","98jmBV3spIS4ic9tFe8YjT","9akmdbLCRIMLAy4XDqzGdY","9ba2PMadtBFLv2Y+A1k46S","84ODQCyolIro2h8+8vFh8i","88dxaC/6RKnoAWkO0+K75H","f0BIwQ8D5Ml7nTNQbh1YlS","abW8gLsk1NOKoSbP28Nyf+","c2L21SzYpAtJuaO3HPoCyA","d28fngw0FKuJZl3PEziNi/","dfc7JEI+tHc4GnBsF7nIuh","ebh3fLuT5BwZIvjVCObsZr","f14oiYY/FEG71gshP/rYLR","02ed7/Q9NB3ZgHHdVCpf9/","05MCmq3ZZCoqoazFgu4luu","09jIAFYGBLMJuY6H8E2/GS","0a6Scqvj5KmpCccQ4UE7gx","0cEbwXlxNBiphOp8aZMrok","0e4mHjlNdA/6HLWIng8FkO","10rIvZywdA1Ynu8XwJCINr","12afb47e1","13sZ/JDkVOC6z3GIQrUUfr","13c3674d9","13d167915","140084e38","15f5e9d23","188ca6040","1978c7de3","19af30e0f","1a6360b5e","1acd47d67","1d02fNBdlKF65d/+1NTFfq","1fIDUm4KtMAKGSP8DWBtx8","1fnhaRLtNG6LgvaSjFjDtj","20Pqn8nHNB/K+vzvw389To","20WeWHt/xAoYIRsFu9OJ3p","21HNp11cFOk7m3jF6rwsH8","27jxu0JfBEQJyIJZPlVKwh","28q0cPulpMFI2OKKJ1yGsP","2851/AOqRF/qFguaLkEIJl","2cex1kyo5KNoRsPtrKpUBg","2dL3kvpAxJu6GJ7RdqJG5J","2d6L0elXNBP4HeyEJmbenz","2fClaTgwhHGayL5B2uw/r1","32gsVipbpJ8JjcOHu4+8hf","34SXryMpZBH6xlijPqP0IR","34ismaf8tAwJ3hZ9CMpiYB","35Y0ae/6pE0asN0eToJSep","38fE34M3tPTZuJ8tanw97O","3c3pTuHZ9ExJxSo91UZSZ2","3fnqzqnItGrZlprTWmNSTD","4489TTv6tHpYfwNm88N6Xz","45LpJyRi5CQ5cohvJs/fua","49MmTDsbBNbb1lRY7zCaKB","4buZREi/tKcJr8j1zGGINZ","4dxca8/mtDTKkra2466kn0","4eokKDf29H5o6hzlkG1uPV","4fY5QUs0RK7a1a7OfUXFKo","54AxwUHVBI+bYSRYNMYWm0","56fc2Ai/RFNYpaMT8crweK","59OvB7IrtNvbCrAfA8U1q7","592G+O74lH3KKN+bJ5d1/v","5e26NQkCpC9IkLZsWv2mog","5f/ku4KMVEBqaU3VX6APLc","61JgmVSWFKJqdJeBCkbrs0","67wngqmn1DoaCHWFs3XEpo","69Kr+gNShPbpc2GHnokzsL","6bAmUlepBGeLxLd1hMmmGV","6bA+FsV7FIIqC1nWQQcYo9","6c6lzXh69JL4WYMaEHbgLT","71VhFCTINJM6/Ky3oX9nBT","71bKbhw31KvagQSvd6+DmK","74M8wyOl9EdLoc++egTLqV","744nCzvFxBBagEztR042Wi","75LN0dpOlMbbHFdnIQvEeq","76a0PqZ0NOx7WsBRdlq3Qw","77ljbaR4hPrZdFamD6e3lG","7co5VEiX5IWLhT3m3Xy7Co","7eK7EiYx5GjbHPQRAZHgGy","8bzk+XK55EwrW+90COXQpg","8chqtiXfNFFLdm0gZJTP2i","8eDGC1hpBI3qK9U6TK+I8I","90pzQFbEFHHryEkHGsLPnN","91/4gwpX5Jdb4+MwPTLaaU","9bYmtwUnlKEbky3QbbSr5Z","9bdjOJZRxDC5SBPna4FiBT","a5kuerZJ1A0I9SAW8PRBMy","a5zK+ZA2lMLo8Cg+VYlngP","aem6L64y5GH5b9Etu55sMm","ae1LvClKBNQq33RPfEv9LV","b0MxGAYt9Cp64DE7WmnqVv","b4P/PCArtIdIH38t6mlw8Y","b7JcpEUWJIh5gyE8fPxzhj","bd8nCptuNKVYO4P1Qs9aWy","beNT4VYxJCAZgEEeoLxbLn","c4sJjSXdlOhLT7BxhAkF64","c8SBezW7pLoZYJA+FRJD5K","cbzCurIxZC9IsgZ8FVwxWG","ccK873YAVBd4aB8rpSpxYQ","ccy8luhlxFJ6H3ymMvQqkR","d4zNAqmbFJG5X4dJmKtTFN","d6P4l80dJO05agzVxiqnVt","d6nPwi4hZEPLYniLZgt3K7","daSZnnO41B9I7cHduyO+Ud","daXmFgXmNKNqAz07RoJw27","dcDy7YTiNJxZVnwA0fRRp7","dfH7wTKf5LH6KLmbBUQR+r","dfd9tkH+5Bzqr4uYbSetcx","e2H1/BAxNMc6sB5FbWx9cz","e3EQTTleRLA4cDAETKWx8p","e3YrkAKVtL7Luy0KhpJRQg","e4sPrab1VDQYF4Po9X1ubf","e4/SORmA9D577T0ok0ALUB","e5Wj0UfMBHeJeqO7YIN4Op","e6RbWzxp5GGbjWOM09qSko","e6arQ978JBfoO4UzEfM5Vf","e8Ueib+qJEhL6mXAHdnwbi","eds9WfxsxC1aeNmyYUjFkW","f8uh5VgbBEl7h/MCE8Zuvo","f9lKNRJR1Fo5XUKT8l6xhI","fds4wInGNKF5Gx55MY6TtU","01bYeGQi5AK5f94ALm450S","02delMVqdBD70a/HSD99FK","04xMXeE95GTKm+jRJGluv/","06rAFmsw5IpaBn7GXKawX6","24MX2W3X5Nq7SbNeDMQVIA","2cyffzjJtBgYThqfLobbu6","309VD+Z5xNs4row1RLvJT8","36i0TX+ldKN4yXt0UVtE56","3a+glEbvBNQ4u0fKCJ9MXz","3b48pWX4BEwZDXYaxEcVmc","3drfZuHgRBC4Eg9EbnyvqS","3e+uTiJ8VHU6iztvapgQ9c","43TrSXP0NGJ47sIMDtbWeC","43Zz1OpnNNZr2QGHHjyCyK","55z3QKm+JC65bPAGgPtGze","56F5QIvgNAs47cCLJdWcZS","5ffIrvI2pEPLnMnbKtuAoq","60ILaIgI5M5bfo2HTsEIY7","67Wu6cm/BCo41OI7TP+yNp","694566ADtIe5dqBHxbYJeY","6dznHyM/xFHJKr7Dj5QzpE","71yceMJQhLfa3aEy3iPkj5","73dB9X9+lFeKyYFmRt2Wga","75iJturgVAWqF7MExZhJke","79g6NaNRtIgqCHG6mkgkhk","7a/QZLET9IDreTiBfRn2PD","7cccEVJxRIA5/IZtRFT2m/","7dWVp7V9JIRLPSCyut2rav","8bhlGKdZxCq7QUuqsDNh5b","8dCT6UEBtNtIqQas42UvUw","8fpvx2RdtGF7f+p1sTKF+m","98A/UrqRFH9KVcQU01vAJy","9aAzEPWXRDorBidwFBlZoL","9cQvFhuBBPe4NO3f8jhNy2","a1ouQlMS5NIY+MOLHjtyrI","a7jV7M43xPhIy3A34wikhC","a8lI7/8g1EfLLUOkayWJ22","aaM/xvhhxPpa3mFRZzl+Tl","acoy0qkcFLJbMRL3S13Gxp","afaYmkdjRL+6712ynVZcxl","afq/442nVMOJU2fvJ7Ktac","b0uCtnga5Gca3gkjddouZU","b1QllJ9hBAMoJ6XE4HMYKe","b29X63oZ9KQKY4t82ybQmX","bdknXfmF5DE5PgGl4ssUKg","c3TWCwEidF+7u2AFgi5MUi","c6FIEVtJBEvaXZo7rkxe8Z","d0WIEmoUVEX7AKvZRjL0/7","d3j0L//9ZJ5IXNa6dwapLz","daBBU/rqtBz4UfKjV7T83C","e0z/XF5+FJBbnNmsUgxKCu","e2jKMFEttDjp48bIh4lsNp","e2tjMqgaJA7arrDf4XaikW","e5aJgtksNGX4hbST3tMQkX","e6W2glSHFKQ4A3mYt+rDdI","e7q6FL+VZEgLJUjVeDLic/","e79SJdvilNqp+dEOFT0qxB","e8LC4dny5LILSG/1I6oFr+","ecpdLyjvZBwrvm+cedCcQy","f02KVLgHdEQ4fK2IZge8yl","f2s+ajlEZPSaQ0flmlzMAC","f31D5uW2tJcIZS8yleViv7","f8PP95QtJB7qAm0VMet9Mi","f9FNdhk1BD6KPDz64501yN"],"scenes":{"db://assets/resources/scene/loadScene.fire":146,"db://assets/resources/scene/loginScene.fire":74},"redirect":[155,0,179,0,212,0],"deps":["internal"],"packs":{"01efdfdce":[1,78,32,118,21,0,132,2,39,217],"02836bb5c":[1,78,32,21,0,128,132,2,39],"043a0c899":[156,157,160,164,106,178,184,185,0,190,202,204],"05ef179cb":[162,206],"06197b685":[158,159,81,165,168,173,104,176,37,182,183,187,188,191,197,201,214],"09cc110dc":[5,53,55,56,57,58,59,60,61,62,63,64,67,8,10,13,92,97,103,114,34,23,119,121,124,25,42,136,137,147,149],"09f24ef0e":[154,1,169,170,171,0,194,195,196,198,199,200,141,205,210,2,39],"0b656c8a9":[1,167,174,181,21,0,192,193,130,203,209],"0b84bf642":[104,27,146],"0efc111bd":[1,74,161,163,166,172,175,177,180,27,186,0,207,208,211,2,39,215,216]},"name":"resources","importBase":"import","nativeBase":"native","debug":false,"isZip":false,"encrypted":false,"versions":{"import":["01efdfdce","49e86",46,"fc8ca","02836bb5c","7491e","043a0c899","83d4c",3,"d5781",47,"2fdeb","05ef179cb","52a41","06197b685","d25f8",4,"86af1",48,"b8338","09cc110dc","b1d38","09f24ef0e","a66d2",49,"d48e8","0b656c8a9","a3640","0b84bf642","9af21",50,"0b957",51,"ee824","0efc111bd","2ef8e",52,"e4c43",54,"e3f37",6,"4b9c9",65,"67031",66,"1bad0",68,"29658",69,"c9322",70,"3def7",71,"a83d6",72,"ac7c1",73,"36cb0",75,"7ec21",7,"02d6b",76,"bc614",77,"aeb81",79,"59054",80,"810c5",82,"f7124",83,"6e478",84,"cfe7e",85,"a6e06",9,"bf874",11,"0a3fb",86,"14b41",12,"2c7df",87,"8304c",88,"a921e",89,"39c2d",14,"8bf13",90,"63447",91,"ecfdc",15,"efef6",93,"31c48",94,"2efdc",95,"56149",96,"67705",98,"b555f",99,"4eac8",100,"7f84e",101,"78a38",102,"6a7c3",105,"1288a",107,"d8f19",108,"1d3b4",109,"0208d",16,"1d3d2",17,"1d18d",110,"62f04",111,"5a239",26,"4bd4e",28,"72d59",29,"7e6e5",30,"61eb9",18,"9adba",31,"b9edd",112,"26dae",113,"1191e",19,"dc673",115,"3104f",20,"6cdce",116,"e4fbf",33,"5b582",35,"fab47",117,"67187",36,"15a4c",22,"29fd2",120,"feafe",189,"7e6c8",40,"1d3d2",122,"b2034",123,"7b1a9",125,"585fd",24,"d6fc9",126,"0c2b4",127,"9bc26",41,"f47de",129,"f4513",131,"d02de",133,"f8016",134,"e3c4f",135,"9446e",138,"b656c",139,"a722f",43,"1d3d2",140,"81a7f",142,"ce591",143,"f9770",144,"6a189",145,"b040d",148,"d2746",44,"010f8",150,"4510d",45,"1d85f",151,"e1ea4",152,"ee1e5",153,"70a31"],"native":[3,"e7491",4,"02815",5,"40fb4",53,"b9d70",55,"0415c",6,"d3fa2",56,"5ca1d",57,"48783",58,"6fa06",59,"fdc1f",60,"b1624",61,"0a04b",62,"30fb6",63,"a06e6",64,"a8e9d",67,"a5b7b",7,"14ae8",8,"fe26f",9,"6315a",10,"48bb3",11,"94dad",12,"f84ad",13,"1f602",14,"11957",92,"5f1d9",15,"7c066",97,"3800c",103,"c06a9",16,"d4052",17,"e4a4a",18,"9bf10",114,"d6171",19,"50774",20,"af91b",34,"97efc",22,"9336f",23,"24c4f",119,"e3012",40,"b8494",121,"0f079",124,"83fcc",24,"1bbbc",25,"5fb55",41,"3ae0c",42,"b73b2",136,"74ce6",137,"a874f",43,"81f30",147,"16ab2",149,"90cf4",44,"1a6f8",45,"a726e"]}}