{"paths":{"4":["i18n/sound/en/voice_stop_bet",3],"5":["i18n/sound/common/sound_time_5_1",3],"6":["image/back",5],"7":["i18n/sound/en/voice_start_bet",3],"8":["i18n/sound/common/sound_flip",3],"9":["i18n/spine/en/autoplay_move",5],"10":["i18n/sound/common/sound_deal",3],"11":["i18n/spine/tw/autoplay_move",5],"12":["i18n/sound/common/sound_time_0",3],"13":["i18n/sound/common/sound_jq_button",3],"14":["image/btn_video_close",5],"15":["i18n/sound/common/sound_blackjack_room",3],"16":["i18n/sound/common/sound_shuffle",3],"17":["i18n/spine/en/autoplay_move",6],"18":["i18n/sound/zh/voice_start_bet",3],"19":["i18n/sound/zh/voice_bet_success",3],"20":["i18n/sound/common/sound_btn_common_2",3],"21":["i18n/sound/common/sound_win_score",3],"23":["i18n/sound/common/sound_place_chip",3],"24":["image/button_gb",5],"25":["i18n/spine/tw/autoplay_move",6],"26":["i18n/sound/common/sound_btn_enter",3],"27":["i18n/spine/zh/autoplay_move",5],"28":["i18n/sound/common/sound_victory",3],"29":["image/btn_play",5],"30":["i18n/spine/zh/autoplay_move",6],"31":["i18n/sound/en/voice_bet_success",3],"32":["i18n/sound/zh/voice_stop_bet",3],"33":["poker/39",1,1],"34":["poker/27",1,1],"35":["poker/24",1,1],"36":["poker/22",1,1],"37":["poker/25",1,1],"38":["poker/5",1,1],"39":["poker/51",1,1],"41":["poker/19",1,1],"51":["deafultPhoto/peo6",1,1],"52":["poker/2",1,1],"54":["i18n/spine/en/autoplay_move",4],"55":["deafultPhoto/peo9",1,1],"56":["poker/44",1,1],"57":["deafultPhoto/peo5",1,1],"58":["poker/pokerAutoAtlas",0],"59":["poker/4",1,1],"61":["deafultPhoto/peo3",1,1],"62":["poker/54",1,1],"63":["i18n/label/jp",2],"65":["poker/3",1,1],"66":["poker/38",1,1],"67":["prefab/loadNode",7],"68":["poker/50",1,1],"69":["i18n/label/tw",2],"70":["poker/12",1,1],"71":["i18n/spine/zh/autoplay_move",1,1],"72":["poker/45",1,1],"73":["poker/55",1,1],"74":["prefab/webViewNode",7],"75":["deafultPhoto/peo4",1,1],"76":["poker/29",1,1],"77":["poker/58",1,1],"79":["poker/6",1,1],"80":["poker/41",1,1],"81":["poker/37",1,1],"82":["i18n/label/en",2],"84":["poker/34",1,1],"85":["image/button_gb",1,1],"86":["poker/21",1,1],"87":["deafultPhoto/peo0",1,1],"88":["poker/57",1,1],"91":["poker/23",1,1],"92":["prefab/setting",7],"93":["poker/28",1,1],"94":["poker/33",1,1],"95":["deafultPhoto/peo2",1,1],"96":["poker/56",1,1],"97":["poker/7",1,1],"98":["image/btn_play",1,1],"100":["poker/52",1,1],"101":["poker/40",1,1],"102":["poker/61",1,1],"103":["poker/9",1,1],"104":["deafultPhoto/peo7",1,1],"105":["i18n/spine/tw/autoplay_move",4],"108":["poker/42",1,1],"109":["poker/13",1,1],"110":["poker/11",1,1],"111":["poker/0",1,1],"112":["poker/36",1,1],"113":["i18n/spine/en/autoplay_move",1,1],"114":["prefab/netConnetDialogBox",7],"116":["image/back",1,1],"118":["poker/8",1,1],"119":["i18n/spine/tw/autoplay_move",1,1],"121":["i18n/label/zh",2],"122":["poker/20",1,1],"123":["poker/26",1,1],"124":["prefab/dialogBox",7],"125":["poker/1",1,1],"126":["prefab/set_Sound",7],"127":["poker/poker_bg",1,1],"129":["poker/59",1,1],"130":["deafultPhoto/default",1,1],"131":["poker/10",1,1],"134":["poker/43",1,1],"135":["deafultPhoto/AutoAtlas",0],"136":["deafultPhoto/peo1",1,1],"137":["prefab/gameVideoPlayerView",7],"138":["deafultPhoto/peo8",1,1],"139":["poker/60",1,1],"140":["image/btn_video_close",1,1],"141":["poker/17",1,1],"144":["poker/35",1,1],"146":["poker/53",1,1],"147":["i18n/spine/zh/autoplay_move",4],"148":["poker/18",1,1],"149":["poker/49",1,1]},"types":["cc.SpriteAtlas","cc.SpriteFrame","cc.JsonAsset","cc.AudioClip","sp.SkeletonData","cc.Texture2D","cc.Asset","cc.Prefab"],"uuids":["a2MjXRFdtLlYQ5ouAFv/+R","29FYIk+N1GYaeWH/q1NxQO","e97GVMl6JHh5Ml5qEDdSGa","f0BIwQ8D5Ml7nTNQbh1YlS","04jHkPasZMUZFcikeRQOjK","070+PrgfdJm4ccUM3l4mdH","0cGYu2m3hEZqV+jOLSPvVQ","13zJN8milMz7TgLLBB2iHd","2e5jUebwNDeqX5Sw8lXjI1","3djf9Rr55MHaTEqYK0UkuT","45sNjO++ZNKqVHmnjR0ei5","47CU9LLR1Bq6EoqBpWVNU9","48GJD2ehlOG7dLUOTSRgsS","4bYfzKxFJLBoBCsDNO0fTv","4dcYJKqydHuLASXYa9qAdp","4fH/IaNRVN4qpfpnGuVKzT","565aKt82BMRIuxd4YQiKyf","7aQQNwewNLiY1yrMnNRy1j","7cbE5I8GJF1poo9wd5gYlA","89NOndhiRL6KC+Ho0cD6p2","90XBIO4C5Ba6nxOwBAXYTt","910A3ZR8VNPodszsl3vk+Q","9dw49k1j9JGYMig5W+bfjP","a1c50joqhHtbnJ/Zo4UOVf","a4mpLdhgVJvK492oL/itoW","abW8gLsk1NOKoSbP28Nyf+","bbQx7XW21Bi4P6LBELDtKa","bcM/kLCh1D7ZdvV7I2WUgD","c2L21SzYpAtJuaO3HPoCyA","d28fngw0FKuJZl3PEziNi/","dfc7JEI+tHc4GnBsF7nIuh","ebh3fLuT5BwZIvjVCObsZr","f14oiYY/FEG71gshP/rYLR","02ed7/Q9NB3ZgHHdVCpf9/","05MCmq3ZZCoqoazFgu4luu","09jIAFYGBLMJuY6H8E2/GS","0a6Scqvj5KmpCccQ4UE7gx","0cEbwXlxNBiphOp8aZMrok","0e4mHjlNdA/6HLWIng8FkO","10rIvZywdA1Ynu8XwJCINr","12afb47e1","13sZ/JDkVOC6z3GIQrUUfr","13c3674d9","140084e38","15f5e9d23","17a9fad68","188ca6040","1978c7de3","19af30e0f","1a6360b5e","1acd47d67","1fIDUm4KtMAKGSP8DWBtx8","1fnhaRLtNG6LgvaSjFjDtj","20Pqn8nHNB/K+vzvw389To","20WeWHt/xAoYIRsFu9OJ3p","21HNp11cFOk7m3jF6rwsH8","27jxu0JfBEQJyIJZPlVKwh","28q0cPulpMFI2OKKJ1yGsP","2851/AOqRF/qFguaLkEIJl","2cex1kyo5KNoRsPtrKpUBg","2dL3kvpAxJu6GJ7RdqJG5J","2d6L0elXNBP4HeyEJmbenz","2fClaTgwhHGayL5B2uw/r1","32gsVipbpJ8JjcOHu4+8hf","34SXryMpZBH6xlijPqP0IR","34ismaf8tAwJ3hZ9CMpiYB","35Y0ae/6pE0asN0eToJSep","38fE34M3tPTZuJ8tanw97O","3c3pTuHZ9ExJxSo91UZSZ2","3fnqzqnItGrZlprTWmNSTD","4489TTv6tHpYfwNm88N6Xz","45LpJyRi5CQ5cohvJs/fua","49MmTDsbBNbb1lRY7zCaKB","4buZREi/tKcJr8j1zGGINZ","4dxca8/mtDTKkra2466kn0","4eokKDf29H5o6hzlkG1uPV","4fY5QUs0RK7a1a7OfUXFKo","54AxwUHVBI+bYSRYNMYWm0","56fc2Ai/RFNYpaMT8crweK","59OvB7IrtNvbCrAfA8U1q7","592G+O74lH3KKN+bJ5d1/v","5e26NQkCpC9IkLZsWv2mog","5f/ku4KMVEBqaU3VX6APLc","61JgmVSWFKJqdJeBCkbrs0","67wngqmn1DoaCHWFs3XEpo","69Kr+gNShPbpc2GHnokzsL","6bAmUlepBGeLxLd1hMmmGV","6bA+FsV7FIIqC1nWQQcYo9","6c6lzXh69JL4WYMaEHbgLT","71VhFCTINJM6/Ky3oX9nBT","71bKbhw31KvagQSvd6+DmK","74M8wyOl9EdLoc++egTLqV","744nCzvFxBBagEztR042Wi","75LN0dpOlMbbHFdnIQvEeq","76a0PqZ0NOx7WsBRdlq3Qw","77ljbaR4hPrZdFamD6e3lG","7co5VEiX5IWLhT3m3Xy7Co","7eK7EiYx5GjbHPQRAZHgGy","81Q0t50KNKNIUfQj3KPd/z","82gZpEN9xHNIfZeK6SdkHV","83eOuHrGtHRKEraomqECnk","85qJC4PNFDpK13tNn7ybWL","86rxdjIiRH+Ibbd/dPPy2k","8a74mU4xxK1K6ipRMqbDmF","8bzk+XK55EwrW+90COXQpg","8chqtiXfNFFLdm0gZJTP2i","8eDGC1hpBI3qK9U6TK+I8I","8eP6SnIf1A6LUfVE+UhEcu","90pzQFbEFHHryEkHGsLPnN","91/4gwpX5Jdb4+MwPTLaaU","92FIUEp/5AtJQJVyrHJW4X","9akmdbLCRIMLAy4XDqzGdY","9bYmtwUnlKEbky3QbbSr5Z","9ba2PMadtBFLv2Y+A1k46S","9bdjOJZRxDC5SBPna4FiBT","a5kuerZJ1A0I9SAW8PRBMy","a5zK+ZA2lMLo8Cg+VYlngP","aem6L64y5GH5b9Etu55sMm","ae1LvClKBNQq33RPfEv9LV","b0MxGAYt9Cp64DE7WmnqVv","b4P/PCArtIdIH38t6mlw8Y","b7JcpEUWJIh5gyE8fPxzhj","bd8nCptuNKVYO4P1Qs9aWy","beNT4VYxJCAZgEEeoLxbLn","c4sJjSXdlOhLT7BxhAkF64","c8SBezW7pLoZYJA+FRJD5K","cbzCurIxZC9IsgZ8FVwxWG","ccK873YAVBd4aB8rpSpxYQ","ccy8luhlxFJ6H3ymMvQqkR","d4zNAqmbFJG5X4dJmKtTFN","d6P4l80dJO05agzVxiqnVt","d6nPwi4hZEPLYniLZgt3K7","daSZnnO41B9I7cHduyO+Ud","daXmFgXmNKNqAz07RoJw27","dcDy7YTiNJxZVnwA0fRRp7","dfH7wTKf5LH6KLmbBUQR+r","dfd9tkH+5Bzqr4uYbSetcx","e2H1/BAxNMc6sB5FbWx9cz","e3EQTTleRLA4cDAETKWx8p","e3YrkAKVtL7Luy0KhpJRQg","e4sPrab1VDQYF4Po9X1ubf","e4/SORmA9D577T0ok0ALUB","e5Wj0UfMBHeJeqO7YIN4Op","e6RbWzxp5GGbjWOM09qSko","e6arQ978JBfoO4UzEfM5Vf","e8Ueib+qJEhL6mXAHdnwbi","eds9WfxsxC1aeNmyYUjFkW","f8uh5VgbBEl7h/MCE8Zuvo","f9lKNRJR1Fo5XUKT8l6xhI","fds4wInGNKF5Gx55MY6TtU","00+8gCBPRLab6buCssmEIS","01bYeGQi5AK5f94ALm450S","02delMVqdBD70a/HSD99FK","04xMXeE95GTKm+jRJGluv/","06rAFmsw5IpaBn7GXKawX6","07DkbMcj1FK5e9S9VvenCZ","24MX2W3X5Nq7SbNeDMQVIA","2cyffzjJtBgYThqfLobbu6","309VD+Z5xNs4row1RLvJT8","36i0TX+ldKN4yXt0UVtE56","3a+glEbvBNQ4u0fKCJ9MXz","3b48pWX4BEwZDXYaxEcVmc","3drfZuHgRBC4Eg9EbnyvqS","3e+uTiJ8VHU6iztvapgQ9c","43Zz1OpnNNZr2QGHHjyCyK","55z3QKm+JC65bPAGgPtGze","56F5QIvgNAs47cCLJdWcZS","5ffIrvI2pEPLnMnbKtuAoq","60ILaIgI5M5bfo2HTsEIY7","67Wu6cm/BCo41OI7TP+yNp","694566ADtIe5dqBHxbYJeY","6dznHyM/xFHJKr7Dj5QzpE","73dB9X9+lFeKyYFmRt2Wga","75iJturgVAWqF7MExZhJke","79g6NaNRtIgqCHG6mkgkhk","7a/QZLET9IDreTiBfRn2PD","7cccEVJxRIA5/IZtRFT2m/","7dWVp7V9JIRLPSCyut2rav","84ODQCyolIro2h8+8vFh8i","8bhlGKdZxCq7QUuqsDNh5b","8dCT6UEBtNtIqQas42UvUw","8fpvx2RdtGF7f+p1sTKF+m","98A/UrqRFH9KVcQU01vAJy","9cQvFhuBBPe4NO3f8jhNy2","a1ouQlMS5NIY+MOLHjtyrI","a7jV7M43xPhIy3A34wikhC","a8lI7/8g1EfLLUOkayWJ22","aaM/xvhhxPpa3mFRZzl+Tl","acoy0qkcFLJbMRL3S13Gxp","afaYmkdjRL+6712ynVZcxl","afq/442nVMOJU2fvJ7Ktac","b0uCtnga5Gca3gkjddouZU","b1QllJ9hBAMoJ6XE4HMYKe","b29X63oZ9KQKY4t82ybQmX","bdknXfmF5DE5PgGl4ssUKg","c3TWCwEidF+7u2AFgi5MUi","c6FIEVtJBEvaXZo7rkxe8Z","d0WIEmoUVEX7AKvZRjL0/7","d3j0L//9ZJ5IXNa6dwapLz","daBBU/rqtBz4UfKjV7T83C","e0z/XF5+FJBbnNmsUgxKCu","e2jKMFEttDjp48bIh4lsNp","e2tjMqgaJA7arrDf4XaikW","e5aJgtksNGX4hbST3tMQkX","e6W2glSHFKQ4A3mYt+rDdI","e7q6FL+VZEgLJUjVeDLic/","e79SJdvilNqp+dEOFT0qxB","ecpdLyjvZBwrvm+cedCcQy","f2s+ajlEZPSaQ0flmlzMAC","f31D5uW2tJcIZS8yleViv7","f8PP95QtJB7qAm0VMet9Mi","f9FNdhk1BD6KPDz64501yN"],"scenes":{"db://assets/resources/scene/loadScene.fire":142,"db://assets/resources/scene/loginScene.fire":60},"redirect":[152,0,175,0,207,0],"deps":["internal"],"packs":{"01efdfdce":[1,64,107,114,22,0,128,2,3,211],"02836bb5c":[1,64,107,22,0,124,128,2,3],"043a0c899":[153,154,158,162,92,174,181,182,0,186,198,200],"05ef179cb":[160,202],"06197b685":[156,157,67,163,165,170,90,172,178,179,180,183,184,187,193,197,208],"091ef348d":[6,40,42,43,44,45,46,47,48,49,50,53,9,11,14,78,83,89,106,24,115,117,120,27,29,132,133,143,145],"09f24ef0e":[151,1,166,167,168,0,190,191,192,194,195,196,137,201,206,2,3],"0a18f20e8":[150,155,1,60,159,161,169,173,176,99,0,203,204,2,3,209,210],"0b656c8a9":[1,164,171,177,22,0,188,189,126,199,205],"0b84bf642":[90,99,142]},"name":"resources","importBase":"import","nativeBase":"native","debug":false,"isZip":false,"encrypted":false,"versions":{"import":["01efdfdce","49e86",33,"fc8ca","02836bb5c","7491e","043a0c899","83d4c",4,"d5781",34,"2fdeb","05ef179cb","52a41","06197b685","2b5a3",5,"86af1","091ef348d","0b0a4",35,"b8338","09f24ef0e","a66d2","0a18f20e8","7f605",36,"d48e8","0b656c8a9","a3640","0b84bf642","9af21",37,"0b957",38,"ee824",39,"e4c43",41,"e3f37",7,"4b9c9",51,"67031",52,"1bad0",54,"29658",55,"c9322",56,"3def7",57,"a83d6",58,"ac7c1",59,"36cb0",61,"7ec21",8,"02d6b",62,"bc614",63,"aeb81",65,"59054",66,"810c5",68,"f7124",69,"6e478",70,"cfe7e",71,"a6e06",10,"bf874",12,"0a3fb",72,"14b41",13,"2c7df",73,"8304c",74,"a921e",75,"39c2d",15,"8bf13",76,"63447",77,"ecfdc",16,"efef6",79,"31c48",80,"2efdc",81,"56149",82,"67705",84,"b555f",85,"4eac8",86,"7f84e",87,"78a38",88,"6a7c3",91,"1288a",93,"d8f19",94,"1d3b4",95,"0208d",17,"1d3d2",18,"1d18d",96,"62f04",97,"5a239",98,"4bd4e",100,"72d59",101,"7e6e5",102,"61eb9",19,"9adba",103,"b9edd",104,"26dae",105,"1191e",20,"dc673",108,"3104f",21,"6cdce",109,"e4fbf",110,"5b582",111,"fab47",112,"67187",113,"15a4c",23,"29fd2",116,"feafe",185,"7e6c8",25,"1d3d2",118,"b2034",119,"7b1a9",121,"585fd",26,"d6fc9",122,"0c2b4",123,"9bc26",28,"f47de",125,"f4513",127,"d02de",129,"f8016",130,"e3c4f",131,"9446e",134,"b656c",135,"a722f",30,"1d3d2",136,"81a7f",138,"ce591",139,"f9770",140,"6a189",141,"b040d",144,"d2746",31,"010f8",146,"4510d",32,"1d85f",147,"e1ea4",148,"ee1e5",149,"70a31"],"native":[4,"e7491",5,"02815",6,"40fb4",40,"b9d70",42,"0415c",7,"d3fa2",43,"48783",44,"6fa06",45,"607b2",46,"fdc1f",47,"b1624",48,"0a04b",49,"30fb6",50,"a06e6",53,"a5b7b",8,"14ae8",9,"fe26f",10,"6315a",11,"48bb3",12,"94dad",13,"f84ad",14,"1f602",15,"11957",78,"5f1d9",16,"7c066",83,"3800c",89,"c06a9",17,"d4052",18,"e4a4a",19,"9bf10",106,"d6171",20,"50774",21,"af91b",23,"9336f",24,"24c4f",115,"e3012",25,"b8494",117,"0f079",120,"83fcc",26,"1bbbc",27,"5fb55",28,"3ae0c",29,"b73b2",132,"74ce6",133,"a874f",30,"81f30",143,"16ab2",145,"90cf4",31,"1a6f8",32,"a726e"]}}