{"paths":{"4":["i18n/sound/en/voice_stop_bet",3],"5":["i18n/sprite/tw/three_help",5],"6":["i18n/sound/common/sound_time_5_1",3],"7":["i18n/sprite/en/three_help",5],"8":["image/back",5],"9":["i18n/sprite/zh/magic21_help",5],"10":["i18n/sound/en/voice_start_bet",3],"11":["i18n/sprite/tw/black_help",5],"12":["i18n/sprite/en/black_help",5],"13":["i18n/sprite/jp/room_jiaozi_04",5],"14":["i18n/sprite/jp/autoplay",5],"15":["i18n/sound/common/sound_flip",3],"16":["i18n/sprite/tw/jbp_help",5],"17":["i18n/spine/en/autoplay_move",5],"18":["i18n/sprite/jp/room_sign1",5],"19":["i18n/sound/common/sound_deal",3],"20":["i18n/spine/tw/autoplay_move",5],"21":["i18n/sound/common/sound_time_0",3],"22":["i18n/sound/common/sound_jq_button",3],"23":["image/btn_video_close",5],"24":["i18n/sound/common/sound_blackjack_room",3],"25":["i18n/sprite/zh/three_help",5],"26":["i18n/sound/common/sound_shuffle",3],"27":["i18n/sprite/en/magic21_help",5],"28":["i18n/sprite/jp/room_sign2",5],"29":["i18n/sprite/tw/rummy_help",5],"30":["i18n/spine/en/autoplay_move",6],"31":["i18n/sound/zh/voice_start_bet",3],"33":["i18n/sound/zh/voice_bet_success",3],"34":["i18n/sprite/jp/room_jiaozi_05",5],"35":["i18n/sound/common/sound_btn_common_2",3],"36":["i18n/sound/common/sound_win_score",3],"37":["i18n/sprite/jp/room_jiaozi_02",5],"38":["i18n/sprite/jp/room_jiaozi_03",5],"40":["i18n/sound/common/sound_place_chip",3],"41":["image/button_gb",5],"42":["i18n/spine/tw/autoplay_move",6],"43":["i18n/sprite/jp/room_sign6",5],"44":["i18n/sound/common/sound_btn_enter",3],"45":["i18n/spine/zh/autoplay_move",5],"46":["i18n/sound/common/sound_victory",3],"47":["image/btn_play",5],"48":["i18n/spine/zh/autoplay_move",6],"49":["i18n/sprite/tw/magic21_help",5],"50":["i18n/sprite/zh/black_help",5],"51":["i18n/sound/en/voice_bet_success",3],"52":["i18n/sound/zh/voice_stop_bet",3],"53":["i18n/sprite/en/jbp_help",5],"54":["i18n/sprite/tw/room_05",1,1],"55":["i18n/sprite/zh/xianzhi",1,1],"56":["i18n/sprite/tw/icon_xylp3d",1,1],"57":["i18n/sprite/en/ui_name_tbao",1,1],"58":["poker/39",1,1],"59":["i18n/sprite/zh/table_ace_5",1,1],"60":["i18n/sprite/zh/ui_name_kzssz",1,1],"61":["i18n/sprite/zh/room_ace_3",1,1],"62":["poker/27",1,1],"63":["i18n/sprite/en/lose",1,1],"64":["i18n/sprite/en/21_logo",1,1],"66":["i18n/sprite/en/room_sign2",1,1],"67":["i18n/sprite/zh/table_ace_4",1,1],"68":["i18n/sprite/zh/room_03",1,1],"69":["poker/24",1,1],"71":["i18n/sprite/zh/room_jiaozi_03",1,1],"72":["poker/22",1,1],"73":["i18n/sprite/zh/room_ace_1",1,1],"74":["poker/25",1,1],"75":["i18n/sprite/tw/wp_5",1,1],"76":["i18n/sprite/tw/rummy_help",1,1],"77":["i18n/sprite/en/classic_ace",1,1],"78":["poker/5",1,1],"79":["i18n/sprite/jp/room_sign2",1,1],"80":["poker/51",1,1],"81":["i18n/sprite/en/ui_demo_denglu",1,1],"84":["poker/19",1,1],"90":["i18n/sprite/tw/xianzhi",1,1],"92":["i18n/sprite/zh/room_jiaozi_05",1,1],"97":["i18n/sprite/tw/room_ace_5",1,1],"101":["i18n/sprite/zh/table_ace_2",1,1],"102":["i18n/sprite/tw/table_ace_1",1,1],"104":["i18n/sprite/tw/jbp_help",1,1],"107":["i18n/sprite/zh/room_zhizun_3",1,1],"109":["i18n/sprite/en/room_sign6",1,1],"112":["i18n/sprite/zh/table_08_3",1,1],"114":["i18n/sprite/tw/ui_name_dzpk2",1,1],"115":["i18n/sprite/zh/ui_name_jbp",1,1],"116":["i18n/sprite/tw/ui_name_wp21d",1,1],"119":["i18n/sprite/zh/room_08_2",1,1],"120":["i18n/sprite/tw/ui_name_classicshot",1,1],"121":["deafultPhoto/peo6",1,1],"122":["i18n/sprite/zh/empty_s",1,1],"123":["poker/2",1,1],"125":["i18n/spine/en/autoplay_move",4],"127":["deafultPhoto/peo9",1,1],"128":["i18n/sprite/tw/all_s",1,1],"129":["i18n/sprite/zh/room_08_4",1,1],"130":["i18n/sprite/tw/room_sign5",1,1],"131":["i18n/sprite/en/ui_name_hzps",1,1],"132":["i18n/sprite/tw/logo3",1,1],"133":["i18n/sprite/tw/room_ace_1",1,1],"134":["i18n/sprite/tw/table_ace_2",1,1],"135":["i18n/sprite/tw/ui_name_bl21d",1,1],"136":["i18n/sprite/en/room_jiaozi_03",1,1],"137":["i18n/sprite/zh/room_sign2",1,1],"138":["poker/44",1,1],"139":["i18n/sprite/zh/xianzi_explain",1,1],"140":["i18n/sprite/zh/ui_name_wp21d",1,1],"141":["deafultPhoto/peo5",1,1],"142":["poker/pokerAutoAtlas",0],"143":["i18n/sprite/en/ui_name_HorseRacing",1,1],"144":["i18n/sprite/en/room_sign4",1,1],"145":["i18n/sprite/en/ui_name_szpk",1,1],"146":["i18n/sprite/tw/room_jiaozi_04",1,1],"147":["i18n/sprite/tw/golden_roulette_s_icon",1,1],"148":["i18n/sprite/en/wp_2",1,1],"149":["poker/4",1,1],"151":["deafultPhoto/peo3",1,1],"152":["i18n/sprite/en/wp_3",1,1],"153":["i18n/sprite/zh/autoplay",1,1],"154":["poker/54",1,1],"155":["i18n/sprite/en/paixin_tips",1,1],"156":["i18n/sprite/tw/wp_4",1,1],"157":["i18n/sprite/zh/room_ace_5",1,1],"158":["i18n/sprite/en/room_02",1,1],"159":["i18n/sprite/tw/ui_name_jokershoting",1,1],"160":["i18n/sprite/tw/ui_name_xnn",1,1],"161":["i18n/sprite/zh/fgsb_logo",1,1],"162":["i18n/sprite/zh/room_08_5",1,1],"163":["i18n/sprite/tw/ui_name_xyft",1,1],"164":["i18n/sprite/tw/wp_1",1,1],"165":["i18n/label/jp",2],"166":["i18n/sprite/tw/room_zhizun_2",1,1],"167":["i18n/sprite/zh/room_04",1,1],"169":["i18n/sprite/en/ui_name_dzpk2",1,1],"170":["poker/3",1,1],"171":["i18n/sprite/tw/xianzi_explain",1,1],"172":["poker/38",1,1],"173":["i18n/sprite/tw/room_08_3",1,1],"174":["i18n/sprite/en/wp_6",1,1],"175":["i18n/sprite/en/wp_6_08",1,1],"176":["i18n/sprite/en/three_help",1,1],"178":["i18n/sprite/en/btn_denglu",1,1],"179":["prefab/loadNode",7],"180":["i18n/sprite/zh/wp_1",1,1],"181":["i18n/sprite/en/table_04",1,1],"182":["i18n/sprite/en/will_s",1,1],"183":["i18n/sprite/zh/room_08_1",1,1],"184":["i18n/sprite/zh/ui_name_dzpk",1,1],"185":["i18n/sprite/zh/ui_name_tbao",1,1],"186":["i18n/sprite/tw/room_sign4",1,1],"187":["poker/50",1,1],"188":["i18n/sprite/tw/wp_6",1,1],"189":["i18n/sprite/tw/room_jiaozi_03",1,1],"190":["i18n/sprite/jp/room_jiaozi_03",1,1],"191":["i18n/sprite/jp/autoplay",1,1],"192":["i18n/label/tw",2],"193":["i18n/sprite/tw/room_zhizun_3",1,1],"194":["i18n/sprite/en/ui_name_hwdt",1,1],"195":["i18n/sprite/tw/room_01",1,1],"196":["i18n/sprite/zh/paixin_tips",1,1],"197":["i18n/sprite/tw/ui_name_wsbs",1,1],"198":["poker/12",1,1],"199":["i18n/spine/zh/autoplay_move",1,1],"200":["i18n/sprite/tw/room_08_2",1,1],"201":["i18n/sprite/zh/wp_5",1,1],"202":["i18n/sprite/zh/ui_name_xyft",1,1],"203":["i18n/sprite/en/wp_5",1,1],"204":["poker/45",1,1],"205":["i18n/sprite/en/room_05",1,1],"206":["i18n/sprite/tw/ui_name_xylp3d",1,1],"207":["poker/55",1,1],"208":["i18n/sprite/en/fgsb_logo",1,1],"209":["i18n/sprite/zh/lose",1,1],"210":["prefab/webViewNode",7],"211":["i18n/sprite/en/xianzhi",1,1],"212":["i18n/sprite/en/room_04",1,1],"213":["deafultPhoto/peo4",1,1],"214":["poker/29",1,1],"215":["i18n/sprite/en/logo2",1,1],"216":["i18n/sprite/zh/ui_name_brdz",1,1],"217":["i18n/sprite/tw/room_sign2",1,1],"218":["poker/58",1,1],"219":["i18n/sprite/zh/room_jiaozi_02",1,1],"220":["i18n/sprite/tw/ui_name_kzlhpk",1,1],"222":["i18n/sprite/tw/room_03",1,1],"223":["i18n/sprite/zh/table_04",1,1],"224":["i18n/sprite/en/all_s",1,1],"225":["poker/6",1,1],"226":["i18n/sprite/tw/table_ace_5",1,1],"227":["i18n/sprite/tw/will",1,1],"228":["poker/41",1,1],"229":["i18n/sprite/zh/ui_name_jokershoting",1,1],"230":["i18n/sprite/zh/room_sign1",1,1],"231":["poker/37",1,1],"232":["i18n/sprite/en/ui_name_xyft",1,1],"233":["i18n/label/en",2],"234":["i18n/sprite/tw/black_help",1,1],"235":["i18n/sprite/tw/room_jiaozi_05",1,1],"237":["i18n/sprite/tw/wp_6_08",1,1],"238":["i18n/sprite/tw/table_08_2",1,1],"239":["i18n/sprite/tw/will_s",1,1],"240":["i18n/sprite/en/ui_name_kzssz",1,1],"241":["i18n/sprite/en/ui_name_NewBull",1,1],"242":["i18n/sprite/tw/classic_zhizun",1,1],"243":["i18n/sprite/zh/black_help",1,1],"244":["i18n/sprite/tw/ui_name_blzsm",1,1],"245":["i18n/sprite/zh/ui_name_szpk",1,1],"246":["poker/34",1,1],"247":["i18n/sprite/tw/AutoAtlas",0],"248":["image/button_gb",1,1],"249":["i18n/sprite/tw/logo2",1,1],"250":["poker/21",1,1],"251":["deafultPhoto/peo0",1,1],"252":["i18n/sprite/zh/ui_name_cjnn",1,1],"253":["i18n/sprite/jp/room_jiaozi_02",1,1],"254":["i18n/sprite/en/ui_name_BoatRacing",1,1],"255":["poker/57",1,1],"256":["i18n/sprite/zh/ui_name_kzlhpk",1,1],"257":["i18n/sprite/en/ui_name_brdz",1,1],"258":["i18n/sprite/tw/room_04",1,1],"259":["i18n/sprite/zh/room_ace_2",1,1],"260":["i18n/sprite/tw/lose_s",1,1],"261":["i18n/sprite/tw/ui_name_dzpk",1,1],"262":["i18n/sprite/en/ui_name_xnn",1,1],"265":["i18n/sprite/tw/ui_name_szpk",1,1],"266":["poker/23",1,1],"267":["prefab/setting",7],"268":["poker/28",1,1],"269":["i18n/sprite/en/ui_name_wsbs",1,1],"270":["i18n/sprite/zh/room_jiaozi_04",1,1],"271":["poker/33",1,1],"272":["deafultPhoto/peo2",1,1],"273":["i18n/sprite/zh/AutoAtlas",0],"274":["i18n/sprite/zh/ui_name_hwdt",1,1],"275":["i18n/sprite/tw/ui_name_hzps",1,1],"276":["i18n/sprite/tw/table_05",1,1],"277":["i18n/sprite/en/ui_name_hj21d",1,1],"278":["i18n/sprite/zh/wp_4",1,1],"279":["i18n/sprite/jp/room_jiaozi_05",1,1],"280":["i18n/sprite/tw/table_zhizun_4",1,1],"281":["i18n/sprite/tw/room_08_1",1,1],"282":["i18n/sprite/tw/ui_name_brdz",1,1],"283":["poker/56",1,1],"284":["i18n/sprite/zh/room_sign6",1,1],"285":["i18n/sprite/zh/wp_2",1,1],"286":["poker/7",1,1],"287":["i18n/sprite/zh/table_08_5",1,1],"288":["i18n/sprite/tw/empty",1,1],"289":["i18n/sprite/zh/table_zhizun_2",1,1],"290":["image/btn_play",1,1],"291":["i18n/sprite/tw/table_01",1,1],"292":["i18n/sprite/tw/table_zhizun_2",1,1],"293":["i18n/sprite/jp/room_jiaozi_04",1,1],"294":["i18n/sprite/tw/wp_2",1,1],"295":["i18n/sprite/en/room_jiaozi_02",1,1],"296":["i18n/sprite/tw/table_ace_3",1,1],"297":["poker/52",1,1],"298":["i18n/sprite/tw/room_08_5",1,1],"299":["poker/40",1,1],"300":["i18n/sprite/en/room_sign3",1,1],"301":["i18n/sprite/zh/ui_name_blttz",1,1],"302":["poker/61",1,1],"303":["i18n/sprite/zh/lose_s",1,1],"304":["i18n/sprite/tw/btn_denglu",1,1],"305":["poker/9",1,1],"306":["i18n/sprite/en/room_sign5",1,1],"307":["deafultPhoto/peo7",1,1],"308":["i18n/sprite/en/wp_4",1,1],"309":["i18n/spine/tw/autoplay_move",4],"310":["i18n/sprite/zh/table_03",1,1],"311":["i18n/sprite/en/xianzi_explain",1,1],"312":["i18n/sprite/zh/table_02",1,1],"313":["i18n/sprite/tw/ui_name_hjsk",1,1],"316":["i18n/sprite/zh/wp_3",1,1],"317":["i18n/sprite/zh/all",1,1],"318":["i18n/sprite/zh/room_08_3",1,1],"319":["i18n/sprite/en/empty",1,1],"320":["poker/42",1,1],"321":["i18n/sprite/en/classic_zhizun",1,1],"322":["poker/13",1,1],"323":["poker/11",1,1],"324":["i18n/sprite/zh/ui_name_goldshoting",1,1],"325":["i18n/sprite/tw/ui_name_blttz",1,1],"326":["i18n/sprite/zh/ui_name_hj21d",1,1],"327":["i18n/sprite/zh/room_sign5",1,1],"328":["i18n/sprite/zh/table_08_1",1,1],"329":["i18n/sprite/zh/table_01",1,1],"330":["i18n/sprite/en/will",1,1],"332":["i18n/sprite/tw/table_08_4",1,1],"333":["i18n/sprite/tw/table_08_5",1,1],"335":["i18n/sprite/en/ui_name_goldshoting",1,1],"336":["i18n/sprite/tw/ui_name_rummy",1,1],"337":["poker/0",1,1],"338":["i18n/sprite/en/ui_name_bl21d",1,1],"339":["poker/36",1,1],"340":["i18n/sprite/jp/room_sign6",1,1],"341":["i18n/spine/en/autoplay_move",1,1],"342":["prefab/netConnetDialogBox",7],"343":["i18n/sprite/zh/table_05",1,1],"344":["i18n/sprite/zh/room_01",1,1],"345":["i18n/sprite/tw/ui_name_hj21d",1,1],"346":["i18n/sprite/zh/table_08_4",1,1],"347":["i18n/sprite/zh/all_s",1,1],"348":["i18n/sprite/tw/table_08_1",1,1],"349":["i18n/sprite/zh/three_help",1,1],"350":["i18n/sprite/en/ui_name_kzlhpk",1,1],"351":["i18n/sprite/en/ui_name_wp21d",1,1],"352":["i18n/sprite/tw/room_sign3",1,1],"353":["i18n/sprite/zh/room_05",1,1],"354":["i18n/sprite/tw/ui_name_jbp",1,1],"356":["image/back",1,1],"357":["i18n/sprite/tw/taiwanmajiang",1,1],"358":["i18n/sprite/tw/golden_roulette_icon",1,1],"359":["i18n/sprite/zh/will",1,1],"361":["poker/8",1,1],"362":["i18n/sprite/tw/table_02",1,1],"363":["i18n/spine/tw/autoplay_move",1,1],"364":["i18n/sprite/tw/room_sign1",1,1],"365":["i18n/sprite/zh/ui_name_hzps",1,1],"366":["i18n/sprite/tw/table_08_3",1,1],"367":["i18n/sprite/zh/room_sign3",1,1],"368":["i18n/sprite/zh/table_zhizun_3",1,1],"369":["i18n/sprite/en/lose_s",1,1],"370":["i18n/sprite/zh/wp_6_08",1,1],"371":["i18n/sprite/tw/ui_name_goldshoting",1,1],"373":["i18n/sprite/zh/room_02",1,1],"374":["i18n/sprite/en/ui_name_hjdzpk",1,1],"375":["i18n/sprite/tw/room_ace_4",1,1],"376":["i18n/label/zh",2],"377":["i18n/sprite/tw/room_08_4",1,1],"378":["i18n/sprite/en/table_03",1,1],"379":["i18n/sprite/zh/ui_name_wsbs",1,1],"380":["i18n/sprite/zh/table_zhizun_4",1,1],"381":["i18n/sprite/tw/wp_3",1,1],"382":["i18n/sprite/en/jbp_help",1,1],"383":["i18n/sprite/tw/room_02",1,1],"384":["i18n/sprite/tw/table_ace_4",1,1],"385":["i18n/sprite/en/ui_name_jbp",1,1],"386":["i18n/sprite/zh/empty",1,1],"387":["i18n/sprite/tw/room_ace_3",1,1],"388":["poker/20",1,1],"389":["poker/26",1,1],"390":["i18n/sprite/tw/table_zhizun_3",1,1],"391":["i18n/sprite/tw/lose",1,1],"393":["i18n/sprite/en/table_01",1,1],"394":["i18n/sprite/zh/21_logo",1,1],"395":["i18n/sprite/en/wp_1",1,1],"396":["i18n/sprite/tw/classic_ace",1,1],"397":["i18n/sprite/zh/room_zhizun_4",1,1],"398":["i18n/sprite/tw/table_04",1,1],"399":["i18n/sprite/zh/table_ace_3",1,1],"400":["prefab/dialogBox",7],"401":["i18n/sprite/en/taiwanmajiang",1,1],"402":["poker/1",1,1],"403":["i18n/sprite/zh/magic21_help",1,1],"404":["i18n/sprite/zh/ui_name_bl21d",1,1],"405":["i18n/sprite/tw/ui_name_kzssz",1,1],"406":["prefab/set_Sound",7],"407":["i18n/sprite/zh/ui_name_dogracing",1,1],"408":["poker/poker_bg",1,1],"410":["i18n/sprite/en/all",1,1],"411":["i18n/sprite/zh/will_s",1,1],"412":["i18n/sprite/tw/ui_name_tbao",1,1],"413":["i18n/sprite/zh/ui_name_xnn",1,1],"414":["i18n/sprite/en/table_05",1,1],"415":["i18n/sprite/en/ui_name_jokershoting",1,1],"416":["i18n/sprite/en/logo3",1,1],"417":["i18n/sprite/en/ui_name_xylp3d",1,1],"418":["poker/59",1,1],"419":["i18n/sprite/zh/table_08_2",1,1],"420":["i18n/sprite/zh/ui_name_blzsm",1,1],"421":["deafultPhoto/default",1,1],"422":["poker/10",1,1],"423":["i18n/sprite/en/room_jiaozi_05",1,1],"426":["poker/43",1,1],"427":["i18n/sprite/en/ui_name_cjnn",1,1],"428":["i18n/sprite/en/ui_name_blttz",1,1],"429":["deafultPhoto/AutoAtlas",0],"430":["deafultPhoto/peo1",1,1],"431":["i18n/sprite/en/autoplay",1,1],"432":["i18n/sprite/en/ui_name_blzsm",1,1],"433":["prefab/gameVideoPlayerView",7],"434":["i18n/sprite/tw/room_sign6",1,1],"435":["deafultPhoto/peo8",1,1],"436":["poker/60",1,1],"437":["image/btn_video_close",1,1],"438":["poker/17",1,1],"439":["prefab/set_help",7],"440":["i18n/sprite/tw/ui_name_dogracing",1,1],"442":["i18n/sprite/en/AutoAtlas",0],"444":["poker/35",1,1],"445":["i18n/sprite/en/room_01",1,1],"446":["i18n/sprite/tw/all",1,1],"448":["i18n/sprite/tw/ui_name_hjdzpk",1,1],"449":["i18n/sprite/zh/room_zhizun_2",1,1],"450":["i18n/sprite/en/empty_s",1,1],"451":["i18n/sprite/en/magic21_help",1,1],"453":["i18n/sprite/tw/ui_name_hwdt",1,1],"454":["poker/53",1,1],"455":["i18n/sprite/zh/room_ace_4",1,1],"456":["i18n/sprite/tw/room_zhizun_4",1,1],"457":["i18n/sprite/tw/room_jiaozi_02",1,1],"458":["i18n/sprite/tw/ui_demo_denglu",1,1],"459":["i18n/sprite/en/room_sign1",1,1],"460":["i18n/sprite/en/room_jiaozi_04",1,1],"461":["i18n/sprite/tw/table_03",1,1],"462":["i18n/sprite/tw/magic21_help",1,1],"463":["i18n/sprite/en/room_03",1,1],"464":["i18n/sprite/en/table_02",1,1],"465":["i18n/sprite/en/black_help",1,1],"466":["i18n/sprite/tw/room_ace_2",1,1],"467":["i18n/sprite/jp/room_sign1",1,1],"468":["i18n/sprite/tw/empty_s",1,1],"469":["i18n/sprite/zh/room_sign4",1,1],"470":["i18n/sprite/tw/ui_name_cjnn",1,1],"471":["i18n/spine/zh/autoplay_move",4],"472":["i18n/sprite/zh/ui_name_hjdzpk",1,1],"473":["poker/18",1,1],"474":["i18n/sprite/zh/wp_6",1,1],"475":["i18n/sprite/tw/icon_hjsk",1,1],"476":["i18n/sprite/tw/autoplay",1,1],"477":["i18n/sprite/tw/three_help",1,1],"478":["poker/49",1,1]},"types":["cc.SpriteAtlas","cc.SpriteFrame","cc.JsonAsset","cc.AudioClip","sp.SkeletonData","cc.Texture2D","cc.Asset","cc.Prefab"],"uuids":["29FYIk+N1GYaeWH/q1NxQO","a2MjXRFdtLlYQ5ouAFv/+R","e97GVMl6JHh5Ml5qEDdSGa","f0BIwQ8D5Ml7nTNQbh1YlS","04jHkPasZMUZFcikeRQOjK","07ecuZcRhCB7ZmWJR/WTWy","070+PrgfdJm4ccUM3l4mdH","086PtWsldCKbgFX6RxbmP8","0cGYu2m3hEZqV+jOLSPvVQ","13MwOuR21MJ6yoBJ2ldUED","13zJN8milMz7TgLLBB2iHd","16iDfHOWhOnLqbCOZz/Qp8","21hY+LN29AKri6LGTrIo2w","286Cn2aARESbcFNXhwNRvO","2cavxQIvxA6KlKwv9NuJuR","2e5jUebwNDeqX5Sw8lXjI1","30/bbLdmJBubMS4cznt+wq","3djf9Rr55MHaTEqYK0UkuT","43Qx/yeJJKQJOzIC6Sj6kH","45sNjO++ZNKqVHmnjR0ei5","47CU9LLR1Bq6EoqBpWVNU9","48GJD2ehlOG7dLUOTSRgsS","4bYfzKxFJLBoBCsDNO0fTv","4dcYJKqydHuLASXYa9qAdp","4fH/IaNRVN4qpfpnGuVKzT","56OHqIt5VKT7QD/wM5qOIN","565aKt82BMRIuxd4YQiKyf","5cMsh9kOREPpWdtD9kTYvs","656I0Ni7ZN4qNzMewfvGWl","76+lKcVHNFDp/qsbaQmJzM","7aQQNwewNLiY1yrMnNRy1j","7cbE5I8GJF1poo9wd5gYlA","82gZpEN9xHNIfZeK6SdkHV","89NOndhiRL6KC+Ho0cD6p2","8ertucUN9PkoBwrbLmp8AK","90XBIO4C5Ba6nxOwBAXYTt","910A3ZR8VNPodszsl3vk+Q","93pObcHWZFcajg5m++Vuwl","9dVrP499tHQ5ntuufr/B/r","9dw49k1j9JGYMig5W+bfjP","a1c50joqhHtbnJ/Zo4UOVf","a4mpLdhgVJvK492oL/itoW","abW8gLsk1NOKoSbP28Nyf+","b2QDcwRnxLeYFaOI6EsFX1","bbQx7XW21Bi4P6LBELDtKa","bcM/kLCh1D7ZdvV7I2WUgD","c2L21SzYpAtJuaO3HPoCyA","d28fngw0FKuJZl3PEziNi/","dfc7JEI+tHc4GnBsF7nIuh","e0OSpt+YxBwbC26PYBv9Wf","ebeQ9iQW5O0KqhDXFE0wqE","ebh3fLuT5BwZIvjVCObsZr","f14oiYY/FEG71gshP/rYLR","f2HSA2ZRFAtbbWkrDPW9C9","00AzYRk0hN9ZYdLvNB5xyI","01Iwe+uYpLVbeD+2SnPYJ+","01Yg+43ldBfKmxMep2mcRr","0195BXuY1CPYxd2HIgbYjX","02ed7/Q9NB3ZgHHdVCpf9/","03QxFTl+5N8LJNjKX9uzAh","03db5K+2JJMoaYP1epfx5D","04FaXUc6BL6aakrXd1D/Zg","05MCmq3ZZCoqoazFgu4luu","05uN4oYxtBUJxdUJk8y4Bz","06f4YfPSJNdJL4PR75aqIm","07NyI7wS5BspDCNQk/xaM5","07ciilBPRBLqdaXtNYXKmV","07eOMIgkNLqbbb5XHEQrT9","09E75OAuFF043P/8qslSMt","09jIAFYGBLMJuY6H8E2/GS","09nlIlllZDtaRFlSN2RBHl","09tE3XDUZCZaIor+Kid7uh","0a6Scqvj5KmpCccQ4UE7gx","0bBVid0/JKDJF2FGGL6UX1","0cEbwXlxNBiphOp8aZMrok","0c8052MTpDaZfNb5flfupr","0c/5rPB1NEgrTxaqzgHsDu","0d3q2iS8xFnIyMhDwPuh9y","0e4mHjlNdA/6HLWIng8FkO","0fHmYkDatBxYjgYK+Lrumw","10rIvZywdA1Ynu8XwJCINr","11P1ElVU9ErIXEVR+9FUsi","12afb47e1","1352e5c51","13sZ/JDkVOC6z3GIQrUUfr","13c3674d9","13d167915","140084e38","1467bbb13","14e103292","15d+GlpQBDLYbhhutBfuw+","15f5e9d23","16OGpulZhE+YxKqjYhBBMB","16c05e0af","1835d21c4","188ca6040","18ad7d210","182xdXvBZB4KrYuundXCN1","1951b193b","1978c7de3","19af30e0f","1aDn2sDx9JsJBEH4jJe4zv","1aVusVwXZLkoThAuprHqc8","1a6360b5e","1adwxW1hRNlptwoLKAuZi8","1acd47d67","1b5e71a83","1bhfaVuZZKEJYbk90DBOvU","1be6a1e30","1b+Mddp3lOu5ypRWes6Hyr","1c3e7611c","1c7224d5f","1c4xh+jGRKuqjBYwLh5sNg","1d396e1a3","1dREougsxLMroAZGDOVpcu","1dZOfawVBEsLSJpje5GkVT","1daesKATNHd6v4JtzXYhac","1drcWO7qNBi7bOpZkJGirS","1d02fNBdlKF65d/+1NTFfq","1d2johOexCHoLQisYTP2pn","1eBeIf/oBLI6sZI7lzzmJD","1fIDUm4KtMAKGSP8DWBtx8","1fXJg8jhlI+5ZXmO+7Dog1","1fnhaRLtNG6LgvaSjFjDtj","20Pqn8nHNB/K+vzvw389To","20WeWHt/xAoYIRsFu9OJ3p","2079Jwn69D1aitpdAURp+m","21HNp11cFOk7m3jF6rwsH8","22f5oMjqdO7qA3MRSX689O","23MOd8XWdCHb9V/g61Jnkz","23fzcfPSpK2p4VaTREXPdi","23nyhPtHNOZqeNeSVdbjTL","248HzJBvRGd79oBrim2sN3","25TYrdDsFGIoN/++uOVUsS","25pf+ECnlAh7DIatAWoikB","25/MwKIutCapYULG+UCKlA","26wqeY2oVOjK6TAHcEw3Ve","27Z2rkyK9PMLp1WoI7KalG","27jxu0JfBEQJyIJZPlVKwh","275ukePCVEf6LS9uo7rdnq","28qikon4VH9bspxz4fT+jO","28q0cPulpMFI2OKKJ1yGsP","2851/AOqRF/qFguaLkEIJl","29SjgCuK1IV5NtHOuxEnr2","2aEMGbyypAcIbFjCPy9PwI","2aEWcNJ9lLdIwQBho+GX8P","2a0Vma20tKSIUna5A/zqq5","2a+BRj4npDkoMZD8hQBG+W","2cFC+tQb5InbWMs/5y5S80","2cex1kyo5KNoRsPtrKpUBg","2dL3kvpAxJu6GJ7RdqJG5J","2d6L0elXNBP4HeyEJmbenz","2d6lwdmM9DWowfjz31117+","2e/ZH6bS5Gk5N5ZKni5Lrf","2fClaTgwhHGayL5B2uw/r1","2fyapLekhMvZlZBffiAdEI","2f39AF199N96snDJbqLQ9a","30WkKWNT5LVLK1zsftvufG","30gYIgZFlLMpzs4IJ3oCWZ","30rBEdBG9Jdbtx5NOECFB5","30uVhhLzFINK5lVBSR1X6u","304v05iMhCCoKlqQhSypXz","31aQ8ZUBZMzZI0md78RphU","31iZXVZFJJ64ZXVS9HG2AP","3181nUIhdDnK/ftsB5QWvr","32gsVipbpJ8JjcOHu4+8hf","3244pPKBpENbLPAnRH1//x","335yrMzsREJbYJPGRVVZAi","34SXryMpZBH6xlijPqP0IR","34e6LrGQBPrZp5leG9AZGh","34ismaf8tAwJ3hZ9CMpiYB","344FsZ6y9JYJ1aLj4yqcJn","35Y0ae/6pE0asN0eToJSep","35aFj2LBBGV5om3ywLop0Y","36H0an+VpLGKy/yv/wDvri","36jUJP5oxNXo+Mu/Qc2ScM","36roKIFYxFI6nBPH/sXZ6V","37Sx1S4PxPZpVeNFuHmugd","38DfwS/H5HB741k9XaokHq","38fE34M3tPTZuJ8tanw97O","39bQX9sTVPZr4IoHE9uOCu","39slnvV9hCkrHZNbCTka1y","3ab/SKbY5IZ7q3XmbYtzu0","3bbmtQJS1OmIcauqaaKOzz","3brnVpQtFGMZZmTnIpbKL3","3b5O7vjsZOZYyTob1sVfgU","3cldvn6rJJIZcIomDLV2A3","3c3pTuHZ9ExJxSo91UZSZ2","3dMzycqclOq6wB4Wa8rfNE","3eCGCo1WZG9IdoKxfyX8SI","3fI6t6mNpAsYYmr7SR374D","3fP5KKghROWbjjjgaZvqb9","3fnqzqnItGrZlprTWmNSTD","40fFgDYiZFi6htkjq+I3AW","41HlvFq1ZDsbqH4EdUwc8I","41KrNvVoZILKG5qOGf8QIe","42GwHda8hNt7sMOlichXc0","43IkfHwvpMbbqaBrytjmNL","4489TTv6tHpYfwNm88N6Xz","45LpJyRi5CQ5cohvJs/fua","47CaJESShJmYUrH/BT5S+C","47W5m1k3ZNZqp1jEXT7Lmf","47aHSN3DFK56l6KJd3J5C/","480zAzjRpEgbCpjLH9G31c","49MmTDsbBNbb1lRY7zCaKB","49M4JHgAxLh5mxD4bK87Jq","4bnxtvvcFNmrZMns7ji5Qg","4buZREi/tKcJr8j1zGGINZ","4dCtXS7IBPeoLmAtZDORno","4dTr7cVtVIi7EbCO14Wmns","4dxca8/mtDTKkra2466kn0","4ebGSU9PtOtoazxlaRuSKp","4eicpkLRNIPZLXxNwEK58n","4eokKDf29H5o6hzlkG1uPV","4fY5QUs0RK7a1a7OfUXFKo","4fll1+8uxEBK1XEOcL+J4h","53mP8dBp9Jt4RZga9xfM1b","53+Gh8cnlH16PCmb6LC8jC","54AxwUHVBI+bYSRYNMYWm0","55Qw1sTIFGtauo5YX//T3Q","56Q7f4S1RF6qAA8KFi1eVV","56fc2Ai/RFNYpaMT8crweK","566/72pTNNCq3lE2eJRAS/","56/GwQpPZMoo5fprvGdqH9","578qKolEBFh44WUPIhdiAx","59OvB7IrtNvbCrAfA8U1q7","59jVbWBPlFBoXrSa4FoTJ4","59s6VG3f5Ke4GAISKCJGjp","592G+O74lH3KKN+bJ5d1/v","5b97O9j5pOkLh4yIp1mb+Q","5cmH1QLbFOx4j3LyDX8C9t","5e26NQkCpC9IkLZsWv2mog","5fX4OKS2lMd4i+xFCSz9Gk","5f/ku4KMVEBqaU3VX6APLc","60qkl98UFH6o2b2xRL0FEZ","60vVIQVQREl4j2yW38rNwt","61JgmVSWFKJqdJeBCkbrs0","62hOAj1FBHQ5M6pYoGiyfY","62+y+DlHND7Yjudox022M5","63iuEyEn9Libwy7sfBMiPB","64BJoCOUlB1akQBi+Fart8","64u1naiDhGF6tzEfrwKuSJ","65vfZck89Iq4EULzxTCEIa","66i4xwTtdBq7VLd2WeBOpJ","66nTNjoNdIFI7TwqxpjLZr","669Xl+JitHDIhTnOPUrFJ+","67wngqmn1DoaCHWFs3XEpo","68Skyx9pRKa52DwBV+tT/0","69Kr+gNShPbpc2GHnokzsL","6aaQxMVxpHtJ06jSvXXBNz","6bAmUlepBGeLxLd1hMmmGV","6bA+FsV7FIIqC1nWQQcYo9","6cKFgpcOFHZ6ZDqLgb6AVv","6coQb/GBxIVLRAYiyf4902","6cohsPkpFFk7mKmxkshz3A","6c6lzXh69JL4WYMaEHbgLT","6c6/3Ei7pNfa1pIggS8MCx","6dfBEoH6lMA6ojIFDqk4Ps","6d5BWgD49DuaFiNTIR4NEn","6d7IsbmdRDsJ5yAH3M3zPD","6fKeOrQe9GCrZhsNm1Chjh","70RKT/RAZNspjnKcNoLP+n","71VZlwmutDgqzI3E6wrS9d","71VhFCTINJM6/Ky3oX9nBT","71bKbhw31KvagQSvd6+DmK","71kSaZT0VMAJZHuUaHjV5j","74M8wyOl9EdLoc++egTLqV","744nCzvFxBBagEztR042Wi","75LN0dpOlMbbHFdnIQvEeq","75OOhsxtlDtpEGQrB79Jn0","75t0TvnwJMuqdcG/bWCaUd","76a0PqZ0NOx7WsBRdlq3Qw","77ljbaR4hPrZdFamD6e3lG","77mzVRuxxDiZrgd6GmGtmo","77+m0BuO1JIaTXal0zzxyf","79d/8jsVBBN74OEM9jxAqw","79hjd42cVIkp9uedtbXCU4","7asfLZbRFP7rO0N+dSzWsU","7axAu0fERI2LP/b5o49Nll","7bhwACeWRFZreg3W5MWzu4","7cB4lfNs9GjoDPOMFNR8YC","7cTjTxUoRLLbwlbWdoeJjH","7cZlxKbQdBHpHpmPfjImO4","7co5VEiX5IWLhT3m3Xy7Co","7dAKnK9p5MzIH9V85qktwb","7dFvMG57NNaKJpgdiQHOk9","7eK7EiYx5GjbHPQRAZHgGy","7frj+pWO5JwaxTxfBhePb9","7ft7g/lkFBtoPOTY16FeGD","7f1aQ7Vz5CNaYydRneHBHp","81Q0t50KNKNIUfQj3KPd/z","81qKi9XBhGMpH5IdtKVRMO","81rqEGGFBH85DdHQv3btLR","81ughHi09HXI46iKqrMkqR","82QuKmH75N+IGLl18P3Un6","82jAsBjCxObL9U580i88O6","83OYJrc8hONZGQM++XvODx","83eOuHrGtHRKEraomqECnk","838OrNGSdGtqdfITKa6hdS","85qJC4PNFDpK13tNn7ybWL","85sh7zrtpN0pGPY+f/CLq4","851h2vMTpEVrGYy1wAz2jE","86rxdjIiRH+Ibbd/dPPy2k","8730QL8fJLh7+LqTpo75jL","88dxaC/6RKnoAWkO0+K75H","8a74mU4xxK1K6ipRMqbDmF","8bQu/gFfFIR4FIOth1OjrK","8bzk+XK55EwrW+90COXQpg","8cJ4645/VIuY+6Skbr+cpp","8chqtiXfNFFLdm0gZJTP2i","8cqsnbFedCA4czyQU3SuuG","8c1s7WEZJN1KjDrHybc1jn","8deCYEItZFVqaPbgJAXqIJ","8dpxL9LZZDXY+XWJ47ud9r","8eDGC1hpBI3qK9U6TK+I8I","8eP6SnIf1A6LUfVE+UhEcu","8fmhYuhYNLbbCY2ZnMFvzK","8f9UqrpjFPpKPxPb1pe9uy","90DcbrzrpPi4MMKTkhoS+m","90eC14CrJH3KztAyfaODXe","90pzQFbEFHHryEkHGsLPnN","917tufo/JPzb+bpliEzmW/","91/4gwpX5Jdb4+MwPTLaaU","92FIUEp/5AtJQJVyrHJW4X","92HtdqVsBP4ozkEiLtUmeo","92KAfj/gZGvotcuMLpGJzn","93vXQU6TdMJIitPhRXRzaB","94D9NL9BlJRZKEf7Py2A6H","96ACfQakhPGrGMVBscJqAp","97O4PH0+1Iv4aYS0IsyuK6","97vNy9rQhJfIAPjEANfm1M","98A/UrqRFH9KVcQU01vAJy","98FbymlQhLB6FaZabJs3ig","98U+oingJPI4GDLBcxvyPa","98jmBV3spIS4ic9tFe8YjT","98muEduERFjolhnv+s9KqG","99OukQkTRJd7N6GKtxdGjc","9akmdbLCRIMLAy4XDqzGdY","9bFeO3sHxNP7v9ic2ee1B3","9bYmtwUnlKEbky3QbbSr5Z","9baZZr2mBBUbFBoeJfHVLv","9ba2PMadtBFLv2Y+A1k46S","9bdjOJZRxDC5SBPna4FiBT","9dhR2q/wRKorJtlZZaB0Rt","9dvXCmJDhAyY5iB5EEU5V5","9d9WJFSGZFnZPaaVNAiYLv","9eoGfGgedEg5wjboBtyJhX","9e6f8JWSZGYrz/BQNv2mgr","a0yLHKDHFHBJEsLINaMLuQ","a1I2hj5N9NFpjWMOyaKIvx","a1V5V4PzNJ8pDL5whW9wO0","a2O3OubStHu46Jv022NGdh","a2t0AsZAFFNKqjU+30QmSo","a3qI+ekQ1JhI7YbcC60MsT","a4H2fERuNDJoFOaFLvD6r0","a5kuerZJ1A0I9SAW8PRBMy","a5zK+ZA2lMLo8Cg+VYlngP","a8o6Pl8TpA2YrfN5XSR279","ac/mzRi19BlJwsnZjb8ZrP","aeEl/tDJtOs6nnESt6/yXM","aem6L64y5GH5b9Etu55sMm","ae1LvClKBNQq33RPfEv9LV","b0KN/7YfFOf6cmfl6+qn27","b0MxGAYt9Cp64DE7WmnqVv","b2IZaOwf9DB6e03VKP/jPD","b23nCEpXVPVZUZFI1h62L9","b2+ESbCshJaZG+P4xOxun8","b3AGqGb1BBWYClvemPdXHy","b3PXc21G1Aa4kYtNz9Oyck","b3QBHgsuhDI7vJhhzt/BZx","b3UqgXTeZLXpUu/RpAcxDI","b3jyBvyCxFQKAFUXg/viGP","b4P/PCArtIdIH38t6mlw8Y","b5+5HghANBx4sBPF5a2myj","b6Vyb7l/tEKYPQCn2AYrKk","b7HJqMwZ5P3IJZszEWurv/","b7JcpEUWJIh5gyE8fPxzhj","b7lCWQYBFIB42pldZsa6jd","b8D7YCA+ZH8aBoIFMT7GQU","b8qVX7ql9H1LhBbmE0f70N","b9LS/FqvhJh7PYHE/ESZug","b9SM8Sg+JKB6h5cFbi9zBm","b9ZVV2rKBLZ4JeUSeKbpen","b978yHakNNC4e/HsOYtMtD","bac8btwxZHs5HkfsSZCIif","bbNx0i6PlD0Kf1HFpY8IpD","bdDSJbNx9GwKUss5yPWM/x","bdfiysCZNBhYlVsEjMr2Ao","bd8nCptuNKVYO4P1Qs9aWy","beNT4VYxJCAZgEEeoLxbLn","bfRbLB6BVJcq8CBBnXMjt8","bf8s5HflxB6YrssTSvQHR4","c0KZp0nplAyKYcYAKBIC15","c0UaXA4g1MPKYM7dy7GgAX","c0facg/U5Ho4zRto14G6Y+","c09w4f16JNzIjWnGrU1sO+","c1BaFvkPhGsLUnnfJC3YOv","c2OkqlX6lHt7hgyukhbN7L","c3rd+BBZdClKRhqsGYMjSx","c4f3rYu29ES4AAQF1JgE8J","c4sJjSXdlOhLT7BxhAkF64","c45w7UaQtCiYQ9NLzPidRu","c8SBezW7pLoZYJA+FRJD5K","c8W8XawPtE+7P+l0FDRyM1","c85BTCV51O94GkGJGOWRHy","c9fP0oNgdJlpiEjPZ7AZQ0","cbzCurIxZC9IsgZ8FVwxWG","cb011G4dlDgpJLGy9/dZ0p","ccK873YAVBd4aB8rpSpxYQ","ccy8luhlxFJ6H3ymMvQqkR","cc6HXGCE5HRYHId0Jw4E5M","cdTgY5y+JGQbk6o/8x/7V9","ceSXfnTrdClL3vLXeHbGKD","cfKp089QJIBp9aYgydEAM0","cfgklxHdxN+rqkaUNHc926","d0A5aVDSNDrZVU0L3mPpIS","d0n0osA1JL25/SBnfUe7Wa","d4YvJ+3d5IZbqn7scBcOx/","d4zNAqmbFJG5X4dJmKtTFN","d5c/5hwANAZK8dNGRBiUyn","d6DE49Z6xDwLSPO5dYqwTI","d6P4l80dJO05agzVxiqnVt","d6nPwi4hZEPLYniLZgt3K7","d76DGpevJEhZyA/wHhyqIX","daSZnnO41B9I7cHduyO+Ud","daXmFgXmNKNqAz07RoJw27","dcDy7YTiNJxZVnwA0fRRp7","ddFvC6R2tMh4aT691KH3kV","de2xqMitVJ9Jt+4pLlgkFt","dfH7wTKf5LH6KLmbBUQR+r","dfd9tkH+5Bzqr4uYbSetcx","e1VGC4rPhJer8/oPQupYvB","e16D5HBbdHUKXIpWCOM1bj","e2H1/BAxNMc6sB5FbWx9cz","e2fJO6ynJKfqHmYIoHIckW","e3EQTTleRLA4cDAETKWx8p","e3YrkAKVtL7Luy0KhpJRQg","e4sPrab1VDQYF4Po9X1ubf","e4/SORmA9D577T0ok0ALUB","e5GDikCthIzY0LWF69Elmd","e5Hd/8oA9DO6XkcZMgu15G","e5Wj0UfMBHeJeqO7YIN4Op","e5cXmIlWhE0KES7COm2XMQ","e6RbWzxp5GGbjWOM09qSko","e6arQ978JBfoO4UzEfM5Vf","e6nuPJkQJJ9J3qFsSEBjz2","e7342Jw01G2JcgBIljWA73","e8Ueib+qJEhL6mXAHdnwbi","e8xKhDn9hAVoncC3oM8K3m","e9VYlXnQlE6rQXRZrhy0ET","ealtWUfphJbID7VOsZQtTk","ebHTVnezlEmb8wjlUoPUJo","ecFlcdC/9PvryUsPVoHHnn","ecFxMDEJ5Kq5Sjy3etC+S6","eds9WfxsxC1aeNmyYUjFkW","eexML0rzFCOY6fZ+guIko1","eeyCWgTyFMUqV/c5hp1rRg","efkrqpqpNO756D8RFy1TI2","f02KVLgHdEQ4fK2IZge8yl","f02WoWZTZHMIkz5VbRzggT","f1OH8alRZO+beg1aTKC15c","f1eMc+zS9H9p9zzKJ6B21X","f1hDJXQSFDd6zX057WDjNX","f1t4e+rB9KhI+FQ0+bgSdb","f2N7+Q5RBHAqAi+lq25OWE","f23TiHslFO5p5xqmoT8FFd","f29iZiE/BEAYmr3YHLMyK6","f4JvCqjyFEmLGcaiX4WX4g","f5TRBmnN9NV4gBzlUt5XAn","f5itsAlfNKmZeqpYcndmJE","f6ESZITmpFOLvRQippssgW","f8uh5VgbBEl7h/MCE8Zuvo","f9e0JBPlRN9Y7IkZY3suMA","f9lKNRJR1Fo5XUKT8l6xhI","faGQ9vctRCdpxp7JR75Ho3","faetUnrTVJ6aHvLmVza+dF","fb3KpVfm5COYrTVjLNbhFw","fdZNdge71J+bB7dXdQU8L7","fds4wInGNKF5Gx55MY6TtU","01bYeGQi5AK5f94ALm450S","02delMVqdBD70a/HSD99FK","04xMXeE95GTKm+jRJGluv/","06rAFmsw5IpaBn7GXKawX6","09d6z+3JRGGbmgjvYeVYVt","0d+IfotL9LQqKzo+vz4beR","126SQhLwBNSqhZLw5EUoLP","13jIleezpG9b+SwQ29RAZ3","16yIvEVYJA/6SVLI7uChRi","1aIEkHjpBHdag16WiGMs66","24MX2W3X5Nq7SbNeDMQVIA","24aFLGGApJxZ7iQ9+/NLC9","2cyffzjJtBgYThqfLobbu6","2e0+eeUzRFUqwaOMvwIQDr","309VD+Z5xNs4row1RLvJT8","32AYyKvqdNCYB1ISp53jRf","346r27BqlENLP/V0c5+/jc","36i0TX+ldKN4yXt0UVtE56","3aViMysURLb47xXzFT+4pB","3a+glEbvBNQ4u0fKCJ9MXz","3b48pWX4BEwZDXYaxEcVmc","3drfZuHgRBC4Eg9EbnyvqS","3e+uTiJ8VHU6iztvapgQ9c","43TrSXP0NGJ47sIMDtbWeC","43Zz1OpnNNZr2QGHHjyCyK","460eWLZnNPjIf8TDcUqguU","48da/E1T5KCKgrY4VBh4Dp","51BozZbqhGW4NVIq/ootEh","55z3QKm+JC65bPAGgPtGze","56F5QIvgNAs47cCLJdWcZS","58ya5lDe9GN67vaD20m494","5ffIrvI2pEPLnMnbKtuAoq","60ILaIgI5M5bfo2HTsEIY7","60KFA9gL5JmJ4fTo59fpTm","67Wu6cm/BCo41OI7TP+yNp","694566ADtIe5dqBHxbYJeY","6c3VRSIyZNQqJIk1scuKlN","6dznHyM/xFHJKr7Dj5QzpE","6d0yiWC41Lt4Nqd8h1Ifzz","71yceMJQhLfa3aEy3iPkj5","73dB9X9+lFeKyYFmRt2Wga","73hCqlbuFDG73K6qSNrOOy","75iJturgVAWqF7MExZhJke","79g6NaNRtIgqCHG6mkgkhk","7a/QZLET9IDreTiBfRn2PD","7cccEVJxRIA5/IZtRFT2m/","7cyGjAOr1DRK8DryjB4UYy","7dWVp7V9JIRLPSCyut2rav","84ODQCyolIro2h8+8vFh8i","8664rqUJZFf7VCpvwjo2ha","8bhlGKdZxCq7QUuqsDNh5b","8dCT6UEBtNtIqQas42UvUw","8fpvx2RdtGF7f+p1sTKF+m","94SjtlWOBFKIuFBFL7jwpS","98+eHjOuBEmqroLtZKJetZ","9aAzEPWXRDorBidwFBlZoL","9cQvFhuBBPe4NO3f8jhNy2","a1ouQlMS5NIY+MOLHjtyrI","a7jV7M43xPhIy3A34wikhC","a8lI7/8g1EfLLUOkayWJ22","aaM/xvhhxPpa3mFRZzl+Tl","abRtiDaSZItolhODAr/80S","ab1plk5phLsJ/jN9m+I7JK","acoy0qkcFLJbMRL3S13Gxp","afaYmkdjRL+6712ynVZcxl","afq/442nVMOJU2fvJ7Ktac","b0uCtnga5Gca3gkjddouZU","b00zDzn5BJca8RUxWq0nC/","b1QllJ9hBAMoJ6XE4HMYKe","b29X63oZ9KQKY4t82ybQmX","b3n2W0JO9GnqQ1PLDWH/xc","bdknXfmF5DE5PgGl4ssUKg","c0BJb8i+lDgrAo7u505ZgI","c0SqvRTeBBJrnFKsPypjor","c3TWCwEidF+7u2AFgi5MUi","c4qQUfgV1EHqHF4w3j9xZA","c57a8iJ/RG4KcS66ACJxy3","c6FIEVtJBEvaXZo7rkxe8Z","c8dnozYgJFYYKCF3ItE90w","d0WIEmoUVEX7AKvZRjL0/7","d3j0L//9ZJ5IXNa6dwapLz","daBBU/rqtBz4UfKjV7T83C","dfJ+EV0+NGBrhcZgNYWQf9","e0z/XF5+FJBbnNmsUgxKCu","e2jKMFEttDjp48bIh4lsNp","e2tjMqgaJA7arrDf4XaikW","e5aJgtksNGX4hbST3tMQkX","e5wl/e6kZAiY/H6FZw4MAJ","e6W2glSHFKQ4A3mYt+rDdI","e64f0hNIBESa0JUpyBpyAP","e7q6FL+VZEgLJUjVeDLic/","e79SJdvilNqp+dEOFT0qxB","e8LC4dny5LILSG/1I6oFr+","e8Y1g6+RZJWKwrVOmLK1pG","e9Qe9YLFlNGr0z4wBDhgXH","eaIU3asLVFxpahSNmdX+8b","ecpdLyjvZBwrvm+cedCcQy","f2s+ajlEZPSaQ0flmlzMAC","f31D5uW2tJcIZS8yleViv7","f8PP95QtJB7qAm0VMet9Mi","f9FNdhk1BD6KPDz64501yN","fbZXKYa7dLHZVpUYmSmkoG"],"scenes":{"db://assets/resources/scene/loadScene.fire":441,"db://assets/resources/scene/lobbyScene.fire":452,"db://assets/resources/scene/loginScene.fire":150},"redirect":[480,0,523,0,575,0],"deps":["internal"],"packs":{"01efdfdce":[0,168,315,342,39,1,409,2,3,579],"02836bb5c":[0,168,315,39,1,400,409,2,3],"02c97cf1d":[56,483,484,486,487,488,114,116,120,490,135,0,147,492,159,160,163,494,495,497,197,504,505,206,506,220,509,512,244,515,517,261,265,520,275,282,525,32,528,313,325,532,533,336,345,354,357,540,541,546,371,549,551,552,555,557,405,412,561,440,566,568,572,448,573,2,452,453,3,470,475,580],"043a0c899":[481,482,493,500,267,522,531,331,1,538,559,562],"05ef179cb":[498,564],"06197b685":[489,491,179,501,507,514,264,519,527,529,530,535,536,539,548,558,576],"08a0b2f9e":[485,0,331,554,439,2,574,3,462],"09dbde4cc":[65,5,7,70,8,82,9,83,85,86,87,88,89,91,11,93,94,95,96,98,99,100,103,105,106,108,110,111,113,117,118,124,126,12,13,14,16,177,17,18,20,23,25,221,27,236,28,263,29,314,34,37,334,38,41,355,360,43,372,45,392,47,424,425,49,443,447,50,53],"09f24ef0e":[479,0,508,510,511,1,544,545,547,550,553,556,433,563,570,2,3],"0b656c8a9":[0,503,516,526,39,1,542,543,406,560,569],"0b84bf642":[264,32,441],"0f2c90851":[0,150,496,499,502,513,518,521,524,32,304,534,1,565,567,571,2,3,458,577,578]},"name":"resources","importBase":"import","nativeBase":"native","debug":false,"isZip":false,"encrypted":false,"versions":{"import":[54,"7659a",55,"00cc5","01efdfdce","49e86",57,"5d0e9",58,"fc8ca","02836bb5c","7491e","02c97cf1d","f71e2",59,"75dbc",60,"17f4b",61,"841dd","043a0c899","691ba",4,"d5781",62,"2fdeb",63,"6e587","05ef179cb","52a41","06197b685","d25f8",64,"9539d",66,"1fe89",67,"1065b",6,"86af1","08a0b2f9e","0a24a",68,"804d4",69,"b8338",71,"df46a","09dbde4cc","19772","09f24ef0e","a66d2",72,"d48e8",73,"b21cf","0b656c8a9","a3640","0b84bf642","9af21",74,"0b957",75,"385d6",76,"85378",77,"602eb",78,"ee824",79,"6b89b","0f2c90851","8338f",80,"e4c43",81,"d11b8",84,"e3f37",10,"4b9c9",90,"bb8cb",92,"108fa",97,"0f4ea",101,"ce861",102,"acec0",104,"845e6",107,"bb2a5",109,"9e0f7",112,"18274",115,"a8541",119,"149d6",121,"67031",122,"f1b9e",123,"1bad0",125,"29658",127,"c9322",128,"179b0",129,"70f09",130,"24e30",131,"13826",132,"5c8ba",133,"7cefd",134,"ab880",136,"e5653",137,"6d35f",138,"3def7",139,"222ac",140,"26303",141,"a83d6",142,"ac7c1",143,"7ae4a",144,"c3fe3",145,"f60ad",146,"95834",148,"74c43",149,"36cb0",151,"7ec21",152,"320c2",15,"02d6b",153,"56654",154,"bc614",155,"60577",156,"024c6",157,"44ec2",158,"b384c",161,"37413",162,"2ea64",164,"66dac",165,"aeb81",166,"a9fa9",167,"88503",169,"c3535",170,"59054",171,"556a3",172,"810c5",173,"3ce71",174,"da685",175,"dcdf7",176,"1e294",178,"b58d9",180,"96e1c",181,"21854",182,"382ee",183,"de62b",184,"3c4a6",185,"bbb65",186,"edbb6",187,"f7124",188,"62b4d",189,"458a7",190,"dec83",191,"9c052",192,"0d538",193,"ec7c2",194,"70e90",195,"d82ab",196,"501ea",198,"cfe7e",199,"a6e06",19,"bf874",200,"2a136",201,"e7e2e",202,"32fe8",21,"0a3fb",203,"de943",204,"14b41",205,"7513b",22,"2c7df",207,"8304c",208,"00ffb",209,"85bdf",210,"a921e",211,"bf96e",212,"659d9",213,"39c2d",24,"8bf13",214,"63447",215,"4676e",216,"d7b9c",217,"cf6d1",218,"ecfdc",219,"4cbff",26,"efef6",222,"6cffe",223,"4a7b9",224,"babf2",225,"31c48",226,"d8d91",227,"6cd47",228,"2efdc",229,"e7adc",230,"4a609",231,"56149",232,"b577e",233,"d6bdb",234,"e1b56",235,"baf3a",237,"dfbea",238,"a13b9",239,"081a1",240,"738c8",241,"50ef5",242,"05651",243,"f346a",245,"e41ec",246,"b555f",247,"0f291",248,"4eac8",249,"26c60",250,"7f84e",251,"78a38",252,"c54ce",253,"f575c",254,"83dba",255,"6a7c3",256,"e2f0f",257,"a6afc",258,"03c08",259,"7099f",260,"242a2",262,"b1de8",266,"1288a",268,"d8f19",269,"bf59d",270,"5bb12",271,"1d3b4",272,"0208d",273,"3dfa8",274,"df579",276,"ce82e",30,"1d3d2",277,"3b36f",278,"a2d70",279,"94155",280,"bc08b",281,"feae2",31,"1d18d",283,"62f04",284,"b08fc",285,"6f9fb",286,"5a239",287,"e6799",288,"be5af",289,"6c173",290,"4bd4e",291,"a120f",292,"c5eb6",293,"19ad7",294,"3ae76",295,"bfa3e",296,"c04e8",297,"72d59",298,"fe497",299,"7e6e5",300,"caedf",301,"51541",302,"61eb9",303,"2eb73",33,"9adba",305,"b9edd",306,"07e74",307,"26dae",308,"83a90",309,"1191e",310,"031f8",311,"acdcf",312,"4e97e",316,"f61ec",317,"ed54c",318,"0570e",35,"dc673",319,"9a456",320,"3104f",36,"6cdce",321,"bbc9d",322,"e4fbf",323,"5b582",324,"68421",326,"576f4",327,"d3399",328,"bf888",329,"3ddb0",330,"daf31",332,"51385",333,"0fe9c",335,"1464c",337,"fab47",338,"26224",339,"67187",340,"d9017",341,"15a4c",343,"fc2c8",344,"34b57",346,"86d64",347,"fc659",348,"c76e5",349,"ad684",350,"9e6c5",40,"29fd2",351,"09bbe",352,"2a5cd",353,"191ba",356,"feafe",537,"7e6c8",42,"1d3d2",358,"67245",359,"d5d47",361,"b2034",362,"6e268",363,"7b1a9",364,"e46d5",365,"b544a",366,"771e3",367,"0af98",368,"e01c9",369,"26b29",370,"384cf",373,"0adc1",374,"bb96d",375,"5a603",376,"9fe9d",377,"6a5c5",378,"b3cdc",379,"110f4",380,"6c953",381,"6ffe8",382,"5dde1",383,"fa4dc",384,"9667e",385,"8eb32",44,"d6fc9",386,"a276b",387,"09f17",388,"0c2b4",389,"9bc26",390,"51e5a",391,"c6dd5",393,"da97e",394,"01c30",395,"7aa77",396,"a80f9",46,"f47de",397,"b143c",398,"19107",399,"58d2c",401,"819f4",402,"f4513",403,"6acc0",404,"94e3e",407,"a25e1",408,"d02de",410,"b7b29",411,"bbcc7",413,"18db5",414,"90de7",415,"a58f9",416,"99518",417,"3dd0d",418,"f8016",419,"10169",420,"66a8b",421,"e3c4f",422,"9446e",423,"7b388",426,"b656c",427,"f52b1",428,"e908d",429,"a722f",48,"1d3d2",430,"81a7f",431,"3c6e9",432,"752ec",434,"db2eb",435,"ce591",436,"f9770",437,"6a189",438,"b040d",442,"4fc73",444,"d2746",445,"88144",446,"09279",449,"6d036",450,"49182",451,"27521",51,"010f8",454,"4510d",455,"be42a",456,"ced0f",457,"97de7",459,"0c424",460,"4225d",461,"97de8",463,"8b22d",52,"1d85f",464,"d8544",465,"69030",466,"22061",467,"4708f",468,"cd76c",469,"68dd1",471,"e1ea4",472,"01fe4",473,"ee1e5",474,"835ca",476,"ffc8d",477,"e734b",478,"70a31"],"native":[4,"e7491",65,"2b9f3",5,"b0dec",6,"02815",7,"d99a3",70,"dc128",8,"40fb4",82,"b9d70",9,"46552",83,"7c83f",85,"0415c",10,"d3fa2",86,"5ca1d",87,"48783",88,"1e282",89,"feba9",91,"6fa06",11,"58fd4",93,"46c26",94,"badb5",95,"fdc1f",96,"bc1de",98,"c260b",99,"b1624",100,"0a04b",103,"30fb6",105,"e377e",106,"37931",108,"be723",110,"d96f0",111,"726b4",113,"9c6d8",117,"86a9a",118,"a8e9d",124,"a5b7b",126,"24587",12,"b1685",13,"4bb59",14,"57240",15,"14ae8",16,"2fd6a",177,"81c8d",17,"fe26f",18,"be29d",19,"6315a",20,"48bb3",21,"94dad",22,"f84ad",23,"1f602",24,"11957",25,"7e6be",221,"5f1d9",26,"7c066",27,"4a150",236,"3800c",28,"7acaf",263,"c06a9",29,"d435b",30,"d4052",31,"e4a4a",33,"9bf10",314,"d6171",34,"38218",35,"50774",36,"af91b",37,"9e91d",334,"97efc",38,"d8b0c",40,"9336f",41,"24c4f",355,"e3012",42,"b8494",360,"0f079",43,"1c5fa",372,"83fcc",44,"1bbbc",45,"5fb55",392,"94f28",46,"3ae0c",47,"b73b2",424,"74ce6",425,"a874f",48,"81f30",49,"e2c32",443,"16ab2",447,"90cf4",50,"e53bd",51,"1a6f8",52,"a726e",53,"fbcb1"]}}