[1,["1cf258fa9@6c48a"],["_textureSource"],["cc.SpriteFrame","cc.SpriteAtlas"],0,[[[{"name":"road_banker_small","rect":{"x":155,"y":753,"width":14,"height":14},"offset":{"x":0,"y":0},"originalSize":{"width":14,"height":14},"rotated":false,"capInsets":[0,0,0,0],"packable":true,"pixelsToUnit":100,"pivot":{"x":0.5,"y":0.5},"meshType":0}],[0],0,[0],[0],[0]],[[{"name":"pair_banker","rect":{"x":102,"y":773,"width":22,"height":22},"offset":{"x":0,"y":0},"originalSize":{"width":22,"height":22},"rotated":false,"capInsets":[0,0,0,0],"packable":true,"pixelsToUnit":100,"pivot":{"x":0.5,"y":0.5},"meshType":0}],[0],0,[0],[0],[0]],[[{"name":"road_ps_small","rect":{"x":175,"y":753,"width":14,"height":14},"offset":{"x":0,"y":0},"originalSize":{"width":14,"height":14},"rotated":false,"capInsets":[0,0,0,0],"packable":true,"pixelsToUnit":100,"pivot":{"x":0.5,"y":0.5},"meshType":0}],[0],0,[0],[0],[0]],[[{"name":"road_ps_big","rect":{"x":183,"y":722,"width":18,"height":19},"offset":{"x":0,"y":0},"originalSize":{"width":18,"height":19},"rotated":false,"capInsets":[0,0,0,0],"packable":true,"pixelsToUnit":100,"pivot":{"x":0.5,"y":0.5},"meshType":0}],[0],0,[0],[0],[0]],[[{"name":"auto-atlas","spriteFrames":["6","6de8S0ehhMp7Gr8pL/9Mtb@f9941","game_bg","d9v3fnufhEJ6SBKSOoAG68@f9941","clock_line","dfCTgVompDwZZgKD9B2LAY@f9941","road_tie_big","4fBpuML2lNLJtnEo2XLs/c@f9941","road_player_big","c7Z6vdUSxF1JiKEqaQP8Dx@f9941","road_banker_big","e2Y4zNzHRF/b5LWdLVt36+@f9941","clock_b","efGBqlUhVLcaJyGzgHDCvp@f9941","pair_banker","127W1fMB9JN5lPIu9PPOuj@f9941","road_pline_big","6dCt2tBbpG8r3QgVCx4qpF@f9941","dot_tie","28x+RWRCBPrJuQZHBQslY2@f9941","road_bline_small","5cBnF0VatMdYWZtUlynvWf@f9941","road_pline_small","e11lqAoYlB6Y4n3umww3wK@f9941","piar_player","2aEE8H8UdGBJucCQi/18nu@f9941","dot_player","52Cv77UspApoAxQHMLLeiP@f9941","road_banker_small","02/5lydMRA8oJSutUzIbQf@f9941","icon_player","7fl1VTfI9IRpBOjaYIhdJI@f9941","road_ps_small","170faPuu1MzrnPC+zw9NKt@f9941","B","f4U4QQEyBOmqlFREphs8ox@f9941","P","c3lne2d0pGCIXBYkIM9CDm@f9941","dot_banker","b8vSL7yWdGz47P/IPerYBM@f9941","T","f5EXhgHW9Eqbyrx+MZJiyS@f9941","road_tie","9cEFLMJxJER6IbyCPzGdnm@f9941","road_ps_big","1eEb7gFpRJRqNzLECy3g4M@f9941","road_bs_big","731sprJ6VEqq2SKt7CtmCj@f9941","road_player_small","293ULKSQBNPaG0dqivhZAD@f9941","road_bs_small","76WT/ZYcFGu6J1iC03wYNl@f9941","road_bg","c4T1HLHZFG051D4PLN7CAW@f9941","photo_bg_ai","84gyRG/EZKi4kvLmwGVGmu@f9941","photo_bg","c6AH+GFrxO94nt8pfiu/4Q@f9941"]}],[1],0,[],[],[]],[[{"name":"dot_tie","rect":{"x":130,"y":773,"width":22,"height":22},"offset":{"x":0,"y":0},"originalSize":{"width":22,"height":22},"rotated":false,"capInsets":[0,0,0,0],"packable":true,"pixelsToUnit":100,"pivot":{"x":0.5,"y":0.5},"meshType":0}],[0],0,[0],[0],[0]],[[{"name":"road_player_small","rect":{"x":207,"y":722,"width":14,"height":14},"offset":{"x":0,"y":0},"originalSize":{"width":14,"height":14},"rotated":false,"capInsets":[0,0,0,0],"packable":true,"pixelsToUnit":100,"pivot":{"x":0.5,"y":0.5},"meshType":0}],[0],0,[0],[0],[0]],[[{"name":"piar_player","rect":{"x":155,"y":697,"width":22,"height":22},"offset":{"x":0,"y":0},"originalSize":{"width":22,"height":22},"rotated":false,"capInsets":[0,0,0,0],"packable":true,"pixelsToUnit":100,"pivot":{"x":0.5,"y":0.5},"meshType":0}],[0],0,[0],[0],[0]],[[{"name":"road_tie_big","rect":{"x":3,"y":773,"width":27,"height":27},"offset":{"x":0,"y":0},"originalSize":{"width":27,"height":27},"rotated":false,"capInsets":[0,0,0,0],"packable":true,"pixelsToUnit":100,"pivot":{"x":0.5,"y":0.5},"meshType":0}],[0],0,[0],[0],[0]],[[{"name":"dot_player","rect":{"x":155,"y":725,"width":22,"height":22},"offset":{"x":0,"y":0},"originalSize":{"width":22,"height":22},"rotated":false,"capInsets":[0,0,0,0],"packable":true,"pixelsToUnit":100,"pivot":{"x":0.5,"y":0.5},"meshType":0}],[0],0,[0],[0],[0]],[[{"name":"road_bline_small","rect":{"x":132,"y":801,"width":10,"height":10},"offset":{"x":0,"y":0},"originalSize":{"width":10,"height":10},"rotated":false,"capInsets":[0,0,0,0],"packable":true,"pixelsToUnit":100,"pivot":{"x":0.5,"y":0.5},"meshType":0}],[0],0,[0],[0],[0]],[[{"name":"road_pline_big","rect":{"x":102,"y":801,"width":11,"height":11},"offset":{"x":0,"y":0},"originalSize":{"width":11,"height":11},"rotated":false,"capInsets":[0,0,0,0],"packable":true,"pixelsToUnit":100,"pivot":{"x":0.5,"y":0.5},"meshType":0}],[0],0,[0],[0],[0]],[[{"name":"6","rect":{"x":119,"y":801,"width":7,"height":11},"offset":{"x":0,"y":0},"originalSize":{"width":7,"height":11},"rotated":false,"capInsets":[0,0,0,0],"packable":true,"pixelsToUnit":100,"pivot":{"x":0.5,"y":0.5},"meshType":0}],[0],0,[0],[0],[0]],[[{"name":"road_bs_big","rect":{"x":195,"y":747,"width":18,"height":18},"offset":{"x":0,"y":0},"originalSize":{"width":18,"height":18},"rotated":false,"capInsets":[0,0,0,0],"packable":true,"pixelsToUnit":100,"pivot":{"x":0.5,"y":0.5},"meshType":0}],[0],0,[0],[0],[0]],[[{"name":"road_bs_small","rect":{"x":208,"y":697,"width":14,"height":14},"offset":{"x":0,"y":0},"originalSize":{"width":14,"height":14},"rotated":false,"capInsets":[0,0,0,0],"packable":true,"pixelsToUnit":100,"pivot":{"x":0.5,"y":0.5},"meshType":0}],[0],0,[0],[0],[0]],[[{"name":"icon_player","rect":{"x":158,"y":773,"width":22,"height":22},"offset":{"x":0,"y":0},"originalSize":{"width":24,"height":24},"rotated":false,"capInsets":[0,0,0,0],"packable":true,"pixelsToUnit":100,"pivot":{"x":0.5,"y":0.5},"meshType":0}],[0],0,[0],[0],[0]],[[{"name":"photo_bg_ai","rect":{"x":247,"y":523,"width":134,"height":170},"offset":{"x":0,"y":0},"originalSize":{"width":134,"height":170},"rotated":true,"capInsets":[0,0,0,0],"packable":true,"pixelsToUnit":100,"pivot":{"x":0.5,"y":0.5},"meshType":0}],[0],0,[0],[0],[0]],[[{"name":"road_tie","rect":{"x":183,"y":697,"width":19,"height":19},"offset":{"x":0,"y":0},"originalSize":{"width":19,"height":19},"rotated":false,"capInsets":[0,0,0,0],"packable":true,"pixelsToUnit":100,"pivot":{"x":0.5,"y":0.5},"meshType":0}],[0],0,[0],[0],[0]],[[{"name":"dot_banker","rect":{"x":186,"y":773,"width":22,"height":22},"offset":{"x":0,"y":0},"originalSize":{"width":22,"height":22},"rotated":false,"capInsets":[0,0,0,0],"packable":true,"pixelsToUnit":100,"pivot":{"x":0.5,"y":0.5},"meshType":0}],[0],0,[0],[0],[0]],[[{"name":"P","rect":{"x":179,"y":801,"width":8,"height":10},"offset":{"x":0,"y":0},"originalSize":{"width":8,"height":10},"rotated":false,"capInsets":[0,0,0,0],"packable":true,"pixelsToUnit":100,"pivot":{"x":0.5,"y":0.5},"meshType":0}],[0],0,[0],[0],[0]],[[{"name":"road_bg","rect":{"x":247,"y":3,"width":514,"height":170},"offset":{"x":0,"y":0},"originalSize":{"width":514,"height":170},"rotated":true,"capInsets":[0,0,0,0],"packable":true,"pixelsToUnit":100,"pivot":{"x":0.5,"y":0.5},"meshType":0}],[0],0,[0],[0],[0]],[[{"name":"photo_bg","rect":{"x":247,"y":663,"width":134,"height":170},"offset":{"x":0,"y":0},"originalSize":{"width":134,"height":170},"rotated":true,"capInsets":[0,0,0,0],"packable":true,"pixelsToUnit":100,"pivot":{"x":0.5,"y":0.5},"meshType":0}],[0],0,[0],[0],[0]],[[{"name":"road_player_big","rect":{"x":36,"y":773,"width":27,"height":27},"offset":{"x":0,"y":0},"originalSize":{"width":27,"height":27},"rotated":false,"capInsets":[0,0,0,0],"packable":true,"pixelsToUnit":100,"pivot":{"x":0.5,"y":0.5},"meshType":0}],[0],0,[0],[0],[0]],[[{"name":"game_bg","rect":{"x":3,"y":3,"width":688,"height":238},"offset":{"x":0,"y":0},"originalSize":{"width":688,"height":238},"rotated":true,"capInsets":[0,0,0,0],"packable":true,"pixelsToUnit":100,"pivot":{"x":0.5,"y":0.5},"meshType":0}],[0],0,[0],[0],[0]],[[{"name":"clock_line","rect":{"x":3,"y":697,"width":70,"height":70},"offset":{"x":0,"y":0},"originalSize":{"width":70,"height":70},"rotated":false,"capInsets":[0,0,0,0],"packable":true,"pixelsToUnit":100,"pivot":{"x":0.5,"y":0.5},"meshType":0}],[0],0,[0],[0],[0]],[[{"name":"road_pline_small","rect":{"x":148,"y":801,"width":10,"height":10},"offset":{"x":0,"y":0},"originalSize":{"width":10,"height":10},"rotated":false,"capInsets":[0,0,0,0],"packable":true,"pixelsToUnit":100,"pivot":{"x":0.5,"y":0.5},"meshType":0}],[0],0,[0],[0],[0]],[[{"name":"road_banker_big","rect":{"x":69,"y":773,"width":27,"height":27},"offset":{"x":0,"y":0},"originalSize":{"width":27,"height":27},"rotated":false,"capInsets":[0,0,0,0],"packable":true,"pixelsToUnit":100,"pivot":{"x":0.5,"y":0.5},"meshType":0}],[0],0,[0],[0],[0]],[[{"name":"clock_b","rect":{"x":79,"y":697,"width":70,"height":70},"offset":{"x":0,"y":0},"originalSize":{"width":70,"height":70},"rotated":false,"capInsets":[0,0,0,0],"packable":true,"pixelsToUnit":100,"pivot":{"x":0.5,"y":0.5},"meshType":0}],[0],0,[0],[0],[0]],[[{"name":"B","rect":{"x":164,"y":801,"width":9,"height":10},"offset":{"x":0,"y":0},"originalSize":{"width":9,"height":10},"rotated":false,"capInsets":[0,0,0,0],"packable":true,"pixelsToUnit":100,"pivot":{"x":0.5,"y":0.5},"meshType":0}],[0],0,[0],[0],[0]],[[{"name":"T","rect":{"x":193,"y":801,"width":8,"height":10},"offset":{"x":0,"y":0},"originalSize":{"width":8,"height":10},"rotated":false,"capInsets":[0,0,0,0],"packable":true,"pixelsToUnit":100,"pivot":{"x":0.5,"y":0.5},"meshType":0}],[0],0,[0],[0],[0]]]]
