[1,["5717ZYepFKJ46pqbQ54bg9@6c48a"],0,[["sp.SkeletonData",["_name","_atlasText","textureNames","_skeletonJson","textures"],-1,3]],[[0,0,1,2,3,4,5]],[[0,"feibiao","\nfeibiao.png\nsize: 1356,1356\nformat: RGBA4444\nfilter: Linear,Linear\nrepeat: none\n10277\n  rotate: false\n  xy: 1032, 1032\n  size: 322, 322\n  orig: 350, 350\n  offset: 14, 14\n  index: -1\n10278\n  rotate: false\n  xy: 354, 694\n  size: 336, 322\n  orig: 350, 350\n  offset: 14, 14\n  index: -1\n10279\n  rotate: false\n  xy: 2, 34\n  size: 336, 322\n  orig: 350, 350\n  offset: 14, 14\n  index: -1\n10280\n  rotate: false\n  xy: 354, 1018\n  size: 336, 336\n  orig: 350, 350\n  offset: 0, 14\n  index: -1\n10281\n  rotate: false\n  xy: 1030, 708\n  size: 322, 322\n  orig: 350, 350\n  offset: 14, 14\n  index: -1\n10282\n  rotate: false\n  xy: 1030, 384\n  size: 322, 322\n  orig: 350, 350\n  offset: 14, 14\n  index: -1\n10283\n  rotate: false\n  xy: 692, 708\n  size: 336, 322\n  orig: 350, 350\n  offset: 0, 14\n  index: -1\n10284\n  rotate: false\n  xy: 692, 384\n  size: 336, 322\n  orig: 350, 350\n  offset: 0, 14\n  index: -1\n10285\n  rotate: false\n  xy: 354, 370\n  size: 336, 322\n  orig: 350, 350\n  offset: 0, 14\n  index: -1\n10286\n  rotate: false\n  xy: 692, 60\n  size: 336, 322\n  orig: 350, 350\n  offset: 0, 14\n  index: -1\n10287\n  rotate: true\n  xy: 1030, 46\n  size: 336, 322\n  orig: 350, 350\n  offset: 0, 14\n  index: -1\n10288\n  rotate: false\n  xy: 342, 46\n  size: 336, 322\n  orig: 350, 350\n  offset: 0, 14\n  index: -1\n10289\n  rotate: false\n  xy: 2, 682\n  size: 350, 334\n  orig: 350, 350\n  offset: 0, 2\n  index: -1\n10290\n  rotate: false\n  xy: 2, 1018\n  size: 350, 336\n  orig: 350, 350\n  offset: 0, 0\n  index: -1\n10291\n  rotate: false\n  xy: 2, 358\n  size: 338, 322\n  orig: 350, 350\n  offset: 0, 14\n  index: -1\n10292\n  rotate: false\n  xy: 692, 1032\n  size: 338, 322\n  orig: 350, 350\n  offset: 0, 14\n  index: -1\n",["feibiao.png"],{"skeleton":{"hash":"EVEh1lbh6OutNZKtj44PkRLb+c4","spine":"3.8.99","x":-250,"y":-250,"width":500,"height":500,"images":"./連續圖/","audio":""},"bones":[{"name":"root"}],"slots":[{"name":"10277","bone":"root","attachment":"10292"}],"skins":[{"name":"default","attachments":{"10277":{"10277":{"width":500,"height":500},"10278":{"width":500,"height":500},"10279":{"width":500,"height":500},"10280":{"width":500,"height":500},"10281":{"width":500,"height":500},"10282":{"width":500,"height":500},"10283":{"width":500,"height":500},"10284":{"width":500,"height":500},"10285":{"width":500,"height":500},"10286":{"width":500,"height":500},"10287":{"width":500,"height":500},"10288":{"width":500,"height":500},"10289":{"width":500,"height":500},"10290":{"width":500,"height":500},"10291":{"width":500,"height":500},"10292":{"width":500,"height":500}}}}],"animations":{"animation":{"slots":{"10277":{"attachment":[{"name":"10277"},{"time":0.0333,"name":"10278"},{"time":0.1,"name":"10279"},{"time":0.1333,"name":"10280"},{"time":0.1667,"name":"10281"},{"time":0.2,"name":"10282"},{"time":0.2333,"name":"10283"},{"time":0.2667,"name":"10284"},{"time":0.3,"name":"10285"},{"time":0.3667,"name":"10286"},{"time":0.4,"name":"10287"},{"time":0.4333,"name":"10288"},{"time":0.4667,"name":"10289"},{"time":0.5,"name":"10290"},{"time":0.5333,"name":"10291"},{"time":0.5667,"name":"10292"}]}}}}},[0]]],0,0,[0],[-1],[0]]
