[1,["9fYjYN+YlNZoRVgo60+HpC@f9941","22Oq/w4YJFMrXQm1NdLw0g@f9941","18l/1m8uJAzZkV1tSN5U6/@6c48a","22Oq/w4YJFMrXQm1NdLw0g@6c48a","18l/1m8uJAzZkV1tSN5U6/@f9941","eetFN/z+VK0IaFzEVk3TXI"],["node","_spriteFrame","_textureSource","root","data","roadMapContent","goLoseRoundLabel","goWinRoundLabel","outLoseRoundLabel","outWinRoundLabel","flushLoseRoundLabel","flushWinRoundLabel","totalRoundLabel","roadMapItemPrefab"],[["cc.Node",["_name","_layer","_objFlags","_components","_prefab","_parent","_lpos","_children"],0,9,4,1,5,2],["cc.Label",["_string","_actualFontSize","_fontSize","_lineHeight","_overflow","_enableWrapText","_horizontalAlign","node","__prefab","_color"],-4,1,4,5],["cc.UITransform",["node","__prefab","_contentSize","_anchorPoint"],3,1,4,5,5],"cc.SpriteFrame",["cc.Prefab",["_name"],2],["cc.Node",["_name","_layer","_parent","_components","_prefab","_lpos"],1,1,12,4,5],["cc.CompPrefabInfo",["fileId"],2],["cc.Sprite",["node","__prefab","_spriteFrame"],3,1,4,6],["d5fe7Eu/hRCF7AKzLuVpxn5",["node","__prefab","totalRoundLabel","flushWinRoundLabel","flushLoseRoundLabel","outWinRoundLabel","outLoseRoundLabel","goWinRoundLabel","goLoseRoundLabel","roadMapContent","roadMapItemPrefab"],3,1,4,1,1,1,1,1,1,1,1,6],["cc.PrefabInfo",["fileId","instance","targetOverrides","nestedPrefabInstanceRoots","root","asset"],-1,1,1],["cc.Widget",["_alignFlags","_left","node","__prefab"],1,1,4],["cc.Layout",["_resizeMode","_layoutType","node","__prefab"],1,1,4],["ab99eVKU71KJ6zvdNyZas26",["node","__prefab","resultLabels","playerResultBg"],3,1,4,2,2]],[[6,0,2],[9,0,1,2,3,4,5,5],[2,0,1,2,1],[5,0,1,2,3,4,5,3],[7,0,1,2,1],[1,0,1,2,7,8,4],[2,0,1,2,3,1],[0,0,1,5,7,3,4,6,3],[0,0,1,5,3,4,3],[1,0,6,1,2,7,8,5],[0,0,2,1,5,3,4,6,4],[0,0,1,5,3,4,6,3],[1,0,1,2,3,4,5,7,8,9,7],[4,0,2],[0,0,1,7,3,4,6,3],[0,0,1,5,7,3,4,3],[0,0,2,1,5,7,3,4,6,4],[2,0,1,1],[8,0,1,2,3,4,5,6,7,8,9,10,1],[10,0,1,2,3,3],[1,0,1,2,3,4,5,7,8,7],[11,0,1,2,3,3],[12,0,1,2,3,1]],[[[{"name":"road_m","rect":{"x":0,"y":0,"width":688,"height":253},"offset":{"x":0,"y":0},"originalSize":{"width":688,"height":253},"rotated":false,"capInsets":[0,0,0,0],"vertices":{"rawPosition":[-344,-126.5,0,344,-126.5,0,-344,126.5,0,344,126.5,0],"indexes":[0,1,2,2,1,3],"uv":[0,253,688,253,0,0,688,0],"nuv":[0,0,1,0,0,1,1,1],"minPos":{"x":-344,"y":-126.5,"z":0},"maxPos":{"x":344,"y":126.5,"z":0}},"packable":true,"pixelsToUnit":100,"pivot":{"x":0.5,"y":0.5},"meshType":0}],[3],0,[0],[2],[2]],[[{"name":"p_p","rect":{"x":0,"y":0,"width":52,"height":38},"offset":{"x":0,"y":0},"originalSize":{"width":52,"height":38},"rotated":false,"capInsets":[0,0,0,0],"vertices":{"rawPosition":[-26,-19,0,26,-19,0,-26,19,0,26,19,0],"indexes":[0,1,2,2,1,3],"uv":[0,38,52,38,0,0,52,0],"nuv":[0,0,1,0,0,1,1,1],"minPos":{"x":-26,"y":-19,"z":0},"maxPos":{"x":26,"y":19,"z":0}},"packable":true,"pixelsToUnit":100,"pivot":{"x":0.5,"y":0.5},"meshType":0}],[3],0,[0],[2],[3]],[[[13,"tiengowRoadMap"],[14,"tiengowRoadMap",33554432,[-13,-14,-15],[[2,-2,[0,"7cexNw9StLx4iQwG9+OYUV"],[5,688,253]],[4,-3,[0,"9aQ8Waz01ASIMC1RiShPIh"],7],[18,-12,[0,"359GCbZ2dAEaO6g36F0y7F"],-11,-10,-9,-8,-7,-6,-5,-4,8]],[1,"63GRIopG5FFangcZtrx2a8",null,null,null,-1,0],[1,0,-349.991,0]],[15,"topNode",33554432,1,[-17,-18,-19,-20,-21,-22,-23,-24,-25,-26,-27,-28,-29,-30],[[17,-16,[0,"b4KTakgYhBs5I4ZTvieuiD"]]],[1,"a0Xqs82npA1KgvnpLLWbbx",null,null,null,1,0]],[16,"titleNode",512,33554432,1,[-32,-33,-34,-35],[[2,-31,[0,"58Kfs4faNOFo91prVxCUEw"],[5,50,180]]],[1,"36gbBCylFLF5g4oR1hTQ+7",null,null,null,1,0],[1,-305.451,-2.45,0]],[7,"totalFrame",33554432,2,[-38],[[2,-36,[0,"c3A6D3syBKPoiKWZ7DsbzO"],[5,60,26]],[4,-37,[0,"88KTXoBhBDOrOSlJTjl+tO"],0]],[1,"9ffPUe5M9PO6WfffP+Cx5D",null,null,null,1,0],[1,-306.6700000000001,102.082,0]],[7,"shunWinFrame",33554432,2,[-41],[[2,-39,[0,"98q66eRTxDg50ZxNqPUyye"],[5,60,26]],[4,-40,[0,"6dpT049ZdPgY3qmo4WEWZ9"],1]],[1,"a3pTMv+99PvL0Madu7sTqT",null,null,null,1,0],[1,-209.0781666666668,102.082,0]],[7,"shunLoseFrame",33554432,2,[-44],[[2,-42,[0,"627Anidb9GU5tskohAnts4"],[5,60,26]],[4,-43,[0,"3etsvns8NOkrYLsCLHUr7L"],2]],[1,"61b30R3X9PwZk9EkINcx8J",null,null,null,1,0],[1,-111.48633333333339,102.082,0]],[7,"chuWinFrame",33554432,2,[-47],[[2,-45,[0,"ceesvghadJFKM2uc1H82bn"],[5,60,26]],[4,-46,[0,"4bgllPfOJIQr2MhDeH2q+9"],3]],[1,"02awAOuMRCOJNbZmRPNn8s",null,null,null,1,0],[1,-13.894500000000107,102.082,0]],[7,"chuLoseFrame",33554432,2,[-50],[[2,-48,[0,"93KX3kcR9GXYAhU/H+PalD"],[5,60,26]],[4,-49,[0,"26/4VSe1JJKrzWogjEb2bB"],4]],[1,"2aaghGfGtKm4aZOvShz8Wj",null,null,null,1,0],[1,83.69733333333329,102.082,0]],[7,"daoWinFrame",33554432,2,[-53],[[2,-51,[0,"b9WW+yljFMmrhlfw2x7gep"],[5,60,26]],[4,-52,[0,"10CyRboi1BNZf7FpHffZFT"],5]],[1,"b8mt8MydJDupkVKYcA5Yhf",null,null,null,1,0],[1,181.28916666666646,102.082,0]],[7,"daoLoseFrame",33554432,2,[-56],[[2,-54,[0,"04sdiNIaBBw4G6VPNtKvKZ"],[5,60,26]],[4,-55,[0,"e7878us4NOJZlWOT5xef9k"],6]],[1,"e2DalYtsZIa6LyBSV5zihz",null,null,null,1,0],[1,278.88099999999986,102.85899999999998,0]],[3,"content",33554432,1,[[[6,-57,[0,"c5rUkAURtCnK4EYTTIUT6C"],[5,0,210],[0,0,0.5]],[19,8,69.11700000000005,-58,[0,"7567guWLhD/K7F3tDrUbRt"]],-59],4,4,1],[1,"2akpzpLodFUJr+k1B0YuKR",null,null,null,1,0],[1,-274.8829999999999,10.147,0]],[8,"title",33554432,4,[[2,-60,[0,"10ApdYf21PELROpzPNKgFB"],[5,36,50.4]],[5,"局數",18,18,-61,[0,"bapEPK6LBKCIxn4cknSQYO"]]],[1,"2feRZya9hN5pa749d9Tvfs",null,null,null,1,0]],[8,"title",33554432,5,[[2,-62,[0,"0dwsNQQbJETYL2nmJ8y5EM"],[5,54,50.4]],[5,"順門贏",18,18,-63,[0,"27rosOletKVbXJ90iCZZhP"]]],[1,"76FFJf5qZGYKzlS52QYgXb",null,null,null,1,0]],[8,"title",33554432,6,[[2,-64,[0,"b156DARgVOtpTgJOj4xzvL"],[5,54,50.4]],[5,"順門輸",18,18,-65,[0,"acqkmcx7JCMoYdVS2wlnZ/"]]],[1,"65bD9prxxIZZ05DMVLVvE0",null,null,null,1,0]],[8,"title",33554432,7,[[2,-66,[0,"a2XM4DwEdOdonJowxiBl7E"],[5,54,50.4]],[5,"出門贏",18,18,-67,[0,"f4yFP12KhDFpUgZvU/rl+S"]]],[1,"80VwurWRVLarVoJAUpP5o/",null,null,null,1,0]],[8,"title",33554432,8,[[2,-68,[0,"91hXtXxCZLKIsjvyaZd8Xh"],[5,54,50.4]],[5,"出門輸",18,18,-69,[0,"95xzjQkABCTZ1lNadDknjt"]]],[1,"2doWlzUX5Ex6Ws/K1ocetB",null,null,null,1,0]],[8,"title",33554432,9,[[2,-70,[0,"bflTCfqktNQ71LoxMYZTnO"],[5,54,50.4]],[5,"到門贏",18,18,-71,[0,"f6JDpAdS5GSL3a7COrUZ3I"]]],[1,"4dUqJzTwtN6ZNTDhLqspcM",null,null,null,1,0]],[8,"title",33554432,10,[[2,-72,[0,"baVf3TSpNKnpO+n2TLvoGf"],[5,54,50.4]],[5,"到門輸",18,18,-73,[0,"53YwLQHsdInZr9/xGUvS3F"]]],[1,"9dkiDt/8dLVbS8I4AP+cMz",null,null,null,1,0]],[3,"totalLabel",33554432,2,[[[6,-74,[0,"06qIEqCBJHV4Xa3bgAFkWb"],[5,22.24609375,50.4],[0,0,0.5]],-75],4,1],[1,"2e+RzGRO1Ek5wRmUqbjhEd",null,null,null,1,0],[1,-274.53700000000003,102.082,0]],[3,"shunWinLabel",33554432,2,[[[6,-76,[0,"f04DCH/cxE7K6Is7+uiQUk"],[5,22.24609375,50.4],[0,0,0.5]],-77],4,1],[1,"0eg/MoBotE87mmUrhpyw49",null,null,null,1,0],[1,-176.92466666666667,102.082,0]],[3,"shunLoseLabel",33554432,2,[[[6,-78,[0,"88Jc+BP+BFOq9kHpYMXWjL"],[5,22.24609375,50.4],[0,0,0.5]],-79],4,1],[1,"a6Rzxgn3FH9JHxKUrxQHhE",null,null,null,1,0],[1,-79.31233333333341,102.082,0]],[3,"chuWinLabel",33554432,2,[[[6,-80,[0,"c7greOpDlG3YlCCryTIvuM"],[5,22.24609375,50.4],[0,0,0.5]],-81],4,1],[1,"88YatONiVDH52AK+tIqKpE",null,null,null,1,0],[1,18.299999999999955,102.082,0]],[3,"chuLoseLabel",33554432,2,[[[6,-82,[0,"dcuMlqiwtKv7Rsnhmu/sua"],[5,22.24609375,50.4],[0,0,0.5]],-83],4,1],[1,"79OIyu+O9NZbFVPEmVL9hP",null,null,null,1,0],[1,115.91233333333321,102.082,0]],[3,"daoWinLabel",33554432,2,[[[6,-84,[0,"cdE6HiBa5NQ5RukXwQ6hDt"],[5,22.24609375,50.4],[0,0,0.5]],-85],4,1],[1,"52MApujdVCoIXl44RjaF4S",null,null,null,1,0],[1,213.5246666666667,102.082,0]],[3,"daoLoseLabel",33554432,2,[[[6,-86,[0,"90cL5qqa9Fnreu91QxfUg8"],[5,22.24609375,50.4],[0,0,0.5]],-87],4,1],[1,"26LkBshvJENZhIU/shcqrt",null,null,null,1,0],[1,311.13699999999994,102.082,0]],[10,"bankerTitleLabel",512,33554432,3,[[2,-88,[0,"ddRBHvNi5Izp5PSoUFLtVO"],[5,16,50.4]],[5,"莊",16,16,-89,[0,"72elrS0ipIiriIs9pa/boj"]]],[1,"36h1UzRLpFWqjF0vsQOv0z",null,null,null,1,0],[1,-0.19899999999999807,47.916000000000025,0]],[10,"flushTitleLabel",512,33554432,3,[[2,-90,[0,"699Gv95RdNXLNWNn1y0Q25"],[5,32,50.4]],[5,"順門",16,16,-91,[0,"07wL26TKJKfof/16ipnaYU"]]],[1,"baA7U6l6ZHFK64BLswjld1",null,null,null,1,0],[1,-0.6,-1.129,0]],[10,"outTitleLabel",512,33554432,3,[[2,-92,[0,"5cHn8ZCOVH4J80VskZu155"],[5,32,50.4]],[5,"出門",16,16,-93,[0,"49o3LNTVhDqo9j7jXGd5e7"]]],[1,"26RCFN0zlDIZyHmpQ1FNqB",null,null,null,1,0],[1,-0.584,-47.508,0]],[10,"toTitleLabel",512,33554432,3,[[2,-94,[0,"daA2O6vPZMZqO2C07At++R"],[5,32,50.4]],[5,"到門",16,16,-95,[0,"92INWn05NKib3sAMhjcpsm"]]],[1,"adM9PRSzBJbKHtEIdHfj2+",null,null,null,1,0],[1,-0.19899999999999807,-94.237,0]],[9,"10",0,20,20,19,[0,"f5CzqKDZ5HhZpM586FzUpk"]],[9,"10",0,20,20,20,[0,"a1ycidcRRAC7UvVcqxacii"]],[9,"10",0,20,20,21,[0,"c6iClanQJBPo8TQkGufjUD"]],[9,"10",0,20,20,22,[0,"15YhjFY19Lb7Xyv92lFr/w"]],[9,"10",0,20,20,23,[0,"8elJh86gVDt4S4QrjfKW86"]],[9,"10",0,20,20,24,[0,"32CALxbT1Nl6aWfsA3ztyx"]],[9,"10",0,20,20,25,[0,"87fnYhIa9P8Lnx4b6v4Tmw"]],[21,1,1,11,[0,"a9ZRctB0NH6LCtzGxCWGbv"]]],0,[0,3,1,0,0,1,0,0,1,0,5,37,0,6,36,0,7,35,0,8,34,0,9,33,0,10,32,0,11,31,0,12,30,0,0,1,0,-1,2,0,-2,3,0,-3,11,0,0,2,0,-1,4,0,-2,5,0,-3,6,0,-4,7,0,-5,8,0,-6,9,0,-7,10,0,-8,19,0,-9,20,0,-10,21,0,-11,22,0,-12,23,0,-13,24,0,-14,25,0,0,3,0,-1,26,0,-2,27,0,-3,28,0,-4,29,0,0,4,0,0,4,0,-1,12,0,0,5,0,0,5,0,-1,13,0,0,6,0,0,6,0,-1,14,0,0,7,0,0,7,0,-1,15,0,0,8,0,0,8,0,-1,16,0,0,9,0,0,9,0,-1,17,0,0,10,0,0,10,0,-1,18,0,0,11,0,0,11,0,-3,37,0,0,12,0,0,12,0,0,13,0,0,13,0,0,14,0,0,14,0,0,15,0,0,15,0,0,16,0,0,16,0,0,17,0,0,17,0,0,18,0,0,18,0,0,19,0,-2,30,0,0,20,0,-2,31,0,0,21,0,-2,32,0,0,22,0,-2,33,0,0,23,0,-2,34,0,0,24,0,-2,35,0,0,25,0,-2,36,0,0,26,0,0,26,0,0,27,0,0,27,0,0,28,0,0,28,0,0,29,0,0,29,0,4,1,95],[0,0,0,0,0,0,0,0,0],[1,1,1,1,1,1,1,1,13],[0,0,0,0,0,0,0,4,5]],[[[13,"tiengowRoadMapItem"],[14,"tiengowRoadMapItem",33554432,[-11,-12,-13,-14,-15,-16,-17],[[2,-2,[0,"64dyYrOrROnJ/fmaBBGiwI"],[5,61,19]],[22,-10,[0,"270+TeeCpH5ZFf5AZ5zCFi"],[-6,-7,-8,-9],[-3,-4,-5]]],[1,"32mT2Ds2tCDIwg1G++cCbQ",null,null,null,-1,0],[1,30.5,-37.443,0]],[11,"flushbg",33554432,1,[[2,-18,[0,"75oz0AbXRGAbJQ2B08puzT"],[5,52,38]],[4,-19,[0,"73NrwahL9NgYkkH2gGbGlX"],0]],[1,"c1Za/BkTlGDrY+uy2og6ad",null,null,null,1,0],[1,0,26.676,0]],[11,"play2bg",33554432,1,[[2,-20,[0,"029Egx84xM3pk9jqbPE0Xy"],[5,52,38]],[4,-21,[0,"648Z4gLAFLnY1gRbGHuEBC"],1]],[1,"baB9qcECNAdqo3kt1EyhxJ",null,null,null,1,0],[1,0,-20.073,0]],[11,"play3bg",33554432,1,[[2,-22,[0,"6e0d/G2TpO4r6khR9srXet"],[5,52,38]],[4,-23,[0,"b3+SjRCJNFg642BBdP7vlM"],2]],[1,"385seN01NA+KyJZ2V35KQd",null,null,null,1,0],[1,0,-68.122,0]],[3,"bankerResultLabel",33554432,1,[[[2,-24,[0,"c4kfPCxnNAG7+FI/SvPky0"],[5,60,25.2]],-25],4,1],[1,"10LQOW9H9NC7SiXU+XVGZt",null,null,null,1,0],[1,0,73.325,0]],[3,"player1ResultLabel",33554432,1,[[[2,-26,[0,"81YdthkA1MkphQ6t8hY8KO"],[5,60,25.2]],-27],4,1],[1,"41CWYggsdDL6U2hZJXnGtz",null,null,null,1,0],[1,0,26.67,0]],[3,"player2ResultLabel",33554432,1,[[[2,-28,[0,"567BwfV6FLHos3rUJASdes"],[5,60,25.2]],-29],4,1],[1,"68gQdJY7RFqI2M2gOeIRSi",null,null,null,1,0],[1,0,-20,0]],[3,"player3ResultLabel",33554432,1,[[[2,-30,[0,"417vTEunxLRrYZEiASqSuR"],[5,60,25.2]],-31],4,1],[1,"a4IIpkJ11NH6B2+oi6mGdu",null,null,null,1,0],[1,0,-68,0]],[12,"珠七對",16,16,20,3,false,5,[0,"d29HhD+nxIV7lUqJD5QsIG"],[4,4279763156]],[12,"紅頭",16,16,20,3,false,6,[0,"35oGLZVyxC0qUGpLKXXb+r"],[4,4294394915]],[20,"紅頭",16,16,20,3,false,7,[0,"e59a6gzTVAw4AkEhbH6tLF"]],[12,"紅頭",16,16,20,3,false,8,[0,"20s3O9ISBMk7A+oCePQUoI"],[4,4294394915]]],0,[0,3,1,0,0,1,0,-1,2,0,-2,3,0,-3,4,0,-1,9,0,-2,10,0,-3,11,0,-4,12,0,0,1,0,-1,2,0,-2,3,0,-3,4,0,-4,5,0,-5,6,0,-6,7,0,-7,8,0,0,2,0,0,2,0,0,3,0,0,3,0,0,4,0,0,4,0,0,5,0,-2,9,0,0,6,0,-2,10,0,0,7,0,-2,11,0,0,8,0,-2,12,0,4,1,31],[0,0,0],[1,1,1],[1,1,1]]]]
