[1,["83YBIUwFFDZIUwwUgxdtOx@6c48a"],0,[["sp.SkeletonData",["_name","_atlasText","textureNames","_skeletonJson","textures"],-1,3]],[[0,0,1,2,3,4,5]],[[0,"saqian","\nsaqian.png\nsize: 1924,1924\nformat: RGBA4444\nfilter: Linear,Linear\nrepeat: none\n連續圖/10250\n  rotate: false\n  xy: 1058, 1227\n  size: 336, 350\n  orig: 350, 350\n  offset: 0, 0\n  index: -1\n連續圖/10251\n  rotate: true\n  xy: 1044, 601\n  size: 303, 350\n  orig: 350, 350\n  offset: 26, 0\n  index: -1\n連續圖/10252\n  rotate: false\n  xy: 1396, 576\n  size: 327, 297\n  orig: 350, 350\n  offset: 23, 0\n  index: -1\n連續圖/10253\n  rotate: false\n  xy: 1379, 288\n  size: 324, 286\n  orig: 350, 350\n  offset: 26, 11\n  index: -1\n連續圖/10254\n  rotate: false\n  xy: 1369, 7\n  size: 323, 279\n  orig: 350, 350\n  offset: 27, 32\n  index: -1\n連續圖/10255\n  rotate: false\n  xy: 2, 1572\n  size: 350, 350\n  orig: 350, 350\n  offset: 0, 0\n  index: -1\n連續圖/10256\n  rotate: false\n  xy: 2, 1220\n  size: 350, 350\n  orig: 350, 350\n  offset: 0, 0\n  index: -1\n連續圖/10257\n  rotate: false\n  xy: 354, 1572\n  size: 350, 350\n  orig: 350, 350\n  offset: 0, 0\n  index: -1\n連續圖/10258\n  rotate: false\n  xy: 1027, 302\n  size: 350, 297\n  orig: 350, 350\n  offset: 0, 0\n  index: -1\n連續圖/10259\n  rotate: true\n  xy: 706, 171\n  size: 350, 309\n  orig: 350, 350\n  offset: 0, 0\n  index: -1\n連續圖/10260\n  rotate: false\n  xy: 1410, 1586\n  size: 350, 336\n  orig: 350, 350\n  offset: 0, 0\n  index: -1\n連續圖/10261\n  rotate: false\n  xy: 354, 194\n  size: 350, 328\n  orig: 350, 350\n  offset: 0, 22\n  index: -1\n連續圖/10262\n  rotate: false\n  xy: 2, 172\n  size: 350, 342\n  orig: 350, 350\n  offset: 0, 0\n  index: -1\n連續圖/10263\n  rotate: false\n  xy: 2, 868\n  size: 350, 350\n  orig: 350, 350\n  offset: 0, 0\n  index: -1\n連續圖/10264\n  rotate: false\n  xy: 354, 524\n  size: 350, 342\n  orig: 350, 350\n  offset: 0, 8\n  index: -1\n連續圖/10265\n  rotate: false\n  xy: 354, 1220\n  size: 350, 350\n  orig: 350, 350\n  offset: 0, 0\n  index: -1\n連續圖/10266\n  rotate: false\n  xy: 706, 1572\n  size: 350, 350\n  orig: 350, 350\n  offset: 0, 0\n  index: -1\n連續圖/10267\n  rotate: true\n  xy: 706, 523\n  size: 350, 319\n  orig: 350, 350\n  offset: 0, 4\n  index: -1\n連續圖/10268\n  rotate: false\n  xy: 1044, 906\n  size: 350, 319\n  orig: 350, 350\n  offset: 0, 4\n  index: -1\n連續圖/10269\n  rotate: true\n  xy: 1396, 1227\n  size: 350, 304\n  orig: 350, 350\n  offset: 0, 46\n  index: -1\n連續圖/10270\n  rotate: true\n  xy: 1396, 875\n  size: 350, 302\n  orig: 350, 350\n  offset: 0, 48\n  index: -1\n連續圖/10271\n  rotate: false\n  xy: 1017, 2\n  size: 350, 298\n  orig: 350, 350\n  offset: 0, 52\n  index: -1\n連續圖/10272\n  rotate: false\n  xy: 706, 1227\n  size: 350, 343\n  orig: 350, 350\n  offset: 0, 0\n  index: -1\n連續圖/10273\n  rotate: false\n  xy: 1058, 1579\n  size: 350, 343\n  orig: 350, 350\n  offset: 0, 0\n  index: -1\n連續圖/10274\n  rotate: false\n  xy: 2, 516\n  size: 350, 350\n  orig: 350, 350\n  offset: 0, 0\n  index: -1\n連續圖/10275\n  rotate: false\n  xy: 354, 868\n  size: 350, 350\n  orig: 350, 350\n  offset: 0, 0\n  index: -1\n連續圖/10276\n  rotate: false\n  xy: 706, 875\n  size: 336, 350\n  orig: 350, 350\n  offset: 0, 0\n  index: -1\n",["saqian.png"],{"skeleton":{"hash":"4+3YfyvjyAkqUre3pHuGfniBKGg","spine":"3.8.99","x":-250,"y":-250,"width":500,"height":500,"images":"","audio":""},"bones":[{"name":"root"}],"slots":[{"name":"連續圖/10250","bone":"root","attachment":"連續圖/10276"}],"skins":[{"name":"default","attachments":{"連續圖/10250":{"連續圖/10250":{"width":500,"height":500},"連續圖/10251":{"width":500,"height":500},"連續圖/10252":{"width":500,"height":500},"連續圖/10253":{"width":500,"height":500},"連續圖/10254":{"width":500,"height":500},"連續圖/10255":{"width":500,"height":500},"連續圖/10256":{"width":500,"height":500},"連續圖/10257":{"width":500,"height":500},"連續圖/10258":{"width":500,"height":500},"連續圖/10259":{"width":500,"height":500},"連續圖/10260":{"width":500,"height":500},"連續圖/10261":{"width":500,"height":500},"連續圖/10262":{"width":500,"height":500},"連續圖/10263":{"width":500,"height":500},"連續圖/10264":{"width":500,"height":500},"連續圖/10265":{"width":500,"height":500},"連續圖/10266":{"width":500,"height":500},"連續圖/10267":{"width":500,"height":500},"連續圖/10268":{"width":500,"height":500},"連續圖/10269":{"width":500,"height":500},"連續圖/10270":{"width":500,"height":500},"連續圖/10271":{"width":500,"height":500},"連續圖/10272":{"width":500,"height":500},"連續圖/10273":{"width":500,"height":500},"連續圖/10274":{"width":500,"height":500},"連續圖/10275":{"width":500,"height":500},"連續圖/10276":{"width":500,"height":500}}}}],"animations":{"animation":{"slots":{"連續圖/10250":{"attachment":[{"name":"連續圖/10250"},{"time":0.0333,"name":"連續圖/10251"},{"time":0.0667,"name":"連續圖/10252"},{"time":0.1,"name":"連續圖/10253"},{"time":0.1667,"name":"連續圖/10254"},{"time":0.2,"name":"連續圖/10255"},{"time":0.2333,"name":"連續圖/10256"},{"time":0.2667,"name":"連續圖/10257"},{"time":0.3,"name":"連續圖/10258"},{"time":0.3333,"name":"連續圖/10259"},{"time":0.4,"name":"連續圖/10260"},{"time":0.4333,"name":"連續圖/10261"},{"time":0.4667,"name":"連續圖/10262"},{"time":0.5,"name":"連續圖/10263"},{"time":0.5333,"name":"連續圖/10264"},{"time":0.5667,"name":"連續圖/10265"},{"time":0.6,"name":"連續圖/10266"},{"time":0.6667,"name":"連續圖/10267"},{"time":0.7,"name":"連續圖/10268"},{"time":0.7333,"name":"連續圖/10269"},{"time":0.7667,"name":"連續圖/10270"},{"time":0.8,"name":"連續圖/10271"},{"time":0.8333,"name":"連續圖/10272"},{"time":0.9,"name":"連續圖/10273"},{"time":0.9333,"name":"連續圖/10274"},{"time":0.9667,"name":"連續圖/10275"},{"time":1,"name":"連續圖/10276"}]}}}}},[0]]],0,0,[0],[-1],[0]]
