{"importBase":"import","nativeBase":"native","name":"main","deps":["resources"],"uuids":["73BUn6bONG3Y7pWitA37pt","e80NcHd5lCrrTEDYvgPZax","e9KjW1Lx1A86oJetA2dtKO","03EsQcRqFBj4lBENNITzhC","16b84410f","18A2MX1a1Hp7wO7HiUN0cP","1fl1b4vW5Ip7mIFDmZ+k7l","27QNLUhwNKoJt76Bn9OpWH","34CF5VWehJGLJSAmhwyi/g","3dHIGI2sVLCqntralMGxZF","6by57tF8VK2rGvUOUn0Lxa","7dIdxIi8pNd5P1oFYDyofS","93EqSj1UBEf4Zs9kqSlH6a","98jtmH1fJP17HpgEEBu0NQ","a4iLj8KK1EeIWiZ2EvEPjo","baIUdvKGZPgZxNbjWTFuRI","bcJk2cPo5PIYVLNh7XxuQv","c5Lg62VOBMh5ghpcjr4ROQ","c6J/hD3+lPwI6Vjusykbay","d8+MyVYs1BToc1aCbwxZwC","ddOBDwKQ1MAojPCmtgXCnj","dfIR5itY9CHLBZnPWx47bp","eesKUHy91PCI186CxpMqTt","f1KiPEuSRDIqJgPZgkKPHo","f8Xt7q5ONFZZuH4JjcIEst","fdjsU2o1RKF5x0TziDw3jI","01a9c24f1","02/5lydMRA8oJSutUzIbQf@f9941","03EsQcRqFBj4lBENNITzhC@6c48a","03EsQcRqFBj4lBENNITzhC@f9941","06537f95d","075bd7b7c","0920dae7f","092b8283a","0bf5acaaf","0ef107b00","127W1fMB9JN5lPIu9PPOuj@f9941","16b84410f@6c48a","170faPuu1MzrnPC+zw9NKt@f9941","18A2MX1a1Hp7wO7HiUN0cP@6c48a","18A2MX1a1Hp7wO7HiUN0cP@f9941","1eEb7gFpRJRqNzLECy3g4M@f9941","27QNLUhwNKoJt76Bn9OpWH@6c48a","27QNLUhwNKoJt76Bn9OpWH@f9941","28x+RWRCBPrJuQZHBQslY2@f9941","293ULKSQBNPaG0dqivhZAD@f9941","2aEE8H8UdGBJucCQi/18nu@f9941","2byDUhRw5E56UJje3uOKCo","34CF5VWehJGLJSAmhwyi/g@6c48a","34CF5VWehJGLJSAmhwyi/g@f9941","39V2W6UTdN0pSQHJVY9bun","3dHIGI2sVLCqntralMGxZF@6c48a","3dHIGI2sVLCqntralMGxZF@f9941","41ygQxVj5LQaGo4wZLVbx+","4cVRKr8zdFPKtc9/OQGl7C","4dFd4I3x5FkqhVYucQ/07+","4fBpuML2lNLJtnEo2XLs/c@f9941","52Cv77UspApoAxQHMLLeiP@f9941","5cBnF0VatMdYWZtUlynvWf@f9941","6by57tF8VK2rGvUOUn0Lxa@6c48a","6by57tF8VK2rGvUOUn0Lxa@f9941","6dCt2tBbpG8r3QgVCx4qpF@f9941","6de8S0ehhMp7Gr8pL/9Mtb@f9941","731sprJ6VEqq2SKt7CtmCj@f9941","76WT/ZYcFGu6J1iC03wYNl@f9941","7dIdxIi8pNd5P1oFYDyofS@6c48a","7dIdxIi8pNd5P1oFYDyofS@f9941","7dj5uJT9FMn6OrOOx83tfK@f9941","7fl1VTfI9IRpBOjaYIhdJI@f9941","84gyRG/EZKi4kvLmwGVGmu@f9941","98jtmH1fJP17HpgEEBu0NQ@6c48a","98jtmH1fJP17HpgEEBu0NQ@f9941","9cEFLMJxJER6IbyCPzGdnm@f9941","a21h/+NzFKJ5WrU5SMw7WW","a4iLj8KK1EeIWiZ2EvEPjo@6c48a","a4iLj8KK1EeIWiZ2EvEPjo@f9941","b8vSL7yWdGz47P/IPerYBM@f9941","bcJk2cPo5PIYVLNh7XxuQv@6c48a","bcJk2cPo5PIYVLNh7XxuQv@f9941","c3lne2d0pGCIXBYkIM9CDm@f9941","c3/2H2yiVF2ZYXtK06xsPj","c5Lg62VOBMh5ghpcjr4ROQ@6c48a","c5Lg62VOBMh5ghpcjr4ROQ@f9941","c6AH+GFrxO94nt8pfiu/4Q@f9941","c6J/hD3+lPwI6Vjusykbay@6c48a","c6J/hD3+lPwI6Vjusykbay@f9941","c7Z6vdUSxF1JiKEqaQP8Dx@f9941","d8+MyVYs1BToc1aCbwxZwC@6c48a","d8+MyVYs1BToc1aCbwxZwC@f9941","ddOBDwKQ1MAojPCmtgXCnj@6c48a","ddOBDwKQ1MAojPCmtgXCnj@f9941","ddPt3CeHdDgKAxW2+pHu2Z","dfCTgVompDwZZgKD9B2LAY@f9941","dfIR5itY9CHLBZnPWx47bp@6c48a","dfIR5itY9CHLBZnPWx47bp@f9941","e11lqAoYlB6Y4n3umww3wK@f9941","e2Y4zNzHRF/b5LWdLVt36+@f9941","e7Y4ycydREAoio4XnnVWLD","efGBqlUhVLcaJyGzgHDCvp@f9941","f1KiPEuSRDIqJgPZgkKPHo@6c48a","f1KiPEuSRDIqJgPZgkKPHo@f9941","f4U4QQEyBOmqlFREphs8ox@f9941","f5EXhgHW9Eqbyrx+MZJiyS@f9941","f8Xt7q5ONFZZuH4JjcIEst@6c48a","f8Xt7q5ONFZZuH4JjcIEst@f9941"],"paths":{"0":["db:/assets/lobby/lobbyScenePC",0,1],"1":["db:/assets/load/loadScenePC",0,1],"2":["db:/assets/launcher/launcherScenePC",0,1],"15":["db:/internal/physics/default-physics-material",2,1],"25":["db:/internal/default_renderpipeline/builtin-forward",1,1]},"scenes":{"db://assets/launcher/launcherScenePC.scene":2,"db://assets/load/loadScenePC.scene":1,"db://assets/lobby/lobbyScenePC.scene":0},"packs":{"01a9c24f1":[51,59,65,37,28,70,42,48,39,74,77,81,84,87,89,93,99,103],"06537f95d":[50,104],"075bd7b7c":[60,88,94,1],"0920dae7f":[29,40,6,43,49,52,0,71,73,75,78,80,82,91,97,100],"092b8283a":[2,22],"0bf5acaaf":[54,66,85,90],"0ef107b00":[27,36,38,41,6,44,45,46,56,57,58,61,62,63,64,68,69,72,76,79,83,86,92,95,96,98,101,102]},"versions":{"import":[26,"09e0a",3,"a2533",30,"f8a81",31,"89a91",32,"29718",33,"9f2b9",34,"64685",35,"52783",4,"b5acf",5,"a2533",7,"a2533",47,"e3acd",8,"a2533",9,"a2533",53,"0f679",55,"c6b09",10,"a2533",11,"a2533",12,"8a2aa",13,"a2533",14,"a2533",15,"8bce7",16,"a2533",17,"a2533",18,"a2533",19,"a2533",20,"a2533",21,"a2533",23,"a2533",24,"a2533",25,"731f4"],"native":[3,"2b2b0",4,"93420",5,"e66af",7,"92f9b",8,"10ac2",9,"dd45f",10,"a734a",11,"e5061",13,"5c86c",14,"9f37e",16,"fb049",17,"4886b",18,"1e9ce",19,"3316f",20,"6864f",21,"88eed",22,"90dab",23,"5f1d9",24,"39c80"]},"redirect":[67,"0"],"debug":false,"extensionMap":{".cconb":[12]},"hasPreloadScript":true,"dependencyRelationships":{},"types":["cc.SceneAsset","cc.RenderPipeline","cc.PhysicsMaterial"]}