{"importBase":"import","nativeBase":"native","name":"main","deps":["resources"],"uuids":["2e8NqqQINPuKPjvrWn0FXb","54T7HpaidGRqiUmh/yfCzz","67sJ4zcl9NyZV7Tq02xuHK","73BUn6bONG3Y7pWitA37pt","78v+n272lFN7uADQ7ZpT3y","e80NcHd5lCrrTEDYvgPZax","e9KjW1Lx1A86oJetA2dtKO","f2P9Umz7RAKY5+2BJPZO+l","03EsQcRqFBj4lBENNITzhC","0aEywwGXNC8ZHFZ6NDcmtq","0b0xjPWlFAVq0VmFJ5unMQ","11vcSwZKhOt6Knn7niM+l3","18A2MX1a1Hp7wO7HiUN0cP","19hfA7J1JHvLbgzM0Z0Bb8","1a800Gf1tNVppDcIIE2Nt3","1cf258fa9","1dgcNa5bBAdpuW+b9QYn9E","1fl1b4vW5Ip7mIFDmZ+k7l","259WfOS7tHl57GqCSPBjcK","27QNLUhwNKoJt76Bn9OpWH","2c521HD/hI64o4axcXDcN4","2fK+8arSVMMpMIMU7v6kVt","34CF5VWehJGLJSAmhwyi/g","39Uif9vwBDub88DYhNWj/b","3dHIGI2sVLCqntralMGxZF","47a6LCXmNH6Zt4bOUlZIJx","48Mm2u+KxBiKJUgNilFzr7","4f1pZvYYJJXp5baxuRgn/Y","6ad4g5eCxCZqJQiLy2fOq9","6by57tF8VK2rGvUOUn0Lxa","6colKdavNCCLZZpblYtnz8","71XiMJfmpInqOg1iYGfM+u","74zMsjX3lGj62UKWw3LjuT","75TWwsrNdHQ4hRT6LEN0re","75roTOulhB67TwHKV5E9d0","7aYppUCYpEuJ7uKI7ErZ6a","7bL0BEfR1DW7oCPjDD3XmS","7dIdxIi8pNd5P1oFYDyofS","8278wBbDRGjIInMMQlPnUU","83ZfalSuxP3r3SadI7W4D2","89OqtuCL5PQoj9JFfWXrcR","8dcHjukiRMl4pSXcXGiGu5","8fhQlcCK5DjIwRCEhDG8om","93EqSj1UBEf4Zs9kqSlH6a","98jtmH1fJP17HpgEEBu0NQ","989RFLCRRO0pcSMCaY6/sZ","9eX0CUPBpHipPSBwTcDij4","a4iLj8KK1EeIWiZ2EvEPjo","a8ZajNkxlLX5KcZjBjfhnf","aa5FcRzzpJ6YDXX6I8Qarm","aa9hMJytxJELgsdkrR+Ly1","b6LlTjsjhJLbZDc455t5TR","b7Y7TvJ1REJpT3ftlu7BSg","baIUdvKGZPgZxNbjWTFuRI","bcJk2cPo5PIYVLNh7XxuQv","c10aQI9QVCrbx+7I3z1BSE","c3A9Xy0CJNhbzplj/pJEtk","c5Lg62VOBMh5ghpcjr4ROQ","c5Rosn/z5Mp48iaUtGxg0M","c6J/hD3+lPwI6Vjusykbay","c6LwSzBE9EWphfzwku4R27","c7tF4hetRHc5wVk0W+vp8X","c8fENYK2dKBacq20vcQFOo","d2WlLv9oNJmqxbsV2VBJD8","d5Pw1aiZpJs6ZIx6yWba/4","d6+YznK2xGB419rCrqJnZ+","d8+MyVYs1BToc1aCbwxZwC","dcGiMk4yVG1Z17zPD37Ksk","ddOBDwKQ1MAojPCmtgXCnj","dfIR5itY9CHLBZnPWx47bp","e0CofzVjRC/YB7cqyAJ2um","eesKUHy91PCI186CxpMqTt","f1KiPEuSRDIqJgPZgkKPHo","f2BvzbovtI0JJ6N8bVxfoM","f8L9RW34BBQJ6DLbag33RF","f8Xt7q5ONFZZuH4JjcIEst","fcv7g6OR9DsK5JhBDPw1zk","fdjsU2o1RKF5x0TziDw3jI","023bb9dd9","02/5lydMRA8oJSutUzIbQf@f9941","03EsQcRqFBj4lBENNITzhC@6c48a","03EsQcRqFBj4lBENNITzhC@f9941","03264eab8","05fb6e0a0","06537f95d","09ed51866","0aEywwGXNC8ZHFZ6NDcmtq@6c48a","0aEywwGXNC8ZHFZ6NDcmtq@f9941","0a93be14a","0a9f053d6","0b1497846","0b908e117","0bcf09705","0b0xjPWlFAVq0VmFJ5unMQ@6c48a","0b0xjPWlFAVq0VmFJ5unMQ@f9941","0dacebb21","0f024c21a","0f48dcf9d","11vcSwZKhOt6Knn7niM+l3@6c48a","11vcSwZKhOt6Knn7niM+l3@f9941","127W1fMB9JN5lPIu9PPOuj@f9941","170faPuu1MzrnPC+zw9NKt@f9941","18A2MX1a1Hp7wO7HiUN0cP@6c48a","18A2MX1a1Hp7wO7HiUN0cP@f9941","18mC/+QB5MOI63e0fq1OvR","19hfA7J1JHvLbgzM0Z0Bb8@6c48a","19hfA7J1JHvLbgzM0Z0Bb8@f9941","1a800Gf1tNVppDcIIE2Nt3@6c48a","1a800Gf1tNVppDcIIE2Nt3@f9941","1cf258fa9@6c48a","1dgcNa5bBAdpuW+b9QYn9E@6c48a","1dgcNa5bBAdpuW+b9QYn9E@f9941","1eEb7gFpRJRqNzLECy3g4M@f9941","20YzUl2n9NQ4Wdt4CJXLM7@f9941","20g1ukYUVPvKWKBRznAKo+@f9941","259WfOS7tHl57GqCSPBjcK@6c48a","259WfOS7tHl57GqCSPBjcK@f9941","27QNLUhwNKoJt76Bn9OpWH@6c48a","27QNLUhwNKoJt76Bn9OpWH@f9941","28x+RWRCBPrJuQZHBQslY2@f9941","293ULKSQBNPaG0dqivhZAD@f9941","2aEE8H8UdGBJucCQi/18nu@f9941","2byDUhRw5E56UJje3uOKCo","2c521HD/hI64o4axcXDcN4@6c48a","2c521HD/hI64o4axcXDcN4@f9941","2fK+8arSVMMpMIMU7v6kVt@6c48a","2fK+8arSVMMpMIMU7v6kVt@f9941","34CF5VWehJGLJSAmhwyi/g@6c48a","34CF5VWehJGLJSAmhwyi/g@f9941","39Uif9vwBDub88DYhNWj/b@6c48a","39Uif9vwBDub88DYhNWj/b@f9941","39V2W6UTdN0pSQHJVY9bun","393CdjrXdE/ajrCX8tNcJU@f9941","3dHIGI2sVLCqntralMGxZF@6c48a","3dHIGI2sVLCqntralMGxZF@f9941","41ygQxVj5LQaGo4wZLVbx+","47a6LCXmNH6Zt4bOUlZIJx@6c48a","47a6LCXmNH6Zt4bOUlZIJx@f9941","48Mm2u+KxBiKJUgNilFzr7@6c48a","48Mm2u+KxBiKJUgNilFzr7@f9941","4cVRKr8zdFPKtc9/OQGl7C","4dFd4I3x5FkqhVYucQ/07+","4fBpuML2lNLJtnEo2XLs/c@f9941","4f1pZvYYJJXp5baxuRgn/Y@6c48a","4f1pZvYYJJXp5baxuRgn/Y@f9941","52Cv77UspApoAxQHMLLeiP@f9941","54TknWPwVPqJqeCR+Y/Czo@f9941","5cBnF0VatMdYWZtUlynvWf@f9941","6ad4g5eCxCZqJQiLy2fOq9@6c48a","6ad4g5eCxCZqJQiLy2fOq9@f9941","6by57tF8VK2rGvUOUn0Lxa@6c48a","6by57tF8VK2rGvUOUn0Lxa@f9941","6colKdavNCCLZZpblYtnz8@6c48a","6colKdavNCCLZZpblYtnz8@f9941","6dCt2tBbpG8r3QgVCx4qpF@f9941","6de8S0ehhMp7Gr8pL/9Mtb@f9941","71XiMJfmpInqOg1iYGfM+u@6c48a","71XiMJfmpInqOg1iYGfM+u@f9941","731sprJ6VEqq2SKt7CtmCj@f9941","74zMsjX3lGj62UKWw3LjuT@6c48a","74zMsjX3lGj62UKWw3LjuT@f9941","75TWwsrNdHQ4hRT6LEN0re@6c48a","75TWwsrNdHQ4hRT6LEN0re@f9941","75roTOulhB67TwHKV5E9d0@6c48a","75roTOulhB67TwHKV5E9d0@f9941","76WT/ZYcFGu6J1iC03wYNl@f9941","7aYppUCYpEuJ7uKI7ErZ6a@6c48a","7aYppUCYpEuJ7uKI7ErZ6a@f9941","7bL0BEfR1DW7oCPjDD3XmS@6c48a","7bL0BEfR1DW7oCPjDD3XmS@f9941","7dIdxIi8pNd5P1oFYDyofS@6c48a","7dIdxIi8pNd5P1oFYDyofS@f9941","7dj5uJT9FMn6OrOOx83tfK@f9941","7fl1VTfI9IRpBOjaYIhdJI@f9941","8278wBbDRGjIInMMQlPnUU@6c48a","8278wBbDRGjIInMMQlPnUU@f9941","83ZfalSuxP3r3SadI7W4D2@6c48a","83ZfalSuxP3r3SadI7W4D2@f9941","84gyRG/EZKi4kvLmwGVGmu@f9941","89OqtuCL5PQoj9JFfWXrcR@6c48a","89OqtuCL5PQoj9JFfWXrcR@f9941","8clRQnfNNHCJLZPDZ6e7r8","8dcHjukiRMl4pSXcXGiGu5@6c48a","8dcHjukiRMl4pSXcXGiGu5@f9941","8fhQlcCK5DjIwRCEhDG8om@6c48a","8fhQlcCK5DjIwRCEhDG8om@f9941","95EkngnxZFbYuFpsqVTaFr@f9941","98jtmH1fJP17HpgEEBu0NQ@6c48a","98jtmH1fJP17HpgEEBu0NQ@f9941","989RFLCRRO0pcSMCaY6/sZ@6c48a","989RFLCRRO0pcSMCaY6/sZ@f9941","99t+H++RVO3q+lpyS4t8x6","9cEFLMJxJER6IbyCPzGdnm@f9941","9eX0CUPBpHipPSBwTcDij4@6c48a","9eX0CUPBpHipPSBwTcDij4@f9941","a21h/+NzFKJ5WrU5SMw7WW","a4iLj8KK1EeIWiZ2EvEPjo@6c48a","a4iLj8KK1EeIWiZ2EvEPjo@f9941","a8ZajNkxlLX5KcZjBjfhnf@6c48a","a8ZajNkxlLX5KcZjBjfhnf@f9941","aa5FcRzzpJ6YDXX6I8Qarm@6c48a","aa5FcRzzpJ6YDXX6I8Qarm@f9941","aa9hMJytxJELgsdkrR+Ly1@6c48a","aa9hMJytxJELgsdkrR+Ly1@f9941","aa+Xl4ZYlN656CxUK6ZLa3","b2hvSd+m5Jb5GjavS4tVFt","b6LlTjsjhJLbZDc455t5TR@6c48a","b6LlTjsjhJLbZDc455t5TR@f9941","b7Y7TvJ1REJpT3ftlu7BSg@6c48a","b7Y7TvJ1REJpT3ftlu7BSg@f9941","b8vSL7yWdGz47P/IPerYBM@f9941","bcJk2cPo5PIYVLNh7XxuQv@6c48a","bcJk2cPo5PIYVLNh7XxuQv@f9941","c10aQI9QVCrbx+7I3z1BSE@6c48a","c10aQI9QVCrbx+7I3z1BSE@f9941","c3A9Xy0CJNhbzplj/pJEtk@6c48a","c3A9Xy0CJNhbzplj/pJEtk@f9941","c3lne2d0pGCIXBYkIM9CDm@f9941","c3/2H2yiVF2ZYXtK06xsPj","c4T1HLHZFG051D4PLN7CAW@f9941","c5Lg62VOBMh5ghpcjr4ROQ@6c48a","c5Lg62VOBMh5ghpcjr4ROQ@f9941","c5Rosn/z5Mp48iaUtGxg0M@6c48a","c5Rosn/z5Mp48iaUtGxg0M@f9941","c6AH+GFrxO94nt8pfiu/4Q@f9941","c6J/hD3+lPwI6Vjusykbay@6c48a","c6J/hD3+lPwI6Vjusykbay@f9941","c6LwSzBE9EWphfzwku4R27@6c48a","c6LwSzBE9EWphfzwku4R27@f9941","c7Z6vdUSxF1JiKEqaQP8Dx@f9941","c7tF4hetRHc5wVk0W+vp8X@6c48a","c7tF4hetRHc5wVk0W+vp8X@f9941","c8fENYK2dKBacq20vcQFOo@6c48a","c8fENYK2dKBacq20vcQFOo@f9941","d2WlLv9oNJmqxbsV2VBJD8@6c48a","d2WlLv9oNJmqxbsV2VBJD8@f9941","d5Pw1aiZpJs6ZIx6yWba/4@6c48a","d5Pw1aiZpJs6ZIx6yWba/4@f9941","d6+YznK2xGB419rCrqJnZ+@6c48a","d6+YznK2xGB419rCrqJnZ+@f9941","d8+MyVYs1BToc1aCbwxZwC@6c48a","d8+MyVYs1BToc1aCbwxZwC@f9941","d9v3fnufhEJ6SBKSOoAG68@f9941","dbacvYFRdH67iztMvefFO8","dcGiMk4yVG1Z17zPD37Ksk@6c48a","dcGiMk4yVG1Z17zPD37Ksk@f9941","ddOBDwKQ1MAojPCmtgXCnj@6c48a","ddOBDwKQ1MAojPCmtgXCnj@f9941","ddPt3CeHdDgKAxW2+pHu2Z","dfCTgVompDwZZgKD9B2LAY@f9941","dfIR5itY9CHLBZnPWx47bp@6c48a","dfIR5itY9CHLBZnPWx47bp@f9941","e0CofzVjRC/YB7cqyAJ2um@6c48a","e0CofzVjRC/YB7cqyAJ2um@f9941","e11lqAoYlB6Y4n3umww3wK@f9941","e2Y4zNzHRF/b5LWdLVt36+@f9941","e28RDkGfxIG4CKPAZgK1+K","e7Y4ycydREAoio4XnnVWLD","efGBqlUhVLcaJyGzgHDCvp@f9941","f1KiPEuSRDIqJgPZgkKPHo@6c48a","f1KiPEuSRDIqJgPZgkKPHo@f9941","f2BvzbovtI0JJ6N8bVxfoM@6c48a","f2BvzbovtI0JJ6N8bVxfoM@f9941","f4U4QQEyBOmqlFREphs8ox@f9941","f5EXhgHW9Eqbyrx+MZJiyS@f9941","f8L9RW34BBQJ6DLbag33RF@6c48a","f8L9RW34BBQJ6DLbag33RF@f9941","f8Xt7q5ONFZZuH4JjcIEst@6c48a","f8Xt7q5ONFZZuH4JjcIEst@f9941","fcv7g6OR9DsK5JhBDPw1zk@6c48a","fcv7g6OR9DsK5JhBDPw1zk@f9941"],"paths":{"0":["db:/assets/load/loadScene",0,1],"1":["db:/assets/lobby/lobbyScene",0,1],"2":["db:/assets/test/test",0,1],"3":["db:/assets/lobby/lobbyScenePC",0,1],"4":["db:/assets/launcher/launcherScene",0,1],"5":["db:/assets/load/loadScenePC",0,1],"6":["db:/assets/launcher/launcherScenePC",0,1],"7":["db:/assets/test/nineCardsGameScene",0,1],"53":["db:/internal/physics/default-physics-material",2,1],"77":["db:/internal/default_renderpipeline/builtin-forward",1,1]},"scenes":{"db://assets/launcher/launcherScene.scene":4,"db://assets/launcher/launcherScenePC.scene":6,"db://assets/load/loadScene.scene":0,"db://assets/load/loadScenePC.scene":5,"db://assets/lobby/lobbyScene.scene":1,"db://assets/lobby/lobbyScenePC.scene":3,"db://assets/test/nineCardsGameScene.scene":7,"db://assets/test/test.scene":2},"packs":{"023bb9dd9":[183,185,191,207,216,253,266],"03264eab8":[0,151,241,251],"05fb6e0a0":[87,94,106,108,111,116,130,137,139,157,164,167,169,177,180,190,194,203,214,223,235,237,239,245,262,7,270],"06537f95d":[131,268],"09ed51866":[79,100,101,112,17,119,120,121,142,145,147,154,155,158,165,173,178,192,210,217,219,224,229,242,249,254,255,258,263,264],"0a93be14a":[86,93,107,109,110,123,125,133,143,148,150,152,166,168,170,182,184,193,98,115,159,163,174,189,80,136,156,161,179,187,105,117,176,127,138,129,102,196,198,200,202,206,208,211,213,230,220,227,232,215,225,222,238,240,234,236,244,246,250,252,259,265,267,261,269],"0a9f053d6":[104,171,226,247],"0b1497846":[99,124,181,209],"0b908e117":[144,149,199,204,231,233],"0bcf09705":[126,153,162,175,201,205,228,256],"0dacebb21":[4,71],"0f024c21a":[81,134,140,3,195],"0f48dcf9d":[103,17,118,128,1,160,188,197,212,218,221,243,248,257,260]},"versions":{"import":[78,"c1f95",8,"a2533",82,"368be",83,"dbeb8",84,"f8a81",85,"55e13",9,"a2533",88,"75ed3",89,"fa176",90,"061f6",91,"25cb8",92,"fcea1",10,"a2533",95,"cd7f8",96,"5bca2",97,"24cc2",11,"a2533",12,"a2533",13,"a2533",14,"a2533",15,"df3da",16,"a2533",18,"a2533",19,"a2533",122,"e3acd",20,"a2533",21,"a2533",22,"a2533",23,"c16a8",24,"a2533",135,"0f679",25,"a2533",26,"c16a8",141,"c6b09",27,"a2533",2,"290de",28,"a2533",29,"a2533",30,"a2533",31,"a2533",32,"a2533",33,"a2533",34,"a2533",35,"a2533",36,"a2533",37,"a2533",38,"a2533",39,"a2533",40,"a2533",41,"a2533",42,"a2533",43,"8a2aa",44,"a2533",45,"c16a8",46,"a2533",47,"a2533",48,"a2533",49,"a2533",50,"a2533",51,"a2533",52,"a2533",53,"8bce7",54,"a2533",55,"a2533",56,"a2533",57,"a2533",58,"a2533",59,"a2533",60,"a2533",61,"a2533",62,"a2533",63,"a2533",64,"a2533",65,"a2533",66,"a2533",67,"a2533",68,"a2533",69,"a2533",70,"a2533",5,"ed5a5",6,"ad85e",72,"a2533",73,"a2533",74,"a2533",75,"a2533",76,"a2533",77,"731f4"],"native":[8,"2b2b0",9,"060c0",10,"2007e",11,"65417",12,"e66af",13,"e3467",14,"e843b",15,"76315",16,"cee89",18,"8f73e",19,"92f9b",20,"e74cb",21,"ef622",22,"10ac2",23,"23bac",24,"dd45f",25,"d8a35",26,"abfc9",27,"ec8d0",28,"b2f36",29,"a734a",30,"25cb6",31,"be4da",32,"99492",33,"f43c3",34,"e1d58",35,"282bc",36,"98c78",37,"e5061",38,"a9aab",39,"41e55",40,"301be",41,"d4351",42,"31b11",44,"5c86c",45,"5fd94",46,"485d9",47,"9f37e",48,"50946",49,"f2f1e",50,"331e9",51,"1dd65",52,"f8418",54,"fb049",55,"65171",56,"06564",57,"4886b",58,"1004d",59,"1e9ce",60,"d28b5",61,"67bb3",62,"a84fb",63,"a54e8",64,"78c49",65,"65937",66,"3316f",67,"b68bc",68,"6864f",69,"88eed",70,"fb92c",71,"90dab",72,"5f1d9",73,"1878d",74,"b5163",75,"39c80",76,"addf5"]},"redirect":[113,"0",114,"0",132,"0",146,"0",172,"0",186,"0"],"debug":false,"extensionMap":{".cconb":[43]},"hasPreloadScript":true,"dependencyRelationships":{},"types":["cc.SceneAsset","cc.RenderPipeline","cc.PhysicsMaterial"]}