[1,["edbIIqQl1EPJP3u/hY9geE"],0,[["sp.SkeletonData",["_name","_atlasText","textureNames","_skeletonJson","textures"],-1,3]],[[0,0,1,2,3,4,5]],[[0,"emoji_07_yun","\nemoji_07_yun.png\nsize: 512,512\nformat: RGBA8888\nfilter: Linear,Linear\nrepeat: none\nsaihong\n  rotate: false\n  xy: 2, 2\n  size: 312, 132\n  orig: 347, 142\n  offset: 19, 6\n  index: -1\nyanjing\n  rotate: false\n  xy: 316, 16\n  size: 109, 118\n  orig: 110, 118\n  offset: 1, 0\n  index: -1\nyun\n  rotate: true\n  xy: 2, 136\n  size: 374, 345\n  orig: 374, 345\n  offset: 0, 0\n  index: -1\nzui\n  rotate: false\n  xy: 349, 449\n  size: 45, 61\n  orig: 45, 61\n  offset: 0, 0\n  index: -1\n",["emoji_07_yun.png"],{"skeleton":{"hash":"0DDR1nxOo0Zd+Mh48aDRbE1oQSA","spine":"3.8.99","x":-37.37,"y":-34.54,"width":74.8,"height":69,"images":"./images/","audio":"D:/work/工作/魔法表情/07_yun/images"},"bones":[{"name":"root","scaleX":0.2,"scaleY":0.2},{"name":"yun_bg","parent":"root"},{"name":"zui","parent":"root","x":3.05,"y":-105.25},{"name":"yanjing","parent":"root","x":-77.27,"y":41.34},{"name":"saihong","parent":"root","x":-0.96,"y":-35.97},{"name":"yanjing2","parent":"root","x":82.11,"y":41.34}],"slots":[{"name":"yun","bone":"yun_bg","attachment":"yun"},{"name":"saihong","bone":"saihong","attachment":"saihong"},{"name":"yanjing","bone":"yanjing","attachment":"yanjing"},{"name":"yanjing2","bone":"yanjing2","attachment":"yanjing"},{"name":"zui","bone":"zui","attachment":"zui"}],"skins":[{"name":"default","attachments":{"saihong":{"saihong":{"x":-0.4,"y":-0.72,"width":347,"height":142}},"yanjing":{"yanjing":{"x":-0.59,"y":-1.02,"width":110,"height":118}},"yanjing2":{"yanjing":{"x":-0.59,"y":-1.02,"width":110,"height":118}},"yun":{"yun":{"x":0.14,"y":-0.19,"width":374,"height":345}},"zui":{"zui":{"x":0.59,"y":-0.94,"width":45,"height":61}}}}],"animations":{"yun":{"bones":{"yun_bg":{"translate":[{},{"time":0.5667,"y":4},{"time":1.2}],"scale":[{},{"time":0.5667,"x":1.02},{"time":1.2}]},"yanjing":{"rotate":[{},{"time":0.1333,"angle":90},{"time":0.2667,"angle":180},{"time":0.4,"angle":-90},{"time":0.5333},{"time":0.7,"angle":90},{"time":0.8667,"angle":180},{"time":1.0333,"angle":-90},{"time":1.2}]},"yanjing2":{"rotate":[{},{"time":0.1667,"angle":90},{"time":0.3,"angle":180},{"time":0.4667,"angle":-90},{"time":0.6},{"time":0.7667,"angle":90},{"time":0.9,"angle":180},{"time":1.0667,"angle":-90},{"time":1.2}]}}}}},[0]]],0,0,[0],[-1],[0]]