[1,["20g1ukYUVPvKWKBRznAKo+@f9941","54TknWPwVPqJqeCR+Y/Czo@f9941","95EkngnxZFbYuFpsqVTaFr@f9941","b6LlTjsjhJLbZDc455t5TR@f9941","05FvcGNTdGQ4DYXpJB3/mG@6c48a","05FvcGNTdGQ4DYXpJB3/mG@f9941","16cqyrtcdDFJtCg94+muIV@f9941","8dcHjukiRMl4pSXcXGiGu5@f9941","f8L9RW34BBQJ6DLbag33RF@f9941","8fhQlcCK5DjIwRCEhDG8om@f9941","e0CofzVjRC/YB7cqyAJ2um@f9941","16cqyrtcdDFJtCg94+muIV@6c48a"],["node","_spriteFrame","_textureSource","_target","_normalSprite","_hoverSprite","_pressedSprite","_disabledSprite","root","videoBg","videoMask","playToggle","muteToggle","data"],[["cc.Node",["_name","_layer","_active","_objFlags","_components","_prefab","_parent","_children","_lpos"],-1,9,4,1,2,5],["cc.Sprite",["_type","_sizeMode","node","__prefab","_spriteFrame","_color"],1,1,4,6,5],["cc.Node",["_name","_layer","_active","_parent","_components","_prefab","_children","_lpos"],0,1,12,4,2,5],"cc.SpriteFrame",["cc.Widget",["_alignFlags","_top","node","__prefab"],1,1,4],["cc.PrefabInfo",["fileId","instance","nestedPrefabInstanceRoots","targetOverrides","root","asset"],-1,1,1],["cc.Button",["_transition","node","__prefab","_normalColor","_target","_normalSprite","_hoverSprite","_pressedSprite","_disabledSprite","clickEvents"],2,1,4,5,1,6,6,6,6,9],["cc.Prefab",["_name"],2],["cc.UITransform",["node","__prefab","_contentSize"],3,1,4,5],["cc.CompPrefabInfo",["fileId"],2],["f4e22gsOHtERbwjH5HaT4Uj",["node","__prefab","muteToggle","playToggle","videoMask","videoBg"],3,1,4,1,1,1,1],["cc.Mask",["node","__prefab"],3,1,4],["cc.Graphics",["node","__prefab","_fillColor"],3,1,4,5],["cc.ClickEvent",["_componentId","handler","target"],1,1],["cc.Label",["_string","_actualFontSize","_fontSize","_overflow","_enableWrapText","node","__prefab","_color"],-2,1,4,5],["cc.Toggle",["_isChecked","node","__prefab","clickEvents","_normalColor","_target","_checkMark"],2,1,4,9,5,1,1]],[[9,0,2],[8,0,1,2,1],[5,0,1,3,2,4,5,5],[1,2,3,4,1],[1,2,3,1],[13,0,1,2,3],[2,0,2,1,3,6,4,5,7,4],[15,0,1,2,3,4,5,6,2],[7,0,2],[0,0,1,7,4,5,3],[0,0,2,1,6,7,4,5,4],[0,0,2,1,6,4,5,4],[0,0,1,6,7,4,5,3],[0,0,2,1,6,4,5,8,4],[0,0,3,1,6,4,5,4],[0,0,1,6,4,5,3],[2,0,2,1,3,4,5,4],[2,0,1,3,4,5,3],[10,0,1,2,3,4,5,1],[4,0,1,2,3,3],[4,0,2,3,2],[11,0,1,1],[12,0,1,2,1],[5,0,1,2,3,4,5,5],[1,0,1,2,3,4,3],[1,0,2,3,5,4,2],[6,0,1,2,9,3,4,5,6,7,8,2],[6,0,1,2,3,4,5,6,7,8,2],[14,0,1,2,3,4,5,6,7,6]],[[[{"name":"ai_girl","rect":{"x":133,"y":10,"width":357,"height":921},"offset":{"x":1,"y":-5},"originalSize":{"width":621,"height":931},"rotated":false,"capInsets":[0,0,0,0],"vertices":{"rawPosition":[-178.5,-460.5,0,178.5,-460.5,0,-178.5,460.5,0,178.5,460.5,0],"indexes":[0,1,2,2,1,3],"uv":[133,921,490,921,133,0,490,0],"nuv":[0.214170692431562,0,0.789049919484702,0,0.214170692431562,0.9892588614393125,0.789049919484702,0.9892588614393125],"minPos":{"x":-178.5,"y":-460.5,"z":0},"maxPos":{"x":178.5,"y":460.5,"z":0}},"packable":true,"pixelsToUnit":100,"pivot":{"x":0.5,"y":0.5},"meshType":0}],[3],0,[0],[2],[4]],[[[8,"videoViewPC"],[9,"videoViewPC",33554432,[-11,-12,-13,-14,-15,-16],[[1,-2,[0,"7di8eqomZC7ZCQ0u+mcukq"],[5,1920,1080]],[18,-7,[0,"75aQV7I5BNOKyF9KdTlaA1"],-6,-5,-4,-3],[19,1,-5.684341886080802e-14,-8,[0,"22Pf9HBipLEYPuTeW0q6R1"]],[21,-9,[0,"02edJyZfFCqahEYYh4gHkR"]],[22,-10,[0,"6a26MeAd1MGqEZm3VCCFkA"],[4,16777215]]],[23,"1f5vlW6SJEy4B83fVzF6bW",null,null,[],-1,0]],[10,"playButton",false,33554432,1,[-21],[[1,-17,[0,"d41P+e9O1CTYCempsjsZoI"],[5,100,40]],[24,1,0,-18,[0,"7e+gp8VClIBK2wJyytwJIA"],0],[26,2,-20,[0,"94X4y4L69Es5SL1axpl3IN"],[[5,"f4e22gsOHtERbwjH5HaT4Uj","playBtnClicked",1]],[4,4292269782],-19,1,2,3,4]],[2,"196PwavElB24u4m5Hk43v/",null,null,null,1,0]],[6,"mutedToggle",false,33554432,1,[-25],[[[1,-22,[0,"2aqo0MpgpLKomEvUmY7Hst"],[5,54,54]],[3,-23,[0,"431z+HmPJOBpCHnzx++6of"],7],-24],4,4,1],[2,"54suSgAHJI8JvLue08eh0X",null,null,null,1,0],[1,729.805,679.344,0]],[6,"playToggle",false,33554432,1,[-29],[[[1,-26,[0,"f9M8JlrmdGsZE1L6fO9YWi"],[5,54,54]],[3,-27,[0,"25qV23K6tJF7DkuWmFLJ7C"],8],-28],4,4,1],[2,"e3BFikF1ZAeIX/dS2Lv3oL",null,null,null,1,0],[1,663.847,659.473,0]],[11,"videoMask",false,33554432,1,[[1,-30,[0,"9ekx8QaT1EvqlPEETI1kT0"],[5,1920,1080]],[4,-31,[0,"88xVhNQzFL0LIboyl0io4t"]],[20,1,-32,[0,"567u25DppD1bAtcsQcBfru"]]],[2,"97lntRuCBHSLrX6nJ56MaL",null,null,null,1,0]],[12,"videobgPC",33554432,1,[-35],[[1,-33,[0,"d0w8p10bpKQr3VKx4BkumT"],[5,1920,1080]],[3,-34,[0,"ceNm29ZmNOMbnI7jt1EQlW"],6]],[2,"5ecCmIO4dNzaDrEXls8qGG",null,null,null,1,0]],[13,"refreshButton",false,33554432,1,[[1,-36,[0,"3bWjL522pOPrDLeW/WiS6Q"],[5,54,54]],[25,1,-37,[0,"5c4YRm6QxNUYzYj1YfEaOO"],[4,4292269782],9],[27,1,-39,[0,"72P6LTYFNC+50g94YvffdL"],[4,4292269782],-38,10,11,12,13]],[2,"1ezJQfTMtCkJuB7OLSfu14",null,null,null,1,0],[1,795.762,679.344,0]],[14,"Label",512,33554432,2,[[1,-40,[0,"3c2PE9oi5JLpoaOxULHkyT"],[5,100,40]],[28,"play",20,20,1,false,-41,[0,"11AXYzYTdC75wmVHhqn9/l"],[4,4278190080]]],[2,"53DeILIK1MRIEreeUo88fv",null,null,null,1,0]],[15,"Sprite",33554432,6,[[1,-42,[0,"c9Kx09L8dPSbjoW8hMS/W1"],[5,357,921]],[3,-43,[0,"efVIC/kQBOGofmIlPjn0XN"],5]],[2,"b3PlZv3kVOhIqEeYV48dSg",null,null,null,1,0]],[16,"Checkmark",false,33554432,3,[[[1,-44,[0,"38CVYOI5xPf7cFiZ+enNl9"],[5,54,54]],-45],4,1],[2,"beCfexGeFGNo8w61n9cAKY",null,null,null,1,0]],[17,"Checkmark",33554432,4,[[[1,-46,[0,"53Aze1reBLbqyeilRa4bS4"],[5,54,54]],-47],4,1],[2,"59o5lPCtpEHLBsi+/ea2g9",null,null,null,1,0]],[4,10,[0,"956ykBjoVIx5MaFxlvEhIM"]],[7,false,3,[0,"01ovZwPX1JDoiFXNmAh1HF"],[[5,"f4e22gsOHtERbwjH5HaT4Uj","muteToggleClicked",1]],[4,4292269782],3,12],[4,11,[0,"01KnQLoApKtIOeYhTPYHgq"]],[7,false,4,[0,"67HysqTeFCGboKsUAOhcuB"],[[5,"f4e22gsOHtERbwjH5HaT4Uj","playToggleClicked",1]],[4,4292269782],4,14]],0,[0,8,1,0,0,1,0,9,6,0,10,5,0,11,15,0,12,13,0,0,1,0,0,1,0,0,1,0,0,1,0,-1,2,0,-2,5,0,-3,6,0,-4,3,0,-5,4,0,-6,7,0,0,2,0,0,2,0,3,2,0,0,2,0,-1,8,0,0,3,0,0,3,0,-3,13,0,-1,10,0,0,4,0,0,4,0,-3,15,0,-1,11,0,0,5,0,0,5,0,0,5,0,0,6,0,0,6,0,-1,9,0,0,7,0,0,7,0,3,7,0,0,7,0,0,8,0,0,8,0,0,9,0,0,9,0,0,10,0,-2,12,0,0,11,0,-2,14,0,13,1,47],[0,0,0,0,0,0,0,0,0,0,0,0,0,0,12,14],[1,4,5,6,7,1,1,1,1,1,4,5,6,7,1,1],[0,0,0,1,2,5,6,7,8,3,3,0,1,2,9,10]],[[{"name":"bg","rect":{"x":0,"y":0,"width":1920,"height":1080},"offset":{"x":0,"y":0},"originalSize":{"width":1920,"height":1080},"rotated":false,"capInsets":[0,0,0,0],"vertices":{"rawPosition":[-960,-540,0,960,-540,0,-960,540,0,960,540,0],"indexes":[0,1,2,2,1,3],"uv":[0,1080,1920,1080,0,0,1920,0],"nuv":[0,0,1,0,0,1,1,1],"minPos":{"x":-960,"y":-540,"z":0},"maxPos":{"x":960,"y":540,"z":0}},"packable":true,"pixelsToUnit":100,"pivot":{"x":0.5,"y":0.5},"meshType":0}],[3],0,[0],[2],[11]]]]
