{"skeleton":{"hash":"aYhAxF9pohDrlSuGWQYH4vAaw1Q","spine":"3.8.99","x":-640,"y":-245.76,"width":1280,"height":720,"fps":45,"images":"./images/","audio":""},"bones":[{"name":"root"},{"name":"text","parent":"root"},{"name":"win_particular","parent":"root"},{"name":"bg_shuimo","parent":"text","x":4.52,"scaleX":0.7029,"scaleY":0.7029},{"name":"gang_light","parent":"text"},{"name":"shuimo_frame","parent":"text","x":6,"y":36},{"name":"gang","parent":"text"},{"name":"bg","parent":"root","y":114.24},{"name":"shuimo_frame2","parent":"text","x":6,"y":36,"scaleX":0.9079,"scaleY":0.9079},{"name":"gang2","parent":"text"},{"name":"gang_light2","parent":"text"},{"name":"chi","parent":"text"},{"name":"chi2","parent":"text"},{"name":"chi_light","parent":"text"},{"name":"chi_light2","parent":"text"},{"name":"hu","parent":"text"},{"name":"hu2","parent":"text"},{"name":"hu_light","parent":"text"},{"name":"hu_light2","parent":"text"},{"name":"peng","parent":"text"},{"name":"peng2","parent":"text"},{"name":"peng_light","parent":"text"},{"name":"peng_light2","parent":"text"},{"name":"ting","parent":"text"},{"name":"ting2","parent":"text"},{"name":"ting_light","parent":"text"},{"name":"ting_light2","parent":"text"},{"name":"energy_chipenggangmajiang","parent":"root"},{"name":"energy_shouhuimajiang","parent":"root"},{"name":"energy_shu","parent":"root"},{"name":"energy_yanwu","parent":"root"},{"name":"zimo","parent":"text"},{"name":"zimo2","parent":"text"},{"name":"zimo_light","parent":"text"},{"name":"zimo_light2","parent":"text"},{"name":"SelfDrawWin_hua","parent":"root"},{"name":"SelfDrawWin_shou","parent":"root"},{"name":"hua1","parent":"root"},{"name":"hua2","parent":"root"},{"name":"hua3","parent":"root"},{"name":"hua4","parent":"root"},{"name":"hua5","parent":"root"},{"name":"yanhua","parent":"root","x":0.42,"y":-2.27},{"name":"yanhua2","parent":"root","x":0.42,"y":-2.27},{"name":"yanhua3","parent":"root","x":0.42,"y":-2.27},{"name":"yanhua4","parent":"root","x":0.42,"y":-2.27}],"slots":[{"name":"1程序麻将摆牌","bone":"bg"},{"name":"bg_shuimo","bone":"bg_shuimo"},{"name":"shuimo_frame/shuimo_00","bone":"shuimo_frame","blend":"additive"},{"name":"shuimo_frame/shuimo_0","bone":"shuimo_frame2","color":"0025ffff","blend":"additive"},{"name":"gang","bone":"gang"},{"name":"ting","bone":"ting"},{"name":"peng","bone":"peng"},{"name":"SelfDrawWin_hua","bone":"SelfDrawWin_hua"},{"name":"SelfDrawWin_shou","bone":"SelfDrawWin_shou"},{"name":"SelfDrawWin_shou2","bone":"SelfDrawWin_shou","color":"ffffff8e","blend":"additive"},{"name":"zimo","bone":"zimo"},{"name":"hu","bone":"hu"},{"name":"chi","bone":"chi"},{"name":"gang2","bone":"gang2"},{"name":"ting2","bone":"ting2"},{"name":"peng2","bone":"peng2"},{"name":"zimo2","bone":"zimo2"},{"name":"hu2","bone":"hu2"},{"name":"chi2","bone":"chi2"},{"name":"gang_light_00","bone":"gang_light","blend":"additive"},{"name":"ting_light_1","bone":"ting_light","blend":"additive"},{"name":"peng_light_1","bone":"peng_light","blend":"additive"},{"name":"zimo_light_1","bone":"zimo_light","blend":"additive"},{"name":"hu_light_1","bone":"hu_light","blend":"additive"},{"name":"hu_light_3","bone":"hu_light","blend":"additive"},{"name":"chi_light_1","bone":"chi_light","blend":"additive"},{"name":"gang_light_0","bone":"gang_light2","blend":"additive"},{"name":"ting_light_2","bone":"ting_light2","blend":"additive"},{"name":"peng_light_2","bone":"peng_light2","blend":"additive"},{"name":"zimo_light_2","bone":"zimo_light2","blend":"additive"},{"name":"hu_light_2","bone":"hu_light2","blend":"additive"},{"name":"chi_light_2","bone":"chi_light2","blend":"additive"},{"name":"Win_particular/win_particular_00","bone":"win_particular","blend":"additive"},{"name":"energy_yanwu/energy_yanwu_00","bone":"energy_yanwu"},{"name":"energy_yanwu/energy_yanwu_0","bone":"energy_yanwu","color":"469bb53d","blend":"additive"},{"name":"energy_shu/lightning01","bone":"energy_shu"},{"name":"energy_shu/lightning1","bone":"energy_shu"},{"name":"energy_shouhuimajiang/shouhuimajiang_00","bone":"energy_shouhuimajiang"},{"name":"energy_shouhuimajiang/shouhuimajiang_0","bone":"energy_shouhuimajiang","color":"ffffff3d","blend":"additive"},{"name":"energy_chipenggangmajiang/smoke_00","bone":"energy_chipenggangmajiang"},{"name":"hua1","bone":"hua1"},{"name":"hua2","bone":"hua2"},{"name":"hua3","bone":"hua3"},{"name":"hua4","bone":"hua4"},{"name":"hua5","bone":"hua5"},{"name":"yanhua/yanhua_00","bone":"yanhua","blend":"additive"},{"name":"yanhua/yanhua_0","bone":"yanhua2","blend":"additive"},{"name":"yanhua/yanhua_1","bone":"yanhua3","blend":"additive"},{"name":"yanhua/yanhua_2","bone":"yanhua4","blend":"additive"}],"skins":[{"name":"default","attachments":{"SelfDrawWin_hua":{"SelfDrawWin_hua":{"y":0.5,"width":188,"height":115}},"SelfDrawWin_shou":{"SelfDrawWin_shou":{"y":0.5,"width":166,"height":137}},"SelfDrawWin_shou2":{"SelfDrawWin_shou":{"y":0.5,"width":166,"height":137}},"Win_particular/win_particular_00":{"Win_particular/win_particular_00":{"width":128,"height":128},"Win_particular/win_particular_01":{"width":128,"height":128},"Win_particular/win_particular_02":{"width":128,"height":128},"Win_particular/win_particular_03":{"width":128,"height":128},"Win_particular/win_particular_04":{"width":128,"height":128},"Win_particular/win_particular_05":{"width":128,"height":128},"Win_particular/win_particular_06":{"width":128,"height":128},"Win_particular/win_particular_07":{"width":128,"height":128},"Win_particular/win_particular_08":{"width":128,"height":128},"Win_particular/win_particular_09":{"width":128,"height":128},"Win_particular/win_particular_10":{"width":128,"height":128},"Win_particular/win_particular_11":{"width":128,"height":128},"Win_particular/win_particular_12":{"width":128,"height":128},"Win_particular/win_particular_13":{"width":128,"height":128},"Win_particular/win_particular_14":{"width":128,"height":128},"Win_particular/win_particular_15":{"width":128,"height":128},"Win_particular/win_particular_16":{"width":128,"height":128},"Win_particular/win_particular_17":{"width":128,"height":128},"Win_particular/win_particular_18":{"width":128,"height":128},"Win_particular/win_particular_19":{"width":128,"height":128},"Win_particular/win_particular_20":{"width":128,"height":128},"Win_particular/win_particular_21":{"width":128,"height":128},"Win_particular/win_particular_22":{"width":128,"height":128},"Win_particular/win_particular_23":{"width":128,"height":128},"Win_particular/win_particular_24":{"width":128,"height":128}},"bg_shuimo":{"bg_shuimo":{"y":0.5,"width":216,"height":211}},"chi":{"chi":{"width":121,"height":117}},"chi2":{"chi":{"width":121,"height":117}},"chi_light_1":{"chi_light":{"width":360,"height":360}},"chi_light_2":{"chi_light":{"width":360,"height":360}},"energy_chipenggangmajiang/smoke_00":{"energy_chipenggangmajiang/smoke_00":{"width":200,"height":200},"energy_chipenggangmajiang/smoke_01":{"width":200,"height":200},"energy_chipenggangmajiang/smoke_02":{"width":200,"height":200},"energy_chipenggangmajiang/smoke_03":{"width":200,"height":200},"energy_chipenggangmajiang/smoke_04":{"width":200,"height":200},"energy_chipenggangmajiang/smoke_05":{"width":200,"height":200},"energy_chipenggangmajiang/smoke_06":{"width":200,"height":200},"energy_chipenggangmajiang/smoke_07":{"width":200,"height":200},"energy_chipenggangmajiang/smoke_08":{"width":200,"height":200},"energy_chipenggangmajiang/smoke_09":{"width":200,"height":200},"energy_chipenggangmajiang/smoke_10":{"width":200,"height":200},"energy_chipenggangmajiang/smoke_11":{"width":200,"height":200},"energy_chipenggangmajiang/smoke_12":{"width":200,"height":200},"energy_chipenggangmajiang/smoke_13":{"width":200,"height":200},"energy_chipenggangmajiang/smoke_14":{"width":200,"height":200},"energy_chipenggangmajiang/smoke_15":{"width":200,"height":200},"energy_chipenggangmajiang/smoke_16":{"width":200,"height":200},"energy_chipenggangmajiang/smoke_17":{"width":200,"height":200},"energy_chipenggangmajiang/smoke_18":{"width":200,"height":200},"energy_chipenggangmajiang/smoke_19":{"width":200,"height":200},"energy_chipenggangmajiang/smoke_20":{"width":200,"height":200},"energy_chipenggangmajiang/smoke_21":{"width":200,"height":200},"energy_chipenggangmajiang/smoke_22":{"width":200,"height":200},"energy_chipenggangmajiang/smoke_23":{"width":200,"height":200}},"energy_shouhuimajiang/shouhuimajiang_0":{"energy_shouhuimajiang/shouhuimajiang_00":{"width":210,"height":420},"energy_shouhuimajiang/shouhuimajiang_02":{"width":210,"height":420},"energy_shouhuimajiang/shouhuimajiang_04":{"width":210,"height":420},"energy_shouhuimajiang/shouhuimajiang_06":{"width":210,"height":420},"energy_shouhuimajiang/shouhuimajiang_08":{"width":210,"height":420},"energy_shouhuimajiang/shouhuimajiang_10":{"width":210,"height":420},"energy_shouhuimajiang/shouhuimajiang_12":{"width":210,"height":420},"energy_shouhuimajiang/shouhuimajiang_14":{"width":210,"height":420},"energy_shouhuimajiang/shouhuimajiang_16":{"width":210,"height":420},"energy_shouhuimajiang/shouhuimajiang_18":{"width":210,"height":420},"energy_shouhuimajiang/shouhuimajiang_20":{"width":210,"height":420},"energy_shouhuimajiang/shouhuimajiang_22":{"width":210,"height":420}},"energy_shouhuimajiang/shouhuimajiang_00":{"energy_shouhuimajiang/shouhuimajiang_00":{"width":210,"height":420},"energy_shouhuimajiang/shouhuimajiang_02":{"width":210,"height":420},"energy_shouhuimajiang/shouhuimajiang_04":{"width":210,"height":420},"energy_shouhuimajiang/shouhuimajiang_06":{"width":210,"height":420},"energy_shouhuimajiang/shouhuimajiang_08":{"width":210,"height":420},"energy_shouhuimajiang/shouhuimajiang_10":{"width":210,"height":420},"energy_shouhuimajiang/shouhuimajiang_12":{"width":210,"height":420},"energy_shouhuimajiang/shouhuimajiang_14":{"width":210,"height":420},"energy_shouhuimajiang/shouhuimajiang_16":{"width":210,"height":420},"energy_shouhuimajiang/shouhuimajiang_18":{"width":210,"height":420},"energy_shouhuimajiang/shouhuimajiang_20":{"width":210,"height":420},"energy_shouhuimajiang/shouhuimajiang_22":{"width":210,"height":420}},"energy_shu/lightning01":{"energy_shu/lightning01":{"width":260,"height":90},"energy_shu/lightning02":{"width":260,"height":90},"energy_shu/lightning03":{"width":260,"height":90},"energy_shu/lightning04":{"width":260,"height":90}},"energy_shu/lightning1":{"energy_shu/lightning01":{"width":260,"height":90},"energy_shu/lightning02":{"width":260,"height":90},"energy_shu/lightning03":{"width":260,"height":90},"energy_shu/lightning04":{"width":260,"height":90}},"energy_yanwu/energy_yanwu_0":{"energy_yanwu/energy_yanwu_00":{"width":160,"height":240},"energy_yanwu/energy_yanwu_01":{"width":160,"height":240},"energy_yanwu/energy_yanwu_02":{"width":160,"height":240},"energy_yanwu/energy_yanwu_03":{"width":160,"height":240},"energy_yanwu/energy_yanwu_04":{"width":160,"height":240},"energy_yanwu/energy_yanwu_05":{"width":160,"height":240},"energy_yanwu/energy_yanwu_06":{"width":160,"height":240},"energy_yanwu/energy_yanwu_07":{"width":160,"height":240},"energy_yanwu/energy_yanwu_08":{"width":160,"height":240},"energy_yanwu/energy_yanwu_09":{"width":160,"height":240},"energy_yanwu/energy_yanwu_10":{"width":160,"height":240},"energy_yanwu/energy_yanwu_11":{"width":160,"height":240},"energy_yanwu/energy_yanwu_12":{"width":160,"height":240},"energy_yanwu/energy_yanwu_13":{"width":160,"height":240},"energy_yanwu/energy_yanwu_14":{"width":160,"height":240},"energy_yanwu/energy_yanwu_15":{"width":160,"height":240},"energy_yanwu/energy_yanwu_16":{"width":160,"height":240},"energy_yanwu/energy_yanwu_17":{"width":160,"height":240},"energy_yanwu/energy_yanwu_18":{"width":160,"height":240},"energy_yanwu/energy_yanwu_19":{"width":160,"height":240},"energy_yanwu/energy_yanwu_20":{"width":160,"height":240},"energy_yanwu/energy_yanwu_21":{"width":160,"height":240},"energy_yanwu/energy_yanwu_22":{"width":160,"height":240},"energy_yanwu/energy_yanwu_23":{"width":160,"height":240}},"energy_yanwu/energy_yanwu_00":{"energy_yanwu/energy_yanwu_00":{"width":160,"height":240},"energy_yanwu/energy_yanwu_01":{"width":160,"height":240},"energy_yanwu/energy_yanwu_02":{"width":160,"height":240},"energy_yanwu/energy_yanwu_03":{"width":160,"height":240},"energy_yanwu/energy_yanwu_04":{"width":160,"height":240},"energy_yanwu/energy_yanwu_05":{"width":160,"height":240},"energy_yanwu/energy_yanwu_06":{"width":160,"height":240},"energy_yanwu/energy_yanwu_07":{"width":160,"height":240},"energy_yanwu/energy_yanwu_08":{"width":160,"height":240},"energy_yanwu/energy_yanwu_09":{"width":160,"height":240},"energy_yanwu/energy_yanwu_10":{"width":160,"height":240},"energy_yanwu/energy_yanwu_11":{"width":160,"height":240},"energy_yanwu/energy_yanwu_12":{"width":160,"height":240},"energy_yanwu/energy_yanwu_13":{"width":160,"height":240},"energy_yanwu/energy_yanwu_14":{"width":160,"height":240},"energy_yanwu/energy_yanwu_15":{"width":160,"height":240},"energy_yanwu/energy_yanwu_16":{"width":160,"height":240},"energy_yanwu/energy_yanwu_17":{"width":160,"height":240},"energy_yanwu/energy_yanwu_18":{"width":160,"height":240},"energy_yanwu/energy_yanwu_19":{"width":160,"height":240},"energy_yanwu/energy_yanwu_20":{"width":160,"height":240},"energy_yanwu/energy_yanwu_21":{"width":160,"height":240},"energy_yanwu/energy_yanwu_22":{"width":160,"height":240},"energy_yanwu/energy_yanwu_23":{"width":160,"height":240}},"gang":{"gang":{"width":114,"height":116}},"gang2":{"gang":{"width":114,"height":116}},"gang_light_0":{"gang_light":{"width":360,"height":360}},"gang_light_00":{"gang_light":{"width":360,"height":360}},"hu":{"hu":{"width":105,"height":118}},"hu2":{"hu":{"width":105,"height":118}},"hu_light_1":{"hu_light":{"width":360,"height":360}},"hu_light_2":{"hu_light":{"width":360,"height":360}},"hu_light_3":{"hu_light":{"width":360,"height":360}},"hua1":{"hua1":{"width":26,"height":24}},"hua2":{"hua2":{"x":0.5,"y":0.5,"width":21,"height":17}},"hua3":{"hua3":{"y":0.5,"width":18,"height":15}},"hua4":{"hua4":{"y":0.5,"width":18,"height":17}},"hua5":{"hua5":{"x":0.5,"y":0.5,"width":53,"height":55}},"peng":{"peng":{"width":122,"height":105}},"peng2":{"peng":{"width":122,"height":105}},"peng_light_1":{"peng_light":{"width":360,"height":360}},"peng_light_2":{"peng_light":{"width":360,"height":360}},"shuimo_frame/shuimo_0":{"shuimo_frame/shuimo_00":{"y":0.5,"width":250,"height":257},"shuimo_frame/shuimo_01":{"y":0.5,"width":250,"height":257},"shuimo_frame/shuimo_02":{"y":0.5,"width":250,"height":257},"shuimo_frame/shuimo_03":{"y":0.5,"width":250,"height":257},"shuimo_frame/shuimo_04":{"y":0.5,"width":250,"height":257},"shuimo_frame/shuimo_05":{"y":0.5,"width":250,"height":257},"shuimo_frame/shuimo_06":{"y":0.5,"width":250,"height":257},"shuimo_frame/shuimo_07":{"y":0.5,"width":250,"height":257},"shuimo_frame/shuimo_08":{"y":0.5,"width":250,"height":257},"shuimo_frame/shuimo_09":{"y":0.5,"width":250,"height":257},"shuimo_frame/shuimo_10":{"y":0.5,"width":250,"height":257},"shuimo_frame/shuimo_11":{"y":0.5,"width":250,"height":257},"shuimo_frame/shuimo_12":{"y":0.5,"width":250,"height":257},"shuimo_frame/shuimo_13":{"y":0.5,"width":250,"height":257}},"shuimo_frame/shuimo_00":{"shuimo_frame/shuimo_00":{"y":0.5,"width":250,"height":257},"shuimo_frame/shuimo_01":{"y":0.5,"width":250,"height":257},"shuimo_frame/shuimo_02":{"y":0.5,"width":250,"height":257},"shuimo_frame/shuimo_03":{"y":0.5,"width":250,"height":257},"shuimo_frame/shuimo_04":{"y":0.5,"width":250,"height":257},"shuimo_frame/shuimo_05":{"y":0.5,"width":250,"height":257},"shuimo_frame/shuimo_06":{"y":0.5,"width":250,"height":257},"shuimo_frame/shuimo_07":{"y":0.5,"width":250,"height":257},"shuimo_frame/shuimo_08":{"y":0.5,"width":250,"height":257},"shuimo_frame/shuimo_09":{"y":0.5,"width":250,"height":257},"shuimo_frame/shuimo_10":{"y":0.5,"width":250,"height":257},"shuimo_frame/shuimo_11":{"y":0.5,"width":250,"height":257},"shuimo_frame/shuimo_12":{"y":0.5,"width":250,"height":257},"shuimo_frame/shuimo_13":{"y":0.5,"width":250,"height":257}},"ting":{"ting":{"width":103,"height":111}},"ting2":{"ting":{"width":103,"height":111}},"ting_light_1":{"ting_light":{"width":360,"height":360}},"ting_light_2":{"ting_light":{"width":360,"height":360}},"yanhua/yanhua_0":{"yanhua/yanhua_00":{"width":200,"height":200},"yanhua/yanhua_01":{"width":200,"height":200},"yanhua/yanhua_02":{"width":200,"height":200},"yanhua/yanhua_03":{"width":200,"height":200},"yanhua/yanhua_04":{"width":200,"height":200},"yanhua/yanhua_05":{"width":200,"height":200},"yanhua/yanhua_06":{"width":200,"height":200},"yanhua/yanhua_07":{"width":200,"height":200},"yanhua/yanhua_08":{"width":200,"height":200},"yanhua/yanhua_09":{"width":200,"height":200}},"yanhua/yanhua_00":{"yanhua/yanhua_00":{"width":200,"height":200},"yanhua/yanhua_01":{"width":200,"height":200},"yanhua/yanhua_02":{"width":200,"height":200},"yanhua/yanhua_03":{"width":200,"height":200},"yanhua/yanhua_04":{"width":200,"height":200},"yanhua/yanhua_05":{"width":200,"height":200},"yanhua/yanhua_06":{"width":200,"height":200},"yanhua/yanhua_07":{"width":200,"height":200},"yanhua/yanhua_08":{"width":200,"height":200},"yanhua/yanhua_09":{"width":200,"height":200}},"yanhua/yanhua_1":{"yanhua/yanhua_00":{"width":200,"height":200},"yanhua/yanhua_01":{"width":200,"height":200},"yanhua/yanhua_02":{"width":200,"height":200},"yanhua/yanhua_03":{"width":200,"height":200},"yanhua/yanhua_04":{"width":200,"height":200},"yanhua/yanhua_05":{"width":200,"height":200},"yanhua/yanhua_06":{"width":200,"height":200},"yanhua/yanhua_07":{"width":200,"height":200},"yanhua/yanhua_08":{"width":200,"height":200},"yanhua/yanhua_09":{"width":200,"height":200}},"yanhua/yanhua_2":{"yanhua/yanhua_00":{"width":200,"height":200},"yanhua/yanhua_01":{"width":200,"height":200},"yanhua/yanhua_02":{"width":200,"height":200},"yanhua/yanhua_03":{"width":200,"height":200},"yanhua/yanhua_04":{"width":200,"height":200},"yanhua/yanhua_05":{"width":200,"height":200},"yanhua/yanhua_06":{"width":200,"height":200},"yanhua/yanhua_07":{"width":200,"height":200},"yanhua/yanhua_08":{"width":200,"height":200},"yanhua/yanhua_09":{"width":200,"height":200}},"zimo":{"SelfDrawWin":{"width":214,"height":120}},"zimo2":{"SelfDrawWin":{"width":214,"height":120}},"zimo_light_1":{"zimo_light":{"width":520,"height":360}},"zimo_light_2":{"zimo_light":{"width":520,"height":360}}}}],"animations":{"mahjongabove _Win_dachupai":{"slots":{"energy_shu/lightning01":{"color":[{"color":"ffffff00"},{"time":0.0444,"color":"ffffffff","curve":"stepped"},{"time":0.4444,"color":"ffffffff"},{"time":0.5333,"color":"ffffff00"}],"attachment":[{"name":"energy_shu/lightning01"},{"time":0.0444,"name":"energy_shu/lightning02"},{"time":0.0889,"name":"energy_shu/lightning03"},{"time":0.1333,"name":"energy_shu/lightning04"},{"time":0.1778,"name":"energy_shu/lightning01"},{"time":0.2222,"name":"energy_shu/lightning02"},{"time":0.2667,"name":"energy_shu/lightning03"},{"time":0.3111,"name":"energy_shu/lightning04"},{"time":0.3556,"name":"energy_shu/lightning01"},{"time":0.4,"name":"energy_shu/lightning02"},{"time":0.4444,"name":"energy_shu/lightning03"},{"time":0.4889,"name":"energy_shu/lightning04"},{"time":0.5333,"name":null}]},"energy_shu/lightning1":{"color":[{"color":"ffffff00"},{"time":0.0444,"color":"ffffffff","curve":"stepped"},{"time":0.4444,"color":"ffffffff"},{"time":0.5333,"color":"ffffff00"}]},"energy_yanwu/energy_yanwu_0":{"attachment":[{"time":0.0889,"name":"energy_yanwu/energy_yanwu_00"},{"time":0.1333,"name":"energy_yanwu/energy_yanwu_01"},{"time":0.1556,"name":"energy_yanwu/energy_yanwu_02"},{"time":0.2,"name":"energy_yanwu/energy_yanwu_03"},{"time":0.2222,"name":"energy_yanwu/energy_yanwu_04"},{"time":0.2667,"name":"energy_yanwu/energy_yanwu_05"},{"time":0.2889,"name":"energy_yanwu/energy_yanwu_06"},{"time":0.3333,"name":"energy_yanwu/energy_yanwu_07"},{"time":0.3778,"name":"energy_yanwu/energy_yanwu_08"},{"time":0.4,"name":"energy_yanwu/energy_yanwu_09"},{"time":0.4444,"name":"energy_yanwu/energy_yanwu_10"},{"time":0.4667,"name":"energy_yanwu/energy_yanwu_11"},{"time":0.5111,"name":"energy_yanwu/energy_yanwu_12"},{"time":0.5333,"name":"energy_yanwu/energy_yanwu_13"},{"time":0.5778,"name":"energy_yanwu/energy_yanwu_14"},{"time":0.6,"name":"energy_yanwu/energy_yanwu_15"},{"time":0.6444,"name":"energy_yanwu/energy_yanwu_16"},{"time":0.6889,"name":"energy_yanwu/energy_yanwu_17"},{"time":0.7111,"name":"energy_yanwu/energy_yanwu_18"},{"time":0.7333,"name":"energy_yanwu/energy_yanwu_19"},{"time":0.7556,"name":"energy_yanwu/energy_yanwu_20"},{"time":0.7778,"name":"energy_yanwu/energy_yanwu_21"},{"time":0.8,"name":"energy_yanwu/energy_yanwu_22"},{"time":0.8222,"name":"energy_yanwu/energy_yanwu_23"},{"time":0.8444,"name":null}]},"energy_yanwu/energy_yanwu_00":{"attachment":[{"time":0.0889,"name":"energy_yanwu/energy_yanwu_00"},{"time":0.1333,"name":"energy_yanwu/energy_yanwu_01"},{"time":0.1556,"name":"energy_yanwu/energy_yanwu_02"},{"time":0.2,"name":"energy_yanwu/energy_yanwu_03"},{"time":0.2222,"name":"energy_yanwu/energy_yanwu_04"},{"time":0.2667,"name":"energy_yanwu/energy_yanwu_05"},{"time":0.2889,"name":"energy_yanwu/energy_yanwu_06"},{"time":0.3333,"name":"energy_yanwu/energy_yanwu_07"},{"time":0.3778,"name":"energy_yanwu/energy_yanwu_08"},{"time":0.4,"name":"energy_yanwu/energy_yanwu_09"},{"time":0.4444,"name":"energy_yanwu/energy_yanwu_10"},{"time":0.4667,"name":"energy_yanwu/energy_yanwu_11"},{"time":0.5111,"name":"energy_yanwu/energy_yanwu_12"},{"time":0.5333,"name":"energy_yanwu/energy_yanwu_13"},{"time":0.5778,"name":"energy_yanwu/energy_yanwu_14"},{"time":0.6,"name":"energy_yanwu/energy_yanwu_15"},{"time":0.6444,"name":"energy_yanwu/energy_yanwu_16"},{"time":0.6889,"name":"energy_yanwu/energy_yanwu_17"},{"time":0.7111,"name":"energy_yanwu/energy_yanwu_18"},{"time":0.7333,"name":"energy_yanwu/energy_yanwu_19"},{"time":0.7556,"name":"energy_yanwu/energy_yanwu_20"},{"time":0.7778,"name":"energy_yanwu/energy_yanwu_21"},{"time":0.8,"name":"energy_yanwu/energy_yanwu_22"},{"time":0.8222,"name":"energy_yanwu/energy_yanwu_23"},{"time":0.8444,"name":null}]}},"bones":{"energy_shu":{"rotate":[{"angle":-90}],"translate":[{"y":828.91},{"time":0.0889,"y":145.25}],"scale":[{"x":1.724,"y":0.404},{"time":0.1556,"x":1.724,"y":0.802}]},"bg":{"translate":[{"x":17.62,"y":-80.86}]}}},"mahjongabove _Win_shouhuipai":{"slots":{"energy_shouhuimajiang/shouhuimajiang_0":{"attachment":[{"name":"energy_shouhuimajiang/shouhuimajiang_00"},{"time":0.0667,"name":"energy_shouhuimajiang/shouhuimajiang_02"},{"time":0.1333,"name":"energy_shouhuimajiang/shouhuimajiang_04"},{"time":0.2,"name":"energy_shouhuimajiang/shouhuimajiang_06"},{"time":0.2667,"name":"energy_shouhuimajiang/shouhuimajiang_08"},{"time":0.3333,"name":"energy_shouhuimajiang/shouhuimajiang_10"},{"time":0.4,"name":"energy_shouhuimajiang/shouhuimajiang_12"},{"time":0.4667,"name":"energy_shouhuimajiang/shouhuimajiang_14"},{"time":0.5333,"name":"energy_shouhuimajiang/shouhuimajiang_16"},{"time":0.6,"name":"energy_shouhuimajiang/shouhuimajiang_18"},{"time":0.6667,"name":"energy_shouhuimajiang/shouhuimajiang_20"},{"time":0.7333,"name":"energy_shouhuimajiang/shouhuimajiang_22"},{"time":0.8,"name":null}]},"energy_shouhuimajiang/shouhuimajiang_00":{"attachment":[{"name":"energy_shouhuimajiang/shouhuimajiang_00"},{"time":0.0667,"name":"energy_shouhuimajiang/shouhuimajiang_02"},{"time":0.1333,"name":"energy_shouhuimajiang/shouhuimajiang_04"},{"time":0.2,"name":"energy_shouhuimajiang/shouhuimajiang_06"},{"time":0.2667,"name":"energy_shouhuimajiang/shouhuimajiang_08"},{"time":0.3333,"name":"energy_shouhuimajiang/shouhuimajiang_10"},{"time":0.4,"name":"energy_shouhuimajiang/shouhuimajiang_12"},{"time":0.4667,"name":"energy_shouhuimajiang/shouhuimajiang_14"},{"time":0.5333,"name":"energy_shouhuimajiang/shouhuimajiang_16"},{"time":0.6,"name":"energy_shouhuimajiang/shouhuimajiang_18"},{"time":0.6667,"name":"energy_shouhuimajiang/shouhuimajiang_20"},{"time":0.7333,"name":"energy_shouhuimajiang/shouhuimajiang_22"},{"time":0.8,"name":null}]}},"bones":{"bg":{"translate":[{"x":177.89,"y":-233.87}]}}},"mahjongabove _chowpongkong":{"slots":{"energy_chipenggangmajiang/smoke_00":{"attachment":[{"name":"energy_chipenggangmajiang/smoke_00"},{"time":0.0222,"name":"energy_chipenggangmajiang/smoke_01"},{"time":0.0444,"name":"energy_chipenggangmajiang/smoke_02"},{"time":0.0667,"name":"energy_chipenggangmajiang/smoke_03"},{"time":0.0889,"name":"energy_chipenggangmajiang/smoke_04"},{"time":0.1111,"name":"energy_chipenggangmajiang/smoke_05"},{"time":0.1333,"name":"energy_chipenggangmajiang/smoke_06"},{"time":0.1556,"name":"energy_chipenggangmajiang/smoke_07"},{"time":0.1778,"name":"energy_chipenggangmajiang/smoke_08"},{"time":0.2,"name":"energy_chipenggangmajiang/smoke_09"},{"time":0.2222,"name":"energy_chipenggangmajiang/smoke_10"},{"time":0.2444,"name":"energy_chipenggangmajiang/smoke_11"},{"time":0.2667,"name":"energy_chipenggangmajiang/smoke_12"},{"time":0.2889,"name":"energy_chipenggangmajiang/smoke_13"},{"time":0.3111,"name":"energy_chipenggangmajiang/smoke_14"},{"time":0.3333,"name":"energy_chipenggangmajiang/smoke_15"},{"time":0.3556,"name":"energy_chipenggangmajiang/smoke_16"},{"time":0.3778,"name":"energy_chipenggangmajiang/smoke_17"},{"time":0.4,"name":"energy_chipenggangmajiang/smoke_18"},{"time":0.4222,"name":"energy_chipenggangmajiang/smoke_19"},{"time":0.4444,"name":"energy_chipenggangmajiang/smoke_20"},{"time":0.4667,"name":"energy_chipenggangmajiang/smoke_21"},{"time":0.4889,"name":"energy_chipenggangmajiang/smoke_22"},{"time":0.5111,"name":"energy_chipenggangmajiang/smoke_23"},{"time":0.5333,"name":null}]}},"bones":{"bg":{"translate":[{"x":-439.62,"y":-316.28}]}}},"text_Chow":{"slots":{"bg_shuimo":{"color":[{"time":0.4444,"color":"ffffff00"},{"time":0.9333,"color":"ffffffff"}],"attachment":[{"time":0.4444,"name":"bg_shuimo"}]},"chi":{"attachment":[{"time":0.2222,"name":"chi"}]},"chi2":{"color":[{"time":0.2222,"color":"ffffffff"},{"time":0.4,"color":"ffffff00"}],"attachment":[{"name":"chi"}]},"chi_light_1":{"color":[{"color":"ffffff00"},{"time":0.1333,"color":"ffffffff","curve":"stepped"},{"time":0.3556,"color":"ffffffff"},{"time":0.4444,"color":"ffffff03"}],"attachment":[{"name":"chi_light"}]},"chi_light_2":{"color":[{"time":0.5778,"color":"ffffffff"},{"time":0.7111,"color":"ffffff00"}],"attachment":[{"time":0.4,"name":"chi_light"}]},"shuimo_frame/shuimo_0":{"attachment":[{"time":0.3333,"name":"shuimo_frame/shuimo_00"},{"time":0.3556,"name":"shuimo_frame/shuimo_01"},{"time":0.3778,"name":"shuimo_frame/shuimo_02"},{"time":0.4,"name":"shuimo_frame/shuimo_03"},{"time":0.4222,"name":"shuimo_frame/shuimo_04"},{"time":0.4444,"name":"shuimo_frame/shuimo_05"},{"time":0.4667,"name":"shuimo_frame/shuimo_06"},{"time":0.4889,"name":"shuimo_frame/shuimo_07"},{"time":0.5111,"name":"shuimo_frame/shuimo_08"},{"time":0.5333,"name":"shuimo_frame/shuimo_09"},{"time":0.5556,"name":"shuimo_frame/shuimo_10"},{"time":0.5778,"name":"shuimo_frame/shuimo_11"},{"time":0.6,"name":"shuimo_frame/shuimo_12"},{"time":0.6222,"name":"shuimo_frame/shuimo_13"},{"time":0.6444,"name":null}]},"shuimo_frame/shuimo_00":{"attachment":[{"time":0.3333,"name":"shuimo_frame/shuimo_00"},{"time":0.3556,"name":"shuimo_frame/shuimo_01"},{"time":0.3778,"name":"shuimo_frame/shuimo_02"},{"time":0.4,"name":"shuimo_frame/shuimo_03"},{"time":0.4222,"name":"shuimo_frame/shuimo_04"},{"time":0.4444,"name":"shuimo_frame/shuimo_05"},{"time":0.4667,"name":"shuimo_frame/shuimo_06"},{"time":0.4889,"name":"shuimo_frame/shuimo_07"},{"time":0.5111,"name":"shuimo_frame/shuimo_08"},{"time":0.5333,"name":"shuimo_frame/shuimo_09"},{"time":0.5556,"name":"shuimo_frame/shuimo_10"},{"time":0.5778,"name":"shuimo_frame/shuimo_11"},{"time":0.6,"name":"shuimo_frame/shuimo_12"},{"time":0.6222,"name":"shuimo_frame/shuimo_13"},{"time":0.6444,"name":null}]}},"bones":{"chi":{"scale":[{"time":0.2222,"x":1.3,"y":1.3},{"time":0.3111,"x":1.804,"y":1.804},{"time":0.4,"x":1.3,"y":1.3}]},"chi2":{"scale":[{"x":1.8,"y":1.8},{"time":0.0222,"x":2,"y":2},{"time":0.1333,"x":1.618,"y":1.618},{"time":0.1778,"x":3.028,"y":3.028},{"time":0.2222,"x":1.3,"y":1.3},{"time":0.4,"x":3.133,"y":3.133}]},"chi_light":{"scale":[{"x":1.8,"y":1.8},{"time":0.0222,"x":2,"y":2},{"time":0.1333,"x":1.618,"y":1.618},{"time":0.1778,"x":3.028,"y":3.028},{"time":0.2222,"x":1.3,"y":1.3},{"time":0.4444,"x":4.845,"y":4.845}]},"chi_light2":{"scale":[{"time":0.4,"x":1.15,"y":1.15},{"time":0.6222,"x":1.766,"y":1.766}]}}},"text_Kong":{"slots":{"bg_shuimo":{"color":[{"time":0.4444,"color":"ffffff00"},{"time":0.9333,"color":"ffffffff"}],"attachment":[{"time":0.4444,"name":"bg_shuimo"}]},"gang":{"attachment":[{"time":0.2222,"name":"gang"}]},"gang2":{"color":[{"time":0.2222,"color":"ffffffff"},{"time":0.4,"color":"ffffff00"}],"attachment":[{"name":"gang"}]},"gang_light_0":{"color":[{"time":0.5778,"color":"ffffffff"},{"time":0.6667,"color":"ffffff00"}],"attachment":[{"time":0.4,"name":"gang_light"}]},"gang_light_00":{"color":[{"color":"ffffff00"},{"time":0.1333,"color":"ffffffff","curve":"stepped"},{"time":0.3333,"color":"ffffffff"},{"time":0.4,"color":"ffffff03"}],"attachment":[{"name":"gang_light"}]},"shuimo_frame/shuimo_0":{"attachment":[{"time":0.3333,"name":"shuimo_frame/shuimo_00"},{"time":0.3556,"name":"shuimo_frame/shuimo_01"},{"time":0.3778,"name":"shuimo_frame/shuimo_02"},{"time":0.4,"name":"shuimo_frame/shuimo_03"},{"time":0.4222,"name":"shuimo_frame/shuimo_04"},{"time":0.4444,"name":"shuimo_frame/shuimo_05"},{"time":0.4667,"name":"shuimo_frame/shuimo_06"},{"time":0.4889,"name":"shuimo_frame/shuimo_07"},{"time":0.5111,"name":"shuimo_frame/shuimo_08"},{"time":0.5333,"name":"shuimo_frame/shuimo_09"},{"time":0.5556,"name":"shuimo_frame/shuimo_10"},{"time":0.5778,"name":"shuimo_frame/shuimo_11"},{"time":0.6,"name":"shuimo_frame/shuimo_12"},{"time":0.6222,"name":"shuimo_frame/shuimo_13"},{"time":0.6444,"name":null}]},"shuimo_frame/shuimo_00":{"attachment":[{"time":0.3333,"name":"shuimo_frame/shuimo_00"},{"time":0.3556,"name":"shuimo_frame/shuimo_01"},{"time":0.3778,"name":"shuimo_frame/shuimo_02"},{"time":0.4,"name":"shuimo_frame/shuimo_03"},{"time":0.4222,"name":"shuimo_frame/shuimo_04"},{"time":0.4444,"name":"shuimo_frame/shuimo_05"},{"time":0.4667,"name":"shuimo_frame/shuimo_06"},{"time":0.4889,"name":"shuimo_frame/shuimo_07"},{"time":0.5111,"name":"shuimo_frame/shuimo_08"},{"time":0.5333,"name":"shuimo_frame/shuimo_09"},{"time":0.5556,"name":"shuimo_frame/shuimo_10"},{"time":0.5778,"name":"shuimo_frame/shuimo_11"},{"time":0.6,"name":"shuimo_frame/shuimo_12"},{"time":0.6222,"name":"shuimo_frame/shuimo_13"},{"time":0.6444,"name":null}]}},"bones":{"gang":{"scale":[{"time":0.2222,"x":1.3,"y":1.3},{"time":0.3111,"x":1.804,"y":1.804},{"time":0.4,"x":1.3,"y":1.3}]},"gang_light":{"scale":[{"x":1.8,"y":1.8},{"time":0.0222,"x":2,"y":2},{"time":0.1333,"x":1.618,"y":1.618},{"time":0.1778,"x":3.028,"y":3.028},{"time":0.2222,"x":1.3,"y":1.3},{"time":0.4,"x":4.411,"y":4.411}]},"gang2":{"scale":[{"x":1.8,"y":1.8},{"time":0.0222,"x":2,"y":2},{"time":0.1333,"x":1.618,"y":1.618},{"time":0.1778,"x":3.028,"y":3.028},{"time":0.2222,"x":1.3,"y":1.3},{"time":0.4,"x":3.133,"y":3.133}]},"gang_light2":{"scale":[{"time":0.4,"x":1.15,"y":1.15},{"time":0.6667,"x":1.766,"y":1.766}]}}},"text_Pong":{"slots":{"bg_shuimo":{"color":[{"time":0.4444,"color":"ffffff00"},{"time":0.9333,"color":"ffffffff"}],"attachment":[{"time":0.4444,"name":"bg_shuimo"}]},"peng":{"attachment":[{"time":0.2222,"name":"peng"}]},"peng2":{"color":[{"time":0.2222,"color":"ffffffff"},{"time":0.4,"color":"ffffff00"}],"attachment":[{"name":"peng"}]},"peng_light_1":{"color":[{"color":"ffffff00"},{"time":0.1333,"color":"ffffffff","curve":"stepped"},{"time":0.3556,"color":"ffffffff"},{"time":0.4444,"color":"ffffff03"}],"attachment":[{"name":"peng_light"}]},"peng_light_2":{"color":[{"time":0.5778,"color":"ffffffff"},{"time":0.7111,"color":"ffffff00"}],"attachment":[{"time":0.4,"name":"peng_light"}]},"shuimo_frame/shuimo_0":{"attachment":[{"time":0.3333,"name":"shuimo_frame/shuimo_00"},{"time":0.3556,"name":"shuimo_frame/shuimo_01"},{"time":0.3778,"name":"shuimo_frame/shuimo_02"},{"time":0.4,"name":"shuimo_frame/shuimo_03"},{"time":0.4222,"name":"shuimo_frame/shuimo_04"},{"time":0.4444,"name":"shuimo_frame/shuimo_05"},{"time":0.4667,"name":"shuimo_frame/shuimo_06"},{"time":0.4889,"name":"shuimo_frame/shuimo_07"},{"time":0.5111,"name":"shuimo_frame/shuimo_08"},{"time":0.5333,"name":"shuimo_frame/shuimo_09"},{"time":0.5556,"name":"shuimo_frame/shuimo_10"},{"time":0.5778,"name":"shuimo_frame/shuimo_11"},{"time":0.6,"name":"shuimo_frame/shuimo_12"},{"time":0.6222,"name":"shuimo_frame/shuimo_13"},{"time":0.6444,"name":null}]},"shuimo_frame/shuimo_00":{"attachment":[{"time":0.3333,"name":"shuimo_frame/shuimo_00"},{"time":0.3556,"name":"shuimo_frame/shuimo_01"},{"time":0.3778,"name":"shuimo_frame/shuimo_02"},{"time":0.4,"name":"shuimo_frame/shuimo_03"},{"time":0.4222,"name":"shuimo_frame/shuimo_04"},{"time":0.4444,"name":"shuimo_frame/shuimo_05"},{"time":0.4667,"name":"shuimo_frame/shuimo_06"},{"time":0.4889,"name":"shuimo_frame/shuimo_07"},{"time":0.5111,"name":"shuimo_frame/shuimo_08"},{"time":0.5333,"name":"shuimo_frame/shuimo_09"},{"time":0.5556,"name":"shuimo_frame/shuimo_10"},{"time":0.5778,"name":"shuimo_frame/shuimo_11"},{"time":0.6,"name":"shuimo_frame/shuimo_12"},{"time":0.6222,"name":"shuimo_frame/shuimo_13"},{"time":0.6444,"name":null}]}},"bones":{"peng":{"scale":[{"time":0.2222,"x":1.3,"y":1.3},{"time":0.3111,"x":1.804,"y":1.804},{"time":0.4,"x":1.3,"y":1.3}]},"peng2":{"scale":[{"x":1.8,"y":1.8},{"time":0.0222,"x":2,"y":2},{"time":0.1333,"x":1.618,"y":1.618},{"time":0.1778,"x":3.028,"y":3.028},{"time":0.2222,"x":1.3,"y":1.3},{"time":0.4,"x":3.133,"y":3.133}]},"peng_light":{"scale":[{"x":1.8,"y":1.8},{"time":0.0222,"x":2,"y":2},{"time":0.1333,"x":1.618,"y":1.618},{"time":0.1778,"x":3.028,"y":3.028},{"time":0.2222,"x":1.3,"y":1.3},{"time":0.4444,"x":4.158,"y":4.158}]},"peng_light2":{"scale":[{"time":0.4,"x":1.15,"y":1.15},{"time":0.6222,"x":1.766,"y":1.766}]}}},"text_ReadyHand":{"slots":{"bg_shuimo":{"color":[{"time":0.4444,"color":"ffffff00"},{"time":0.9333,"color":"ffffffff"}],"attachment":[{"time":0.6667,"name":"bg_shuimo"}]},"shuimo_frame/shuimo_0":{"attachment":[{"time":0.3333,"name":"shuimo_frame/shuimo_00"},{"time":0.3556,"name":"shuimo_frame/shuimo_01"},{"time":0.3778,"name":"shuimo_frame/shuimo_02"},{"time":0.4,"name":"shuimo_frame/shuimo_03"},{"time":0.4222,"name":"shuimo_frame/shuimo_04"},{"time":0.4444,"name":"shuimo_frame/shuimo_05"},{"time":0.4667,"name":"shuimo_frame/shuimo_06"},{"time":0.4889,"name":"shuimo_frame/shuimo_07"},{"time":0.5111,"name":"shuimo_frame/shuimo_08"},{"time":0.5333,"name":"shuimo_frame/shuimo_09"},{"time":0.5556,"name":"shuimo_frame/shuimo_10"},{"time":0.5778,"name":"shuimo_frame/shuimo_11"},{"time":0.6,"name":"shuimo_frame/shuimo_12"},{"time":0.6222,"name":"shuimo_frame/shuimo_13"},{"time":0.6444,"name":null}]},"shuimo_frame/shuimo_00":{"attachment":[{"time":0.3333,"name":"shuimo_frame/shuimo_00"},{"time":0.3556,"name":"shuimo_frame/shuimo_01"},{"time":0.3778,"name":"shuimo_frame/shuimo_02"},{"time":0.4,"name":"shuimo_frame/shuimo_03"},{"time":0.4222,"name":"shuimo_frame/shuimo_04"},{"time":0.4444,"name":"shuimo_frame/shuimo_05"},{"time":0.4667,"name":"shuimo_frame/shuimo_06"},{"time":0.4889,"name":"shuimo_frame/shuimo_07"},{"time":0.5111,"name":"shuimo_frame/shuimo_08"},{"time":0.5333,"name":"shuimo_frame/shuimo_09"},{"time":0.5556,"name":"shuimo_frame/shuimo_10"},{"time":0.5778,"name":"shuimo_frame/shuimo_11"},{"time":0.6,"name":"shuimo_frame/shuimo_12"},{"time":0.6222,"name":"shuimo_frame/shuimo_13"},{"time":0.6444,"name":null}]},"ting":{"attachment":[{"time":0.2222,"name":"ting"}]},"ting2":{"color":[{"time":0.2222,"color":"ffffffff"},{"time":0.4,"color":"ffffff00"}],"attachment":[{"name":"ting"}]},"ting_light_1":{"color":[{"color":"ffffff00"},{"time":0.1333,"color":"ffffffff","curve":"stepped"},{"time":0.3556,"color":"ffffffff"},{"time":0.4444,"color":"ffffff03"}],"attachment":[{"name":"ting_light"}]},"ting_light_2":{"color":[{"time":0.5778,"color":"ffffffff"},{"time":0.7111,"color":"ffffff00"}],"attachment":[{"time":0.4,"name":"ting_light"}]}},"bones":{"ting":{"scale":[{"time":0.2222,"x":1.3,"y":1.3},{"time":0.3111,"x":1.804,"y":1.804},{"time":0.4,"x":1.3,"y":1.3}]},"ting2":{"scale":[{"x":1.8,"y":1.8},{"time":0.0222,"x":2,"y":2},{"time":0.1333,"x":1.618,"y":1.618},{"time":0.1778,"x":3.028,"y":3.028},{"time":0.2222,"x":1.3,"y":1.3},{"time":0.4,"x":3.133,"y":3.133}]},"ting_light":{"scale":[{"x":1.8,"y":1.8},{"time":0.0222,"x":2,"y":2},{"time":0.1333,"x":1.618,"y":1.618},{"time":0.1778,"x":3.028,"y":3.028},{"time":0.2222,"x":1.3,"y":1.3},{"time":0.4444,"x":3.133,"y":3.133}]},"ting_light2":{"scale":[{"time":0.4,"x":1.15,"y":1.15},{"time":0.6222,"x":1.766,"y":1.766}]}}},"text_SelfDrawWin":{"slots":{"SelfDrawWin_hua":{"attachment":[{"time":0.3111,"name":"SelfDrawWin_hua"}]},"SelfDrawWin_shou":{"attachment":[{"time":0.3111,"name":"SelfDrawWin_shou"}]},"SelfDrawWin_shou2":{"attachment":[{"time":0.3111,"name":"SelfDrawWin_shou"}]},"hua1":{"color":[{"time":0.0667,"color":"ffffff00"},{"time":0.3556,"color":"ffffffff","curve":"stepped"},{"time":0.7778,"color":"ffffffff"},{"time":1.0667,"color":"ffffff00"}],"attachment":[{"time":0.0667,"name":"hua1"}]},"hua2":{"color":[{"color":"ffffff00"},{"time":0.1778,"color":"ffffffff","curve":"stepped"},{"time":0.6444,"color":"ffffffff"},{"time":0.9333,"color":"ffffff00"}],"attachment":[{"name":"hua2"}]},"hua3":{"color":[{"time":0.1111,"color":"ffffff00"},{"time":0.3556,"color":"ffffffff","curve":"stepped"},{"time":0.7556,"color":"ffffffff"},{"time":1.0444,"color":"ffffff00"}],"attachment":[{"time":0.1111,"name":"hua3"}]},"hua4":{"color":[{"time":0.0667,"color":"ffffff00"},{"time":0.2889,"color":"ffffffff","curve":"stepped"},{"time":0.6222,"color":"ffffffff"},{"time":1.0444,"color":"ffffff00"}],"attachment":[{"time":0.0667,"name":"hua4"}]},"hua5":{"color":[{"color":"ffffff00"},{"time":0.3333,"color":"ffffffff","curve":"stepped"},{"time":0.5556,"color":"ffffffff"},{"time":0.9778,"color":"ffffff00"}],"attachment":[{"name":"hua5"}]},"yanhua/yanhua_0":{"attachment":[{"time":0.3778,"name":"yanhua/yanhua_00"},{"time":0.4667,"name":"yanhua/yanhua_01"},{"time":0.5556,"name":"yanhua/yanhua_02"},{"time":0.6444,"name":"yanhua/yanhua_03"},{"time":0.7333,"name":"yanhua/yanhua_04"},{"time":0.8222,"name":"yanhua/yanhua_05"},{"time":0.9111,"name":"yanhua/yanhua_06"},{"time":1,"name":"yanhua/yanhua_07"},{"time":1.0889,"name":"yanhua/yanhua_08"},{"time":1.1778,"name":"yanhua/yanhua_09"},{"time":1.2444,"name":null}]},"yanhua/yanhua_00":{"attachment":[{"name":"yanhua/yanhua_00"},{"time":0.0889,"name":"yanhua/yanhua_01"},{"time":0.1778,"name":"yanhua/yanhua_02"},{"time":0.2667,"name":"yanhua/yanhua_03"},{"time":0.3556,"name":"yanhua/yanhua_04"},{"time":0.4444,"name":"yanhua/yanhua_05"},{"time":0.5333,"name":"yanhua/yanhua_06"},{"time":0.6222,"name":"yanhua/yanhua_07"},{"time":0.7111,"name":"yanhua/yanhua_08"},{"time":0.8,"name":"yanhua/yanhua_09"},{"time":0.8667,"name":null}]},"yanhua/yanhua_1":{"attachment":[{"time":0.1111,"name":"yanhua/yanhua_00"},{"time":0.2,"name":"yanhua/yanhua_01"},{"time":0.2889,"name":"yanhua/yanhua_02"},{"time":0.3778,"name":"yanhua/yanhua_03"},{"time":0.4667,"name":"yanhua/yanhua_04"},{"time":0.5556,"name":"yanhua/yanhua_05"},{"time":0.6444,"name":"yanhua/yanhua_06"},{"time":0.7333,"name":"yanhua/yanhua_07"},{"time":0.8222,"name":"yanhua/yanhua_08"},{"time":0.9111,"name":"yanhua/yanhua_09"},{"time":0.9778,"name":null}]},"yanhua/yanhua_2":{"attachment":[{"time":0.2444,"name":"yanhua/yanhua_00"},{"time":0.3333,"name":"yanhua/yanhua_01"},{"time":0.4222,"name":"yanhua/yanhua_02"},{"time":0.5111,"name":"yanhua/yanhua_03"},{"time":0.6,"name":"yanhua/yanhua_04"},{"time":0.6889,"name":"yanhua/yanhua_05"},{"time":0.7778,"name":"yanhua/yanhua_06"},{"time":0.8667,"name":"yanhua/yanhua_07"},{"time":0.9556,"name":"yanhua/yanhua_08"},{"time":1.0444,"name":"yanhua/yanhua_09"},{"time":1.1111,"name":null}]},"zimo":{"attachment":[{"time":0.2222,"name":"SelfDrawWin"}]},"zimo2":{"color":[{"time":0.2222,"color":"ffffffff"},{"time":0.4,"color":"ffffff00"}],"attachment":[{"name":"SelfDrawWin"}]},"zimo_light_1":{"color":[{"color":"ffffff00"},{"time":0.1333,"color":"ffffffff","curve":"stepped"},{"time":0.3556,"color":"ffffffff"},{"time":0.4444,"color":"ffffff03"}],"attachment":[{"name":"zimo_light"}]},"zimo_light_2":{"color":[{"time":0.5778,"color":"ffffffff"},{"time":0.7778,"color":"ffffff74"}],"attachment":[{"time":0.4,"name":"zimo_light"}]}},"bones":{"zimo":{"scale":[{"time":0.2222,"x":1.3,"y":1.3},{"time":0.3111,"x":1.804,"y":1.804},{"time":0.4,"x":1.3,"y":1.3}]},"zimo2":{"scale":[{"x":1.8,"y":1.8},{"time":0.0222,"x":2,"y":2},{"time":0.1333,"x":1.618,"y":1.618},{"time":0.1778,"x":3.028,"y":3.028},{"time":0.2222,"x":1.3,"y":1.3},{"time":0.4,"x":3.133,"y":3.133}]},"zimo_light":{"scale":[{"x":1.8,"y":1.8},{"time":0.0222,"x":2,"y":2},{"time":0.1333,"x":1.618,"y":1.618},{"time":0.1778,"x":3.028,"y":3.028},{"time":0.2222,"x":1.3,"y":1.3},{"time":0.4444,"x":3.133,"y":3.133}]},"zimo_light2":{"scale":[{"time":0.4,"x":1.15,"y":1.15},{"time":0.6222,"x":2.167,"y":2.167},{"time":0.7778,"x":1.203,"y":1.203}]},"SelfDrawWin_hua":{"translate":[{"time":0.3111,"y":-86.22},{"time":0.6222,"x":-16.23,"y":-20.28}],"scale":[{"time":0.3111,"x":0,"y":0},{"time":0.6222,"x":1.685,"y":1.685}]},"SelfDrawWin_shou":{"translate":[{"time":0.3111,"x":84.69,"y":95.37},{"time":0.6222,"x":27.59,"y":82.36}],"scale":[{"time":0.3111,"x":0.74,"y":0.74},{"time":0.6222,"x":1.749,"y":1.749}]},"hua1":{"rotate":[{"time":0.0667},{"time":0.3333,"angle":-90},{"time":0.5778,"angle":180},{"time":0.8,"angle":90},{"time":1.0667}],"translate":[{"time":0.0667,"x":205.41,"y":126.69,"curve":0.25,"c3":0.75},{"time":1.0667,"x":147.6,"y":-51.66}]},"hua2":{"rotate":[{},{"time":0.2667,"angle":-90},{"time":0.5333,"angle":180},{"time":0.8,"angle":90},{"time":1.0667}],"translate":[{"x":-18.45,"y":107.01,"curve":0.267,"c3":0.618,"c4":0.42},{"time":0.3333,"x":-10.6,"y":58.81,"curve":0.323,"c2":0.3,"c3":0.675,"c4":0.69},{"time":0.7111,"x":-99.17,"y":-24.04,"curve":0.382,"c2":0.57,"c3":0.735},{"time":1.0667,"x":-100.86,"y":-76.26}]},"hua3":{"translate":[{"time":0.1111,"x":-226.32,"y":73.8,"curve":0.25,"c3":0.75},{"time":1.0444,"x":-284.13,"y":-104.55}]},"hua4":{"translate":[{"time":0.0667,"x":234.93,"y":2.46,"curve":0.25,"c3":0.75},{"time":0.4,"x":172.2,"y":-6.15},{"time":0.7111,"x":237.39,"y":-50.43},{"time":1.0444,"x":136.53,"y":-87.33}]},"hua5":{"rotate":[{},{"time":0.2444,"angle":-90},{"time":0.4889,"angle":180},{"time":0.7333,"angle":90},{"time":0.9778}],"translate":[{"x":97.16,"y":111.58,"curve":0.331,"c2":0.32,"c3":0.664,"c4":0.66},{"time":0.9778,"x":-39.36,"y":-172.2}]},"yanhua":{"translate":[{"x":-154.63,"y":68.32}],"scale":[{"x":1.554,"y":1.554}]},"yanhua2":{"translate":[{"time":0.3778,"x":-79.11,"y":-35.96}],"scale":[{"time":0.3778,"x":1.554,"y":1.554}]},"yanhua3":{"translate":[{"time":0.1111,"x":178,"y":86.3}],"scale":[{"time":0.1111,"x":1.978,"y":1.978}]},"yanhua4":{"translate":[{"time":0.2444,"x":131.25,"y":-44.95}],"scale":[{"time":0.2444,"x":1.554,"y":1.554}]}}},"text_Win":{"slots":{"Win_particular/win_particular_00":{"color":[{"color":"ffffffd2","curve":"stepped"},{"time":0.7111,"color":"ffffffd2"},{"time":1.0222,"color":"ffffff00"}],"attachment":[{"name":"Win_particular/win_particular_00"},{"time":0.0444,"name":"Win_particular/win_particular_01"},{"time":0.0889,"name":"Win_particular/win_particular_02"},{"time":0.1333,"name":"Win_particular/win_particular_03"},{"time":0.1778,"name":"Win_particular/win_particular_04"},{"time":0.2222,"name":"Win_particular/win_particular_05"},{"time":0.2667,"name":"Win_particular/win_particular_06"},{"time":0.3111,"name":"Win_particular/win_particular_07"},{"time":0.3556,"name":"Win_particular/win_particular_08"},{"time":0.4,"name":"Win_particular/win_particular_09"},{"time":0.4444,"name":"Win_particular/win_particular_10"},{"time":0.4889,"name":"Win_particular/win_particular_11"},{"time":0.5333,"name":"Win_particular/win_particular_12"},{"time":0.5778,"name":"Win_particular/win_particular_13"},{"time":0.6222,"name":"Win_particular/win_particular_14"},{"time":0.6667,"name":"Win_particular/win_particular_15"},{"time":0.7111,"name":"Win_particular/win_particular_16"},{"time":0.7333,"name":"Win_particular/win_particular_17"},{"time":0.7778,"name":"Win_particular/win_particular_18"},{"time":0.8,"name":"Win_particular/win_particular_19"},{"time":0.8444,"name":"Win_particular/win_particular_20"},{"time":0.8889,"name":"Win_particular/win_particular_21"},{"time":0.9111,"name":"Win_particular/win_particular_22"},{"time":0.9556,"name":"Win_particular/win_particular_23"},{"time":0.9778,"name":"Win_particular/win_particular_24"},{"time":1.0222,"name":null}]},"bg_shuimo":{"color":[{"time":0.4444,"color":"ffffff00"},{"time":0.9778,"color":"ffffffff"}],"attachment":[{"time":0.4444,"name":"bg_shuimo"}]},"hu":{"attachment":[{"time":0.2222,"name":"hu"}]},"hu2":{"color":[{"time":0.2889,"color":"ffffffff"},{"time":0.4444,"color":"ffffff00"}],"attachment":[{"name":"hu"}]},"hu_light_1":{"color":[{"time":0.4889,"color":"ffffffff"},{"time":0.6667,"color":"ffffff03"}],"attachment":[{"name":"hu_light"}]},"hu_light_2":{"color":[{"time":0.5778,"color":"ffffffff"},{"time":0.7111,"color":"ffffff00"}],"attachment":[{"time":0.4,"name":"hu_light"}]},"hu_light_3":{"color":[{"time":0.4889,"color":"ffffffff"},{"time":0.6667,"color":"ffffff03"}]},"shuimo_frame/shuimo_0":{"color":[{"color":"ff4949ff"}],"attachment":[{"time":0.3333,"name":"shuimo_frame/shuimo_00"},{"time":0.3778,"name":"shuimo_frame/shuimo_01"},{"time":0.4222,"name":"shuimo_frame/shuimo_02"},{"time":0.4667,"name":"shuimo_frame/shuimo_03"},{"time":0.5111,"name":"shuimo_frame/shuimo_04"},{"time":0.5556,"name":"shuimo_frame/shuimo_05"},{"time":0.6,"name":"shuimo_frame/shuimo_06"},{"time":0.6222,"name":"shuimo_frame/shuimo_07"},{"time":0.6667,"name":"shuimo_frame/shuimo_08"},{"time":0.7111,"name":"shuimo_frame/shuimo_09"},{"time":0.7333,"name":"shuimo_frame/shuimo_10"},{"time":0.7778,"name":"shuimo_frame/shuimo_11"},{"time":0.8,"name":"shuimo_frame/shuimo_12"},{"time":0.8222,"name":"shuimo_frame/shuimo_13"},{"time":0.8667,"name":null}]},"shuimo_frame/shuimo_00":{"color":[{"color":"ff6060ff"}],"attachment":[{"time":0.3333,"name":"shuimo_frame/shuimo_00"},{"time":0.3778,"name":"shuimo_frame/shuimo_01"},{"time":0.4222,"name":"shuimo_frame/shuimo_02"},{"time":0.4667,"name":"shuimo_frame/shuimo_03"},{"time":0.5111,"name":"shuimo_frame/shuimo_04"},{"time":0.5556,"name":"shuimo_frame/shuimo_05"},{"time":0.6,"name":"shuimo_frame/shuimo_06"},{"time":0.6222,"name":"shuimo_frame/shuimo_07"},{"time":0.6667,"name":"shuimo_frame/shuimo_08"},{"time":0.7111,"name":"shuimo_frame/shuimo_09"},{"time":0.7333,"name":"shuimo_frame/shuimo_10"},{"time":0.7778,"name":"shuimo_frame/shuimo_11"},{"time":0.8,"name":"shuimo_frame/shuimo_12"},{"time":0.8222,"name":"shuimo_frame/shuimo_13"},{"time":0.8667,"name":null}]}},"bones":{"hu":{"scale":[{"time":0.2222,"x":1.3,"y":1.3},{"time":0.3111,"x":1.804,"y":1.804},{"time":0.4,"x":1.3,"y":1.3}]},"hu2":{"scale":[{"x":1.8,"y":1.8},{"time":0.0222,"x":2.5,"y":2.5},{"time":0.1333,"x":1.618,"y":1.618},{"time":0.1778,"x":4,"y":4},{"time":0.2222,"x":1.3,"y":1.3},{"time":0.4444,"x":4,"y":4}]},"hu_light":{"scale":[{"x":1.8,"y":1.8},{"time":0.0222,"x":2.5,"y":2.5},{"time":0.1333,"x":1.618,"y":1.618},{"time":0.1778,"x":4,"y":4},{"time":0.2222,"x":1.3,"y":1.3},{"time":0.4444,"x":4,"y":4}]},"hu_light2":{"scale":[{"time":0.4,"x":1.15,"y":1.15},{"time":0.6222,"x":1.766,"y":1.766}]},"win_particular":{"translate":[{"x":11.11,"y":13.34}],"scale":[{"x":1.636,"y":1.636}]}}}}}