[1,["8d474XddFNKoYzn4GIu28G@6c48a"],0,[["sp.SkeletonData",["_name","_atlasText","textureNames","_skeletonJson","textures"],-1,3]],[[0,0,1,2,3,4,5]],[[0,"bangbangtang","\nbangbangtang.png\nsize: 2035,2035\nformat: RGBA4444\nfilter: Linear,Linear\nrepeat: none\n連續圖/棒棒糖out-animation_01\n  rotate: false\n  xy: 1708, 309\n  size: 283, 335\n  orig: 400, 400\n  offset: 72, 21\n  index: -1\n連續圖/棒棒糖out-animation_02\n  rotate: true\n  xy: 678, 194\n  size: 283, 335\n  orig: 400, 400\n  offset: 72, 21\n  index: -1\n連續圖/棒棒糖out-animation_03\n  rotate: true\n  xy: 2, 213\n  size: 281, 336\n  orig: 400, 400\n  offset: 72, 21\n  index: -1\n連續圖/棒棒糖out-animation_04\n  rotate: true\n  xy: 1028, 474\n  size: 280, 338\n  orig: 400, 400\n  offset: 72, 20\n  index: -1\n連續圖/棒棒糖out-animation_05\n  rotate: true\n  xy: 344, 489\n  size: 277, 340\n  orig: 400, 400\n  offset: 73, 20\n  index: -1\n連續圖/棒棒糖out-animation_06\n  rotate: true\n  xy: 1383, 745\n  size: 275, 340\n  orig: 400, 400\n  offset: 73, 20\n  index: -1\n連續圖/棒棒糖out-animation_07\n  rotate: true\n  xy: 695, 758\n  size: 270, 342\n  orig: 400, 400\n  offset: 74, 20\n  index: -1\n連續圖/棒棒糖out-animation_08\n  rotate: false\n  xy: 1767, 983\n  size: 266, 344\n  orig: 400, 400\n  offset: 75, 19\n  index: -1\n連續圖/棒棒糖out-animation_09\n  rotate: true\n  xy: 1402, 1022\n  size: 262, 345\n  orig: 400, 400\n  offset: 76, 19\n  index: -1\n連續圖/棒棒糖out-animation_10\n  rotate: true\n  xy: 704, 1030\n  size: 258, 347\n  orig: 400, 400\n  offset: 76, 19\n  index: -1\n連續圖/棒棒糖out-animation_11\n  rotate: true\n  xy: 2, 1037\n  size: 254, 349\n  orig: 400, 400\n  offset: 76, 18\n  index: -1\n連續圖/棒棒糖out-animation_12\n  rotate: true\n  xy: 1415, 1286\n  size: 252, 350\n  orig: 400, 400\n  offset: 74, 18\n  index: -1\n連續圖/棒棒糖out-animation_13\n  rotate: false\n  xy: 1783, 1329\n  size: 249, 350\n  orig: 400, 400\n  offset: 73, 18\n  index: -1\n連續圖/棒棒糖out-animation_14\n  rotate: false\n  xy: 1785, 1681\n  size: 248, 352\n  orig: 400, 400\n  offset: 70, 17\n  index: -1\n連續圖/棒棒糖out-animation_15\n  rotate: true\n  xy: 1428, 1540\n  size: 247, 353\n  orig: 400, 400\n  offset: 68, 17\n  index: -1\n連續圖/棒棒糖out-animation_16\n  rotate: true\n  xy: 716, 1541\n  size: 246, 354\n  orig: 400, 400\n  offset: 65, 17\n  index: -1\n連續圖/棒棒糖out-animation_17\n  rotate: true\n  xy: 2, 1789\n  size: 244, 354\n  orig: 400, 400\n  offset: 64, 17\n  index: -1\n連續圖/棒棒糖out-animation_18\n  rotate: true\n  xy: 2, 1542\n  size: 245, 355\n  orig: 400, 400\n  offset: 61, 17\n  index: -1\n連續圖/棒棒糖out-animation_19\n  rotate: true\n  xy: 358, 1789\n  size: 244, 355\n  orig: 400, 400\n  offset: 61, 17\n  index: -1\n連續圖/棒棒糖out-animation_20\n  rotate: true\n  xy: 715, 1789\n  size: 244, 355\n  orig: 400, 400\n  offset: 60, 17\n  index: -1\n連續圖/棒棒糖out-animation_21\n  rotate: true\n  xy: 1072, 1789\n  size: 244, 355\n  orig: 400, 400\n  offset: 61, 17\n  index: -1\n連續圖/棒棒糖out-animation_22\n  rotate: true\n  xy: 359, 1542\n  size: 245, 355\n  orig: 400, 400\n  offset: 61, 17\n  index: -1\n連續圖/棒棒糖out-animation_23\n  rotate: true\n  xy: 1429, 1789\n  size: 244, 354\n  orig: 400, 400\n  offset: 64, 17\n  index: -1\n連續圖/棒棒糖out-animation_24\n  rotate: true\n  xy: 1072, 1541\n  size: 246, 354\n  orig: 400, 400\n  offset: 65, 17\n  index: -1\n連續圖/棒棒糖out-animation_25\n  rotate: true\n  xy: 2, 1293\n  size: 247, 353\n  orig: 400, 400\n  offset: 68, 17\n  index: -1\n連續圖/棒棒糖out-animation_26\n  rotate: true\n  xy: 357, 1292\n  size: 248, 352\n  orig: 400, 400\n  offset: 70, 17\n  index: -1\n連續圖/棒棒糖out-animation_27\n  rotate: true\n  xy: 711, 1290\n  size: 249, 350\n  orig: 400, 400\n  offset: 73, 18\n  index: -1\n連續圖/棒棒糖out-animation_28\n  rotate: true\n  xy: 1063, 1288\n  size: 251, 350\n  orig: 400, 400\n  offset: 75, 18\n  index: -1\n連續圖/棒棒糖out-animation_29\n  rotate: true\n  xy: 353, 1036\n  size: 254, 349\n  orig: 400, 400\n  offset: 76, 18\n  index: -1\n連續圖/棒棒糖out-animation_30\n  rotate: true\n  xy: 1053, 1028\n  size: 258, 347\n  orig: 400, 400\n  offset: 76, 19\n  index: -1\n連續圖/棒棒糖out-animation_31\n  rotate: true\n  xy: 2, 773\n  size: 262, 345\n  orig: 400, 400\n  offset: 76, 19\n  index: -1\n連續圖/棒棒糖out-animation_32\n  rotate: true\n  xy: 349, 768\n  size: 266, 344\n  orig: 400, 400\n  offset: 75, 19\n  index: -1\n連續圖/棒棒糖out-animation_33\n  rotate: true\n  xy: 1039, 756\n  size: 270, 342\n  orig: 400, 400\n  offset: 74, 20\n  index: -1\n連續圖/棒棒糖out-animation_34\n  rotate: true\n  xy: 2, 496\n  size: 275, 340\n  orig: 400, 400\n  offset: 73, 20\n  index: -1\n連續圖/棒棒糖out-animation_35\n  rotate: true\n  xy: 686, 479\n  size: 277, 340\n  orig: 400, 400\n  offset: 73, 20\n  index: -1\n連續圖/棒棒糖out-animation_36\n  rotate: true\n  xy: 1368, 463\n  size: 280, 338\n  orig: 400, 400\n  offset: 72, 20\n  index: -1\n連續圖/棒棒糖out-animation_37\n  rotate: true\n  xy: 340, 206\n  size: 281, 336\n  orig: 400, 400\n  offset: 72, 21\n  index: -1\n連續圖/棒棒糖out-animation_38\n  rotate: true\n  xy: 1015, 189\n  size: 283, 335\n  orig: 400, 400\n  offset: 72, 21\n  index: -1\n連續圖/棒棒糖out-animation_39\n  rotate: true\n  xy: 1352, 178\n  size: 283, 335\n  orig: 400, 400\n  offset: 72, 21\n  index: -1\n連續圖/棒棒糖out-animation_40\n  rotate: false\n  xy: 1725, 646\n  size: 284, 335\n  orig: 400, 400\n  offset: 72, 21\n  index: -1\n連續圖/棒棒糖out-animation_00\n  rotate: false\n  xy: 1725, 646\n  size: 284, 335\n  orig: 400, 400\n  offset: 72, 21\n  index: -1\n",["bangbangtang.png"],{"skeleton":{"hash":"+g55T/VU0AEtd56HDNeOvT9x5KY","spine":"3.8.99","images":"","audio":""},"bones":[{"name":"root"}],"slots":[{"name":"連續圖/棒棒糖out-animation_00","bone":"root"}],"skins":[{"name":"default","attachments":{"連續圖/棒棒糖out-animation_00":{"連續圖/棒棒糖out-animation_00":{"width":500,"height":500},"連續圖/棒棒糖out-animation_01":{"width":500,"height":500},"連續圖/棒棒糖out-animation_02":{"width":500,"height":500},"連續圖/棒棒糖out-animation_03":{"width":500,"height":500},"連續圖/棒棒糖out-animation_04":{"width":500,"height":500},"連續圖/棒棒糖out-animation_05":{"width":500,"height":500},"連續圖/棒棒糖out-animation_06":{"width":500,"height":500},"連續圖/棒棒糖out-animation_07":{"width":500,"height":500},"連續圖/棒棒糖out-animation_08":{"width":500,"height":500},"連續圖/棒棒糖out-animation_09":{"width":500,"height":500},"連續圖/棒棒糖out-animation_10":{"width":500,"height":500},"連續圖/棒棒糖out-animation_11":{"width":500,"height":500},"連續圖/棒棒糖out-animation_12":{"width":500,"height":500},"連續圖/棒棒糖out-animation_13":{"width":500,"height":500},"連續圖/棒棒糖out-animation_14":{"width":500,"height":500},"連續圖/棒棒糖out-animation_15":{"width":500,"height":500},"連續圖/棒棒糖out-animation_16":{"width":500,"height":500},"連續圖/棒棒糖out-animation_17":{"width":500,"height":500},"連續圖/棒棒糖out-animation_18":{"width":500,"height":500},"連續圖/棒棒糖out-animation_19":{"width":500,"height":500},"連續圖/棒棒糖out-animation_20":{"width":500,"height":500},"連續圖/棒棒糖out-animation_21":{"width":500,"height":500},"連續圖/棒棒糖out-animation_22":{"width":500,"height":500},"連續圖/棒棒糖out-animation_23":{"width":500,"height":500},"連續圖/棒棒糖out-animation_24":{"width":500,"height":500},"連續圖/棒棒糖out-animation_25":{"width":500,"height":500},"連續圖/棒棒糖out-animation_26":{"width":500,"height":500},"連續圖/棒棒糖out-animation_27":{"width":500,"height":500},"連續圖/棒棒糖out-animation_28":{"width":500,"height":500},"連續圖/棒棒糖out-animation_29":{"width":500,"height":500},"連續圖/棒棒糖out-animation_30":{"width":500,"height":500},"連續圖/棒棒糖out-animation_31":{"width":500,"height":500},"連續圖/棒棒糖out-animation_32":{"width":500,"height":500},"連續圖/棒棒糖out-animation_33":{"width":500,"height":500},"連續圖/棒棒糖out-animation_34":{"width":500,"height":500},"連續圖/棒棒糖out-animation_35":{"width":500,"height":500},"連續圖/棒棒糖out-animation_36":{"width":500,"height":500},"連續圖/棒棒糖out-animation_37":{"width":500,"height":500},"連續圖/棒棒糖out-animation_38":{"width":500,"height":500},"連續圖/棒棒糖out-animation_39":{"width":500,"height":500},"連續圖/棒棒糖out-animation_40":{"width":500,"height":500}}}}],"animations":{"animation":{"slots":{"連續圖/棒棒糖out-animation_00":{"attachment":[{"name":"連續圖/棒棒糖out-animation_00"},{"time":0.0333,"name":"連續圖/棒棒糖out-animation_01"},{"time":0.0667,"name":"連續圖/棒棒糖out-animation_02"},{"time":0.1,"name":"連續圖/棒棒糖out-animation_03"},{"time":0.1333,"name":"連續圖/棒棒糖out-animation_04"},{"time":0.1667,"name":"連續圖/棒棒糖out-animation_05"},{"time":0.2,"name":"連續圖/棒棒糖out-animation_06"},{"time":0.2333,"name":"連續圖/棒棒糖out-animation_07"},{"time":0.2667,"name":"連續圖/棒棒糖out-animation_08"},{"time":0.3,"name":"連續圖/棒棒糖out-animation_09"},{"time":0.3333,"name":"連續圖/棒棒糖out-animation_10"},{"time":0.3667,"name":"連續圖/棒棒糖out-animation_11"},{"time":0.4,"name":"連續圖/棒棒糖out-animation_12"},{"time":0.4333,"name":"連續圖/棒棒糖out-animation_13"},{"time":0.4667,"name":"連續圖/棒棒糖out-animation_14"},{"time":0.5,"name":"連續圖/棒棒糖out-animation_15"},{"time":0.5333,"name":"連續圖/棒棒糖out-animation_16"},{"time":0.5667,"name":"連續圖/棒棒糖out-animation_17"},{"time":0.6,"name":"連續圖/棒棒糖out-animation_18"},{"time":0.6333,"name":"連續圖/棒棒糖out-animation_19"},{"time":0.6667,"name":"連續圖/棒棒糖out-animation_20"},{"time":0.7,"name":"連續圖/棒棒糖out-animation_21"},{"time":0.7333,"name":"連續圖/棒棒糖out-animation_22"},{"time":0.7667,"name":"連續圖/棒棒糖out-animation_23"},{"time":0.8,"name":"連續圖/棒棒糖out-animation_24"},{"time":0.8333,"name":"連續圖/棒棒糖out-animation_25"},{"time":0.8667,"name":"連續圖/棒棒糖out-animation_26"},{"time":0.9,"name":"連續圖/棒棒糖out-animation_27"},{"time":0.9333,"name":"連續圖/棒棒糖out-animation_28"},{"time":0.9667,"name":"連續圖/棒棒糖out-animation_29"},{"time":1,"name":"連續圖/棒棒糖out-animation_30"},{"time":1.0333,"name":"連續圖/棒棒糖out-animation_31"},{"time":1.0667,"name":"連續圖/棒棒糖out-animation_32"},{"time":1.1,"name":"連續圖/棒棒糖out-animation_33"},{"time":1.1333,"name":"連續圖/棒棒糖out-animation_34"},{"time":1.1667,"name":"連續圖/棒棒糖out-animation_35"},{"time":1.2,"name":"連續圖/棒棒糖out-animation_36"},{"time":1.2333,"name":"連續圖/棒棒糖out-animation_37"},{"time":1.2667,"name":"連續圖/棒棒糖out-animation_38"},{"time":1.3,"name":"連續圖/棒棒糖out-animation_39"},{"time":1.3333,"name":"連續圖/棒棒糖out-animation_40"}]}}}}},[0]]],0,0,[0],[-1],[0]]
