[1,["17f02528c"],["_textureSetter"],["cc.SpriteFrame"],0,[[[{"name":"ui_quanshu","rect":[51,406,152,40],"offset":[0,0],"originalSize":[152,40],"capInsets":[0,0,0,0]}],[0],0,[0],[0],[0]],[[{"name":"ui_taifen","rect":[146,639,150,40],"offset":[0,0],"originalSize":[150,40],"rotated":1,"capInsets":[0,0,0,0]}],[0],0,[0],[0],[0]],[[{"name":"ui_fjmc","rect":[51,361,154,39],"offset":[0,0],"originalSize":[154,39],"capInsets":[0,0,0,0]}],[0],0,[0],[0],[0]],[[{"name":"ui_tspx","rect":[96,865,150,43],"offset":[0,0],"originalSize":[150,43],"rotated":1,"capInsets":[0,0,0,0]}],[0],0,[0],[0],[0]],[[{"name":"ui_difen","rect":[3,224,154,42],"offset":[0,0],"originalSize":[154,42],"rotated":1,"capInsets":[0,0,0,0]}],[0],0,[0],[0],[0]],[[{"name":"ui_jjsz","rect":[51,498,152,39],"offset":[0,0],"originalSize":[152,39],"capInsets":[0,0,0,0]}],[0],0,[0],[0],[0]],[[{"name":"ui_huapai","rect":[3,384,151,42],"offset":[0,0],"originalSize":[151,42],"rotated":1,"capInsets":[0,0,0,0]}],[0],0,[0],[0],[0]],[[{"name":"ui_cpsj","rect":[97,543,145,43],"offset":[0,0],"originalSize":[145,43],"rotated":1,"capInsets":[0,0,0,0]}],[0],0,[0],[0],[0]],[[{"name":"ui_zffs","rect":[3,541,150,42],"offset":[0,0],"originalSize":[150,42],"rotated":1,"capInsets":[0,0,0,0]}],[0],0,[0],[0],[0]],[[{"name":"ui_tswf","rect":[3,826,152,42],"offset":[0,0],"originalSize":[152,42],"rotated":1,"capInsets":[0,0,0,0]}],[0],0,[0],[0],[0]],[[{"name":"ui_fengding","rect":[51,543,147,40],"offset":[0,0],"originalSize":[147,40],"rotated":1,"capInsets":[0,0,0,0]}],[0],0,[0],[0],[0]],[[{"name":"ui_cffs","rect":[51,314,154,41],"offset":[0,0],"originalSize":[154,41],"capInsets":[0,0,0,0]}],[0],0,[0],[0],[0]],[[{"name":"ui_renshu","rect":[51,224,156,40],"offset":[0,0],"originalSize":[156,40],"capInsets":[0,0,0,0]}],[0],0,[0],[0],[0]]]]