{"importBase":"import","nativeBase":"native","name":"baccaratBundle","deps":["main","resources"],"uuids":["004w8ztdBDjbE64n5xumRZ","1am9BWnVxDUYdvWJe1lqDH","47xL49Lf9CoY4OzXUhZkv4","00bjlY+oZDaL2cnJzgoX+f","005UCUyyRFNotZ6ZnSO/Dj","02E8gutvJALbJYvYLpjL33","03e3X/G6VJkLqjDVVyJg+d@f9941","042nZx7CVIWaWhbzHxkjPb@f9941","0425PhImJArpbKLiabiTmF","05FvcGNTdGQ4DYXpJB3/mG","08OBPQcjRKL58NqseirY82","08t95af4ZA2YFK4UGYdLrX","09O5jzpg9BCbjPIHiZw3Da","0brOF/2ClHtaxNil/etn4Q","0cBGmhIuRHsrRgyxhgQSGy","0e3yoIVYtDLr5vw/SDuh1O@f9941","10FyAIawFGcYyOCxtXXZqX","10nkgK8W1KQbMd/PkBAEft","10xnJmL5FMVIOvso5/drZW","11OgrGIT1HlbpH70ksAk2V","11ZHDravpIXLnhuIAWqefS@f9941","11zoVtRmpIw7hW+WSQgFfb","113gphSuJNvYLo9lSHUHNI","12KDX0CQVLfaiM1Mn+XSYE","1262764ce","13af827ea","13ykflF29KwIUhhMCA5Ega","14fgsp0ZRFYpa/r3aCSfDX","1480af858","14g2ZE0olLHpm7TWZ7e+cV","14nLalIPNOB73wBjPFbx3g","15rsA8VhFKFpBosiNwb4qb","166bd737e","16cqyrtcdDFJtCg94+muIV","168Q1UYIhH37/YBuXh39qB","17V40JyvdLUpljbkqwvyDO","179ec9289","176fQQya1Me6n/ypcWiqiL","188LbUasNMW4vBCLD5JNQP","19qDD2uk1Hv4fnrDscDMEB","196fbGf5NKLrP8I0zSWVHi","1aZo4JJVNKbJhMKPROseei","1bq7yxfGlAJIBrqH4f01C+","1bwvEj/CJIQ6RnYmxgsekg","1cde36511","1fpZc+doFBgJrg3jRtqXkb","20AsYH2lpDnpudT2uHuJr0","20B7D9eJ1FgJ51trTg66+v@f9941","20P9pUxvVP04MhWrgPY6Wh","20g8DSkb9F9a/2WwWKby3I","21HsyQXBNHT5CO1ZmAICdQ","22Iput9MtBeJjRYpYY6xwP","23V4984klG+IyKiqt8Fni2","24NBIOSq1D2LcJ66Cg0UNs","24SRk3y+BI2rLXwrdR1yZD","24gH2D5eFLJ6k+f2GLMxuG","24odHCfK5IkorCOCZMcFSA","24sibD8W9Hg5a8OTOOi+4G","25Lfe096tN8oe6MWenADYM","28R7TECSlFrowTxwrNqcpV","29cKRrjPpHd5w2AG7XL1Ic@f9941","2aDM7BVTlGmY6MO8/n/8As","2a9RnmumtH1oZVQJzprKR8","2b1Yy12IpKCL1cxBMEcS90","2b2p3I5E9GBrPRbtu2Ax89@f9941","2cfpe7RxJM/LqJfwvxXGJN","2dC1oed09KbLjT41i1TP8i@f9941","2d0otSAAhJtqoWvn5Q++gr","2erGA6KzJNabWK94nVmKeS","31HLAtqJxIcKuElQxK66Yq","32MSWOFOpJV4hPKsv1Uy/S","33Q0kYFcZAj4M725kePduf","339XHwAp1My4t9ETPNyAkD","34TF7eFjZM05z+bFauNMIE@f9941","35yLWDApNOHaXyxbVzPem/","36J0l9KjFKPqvbcKf+5pIz","36niaKs75BL5P34Dq94GXk","36z1hK44xPl5xOk3au4NPE@f9941","37XIBsvpVCRp6lqzAJEgId","38IXkC/4xGArxTPHs4x5Wh","38tcJ2KCRGOqSog4rNldqC","38ygr1ygRC5ogbFnQEQXlV","3bZ4PZlW1CmblTgZgMx9Jp","3cGlRjtrZFzpVJGrYWN/+Z","3c6VsfalJLfKp1GNReqln6","3eV2X74kZGwINerTPqSmLE@f9941","41Ad+BmbpBnIBoG0nmYiMa","41UcqJvtFJQ4FrBT4ARhNU","42Jt6o5FdMtbvS3iegz3Zx","435e77r81Ls4HIahrnoOv1","44P9a3cMND8qg/z84tSKU1@f9941","44x+IzsAFDvZxZ8RULqCCw","48sGjaaupGRrS2qoypclDZ","4bjirqs+hLgJvuMYGEzngN@f9941","4cWFIboJlMdrrBDKq5OhB1","4dKwDP/qNPgq8crbNwsfxN","4emLDxONFBgK/Bj30ZB+Yv","4e+tppHRNCtKFPTweGKc8O","4fRtWiMAVFWZsRmfNwboKN","4f850dcwJJKbiH2CvChA+w","50Wyod/fFDArZuQA0Geqti@f9941","52x9HEs/dAOIwR49hhRPVp","53F7YyYr5JQq0FzycgdjDj","54SQaKynJI2Jgztmi9KBqR","54xzZI1i9K2ZQgzmwXjgqq","55LbaxtLlGYYHDl1a+9B4b","55sdoitu5M16TNUcx93/fe@f9941","56sfI9a/NA6oCSANxeSo+a@f9941","58loV/a+lLjq3db2wmMZrX","59k2gDmW5Lp4fTh484CcEz","59mvMzo05EmpqL4eP9XizA@f9941","5bRicLCYVGXoIQNpZD+rt/","5cWHQGlbBNU5Fefp6ekG3o","5cW65jXGRMCKK8iyWtPM2f","5ctKb3SLdG4ILXabgKyzN3","5czw9RxSxLwag+9sRRWTjR","5dgbLnTSZLebLM4ZrJAU/i","5d4iNAuuFJ6IwSWVc9oOV8@f9941","5d8QLS2sNEGKnsE2GxParS","5eR224NGROiogkOCU6xLX1","5fR3i2s5FCpaHUA1OkwfLf@f9941","5fcZV57QBH76hV5kPozWs4","5fkjGKtfZJdK4KyHnyuMvS@f9941","61aLbcRlJG84hbLQxxCHV5","615fgG1LpC/IMjkUbKKqUm","640P626thDfaOdlH3bkSon","65wBmVZzpP6au0nncjhZyu","655vrp24NNqInbLOYqpy0U@f9941","67pKv4DlhPXLDK0suB3UYP","69d3f8H0tMCZucJg0ZmOjU","6aQLuybddAMqdMdSz2QRfo@f9941","6aqIccdwRMTpmooWDBwla4","6atubEidZMP5PRao/2psPV","6eAVdYnBFEeZN/aX1bcxTG","6es+2ReXlEKJ+sVzes73ox","6faVLl8WVHhJECwJVQAJwN","6fevJMZs9N8qx8DkIsA/I5","71aexCqFFABKIQt1HOUWqy","713MDsuhVPiaRal9aCSDRQ","71/nzIxvlOZrPDSSplrZjX","74riQP1O9PX4fQPDrBRz97","75NBmTX/JO9oJYXKkSF18K","75kePpYjBDEIiUrWnpdayC","78NmKQ06tJj76KGki1a2iF","785K2nIj5DMIpI+rwfRVvp@f9941","79I20Ox45FcodtFrHKBHBM","7bIdNd9zlOcITv6nRengYo","7bMI7QaFRK/pVTxz79kz2w","7bYWLSpypNrqB42AcZSSZx","7ewN/4I3RCu5vsBwpR4Quy@f9941","7fQ0Wqb/tKxbkuc1o30cej","80Pey5pn5JyrxsNOH4TqCk@f9941","82UtyJF8pBl45r8D6NI9xH@f9941","822fg5XpBPuZ3fgQ3dVeOj","84FObBFxlDIK2/KqLmHZn5","84Nup2cPdAWIZFOhuvb3We","87lUUJZ3xMHpZskn/18r0b","88CMbTzYRDIZuRzRHm6CMJ@f9941","89Wqux7l9M/7PokgavQWTl","8bQsZXmvdHQ7e3oK18s4yu","8cAiPppfhPp43WlYAeghJf","8cyqK/+SBHa4sakbnUaXfd","8dL77iP9BMN5Z+nxe65Ta7@f9941","8fR5pc/95Amr78H0rsZrLG","90Fmt0+K5LL4o0OtHEa7dW","928Nll3d1C0IxwFrUuR31M","93EqSj1UBEf4Zs9kqSlH6a","93uyNW4d5ESoNNlBw+gedn","939cGSWCVJSbclUbUTAEmI","94SozqhFBMSIf7+nL7PRUL","94Z+Cc5S1EWpS7JNZvzEs8","94kGuGpxZDZ4cSTQ3LgVn3","94t30MJhFKL7Njf46TSUOT","94/MAiAxpLA7lLo/jzv1s6","95XLWIuuhFvbb7vD0pJ+Ah","97ujww5dhKSpQj3DkTdaBn@f9941","97wNaeiPJL+paBNncIGzn+","99mVQGGcdKr6FiD3BikvOQ","9asz8Da+lPiL5aOs3Vf4yK","9bX1tBhvZPELQI/mMwuQJQ","9dLqGRhgtM14mp3+iJ+Ad8","9fOT4G6w9BJbFZNvRqiptr","a1jdSkC31BuZIIvG8+YZ0Z","a13QYCnW9MxYUBhILj56RO","a2MoFks5dEtLoqWd5o2iGY","a200dALEJNe59UO+pQPh1k","a38rUilgtArpO0ar2mKvtP@f9941","a4Hg3CsCRAhYsTr9gy6eqb","a4RaFPDctFt5ovIRb+6J21@f9941","a5BV8RkgRHS4wfR22ZUoxb","a76QxmXG9G34q4yJXu9VwE","a76+KawstF/5PF1KXX8gy7","a8q7ndzulOJbl353u9frBF","aa1/wv2X1GJqpAyYJzHgBk","aa6WB6sL1BvLhF6SdlNPuh","acR2Lg2zBD56HUOgsWgXaU","aes5tmMQlC76644fvIfx56","afgzoiEi5IUqMN8f4j+mow@f9941","b0GLkiQdVO84NbiRH6V3Gq","b2HjDsWT5MUL59n+Ib/jh4","b2cDYSX9FO7ZMn3c/050Ao","b6i1FMBlFLp6BYydSHrlzG","b7pTt/8HJPTpw5gYx2SrCB","b7xGD0yiRCRYIJzyijn6XZ","b72vWdQHFGDLhBqb8gkXyF","b9FROJUZFFQrDb5dN/JKds","b9d7H4fFFLHb/tsRvW1tul","bbEfgLuERLKbz+hDuazczG","bbgIVwVo5DXovhg8Im3u8r","bbwzy9BwxPSoztz4UXMm2u","bcStKZwhFNMIwtAbUIgdcx","bc5nF5A+JLK7I0f7iEHkEU","bdao72QV9Npq4hTFhddTtR@f9941","bexDvJ7khGsLOb/ZWzdWyv@f9941","bfMOp2PWdGAo8cEhnE/OOp","bfWzzmWu1NpoYuhL2E0oHB","c0ICSjtSRAJ44dtn0a2xHF","c0MKfQQTRLzLFQcBSO9jCJ","c06zbNbdBHQLsYW0A437kQ","c2JEFWPdNNe7/v7JGE3x1t","c2PTls5SBEdaoD6zxtidzV","c2aVwUs35O3bFYysCxEQ3s","c3uPNgunJCsqQzNoUD+0f5","c3yNX2ZTJATo/X2+PgafQV","c5ukk6V+xOnrXPAaXs+iUR","c8QeWafXpME7mEoI+OV8Tz","cbb/xPHTdP/KFy34YT0JDq","cbjk6kT61NM7PTlWPlCVTf","cbxW4bDWFITIR2Lr1TlqKN","cdZuva+/RL4LdMhkwj71a1","ce6KxuyhVNqKc2JEC7PAxD","cfDaTmLk5LyJP38WQaRpan","d0TPczFV5KsqRra9quAGKX","d1ppvPse1FaI9fSuDgsEsM@f9941","d2isMxnM5LNoqt7B71F4qi","d3GeeKxRtM54RYN8w74auO","d3qqAYAEBEh4dmrXgf2eQz@f9941","d3/pXJj/9Goq/5eavfSJ9h","d4JKjHBotGzKJWBwGPUMhC","d58I5kyJNHCpQqJDywRlE3","d6B5Y30FRCnKtrS7LDD/12","d6Fm2XDHVK45d2a1Pdj76W","d87ZjnutRCb5QOEHIqtYU5","d9JqEAKu5GaadKrKC80Kip@f9941","daX7i5xEpEBpJcrbHt1gWt@f9941","dau35XRcFBPYQn1Mw/jm/U","dbFDRVRyxPcKHzbwhzOOk5","dcPvI0BYJAQry6+efJ1a2B","dcRbD0no1GS69o2J3vsB1J","dcdllgohpGUKuE4CsaNZ9C","dco0Ym3m9JlpEE6JaMk3px","ddqS2IOc1N56MyQ4ae+F86","deMvWzeyhBVJc/NmKC/ywE","deVbn0CyhCE42iGDhXZwtG@f9941","de4t2fjdZHnptb3mt8iShn","dfg2KQtExB3Ki9OGZT7L2J","df75hfNZ1AebUibCOWn6SC","e0EoBLkn1I1L9GjSkcpd8d","e0Qn5YDidFwL6EyQDL3Bmp","e0t2Jb2M5MmI3IFbbh12vO","e0y2FFtYFGboP2W7MLIkSS","e1bmYPQLJDe7g2dAvaS9m5","e15dyVAzNF242aUncH37Y0","e4/RwlNclECqHqKstxn69R","e5XVDCPF5IM5wcgsXfau/R","e5aDBL1KNCwIl5UOnYDBHL","e7x/AT6ElB1q00i7H9rmdO","e7yeA46F5EO5Th/grN2B+C","e8uPuM0EdNgZYenPju9Pdy","e85n2aydpHzJifKYkpcp5O","e9HYiazrFFO6OOjVECqkcg","e9lc9EuuNH1Z8nCDgDeSoF","e9ose2pVlFSIcdH+J8oY3w@f9941","e9/hC51u1LXJI9bbEq967k","ebwiWi52xHj5HDt8mCHWjm","ecP7nfjRFPcJQJ/Or0e4Bx","edQgzRsuJKDp9+5rSDV/8J","eeuW4AnP9HE7DIRN8yDpcy","ee60J504tIr7JbLyla3DFs","efvCcCoY1OMJDMqCfXu/Yg@f9941","f1vy851PdMh7E1gjiB1DU4","f3AukNjV1AEYwIcK937gvE","f3SzoyrIJGTo6+k8bIHPJL","f3zWRQiDZENrgSllLtetGD","f4DkqsPPpPsoINz/3Yhvlr","f5UL4M2I5OureRqAaimftY","f7kFcPevRAJZbs2B9lyK5G","f8Lc9HEJRCCJzZSRzlFEWa","f8vVWoh61KdZlsNvLbVd/M","faYN3F9LJAZKFDXhq/0lGX","faa3FkV+FMGYn5e5lH9V6F","faxfdBQ7pGbZ2O0ptyZAMe","fcRAii+l5JV6k2CeV4b+e6","fczhGYkNtP0r+wljA9tpZ8@f9941","fdpcuEaexF7ouacJSi4kDi","ffuIqPr2JI9I8dPLYGRDpD","00bjlY+oZDaL2cnJzgoX+f@6c48a","00bjlY+oZDaL2cnJzgoX+f@f9941","005UCUyyRFNotZ6ZnSO/Dj@6c48a","005UCUyyRFNotZ6ZnSO/Dj@f9941","02E8gutvJALbJYvYLpjL33@6c48a","02E8gutvJALbJYvYLpjL33@f9941","0262764ce","027OFhmglBoIv7w+jzf2Zc","02/5lydMRA8oJSutUzIbQf@f9941","0344c2345","0480af858","0425PhImJArpbKLiabiTmF@6c48a","0425PhImJArpbKLiabiTmF@f9941","05FvcGNTdGQ4DYXpJB3/mG@6c48a","05FvcGNTdGQ4DYXpJB3/mG@f9941","05f71a28b","060bf7f93","066bd737e","079ec9289","08t95af4ZA2YFK4UGYdLrX@6c48a","08t95af4ZA2YFK4UGYdLrX@f9941","09139a423","09O5jzpg9BCbjPIHiZw3Da@6c48a","09O5jzpg9BCbjPIHiZw3Da@f9941","09c653ba3","0aEywwGXNC8ZHFZ6NDcmtq@f9941","0brOF/2ClHtaxNil/etn4Q@6c48a","0brOF/2ClHtaxNil/etn4Q@f9941","0b0xjPWlFAVq0VmFJ5unMQ@f9941","0cBGmhIuRHsrRgyxhgQSGy@6c48a","0cBGmhIuRHsrRgyxhgQSGy@f9941","0cKx9+g+VOCZrxoiqT8ZuW","0cde36511","0de199f9b","10FyAIawFGcYyOCxtXXZqX@6c48a","10FyAIawFGcYyOCxtXXZqX@f9941","10nkgK8W1KQbMd/PkBAEft@6c48a","10nkgK8W1KQbMd/PkBAEft@f9941","10xnJmL5FMVIOvso5/drZW@6c48a","10xnJmL5FMVIOvso5/drZW@f9941","11AWvzKr9JorWsQA7m9O9X","11OgrGIT1HlbpH70ksAk2V@6c48a","11OgrGIT1HlbpH70ksAk2V@f9941","11zoVtRmpIw7hW+WSQgFfb@6c48a","11zoVtRmpIw7hW+WSQgFfb@f9941","113gphSuJNvYLo9lSHUHNI@6c48a","113gphSuJNvYLo9lSHUHNI@f9941","12KDX0CQVLfaiM1Mn+XSYE@6c48a","12KDX0CQVLfaiM1Mn+XSYE@f9941","1262764ce@6c48a","13af827ea@6c48a","13ykflF29KwIUhhMCA5Ega@6c48a","13ykflF29KwIUhhMCA5Ega@f9941","14fgsp0ZRFYpa/r3aCSfDX@6c48a","14fgsp0ZRFYpa/r3aCSfDX@f9941","1480af858@6c48a","14g2ZE0olLHpm7TWZ7e+cV@6c48a","14g2ZE0olLHpm7TWZ7e+cV@f9941","14nLalIPNOB73wBjPFbx3g@6c48a","14nLalIPNOB73wBjPFbx3g@f9941","15rsA8VhFKFpBosiNwb4qb@6c48a","15rsA8VhFKFpBosiNwb4qb@f9941","166bd737e@6c48a","16cqyrtcdDFJtCg94+muIV@6c48a","16cqyrtcdDFJtCg94+muIV@f9941","16qv4jj+lETaCQhE7hqgIa","168Q1UYIhH37/YBuXh39qB@6c48a","168Q1UYIhH37/YBuXh39qB@f9941","17V40JyvdLUpljbkqwvyDO@6c48a","17V40JyvdLUpljbkqwvyDO@f9941","179ec9289@6c48a","170faPuu1MzrnPC+zw9NKt@f9941","176fQQya1Me6n/ypcWiqiL@6c48a","176fQQya1Me6n/ypcWiqiL@f9941","188LbUasNMW4vBCLD5JNQP@6c48a","188LbUasNMW4vBCLD5JNQP@f9941","19hfA7J1JHvLbgzM0Z0Bb8@f9941","19qDD2uk1Hv4fnrDscDMEB@6c48a","19qDD2uk1Hv4fnrDscDMEB@f9941","196fbGf5NKLrP8I0zSWVHi@6c48a","196fbGf5NKLrP8I0zSWVHi@f9941","1aZo4JJVNKbJhMKPROseei@6c48a","1aZo4JJVNKbJhMKPROseei@f9941","1a800Gf1tNVppDcIIE2Nt3@f9941","1bq7yxfGlAJIBrqH4f01C+@6c48a","1bq7yxfGlAJIBrqH4f01C+@f9941","1bwvEj/CJIQ6RnYmxgsekg@6c48a","1bwvEj/CJIQ6RnYmxgsekg@f9941","1cde36511@6c48a","1dgcNa5bBAdpuW+b9QYn9E@f9941","1fpZc+doFBgJrg3jRtqXkb@6c48a","1fpZc+doFBgJrg3jRtqXkb@f9941","20AsYH2lpDnpudT2uHuJr0@6c48a","20AsYH2lpDnpudT2uHuJr0@f9941","20P9pUxvVP04MhWrgPY6Wh@6c48a","20P9pUxvVP04MhWrgPY6Wh@f9941","20YzUl2n9NQ4Wdt4CJXLM7@f9941","20g1ukYUVPvKWKBRznAKo+@f9941","20g8DSkb9F9a/2WwWKby3I@6c48a","20g8DSkb9F9a/2WwWKby3I@f9941","21HsyQXBNHT5CO1ZmAICdQ@6c48a","21HsyQXBNHT5CO1ZmAICdQ@f9941","22Iput9MtBeJjRYpYY6xwP@6c48a","22Iput9MtBeJjRYpYY6xwP@f9941","23V4984klG+IyKiqt8Fni2@6c48a","23V4984klG+IyKiqt8Fni2@f9941","24SRk3y+BI2rLXwrdR1yZD@6c48a","24SRk3y+BI2rLXwrdR1yZD@f9941","24gH2D5eFLJ6k+f2GLMxuG@6c48a","24gH2D5eFLJ6k+f2GLMxuG@f9941","24odHCfK5IkorCOCZMcFSA@6c48a","24odHCfK5IkorCOCZMcFSA@f9941","24sibD8W9Hg5a8OTOOi+4G@6c48a","24sibD8W9Hg5a8OTOOi+4G@f9941","25Lfe096tN8oe6MWenADYM@6c48a","25Lfe096tN8oe6MWenADYM@f9941","259WfOS7tHl57GqCSPBjcK@f9941","28R7TECSlFrowTxwrNqcpV@6c48a","28R7TECSlFrowTxwrNqcpV@f9941","293ULKSQBNPaG0dqivhZAD@f9941","2aDM7BVTlGmY6MO8/n/8As@6c48a","2aDM7BVTlGmY6MO8/n/8As@f9941","2a9RnmumtH1oZVQJzprKR8@6c48a","2a9RnmumtH1oZVQJzprKR8@f9941","2byDUhRw5E56UJje3uOKCo","2b1Yy12IpKCL1cxBMEcS90@6c48a","2b1Yy12IpKCL1cxBMEcS90@f9941","2cfpe7RxJM/LqJfwvxXGJN@6c48a","2cfpe7RxJM/LqJfwvxXGJN@f9941","2d0otSAAhJtqoWvn5Q++gr@6c48a","2d0otSAAhJtqoWvn5Q++gr@f9941","2erGA6KzJNabWK94nVmKeS@6c48a","2erGA6KzJNabWK94nVmKeS@f9941","2fK+8arSVMMpMIMU7v6kVt@f9941","31HLAtqJxIcKuElQxK66Yq@6c48a","31HLAtqJxIcKuElQxK66Yq@f9941","32MSWOFOpJV4hPKsv1Uy/S@6c48a","32MSWOFOpJV4hPKsv1Uy/S@f9941","33Q0kYFcZAj4M725kePduf@6c48a","33Q0kYFcZAj4M725kePduf@f9941","339XHwAp1My4t9ETPNyAkD@6c48a","339XHwAp1My4t9ETPNyAkD@f9941","35yLWDApNOHaXyxbVzPem/@6c48a","35yLWDApNOHaXyxbVzPem/@f9941","36J0l9KjFKPqvbcKf+5pIz@6c48a","36J0l9KjFKPqvbcKf+5pIz@f9941","36niaKs75BL5P34Dq94GXk@6c48a","36niaKs75BL5P34Dq94GXk@f9941","37XIBsvpVCRp6lqzAJEgId@6c48a","37XIBsvpVCRp6lqzAJEgId@f9941","38IXkC/4xGArxTPHs4x5Wh@6c48a","38IXkC/4xGArxTPHs4x5Wh@f9941","38tcJ2KCRGOqSog4rNldqC@6c48a","38tcJ2KCRGOqSog4rNldqC@f9941","38ygr1ygRC5ogbFnQEQXlV@6c48a","38ygr1ygRC5ogbFnQEQXlV@f9941","393CdjrXdE/ajrCX8tNcJU@f9941","3bZ4PZlW1CmblTgZgMx9Jp@6c48a","3bZ4PZlW1CmblTgZgMx9Jp@f9941","3b9fmq7BlG5as5JWWX2m0A","3cGlRjtrZFzpVJGrYWN/+Z@6c48a","3cGlRjtrZFzpVJGrYWN/+Z@f9941","3c6VsfalJLfKp1GNReqln6@6c48a","3c6VsfalJLfKp1GNReqln6@f9941","41Ad+BmbpBnIBoG0nmYiMa@6c48a","41Ad+BmbpBnIBoG0nmYiMa@f9941","41UcqJvtFJQ4FrBT4ARhNU@6c48a","41UcqJvtFJQ4FrBT4ARhNU@f9941","41ygQxVj5LQaGo4wZLVbx+","42Jt6o5FdMtbvS3iegz3Zx@6c48a","42Jt6o5FdMtbvS3iegz3Zx@f9941","435e77r81Ls4HIahrnoOv1@6c48a","435e77r81Ls4HIahrnoOv1@f9941","44x+IzsAFDvZxZ8RULqCCw@6c48a","44x+IzsAFDvZxZ8RULqCCw@f9941","47a6LCXmNH6Zt4bOUlZIJx@f9941","48sGjaaupGRrS2qoypclDZ@6c48a","48sGjaaupGRrS2qoypclDZ@f9941","4cWFIboJlMdrrBDKq5OhB1@6c48a","4cWFIboJlMdrrBDKq5OhB1@f9941","4dFd4I3x5FkqhVYucQ/07+","4dKwDP/qNPgq8crbNwsfxN@6c48a","4dKwDP/qNPgq8crbNwsfxN@f9941","4dvmVnSfpNQLBCf6eVnNZA","4emLDxONFBgK/Bj30ZB+Yv@6c48a","4emLDxONFBgK/Bj30ZB+Yv@f9941","4e+tppHRNCtKFPTweGKc8O@6c48a","4e+tppHRNCtKFPTweGKc8O@f9941","4fRtWiMAVFWZsRmfNwboKN@6c48a","4fRtWiMAVFWZsRmfNwboKN@f9941","4f1pZvYYJJXp5baxuRgn/Y@f9941","4f850dcwJJKbiH2CvChA+w@6c48a","4f850dcwJJKbiH2CvChA+w@f9941","52x9HEs/dAOIwR49hhRPVp@6c48a","52x9HEs/dAOIwR49hhRPVp@f9941","53F7YyYr5JQq0FzycgdjDj@6c48a","53F7YyYr5JQq0FzycgdjDj@f9941","54SQaKynJI2Jgztmi9KBqR@6c48a","54SQaKynJI2Jgztmi9KBqR@f9941","54TknWPwVPqJqeCR+Y/Czo@f9941","54xzZI1i9K2ZQgzmwXjgqq@6c48a","54xzZI1i9K2ZQgzmwXjgqq@f9941","55LbaxtLlGYYHDl1a+9B4b@6c48a","55LbaxtLlGYYHDl1a+9B4b@f9941","55+jZHA31BwKl+ljQ2ggxe@f9941","58loV/a+lLjq3db2wmMZrX@6c48a","58loV/a+lLjq3db2wmMZrX@f9941","59k2gDmW5Lp4fTh484CcEz@6c48a","59k2gDmW5Lp4fTh484CcEz@f9941","5bRicLCYVGXoIQNpZD+rt/@6c48a","5bRicLCYVGXoIQNpZD+rt/@f9941","5cBnF0VatMdYWZtUlynvWf@f9941","5cWHQGlbBNU5Fefp6ekG3o@6c48a","5cWHQGlbBNU5Fefp6ekG3o@f9941","5cW65jXGRMCKK8iyWtPM2f@6c48a","5cW65jXGRMCKK8iyWtPM2f@f9941","5ctKb3SLdG4ILXabgKyzN3@6c48a","5ctKb3SLdG4ILXabgKyzN3@f9941","5czw9RxSxLwag+9sRRWTjR@6c48a","5czw9RxSxLwag+9sRRWTjR@f9941","5d8QLS2sNEGKnsE2GxParS@6c48a","5d8QLS2sNEGKnsE2GxParS@f9941","5eR224NGROiogkOCU6xLX1@6c48a","5eR224NGROiogkOCU6xLX1@f9941","5eYqIg585C/KMBHGyUyRiG","5engCTpAZDWpvdXibJSl3v","5fcZV57QBH76hV5kPozWs4@6c48a","5fcZV57QBH76hV5kPozWs4@f9941","61aLbcRlJG84hbLQxxCHV5@6c48a","61aLbcRlJG84hbLQxxCHV5@f9941","615fgG1LpC/IMjkUbKKqUm@6c48a","615fgG1LpC/IMjkUbKKqUm@f9941","62a0/YvVtGvbNLoz4/r68q@f9941","640P626thDfaOdlH3bkSon@6c48a","640P626thDfaOdlH3bkSon@f9941","65wBmVZzpP6au0nncjhZyu@6c48a","65wBmVZzpP6au0nncjhZyu@f9941","67pKv4DlhPXLDK0suB3UYP@6c48a","67pKv4DlhPXLDK0suB3UYP@f9941","69d3f8H0tMCZucJg0ZmOjU@6c48a","69d3f8H0tMCZucJg0ZmOjU@f9941","6ad4g5eCxCZqJQiLy2fOq9@f9941","6aqIccdwRMTpmooWDBwla4@6c48a","6aqIccdwRMTpmooWDBwla4@f9941","6atubEidZMP5PRao/2psPV@6c48a","6atubEidZMP5PRao/2psPV@f9941","6by57tF8VK2rGvUOUn0Lxa@f9941","6colKdavNCCLZZpblYtnz8@f9941","6dCt2tBbpG8r3QgVCx4qpF@f9941","6eAVdYnBFEeZN/aX1bcxTG@6c48a","6eAVdYnBFEeZN/aX1bcxTG@f9941","6ejUe24TFMCJuR06gAzbAw","6es+2ReXlEKJ+sVzes73ox@6c48a","6es+2ReXlEKJ+sVzes73ox@f9941","6faVLl8WVHhJECwJVQAJwN@6c48a","6faVLl8WVHhJECwJVQAJwN@f9941","6fevJMZs9N8qx8DkIsA/I5@6c48a","6fevJMZs9N8qx8DkIsA/I5@f9941","71XiMJfmpInqOg1iYGfM+u@f9941","71aexCqFFABKIQt1HOUWqy@6c48a","71aexCqFFABKIQt1HOUWqy@f9941","713MDsuhVPiaRal9aCSDRQ@6c48a","713MDsuhVPiaRal9aCSDRQ@f9941","71/nzIxvlOZrPDSSplrZjX@6c48a","71/nzIxvlOZrPDSSplrZjX@f9941","73ilGv9lxAi6q4axIIgLVO@f9941","74riQP1O9PX4fQPDrBRz97@6c48a","74riQP1O9PX4fQPDrBRz97@f9941","74zMsjX3lGj62UKWw3LjuT@f9941","75NBmTX/JO9oJYXKkSF18K@6c48a","75NBmTX/JO9oJYXKkSF18K@f9941","75TWwsrNdHQ4hRT6LEN0re@f9941","75kePpYjBDEIiUrWnpdayC@6c48a","75kePpYjBDEIiUrWnpdayC@f9941","75roTOulhB67TwHKV5E9d0@f9941","76WT/ZYcFGu6J1iC03wYNl@f9941","77wlw/WyNHlIqY3TCbUncV","78NmKQ06tJj76KGki1a2iF@6c48a","78NmKQ06tJj76KGki1a2iF@f9941","79I20Ox45FcodtFrHKBHBM@6c48a","79I20Ox45FcodtFrHKBHBM@f9941","7aYppUCYpEuJ7uKI7ErZ6a@f9941","7bIdNd9zlOcITv6nRengYo@6c48a","7bIdNd9zlOcITv6nRengYo@f9941","7bL0BEfR1DW7oCPjDD3XmS@f9941","7bMI7QaFRK/pVTxz79kz2w@6c48a","7bMI7QaFRK/pVTxz79kz2w@f9941","7bYWLSpypNrqB42AcZSSZx@6c48a","7bYWLSpypNrqB42AcZSSZx@f9941","7dIdxIi8pNd5P1oFYDyofS@f9941","7dj5uJT9FMn6OrOOx83tfK@f9941","7eK4vv8w5A+YMANtorGQxs","7fQ0Wqb/tKxbkuc1o30cej@6c48a","7fQ0Wqb/tKxbkuc1o30cej@f9941","81GHAJmdxJhbiPHUO367vz@f9941","822fg5XpBPuZ3fgQ3dVeOj@6c48a","822fg5XpBPuZ3fgQ3dVeOj@f9941","8278wBbDRGjIInMMQlPnUU@f9941","83WH5Aq3lFrZpH5LYjX8ki@f9941","84FObBFxlDIK2/KqLmHZn5@6c48a","84FObBFxlDIK2/KqLmHZn5@f9941","84Nup2cPdAWIZFOhuvb3We@6c48a","84Nup2cPdAWIZFOhuvb3We@f9941","87R9FFLRxB4YMN+Wg+oQrX","87lUUJZ3xMHpZskn/18r0b@6c48a","87lUUJZ3xMHpZskn/18r0b@f9941","89OqtuCL5PQoj9JFfWXrcR@f9941","89Wqux7l9M/7PokgavQWTl@6c48a","89Wqux7l9M/7PokgavQWTl@f9941","8bQsZXmvdHQ7e3oK18s4yu@6c48a","8bQsZXmvdHQ7e3oK18s4yu@f9941","8cAiPppfhPp43WlYAeghJf@6c48a","8clRQnfNNHCJLZPDZ6e7r8","8cyqK/+SBHa4sakbnUaXfd@6c48a","8cyqK/+SBHa4sakbnUaXfd@f9941","8dcHjukiRMl4pSXcXGiGu5@f9941","8fR5pc/95Amr78H0rsZrLG@6c48a","8fR5pc/95Amr78H0rsZrLG@f9941","8fhQlcCK5DjIwRCEhDG8om@f9941","90Fmt0+K5LL4o0OtHEa7dW@6c48a","90Fmt0+K5LL4o0OtHEa7dW@f9941","928Nll3d1C0IxwFrUuR31M@6c48a","928Nll3d1C0IxwFrUuR31M@f9941","93uyNW4d5ESoNNlBw+gedn@6c48a","93uyNW4d5ESoNNlBw+gedn@f9941","939cGSWCVJSbclUbUTAEmI@6c48a","939cGSWCVJSbclUbUTAEmI@f9941","94SozqhFBMSIf7+nL7PRUL@6c48a","94SozqhFBMSIf7+nL7PRUL@f9941","94Z+Cc5S1EWpS7JNZvzEs8@6c48a","94Z+Cc5S1EWpS7JNZvzEs8@f9941","94kGuGpxZDZ4cSTQ3LgVn3@6c48a","94kGuGpxZDZ4cSTQ3LgVn3@f9941","94t30MJhFKL7Njf46TSUOT@6c48a","94t30MJhFKL7Njf46TSUOT@f9941","94/MAiAxpLA7lLo/jzv1s6@6c48a","94/MAiAxpLA7lLo/jzv1s6@f9941","95EkngnxZFbYuFpsqVTaFr@f9941","95XLWIuuhFvbb7vD0pJ+Ah@6c48a","95XLWIuuhFvbb7vD0pJ+Ah@f9941","97wNaeiPJL+paBNncIGzn+@6c48a","97wNaeiPJL+paBNncIGzn+@f9941","986ebY8NdH2IipIMHMI8T+","99mVQGGcdKr6FiD3BikvOQ@6c48a","99mVQGGcdKr6FiD3BikvOQ@f9941","99t+H++RVO3q+lpyS4t8x6","9asz8Da+lPiL5aOs3Vf4yK@6c48a","9asz8Da+lPiL5aOs3Vf4yK@f9941","9bX1tBhvZPELQI/mMwuQJQ@6c48a","9bX1tBhvZPELQI/mMwuQJQ@f9941","9dLqGRhgtM14mp3+iJ+Ad8@6c48a","9dLqGRhgtM14mp3+iJ+Ad8@f9941","9eX0CUPBpHipPSBwTcDij4@f9941","9fOT4G6w9BJbFZNvRqiptr@6c48a","9fOT4G6w9BJbFZNvRqiptr@f9941","a1jdSkC31BuZIIvG8+YZ0Z@6c48a","a1jdSkC31BuZIIvG8+YZ0Z@f9941","a13QYCnW9MxYUBhILj56RO@6c48a","a13QYCnW9MxYUBhILj56RO@f9941","a2MoFks5dEtLoqWd5o2iGY@6c48a","a2MoFks5dEtLoqWd5o2iGY@f9941","a200dALEJNe59UO+pQPh1k@6c48a","a200dALEJNe59UO+pQPh1k@f9941","a4Hg3CsCRAhYsTr9gy6eqb@6c48a","a4Hg3CsCRAhYsTr9gy6eqb@f9941","a5BV8RkgRHS4wfR22ZUoxb@6c48a","a5BV8RkgRHS4wfR22ZUoxb@f9941","a76QxmXG9G34q4yJXu9VwE@6c48a","a76QxmXG9G34q4yJXu9VwE@f9941","a76+KawstF/5PF1KXX8gy7@6c48a","a76+KawstF/5PF1KXX8gy7@f9941","a8ZajNkxlLX5KcZjBjfhnf@f9941","a8q7ndzulOJbl353u9frBF@6c48a","a8q7ndzulOJbl353u9frBF@f9941","a9vO2GBWpJgazbBPZiz4tE","aa1/wv2X1GJqpAyYJzHgBk@6c48a","aa1/wv2X1GJqpAyYJzHgBk@f9941","aa5FcRzzpJ6YDXX6I8Qarm@f9941","aa6WB6sL1BvLhF6SdlNPuh@6c48a","aa6WB6sL1BvLhF6SdlNPuh@f9941","aa9hMJytxJELgsdkrR+Ly1@f9941","aa+Xl4ZYlN656CxUK6ZLa3","acR2Lg2zBD56HUOgsWgXaU@6c48a","acR2Lg2zBD56HUOgsWgXaU@f9941","adV/Mog+dHSrJq3SZ078NP@f9941","aes5tmMQlC76644fvIfx56@6c48a","aes5tmMQlC76644fvIfx56@f9941","b0GLkiQdVO84NbiRH6V3Gq@6c48a","b0GLkiQdVO84NbiRH6V3Gq@f9941","b2HjDsWT5MUL59n+Ib/jh4@6c48a","b2HjDsWT5MUL59n+Ib/jh4@f9941","b2cDYSX9FO7ZMn3c/050Ao@6c48a","b2cDYSX9FO7ZMn3c/050Ao@f9941","b2c0VohzhNI6S3R8n8WHml","b2hvSd+m5Jb5GjavS4tVFt","b6LlTjsjhJLbZDc455t5TR@f9941","b6i1FMBlFLp6BYydSHrlzG@6c48a","b6i1FMBlFLp6BYydSHrlzG@f9941","b7Y7TvJ1REJpT3ftlu7BSg@f9941","b7pTt/8HJPTpw5gYx2SrCB@6c48a","b7pTt/8HJPTpw5gYx2SrCB@f9941","b7xGD0yiRCRYIJzyijn6XZ@6c48a","b7xGD0yiRCRYIJzyijn6XZ@f9941","b72vWdQHFGDLhBqb8gkXyF@6c48a","b72vWdQHFGDLhBqb8gkXyF@f9941","b9FROJUZFFQrDb5dN/JKds@6c48a","b9FROJUZFFQrDb5dN/JKds@f9941","b9d7H4fFFLHb/tsRvW1tul@6c48a","b9d7H4fFFLHb/tsRvW1tul@f9941","bbEfgLuERLKbz+hDuazczG@6c48a","bbEfgLuERLKbz+hDuazczG@f9941","bbgIVwVo5DXovhg8Im3u8r@6c48a","bbgIVwVo5DXovhg8Im3u8r@f9941","bbwzy9BwxPSoztz4UXMm2u@6c48a","bbwzy9BwxPSoztz4UXMm2u@f9941","bcStKZwhFNMIwtAbUIgdcx@6c48a","bcStKZwhFNMIwtAbUIgdcx@f9941","bc5nF5A+JLK7I0f7iEHkEU@6c48a","bc5nF5A+JLK7I0f7iEHkEU@f9941","bfMOp2PWdGAo8cEhnE/OOp@6c48a","bfMOp2PWdGAo8cEhnE/OOp@f9941","bfWzzmWu1NpoYuhL2E0oHB@6c48a","bfWzzmWu1NpoYuhL2E0oHB@f9941","c0ICSjtSRAJ44dtn0a2xHF@6c48a","c0ICSjtSRAJ44dtn0a2xHF@f9941","c0MKfQQTRLzLFQcBSO9jCJ@6c48a","c0MKfQQTRLzLFQcBSO9jCJ@f9941","c06zbNbdBHQLsYW0A437kQ@6c48a","c06zbNbdBHQLsYW0A437kQ@f9941","c10aQI9QVCrbx+7I3z1BSE@f9941","c2JEFWPdNNe7/v7JGE3x1t@6c48a","c2JEFWPdNNe7/v7JGE3x1t@f9941","c2PTls5SBEdaoD6zxtidzV@6c48a","c2PTls5SBEdaoD6zxtidzV@f9941","c2aVwUs35O3bFYysCxEQ3s@6c48a","c2aVwUs35O3bFYysCxEQ3s@f9941","c21N7sFFJLp51I9KKJOXrQ","c3uPNgunJCsqQzNoUD+0f5@6c48a","c3uPNgunJCsqQzNoUD+0f5@f9941","c3yNX2ZTJATo/X2+PgafQV@6c48a","c3yNX2ZTJATo/X2+PgafQV@f9941","c3/2H2yiVF2ZYXtK06xsPj","c5Rosn/z5Mp48iaUtGxg0M@f9941","c5ukk6V+xOnrXPAaXs+iUR@6c48a","c5ukk6V+xOnrXPAaXs+iUR@f9941","c6J/hD3+lPwI6Vjusykbay@f9941","c6LwSzBE9EWphfzwku4R27@f9941","c7tF4hetRHc5wVk0W+vp8X@f9941","c8QeWafXpME7mEoI+OV8Tz@6c48a","c8QeWafXpME7mEoI+OV8Tz@f9941","c8fENYK2dKBacq20vcQFOo@f9941","cabwPMrelF2rdl7RnzNrpf","cbb/xPHTdP/KFy34YT0JDq@6c48a","cbb/xPHTdP/KFy34YT0JDq@f9941","cbjk6kT61NM7PTlWPlCVTf@6c48a","cbjk6kT61NM7PTlWPlCVTf@f9941","cbxW4bDWFITIR2Lr1TlqKN@6c48a","cbxW4bDWFITIR2Lr1TlqKN@f9941","cdZuva+/RL4LdMhkwj71a1@6c48a","cdZuva+/RL4LdMhkwj71a1@f9941","ce6KxuyhVNqKc2JEC7PAxD@6c48a","ce6KxuyhVNqKc2JEC7PAxD@f9941","cfDaTmLk5LyJP38WQaRpan@6c48a","cfDaTmLk5LyJP38WQaRpan@f9941","d0TPczFV5KsqRra9quAGKX@6c48a","d0TPczFV5KsqRra9quAGKX@f9941","d2WlLv9oNJmqxbsV2VBJD8@f9941","d2isMxnM5LNoqt7B71F4qi@6c48a","d2isMxnM5LNoqt7B71F4qi@f9941","d3GeeKxRtM54RYN8w74auO@6c48a","d3GeeKxRtM54RYN8w74auO@f9941","d3/pXJj/9Goq/5eavfSJ9h@6c48a","d3/pXJj/9Goq/5eavfSJ9h@f9941","d4JKjHBotGzKJWBwGPUMhC@6c48a","d4JKjHBotGzKJWBwGPUMhC@f9941","d5Pw1aiZpJs6ZIx6yWba/4@f9941","d58I5kyJNHCpQqJDywRlE3@6c48a","d58I5kyJNHCpQqJDywRlE3@f9941","d6B5Y30FRCnKtrS7LDD/12@6c48a","d6B5Y30FRCnKtrS7LDD/12@f9941","d6Fm2XDHVK45d2a1Pdj76W@6c48a","d6Fm2XDHVK45d2a1Pdj76W@f9941","d87ZjnutRCb5QOEHIqtYU5@6c48a","d87ZjnutRCb5QOEHIqtYU5@f9941","d8+MyVYs1BToc1aCbwxZwC@f9941","dau35XRcFBPYQn1Mw/jm/U@6c48a","dau35XRcFBPYQn1Mw/jm/U@f9941","dbFDRVRyxPcKHzbwhzOOk5@6c48a","dbFDRVRyxPcKHzbwhzOOk5@f9941","dcGiMk4yVG1Z17zPD37Ksk@f9941","dcPvI0BYJAQry6+efJ1a2B@6c48a","dcPvI0BYJAQry6+efJ1a2B@f9941","dcRbD0no1GS69o2J3vsB1J@6c48a","dcRbD0no1GS69o2J3vsB1J@f9941","dcdllgohpGUKuE4CsaNZ9C@6c48a","dcdllgohpGUKuE4CsaNZ9C@f9941","dco0Ym3m9JlpEE6JaMk3px@6c48a","dco0Ym3m9JlpEE6JaMk3px@f9941","ddOBDwKQ1MAojPCmtgXCnj@f9941","ddPt3CeHdDgKAxW2+pHu2Z","ddn4e1bZNHKpXvhzcxBrZs","ddqS2IOc1N56MyQ4ae+F86@6c48a","ddqS2IOc1N56MyQ4ae+F86@f9941","deMvWzeyhBVJc/NmKC/ywE@6c48a","deMvWzeyhBVJc/NmKC/ywE@f9941","deaaM7WnNBtpuC3Xo8s1zF","det4+VA+pNnILw2KBto15G@f9941","de4t2fjdZHnptb3mt8iShn@6c48a","de4t2fjdZHnptb3mt8iShn@f9941","dfIR5itY9CHLBZnPWx47bp@f9941","dfg2KQtExB3Ki9OGZT7L2J@6c48a","dfg2KQtExB3Ki9OGZT7L2J@f9941","df75hfNZ1AebUibCOWn6SC@6c48a","df75hfNZ1AebUibCOWn6SC@f9941","e0CofzVjRC/YB7cqyAJ2um@f9941","e0EoBLkn1I1L9GjSkcpd8d@6c48a","e0EoBLkn1I1L9GjSkcpd8d@f9941","e0Qn5YDidFwL6EyQDL3Bmp@6c48a","e0Qn5YDidFwL6EyQDL3Bmp@f9941","e0t2Jb2M5MmI3IFbbh12vO@6c48a","e0t2Jb2M5MmI3IFbbh12vO@f9941","e0y2FFtYFGboP2W7MLIkSS@6c48a","e0y2FFtYFGboP2W7MLIkSS@f9941","e1bmYPQLJDe7g2dAvaS9m5@6c48a","e1bmYPQLJDe7g2dAvaS9m5@f9941","e15dyVAzNF242aUncH37Y0@6c48a","e15dyVAzNF242aUncH37Y0@f9941","e17Otgb71Ib4NelH2KkB+L","e28RDkGfxIG4CKPAZgK1+K","e4/RwlNclECqHqKstxn69R@6c48a","e4/RwlNclECqHqKstxn69R@f9941","e5XVDCPF5IM5wcgsXfau/R@6c48a","e5XVDCPF5IM5wcgsXfau/R@f9941","e5aDBL1KNCwIl5UOnYDBHL@6c48a","e5aDBL1KNCwIl5UOnYDBHL@f9941","e7Y4ycydREAoio4XnnVWLD","e7vlsR7oVOBo300IniKsoZ@f9941","e7x/AT6ElB1q00i7H9rmdO@6c48a","e7x/AT6ElB1q00i7H9rmdO@f9941","e7yeA46F5EO5Th/grN2B+C@6c48a","e7yeA46F5EO5Th/grN2B+C@f9941","e8uPuM0EdNgZYenPju9Pdy@6c48a","e8uPuM0EdNgZYenPju9Pdy@f9941","e85n2aydpHzJifKYkpcp5O@6c48a","e85n2aydpHzJifKYkpcp5O@f9941","e9HYiazrFFO6OOjVECqkcg@6c48a","e9HYiazrFFO6OOjVECqkcg@f9941","e9lc9EuuNH1Z8nCDgDeSoF@6c48a","e9lc9EuuNH1Z8nCDgDeSoF@f9941","e9/hC51u1LXJI9bbEq967k@6c48a","e9/hC51u1LXJI9bbEq967k@f9941","ebwiWi52xHj5HDt8mCHWjm@6c48a","ebwiWi52xHj5HDt8mCHWjm@f9941","ecP7nfjRFPcJQJ/Or0e4Bx@6c48a","ecP7nfjRFPcJQJ/Or0e4Bx@f9941","ecXQ6VXmpKmpuefTlrrop9","edQgzRsuJKDp9+5rSDV/8J@6c48a","edQgzRsuJKDp9+5rSDV/8J@f9941","eeuW4AnP9HE7DIRN8yDpcy@6c48a","eeuW4AnP9HE7DIRN8yDpcy@f9941","ee60J504tIr7JbLyla3DFs@6c48a","ee60J504tIr7JbLyla3DFs@f9941","efGBqlUhVLcaJyGzgHDCvp@f9941","f1vy851PdMh7E1gjiB1DU4@6c48a","f1vy851PdMh7E1gjiB1DU4@f9941","f2BvzbovtI0JJ6N8bVxfoM@f9941","f3AukNjV1AEYwIcK937gvE@6c48a","f3AukNjV1AEYwIcK937gvE@f9941","f3SzoyrIJGTo6+k8bIHPJL@6c48a","f3SzoyrIJGTo6+k8bIHPJL@f9941","f3zWRQiDZENrgSllLtetGD@6c48a","f3zWRQiDZENrgSllLtetGD@f9941","f4DkqsPPpPsoINz/3Yhvlr@6c48a","f4DkqsPPpPsoINz/3Yhvlr@f9941","f5UL4M2I5OureRqAaimftY@6c48a","f5UL4M2I5OureRqAaimftY@f9941","f7J1uPEMlH45fJNvZJpprm@f9941","f7kFcPevRAJZbs2B9lyK5G@6c48a","f7kFcPevRAJZbs2B9lyK5G@f9941","f8Lc9HEJRCCJzZSRzlFEWa@6c48a","f8Lc9HEJRCCJzZSRzlFEWa@f9941","f8L9RW34BBQJ6DLbag33RF@f9941","f8iCCwiEVJmoC9s83vtTky","f8iUYqUAVN5pMZ1H2mKh0p@f9941","f8vVWoh61KdZlsNvLbVd/M@6c48a","f8vVWoh61KdZlsNvLbVd/M@f9941","f8+uDEOF1Au4sjvSNbwZcK","faYN3F9LJAZKFDXhq/0lGX@6c48a","faYN3F9LJAZKFDXhq/0lGX@f9941","faa3FkV+FMGYn5e5lH9V6F@6c48a","faa3FkV+FMGYn5e5lH9V6F@f9941","faxfdBQ7pGbZ2O0ptyZAMe@6c48a","faxfdBQ7pGbZ2O0ptyZAMe@f9941","fbgeA0VGBBBKyV2nPRkvZp","fb/xGnI1hKtIQwyB+4jLjd","fcRAii+l5JV6k2CeV4b+e6@6c48a","fcRAii+l5JV6k2CeV4b+e6@f9941","fcv7g6OR9DsK5JhBDPw1zk@f9941","fdpcuEaexF7ouacJSi4kDi@6c48a","fdpcuEaexF7ouacJSi4kDi@f9941","ffuIqPr2JI9I8dPLYGRDpD@6c48a","ffuIqPr2JI9I8dPLYGRDpD@f9941"],"paths":{"0":["res/ani/shuffleAni",1,1],"1":["baccaratGameScene",0,1],"2":["baccaratGameScenePC",0,1],"6":["res/texture/shuffle/36/spriteFrame",3,1],"7":["res/texture/shuffle/17/spriteFrame",3,1],"10":["res/preafab/baccaratFlopCardViewMob",2,1],"15":["res/texture/shuffle/34/spriteFrame",3,1],"20":["res/texture/shuffle/3/spriteFrame",3,1],"47":["res/texture/shuffle/25/spriteFrame",3,1],"53":["res/preafab/autoSettingView",2,1],"60":["res/texture/shuffle/22/spriteFrame",3,1],"64":["res/texture/shuffle/19/spriteFrame",3,1],"66":["res/texture/shuffle/15/spriteFrame",3,1],"73":["res/texture/shuffle/28/spriteFrame",3,1],"77":["res/texture/shuffle/9/spriteFrame",3,1],"85":["res/texture/shuffle/14/spriteFrame",3,1],"90":["res/texture/shuffle/32/spriteFrame",3,1],"93":["res/texture/shuffle/6/spriteFrame",3,1],"100":["res/texture/shuffle/2/spriteFrame",3,1],"106":["res/texture/shuffle/4/spriteFrame",3,1],"107":["res/texture/shuffle/16/spriteFrame",3,1],"110":["res/texture/shuffle/35/spriteFrame",3,1],"116":["res/preafab/baccaratFlopCardViewPC",2,1],"117":["res/texture/shuffle/42/spriteFrame",3,1],"120":["res/texture/shuffle/12/spriteFrame",3,1],"122":["res/texture/shuffle/23/spriteFrame",3,1],"127":["res/texture/shuffle/38/spriteFrame",3,1],"130":["res/texture/shuffle/39/spriteFrame",3,1],"144":["res/texture/shuffle/37/spriteFrame",3,1],"149":["res/texture/shuffle/1/spriteFrame",3,1],"151":["res/texture/shuffle/29/spriteFrame",3,1],"152":["res/texture/shuffle/13/spriteFrame",3,1],"157":["res/texture/shuffle/10/spriteFrame",3,1],"162":["res/texture/shuffle/8/spriteFrame",3,1],"175":["res/texture/shuffle/20/spriteFrame",3,1],"186":["res/texture/shuffle/5/spriteFrame",3,1],"188":["res/texture/shuffle/30/spriteFrame",3,1],"197":["res/texture/shuffle/24/spriteFrame",3,1],"212":["res/texture/shuffle/18/spriteFrame",3,1],"213":["res/texture/shuffle/33/spriteFrame",3,1],"233":["res/texture/shuffle/41/spriteFrame",3,1],"236":["res/texture/shuffle/40/spriteFrame",3,1],"243":["res/texture/shuffle/7/spriteFrame",3,1],"244":["res/texture/shuffle/27/spriteFrame",3,1],"253":["res/texture/shuffle/26/spriteFrame",3,1],"272":["res/texture/shuffle/31/spriteFrame",3,1],"279":["res/texture/shuffle/21/spriteFrame",3,1],"293":["res/texture/shuffle/11/spriteFrame",3,1]},"scenes":{"db://assets/games/baccarat/baccaratGameScene.scene":1,"db://assets/games/baccarat/baccaratGameScenePC.scene":2},"packs":{"0262764ce":[6,47,64,85,93,100,117,130,149,152,233],"0344c2345":[322,325,298,377,380,382,384,386,416,418,421,423,425,427,453,456,458,474,477,307,480,482,484,487,505,510,508,512,514,516,518,522,538,540,296,545,548,552,550,578,581,583,588,315,605,607,609,612,642,644,646,649,334,339,341,346,347,356,362,368,370,373,375,406,408,436,438,448,450,467,469,472,489,496,526,529,531,533,557,559,562,591,617,318,619,621,629,631,636,332,337,349,354,358,366,390,396,300,410,430,442,444,309,498,603,623,634,351,359,388,394,413,460,462,465,491,524,555,568,595,597,625,364,398,400,404,575,615,627,343,535,345,432,440,493,501,330,352,402,434,446,503,565,573,600,639,653,657,663,665,668,651,659,661,655,671,674,678,681,695,697,699,683,685,692,703,687,701,705,707,709,711,713,717,715,723,733,735,739,728,721,744,719,730,726,748,750,752,754,756,758,767,760,772,778,763,765,769,776,774,781,783,786,788,790,792,797,799,803,806,808,815,817,821,825,833,835,837,839,845,819,827,841,813,843,811,829,847,849,852,854,856,859,866,880,864,868,875,862,870,873,885,883,887,891,894,896],"0480af858":[60,66,77,110,122,244,253],"05f71a28b":[10,336,365,478,479,532,536,624,626,704,761,764,820,867,890],"060bf7f93":[299,303,319,338,353,381,391,401,405,411,417,431,441,449,451,457,466,468,485,488,490,492,494,499,506,519,523,530,547,556,560,574,582,598,632,635,645,647,686,698,700,712,718,720,740,755,757,779,787,814,822,823,828,838,848,855,857,860,863,865,884],"066bd737e":[106,107,157,186,213,279,293],"079ec9289":[120,127,144,162,175,197,212,236,272],"09139a423":[301,308,326,335,344,350,355,357,361,369,376,378,1,383,389,397,399,403,419,428,433,435,439,447,455,459,470,473,475,481,483,509,511,515,521,527,539,541,549,551,558,569,576,584,587,589,592,601,604,616,618,622,637,638,640,643,654,669,672,693,706,724,727,729,731,736,749,751,753,759,766,768,773,775,777,782,791,793,796,798,800,804,812,816,826,830,834,836,840,850,853,869,871,874,876,878,881,882,888,889,892,895],"09c653ba3":[297,316,323,331,333,340,342,348,363,371,374,387,395,407,409,414,422,424,426,437,443,445,454,461,463,2,497,502,504,513,116,517,520,525,534,546,553,563,566,572,579,596,599,606,610,613,620,628,630,650,652,656,658,660,662,664,666,670,675,679,682,684,688,689,696,702,708,710,714,716,722,732,734,745,747,770,784,789,801,807,809,818,842,844,846,851,886,897],"0cde36511":[7,15,20,73,90,151,188],"0de199f9b":[310,327,360]},"versions":{"import":[3,"a2533",0,"cef35",4,"a2533",5,"a2533",302,"aa8dd",305,"5e357",306,"6e3b4",8,"a2533",9,"a2533",311,"ae567",312,"980f0",313,"a7ee0",314,"0d2a8",11,"a2533",317,"eac42",12,"a2533",320,"ee995",13,"a2533",14,"a2533",328,"83b26",329,"0610e",16,"a2533",17,"a2533",18,"a2533",19,"a2533",21,"a2533",22,"a2533",23,"a2533",24,"4125d",25,"2ee43",26,"a2533",27,"a2533",28,"f96b5",29,"a2533",30,"a2533",31,"a2533",32,"82c6e",33,"a2533",34,"a2533",35,"a2533",36,"b9b17",37,"a2533",38,"a2533",39,"a2533",40,"a2533",41,"a2533",42,"a2533",43,"a2533",44,"e1f10",45,"a2533",46,"a2533",48,"a2533",49,"a2533",50,"a2533",51,"a2533",52,"a2533",53,"4e796",54,"a2533",55,"a2533",56,"a2533",57,"a2533",58,"a2533",59,"a2533",61,"a2533",62,"a2533",63,"a2533",65,"a2533",67,"a2533",68,"a2533",69,"a2533",70,"a2533",71,"a2533",72,"a2533",74,"a2533",75,"a2533",76,"a2533",78,"a2533",79,"a2533",80,"a2533",81,"a2533",82,"a2533",83,"a2533",84,"a2533",86,"a2533",87,"a2533",88,"a2533",89,"a2533",91,"a2533",92,"a2533",94,"a2533",95,"a2533",96,"a2533",97,"a2533",98,"a2533",99,"a2533",101,"a2533",102,"a2533",103,"a2533",104,"a2533",105,"a2533",108,"a2533",109,"a2533",111,"a2533",112,"a2533",113,"a2533",114,"a2533",115,"a2533",118,"a2533",119,"a2533",121,"a2533",123,"a2533",124,"a2533",125,"a2533",126,"a2533",128,"a2533",129,"a2533",131,"a2533",132,"a2533",133,"a2533",134,"a2533",135,"a2533",136,"a2533",137,"a2533",138,"a2533",139,"a2533",140,"a2533",141,"a2533",142,"a2533",143,"a2533",145,"a2533",146,"a2533",147,"a2533",148,"a2533",150,"a2533",153,"a2533",154,"a2533",155,"a2533",156,"a2533",158,"a2533",159,"a2533",160,"a2533",161,"a2533",163,"a2533",164,"a2533",165,"a2533",167,"a2533",168,"a2533",169,"a2533",170,"a2533",171,"a2533",172,"a2533",173,"a2533",174,"a2533",176,"a2533",177,"a2533",178,"a2533",179,"a2533",180,"a2533",181,"a2533",182,"a2533",183,"a2533",184,"a2533",185,"a2533",187,"a2533",189,"a2533",190,"a2533",191,"a2533",192,"a2533",193,"a2533",194,"a2533",195,"a2533",196,"a2533",198,"a2533",199,"a2533",200,"a2533",201,"a2533",202,"a2533",203,"a2533",204,"a2533",205,"a2533",206,"a2533",207,"a2533",208,"a2533",209,"a2533",210,"a2533",211,"a2533",214,"a2533",215,"a2533",216,"a2533",217,"a2533",218,"a2533",219,"a2533",220,"a2533",221,"a2533",222,"a2533",223,"a2533",224,"a2533",225,"a2533",226,"a2533",227,"a2533",228,"a2533",229,"a2533",230,"a2533",231,"a2533",232,"a2533",234,"a2533",235,"a2533",237,"a2533",238,"a2533",239,"a2533",240,"a2533",241,"a2533",242,"a2533",243,"d6c6a",245,"a2533",246,"a2533",247,"a2533",248,"a2533",249,"a2533",250,"a2533",251,"a2533",252,"a2533",254,"a2533",255,"a2533",256,"a2533",257,"a2533",258,"a2533",259,"a2533",260,"a2533",261,"a2533",262,"a2533",263,"a2533",264,"a2533",265,"a2533",266,"a2533",267,"a2533",268,"a2533",269,"a2533",270,"a2533",271,"a2533",273,"a2533",274,"a2533",275,"a2533",276,"a2533",277,"a2533",278,"a2533",280,"a2533",281,"a2533",282,"a2533",283,"a2533",284,"a2533",285,"a2533",286,"a2533",287,"a2533",288,"a2533",289,"a2533",290,"a2533",291,"a2533",292,"a2533",294,"a2533",295,"a2533"],"native":[3,"7ee13",4,"9b73a",5,"de7ab",8,"cbed1",9,"338df",11,"4412a",12,"33d75",13,"440c4",14,"a75d8",16,"2ed4a",17,"a291e",18,"c9691",19,"b5d5a",21,"12aef",22,"90db6",23,"effac",24,"8397d",25,"6e5f6",26,"8cb5e",27,"f7a9a",28,"3c179",29,"d0833",30,"8f78e",31,"d019a",32,"f7fac",33,"92d87",34,"ca7b3",35,"c1ca9",36,"10d0b",37,"51127",38,"f7196",39,"2cbb2",40,"1025a",41,"049f0",42,"89de9",43,"85395",44,"f55f1",45,"cfe7d",46,"e96e3",48,"0ce85",49,"b4a25",50,"cfa5d",51,"030a4",52,"1173c",54,"9b60e",55,"98847",56,"6ba03",57,"f7876",58,"1d256",59,"0f3fc",61,"ce64d",62,"d4496",63,"488e9",65,"3f3be",67,"f6a0a",68,"6a001",69,"239f2",70,"4218e",71,"fe425",72,"7afd5",74,"85e6a",75,"59d17",76,"2e334",78,"b1978",79,"3b642",80,"f1576",81,"b94a2",82,"169fb",83,"efba1",84,"86514",86,"14d73",87,"672ee",88,"b1b86",89,"b1c70",91,"3ee22",92,"27ca2",94,"58ee9",95,"3bd9f",96,"0a8b8",97,"42621",98,"a6e30",99,"9d4c1",101,"0eaf9",102,"b68b1",103,"73ad2",104,"42db9",105,"b69ac",108,"4a504",109,"0ea76",111,"899bc",112,"f5c03",113,"bc5d7",114,"342cf",115,"10a6d",118,"b21ee",119,"a2cda",121,"03e45",123,"8fccc",124,"54d95",125,"f9781",126,"a8dcd",128,"66176",129,"d5d16",131,"298be",132,"cdf18",133,"0b081",134,"f17c5",135,"28bc9",136,"fe571",137,"38fb8",138,"9be18",139,"ce0e4",140,"829bb",141,"a2b7f",142,"08bcd",143,"e63de",145,"e84b9",146,"8f4bc",147,"fa4be",148,"d6d62",150,"70d56",153,"781eb",154,"a4257",155,"907cd",156,"0a5df",158,"ad921",159,"d70bd",160,"20576",161,"53ebe",163,"6cef2",164,"44782",165,"81fac",167,"9d10d",168,"7d947",169,"4ee43",170,"a3afe",171,"25d5d",172,"ac927",173,"bf338",174,"74c52",176,"d9932",177,"8bc93",178,"65aac",179,"e6501",180,"f9ab4",181,"096b0",182,"5098c",183,"411fb",184,"c9691",185,"08000",187,"20a1c",189,"a3590",190,"4617a",191,"9e086",192,"83e56",193,"050cf",194,"0dd3d",195,"6ab87",196,"5720c",198,"26764",199,"eec24",200,"5470a",201,"8ef82",202,"2ba3a",203,"3d23f",204,"19095",205,"8c337",206,"784dc",207,"494e2",208,"a2aef",209,"1041a",210,"d07c1",211,"44af0",214,"971e9",215,"2f253",216,"a460a",217,"f3164",218,"3d929",219,"654a1",220,"fc8c0",221,"b7c87",222,"28e5b",223,"9bf84",224,"f7cc8",225,"7a7d1",226,"857a7",227,"65832",228,"9db1f",229,"0320f",230,"41abf",231,"4fee9",232,"4fc5b",234,"0d3a2",235,"e6f4b",237,"fbfba",238,"4d559",239,"ddc89",240,"314fe",241,"543b5",242,"6af93",245,"0677e",246,"11f03",247,"3d91d",248,"34e71",249,"93d21",250,"1cf6c",251,"5ea17",252,"95f40",254,"125cd",255,"d86ae",256,"30e09",257,"931b7",258,"113bc",259,"d6c97",260,"1941a",261,"8fa77",262,"15104",263,"233c5",264,"4f1d3",265,"d884a",266,"4ac88",267,"3a186",268,"8a29d",269,"a5ea9",270,"db45c",271,"e0076",273,"348c9",274,"50647",275,"ca6ba",276,"04fbf",277,"f5d2f",278,"35048",280,"fda37",281,"8cbd5",282,"c009a",283,"901f0",284,"c45ce",285,"283e7",286,"00ecb",287,"35b3d",288,"65937",289,"c35b6",290,"45d46",291,"f9aae",292,"80fee",294,"18a4c",295,"6d707"]},"redirect":[304,"0",321,"0",324,"0",367,"0",372,"0",379,"0",385,"0",392,"1",393,"1",412,"0",415,"0",420,"0",429,"0",452,"1",464,"0",471,"0",476,"0",486,"0",495,"1",500,"1",507,"0",528,"1",537,"0",542,"0",543,"0",544,"0",554,"0",561,"1",564,"0",567,"0",570,"0",571,"0",577,"0",580,"0",585,"0",586,"1",590,"1",593,"0",594,"1",602,"0",608,"0",611,"0",614,"0",166,"0",633,"1",641,"0",648,"0",667,"0",673,"0",676,"0",677,"0",680,"1",690,"0",691,"0",694,"0",725,"0",737,"0",738,"0",741,"0",742,"0",743,"0",746,"0",762,"0",771,"0",780,"0",785,"0",794,"0",795,"0",802,"1",805,"0",810,"0",824,"0",831,"0",832,"1",858,"0",861,"0",872,"1",877,"0",879,"1",893,"0"],"debug":false,"extensionMap":{".cconb":[0,166]},"hasPreloadScript":true,"dependencyRelationships":{},"types":["cc.SceneAsset","cc.AnimationClip","cc.Prefab","cc.SpriteFrame"]}