{"importBase":"import","nativeBase":"native","name":"baccaratBundle","deps":["main","resources"],"uuids":["004w8ztdBDjbE64n5xumRZ","1am9BWnVxDUYdvWJe1lqDH","47xL49Lf9CoY4OzXUhZkv4","00bjlY+oZDaL2cnJzgoX+f","005UCUyyRFNotZ6ZnSO/Dj","02E8gutvJALbJYvYLpjL33","03e3X/G6VJkLqjDVVyJg+d@f9941","042nZx7CVIWaWhbzHxkjPb@f9941","0425PhImJArpbKLiabiTmF","05FvcGNTdGQ4DYXpJB3/mG","08OBPQcjRKL58NqseirY82","08t95af4ZA2YFK4UGYdLrX","09O5jzpg9BCbjPIHiZw3Da","0brOF/2ClHtaxNil/etn4Q","0cBGmhIuRHsrRgyxhgQSGy","0e3yoIVYtDLr5vw/SDuh1O@f9941","10FyAIawFGcYyOCxtXXZqX","10nkgK8W1KQbMd/PkBAEft","10xnJmL5FMVIOvso5/drZW","11OgrGIT1HlbpH70ksAk2V","11ZHDravpIXLnhuIAWqefS@f9941","11zoVtRmpIw7hW+WSQgFfb","113gphSuJNvYLo9lSHUHNI","12KDX0CQVLfaiM1Mn+XSYE","1262764ce","13af827ea","13ykflF29KwIUhhMCA5Ega","14fgsp0ZRFYpa/r3aCSfDX","1480af858","14g2ZE0olLHpm7TWZ7e+cV","14nLalIPNOB73wBjPFbx3g","15rsA8VhFKFpBosiNwb4qb","166bd737e","16cqyrtcdDFJtCg94+muIV","168Q1UYIhH37/YBuXh39qB","17V40JyvdLUpljbkqwvyDO","179ec9289","176fQQya1Me6n/ypcWiqiL","188LbUasNMW4vBCLD5JNQP","19qDD2uk1Hv4fnrDscDMEB","196fbGf5NKLrP8I0zSWVHi","1aZo4JJVNKbJhMKPROseei","1bq7yxfGlAJIBrqH4f01C+","1bwvEj/CJIQ6RnYmxgsekg","1cde36511","1fpZc+doFBgJrg3jRtqXkb","20AsYH2lpDnpudT2uHuJr0","20B7D9eJ1FgJ51trTg66+v@f9941","20P9pUxvVP04MhWrgPY6Wh","20g8DSkb9F9a/2WwWKby3I","21HsyQXBNHT5CO1ZmAICdQ","22Iput9MtBeJjRYpYY6xwP","23V4984klG+IyKiqt8Fni2","24NBIOSq1D2LcJ66Cg0UNs","24SRk3y+BI2rLXwrdR1yZD","24gH2D5eFLJ6k+f2GLMxuG","24odHCfK5IkorCOCZMcFSA","24sibD8W9Hg5a8OTOOi+4G","25Lfe096tN8oe6MWenADYM","28R7TECSlFrowTxwrNqcpV","29cKRrjPpHd5w2AG7XL1Ic@f9941","2aDM7BVTlGmY6MO8/n/8As","2a9RnmumtH1oZVQJzprKR8","2b1Yy12IpKCL1cxBMEcS90","2b2p3I5E9GBrPRbtu2Ax89@f9941","2cfpe7RxJM/LqJfwvxXGJN","2dC1oed09KbLjT41i1TP8i@f9941","2d0otSAAhJtqoWvn5Q++gr","2erGA6KzJNabWK94nVmKeS","31HLAtqJxIcKuElQxK66Yq","32MSWOFOpJV4hPKsv1Uy/S","33Q0kYFcZAj4M725kePduf","339XHwAp1My4t9ETPNyAkD","34TF7eFjZM05z+bFauNMIE@f9941","35yLWDApNOHaXyxbVzPem/","36J0l9KjFKPqvbcKf+5pIz","36niaKs75BL5P34Dq94GXk","36z1hK44xPl5xOk3au4NPE@f9941","37XIBsvpVCRp6lqzAJEgId","38IXkC/4xGArxTPHs4x5Wh","38tcJ2KCRGOqSog4rNldqC","38ygr1ygRC5ogbFnQEQXlV","3bZ4PZlW1CmblTgZgMx9Jp","3cGlRjtrZFzpVJGrYWN/+Z","3c6VsfalJLfKp1GNReqln6","3eV2X74kZGwINerTPqSmLE@f9941","41Ad+BmbpBnIBoG0nmYiMa","41UcqJvtFJQ4FrBT4ARhNU","42Jt6o5FdMtbvS3iegz3Zx","435e77r81Ls4HIahrnoOv1","44P9a3cMND8qg/z84tSKU1@f9941","44x+IzsAFDvZxZ8RULqCCw","48sGjaaupGRrS2qoypclDZ","4bjirqs+hLgJvuMYGEzngN@f9941","4cWFIboJlMdrrBDKq5OhB1","4dKwDP/qNPgq8crbNwsfxN","4emLDxONFBgK/Bj30ZB+Yv","4e+tppHRNCtKFPTweGKc8O","4fRtWiMAVFWZsRmfNwboKN","4f850dcwJJKbiH2CvChA+w","50Wyod/fFDArZuQA0Geqti@f9941","52x9HEs/dAOIwR49hhRPVp","53F7YyYr5JQq0FzycgdjDj","54SQaKynJI2Jgztmi9KBqR","54xzZI1i9K2ZQgzmwXjgqq","55LbaxtLlGYYHDl1a+9B4b","55sdoitu5M16TNUcx93/fe@f9941","56sfI9a/NA6oCSANxeSo+a@f9941","58loV/a+lLjq3db2wmMZrX","59k2gDmW5Lp4fTh484CcEz","59mvMzo05EmpqL4eP9XizA@f9941","5bRicLCYVGXoIQNpZD+rt/","5cWHQGlbBNU5Fefp6ekG3o","5cW65jXGRMCKK8iyWtPM2f","5czw9RxSxLwag+9sRRWTjR","5dgbLnTSZLebLM4ZrJAU/i","5d4iNAuuFJ6IwSWVc9oOV8@f9941","5d8QLS2sNEGKnsE2GxParS","5eR224NGROiogkOCU6xLX1","5fR3i2s5FCpaHUA1OkwfLf@f9941","5fcZV57QBH76hV5kPozWs4","5fkjGKtfZJdK4KyHnyuMvS@f9941","61aLbcRlJG84hbLQxxCHV5","615fgG1LpC/IMjkUbKKqUm","640P626thDfaOdlH3bkSon","65wBmVZzpP6au0nncjhZyu","655vrp24NNqInbLOYqpy0U@f9941","67pKv4DlhPXLDK0suB3UYP","69d3f8H0tMCZucJg0ZmOjU","6aQLuybddAMqdMdSz2QRfo@f9941","6aqIccdwRMTpmooWDBwla4","6atubEidZMP5PRao/2psPV","6eAVdYnBFEeZN/aX1bcxTG","6es+2ReXlEKJ+sVzes73ox","6faVLl8WVHhJECwJVQAJwN","6fevJMZs9N8qx8DkIsA/I5","71aexCqFFABKIQt1HOUWqy","713MDsuhVPiaRal9aCSDRQ","71/nzIxvlOZrPDSSplrZjX","74riQP1O9PX4fQPDrBRz97","75NBmTX/JO9oJYXKkSF18K","75kePpYjBDEIiUrWnpdayC","78NmKQ06tJj76KGki1a2iF","785K2nIj5DMIpI+rwfRVvp@f9941","79I20Ox45FcodtFrHKBHBM","7bIdNd9zlOcITv6nRengYo","7bMI7QaFRK/pVTxz79kz2w","7bYWLSpypNrqB42AcZSSZx","7ewN/4I3RCu5vsBwpR4Quy@f9941","7fQ0Wqb/tKxbkuc1o30cej","80Pey5pn5JyrxsNOH4TqCk@f9941","82UtyJF8pBl45r8D6NI9xH@f9941","822fg5XpBPuZ3fgQ3dVeOj","84FObBFxlDIK2/KqLmHZn5","84Nup2cPdAWIZFOhuvb3We","87lUUJZ3xMHpZskn/18r0b","88CMbTzYRDIZuRzRHm6CMJ@f9941","89Wqux7l9M/7PokgavQWTl","8bQsZXmvdHQ7e3oK18s4yu","8cAiPppfhPp43WlYAeghJf","8cyqK/+SBHa4sakbnUaXfd","8dL77iP9BMN5Z+nxe65Ta7@f9941","8fR5pc/95Amr78H0rsZrLG","90Fmt0+K5LL4o0OtHEa7dW","928Nll3d1C0IxwFrUuR31M","93EqSj1UBEf4Zs9kqSlH6a","93uyNW4d5ESoNNlBw+gedn","939cGSWCVJSbclUbUTAEmI","94SozqhFBMSIf7+nL7PRUL","94Z+Cc5S1EWpS7JNZvzEs8","94kGuGpxZDZ4cSTQ3LgVn3","94t30MJhFKL7Njf46TSUOT","94/MAiAxpLA7lLo/jzv1s6","95XLWIuuhFvbb7vD0pJ+Ah","97ujww5dhKSpQj3DkTdaBn@f9941","97wNaeiPJL+paBNncIGzn+","99mVQGGcdKr6FiD3BikvOQ","9asz8Da+lPiL5aOs3Vf4yK","9bX1tBhvZPELQI/mMwuQJQ","9dLqGRhgtM14mp3+iJ+Ad8","9fOT4G6w9BJbFZNvRqiptr","a1jdSkC31BuZIIvG8+YZ0Z","a13QYCnW9MxYUBhILj56RO","a2MoFks5dEtLoqWd5o2iGY","a200dALEJNe59UO+pQPh1k","a38rUilgtArpO0ar2mKvtP@f9941","a4Hg3CsCRAhYsTr9gy6eqb","a4RaFPDctFt5ovIRb+6J21@f9941","a5BV8RkgRHS4wfR22ZUoxb","a76QxmXG9G34q4yJXu9VwE","a76+KawstF/5PF1KXX8gy7","a8q7ndzulOJbl353u9frBF","aa1/wv2X1GJqpAyYJzHgBk","aa6WB6sL1BvLhF6SdlNPuh","acR2Lg2zBD56HUOgsWgXaU","aes5tmMQlC76644fvIfx56","afgzoiEi5IUqMN8f4j+mow@f9941","b0GLkiQdVO84NbiRH6V3Gq","b2HjDsWT5MUL59n+Ib/jh4","b2cDYSX9FO7ZMn3c/050Ao","b6i1FMBlFLp6BYydSHrlzG","b7pTt/8HJPTpw5gYx2SrCB","b7xGD0yiRCRYIJzyijn6XZ","b72vWdQHFGDLhBqb8gkXyF","b9FROJUZFFQrDb5dN/JKds","b9d7H4fFFLHb/tsRvW1tul","bbEfgLuERLKbz+hDuazczG","bbgIVwVo5DXovhg8Im3u8r","bbwzy9BwxPSoztz4UXMm2u","bcStKZwhFNMIwtAbUIgdcx","bc5nF5A+JLK7I0f7iEHkEU","bdao72QV9Npq4hTFhddTtR@f9941","bexDvJ7khGsLOb/ZWzdWyv@f9941","bfMOp2PWdGAo8cEhnE/OOp","bfWzzmWu1NpoYuhL2E0oHB","c0ICSjtSRAJ44dtn0a2xHF","c0MKfQQTRLzLFQcBSO9jCJ","c06zbNbdBHQLsYW0A437kQ","c2JEFWPdNNe7/v7JGE3x1t","c2PTls5SBEdaoD6zxtidzV","c2aVwUs35O3bFYysCxEQ3s","c3uPNgunJCsqQzNoUD+0f5","c3yNX2ZTJATo/X2+PgafQV","c5ukk6V+xOnrXPAaXs+iUR","c8QeWafXpME7mEoI+OV8Tz","cbb/xPHTdP/KFy34YT0JDq","cbjk6kT61NM7PTlWPlCVTf","cbxW4bDWFITIR2Lr1TlqKN","cdZuva+/RL4LdMhkwj71a1","ce6KxuyhVNqKc2JEC7PAxD","cfDaTmLk5LyJP38WQaRpan","d0TPczFV5KsqRra9quAGKX","d1ppvPse1FaI9fSuDgsEsM@f9941","d2isMxnM5LNoqt7B71F4qi","d3GeeKxRtM54RYN8w74auO","d3qqAYAEBEh4dmrXgf2eQz@f9941","d3/pXJj/9Goq/5eavfSJ9h","d4JKjHBotGzKJWBwGPUMhC","d58I5kyJNHCpQqJDywRlE3","d6B5Y30FRCnKtrS7LDD/12","d6Fm2XDHVK45d2a1Pdj76W","d87ZjnutRCb5QOEHIqtYU5","d9JqEAKu5GaadKrKC80Kip@f9941","daX7i5xEpEBpJcrbHt1gWt@f9941","dau35XRcFBPYQn1Mw/jm/U","dbFDRVRyxPcKHzbwhzOOk5","dcPvI0BYJAQry6+efJ1a2B","dcRbD0no1GS69o2J3vsB1J","dcdllgohpGUKuE4CsaNZ9C","dco0Ym3m9JlpEE6JaMk3px","ddqS2IOc1N56MyQ4ae+F86","deMvWzeyhBVJc/NmKC/ywE","deVbn0CyhCE42iGDhXZwtG@f9941","de4t2fjdZHnptb3mt8iShn","dfg2KQtExB3Ki9OGZT7L2J","df75hfNZ1AebUibCOWn6SC","e0EoBLkn1I1L9GjSkcpd8d","e0Qn5YDidFwL6EyQDL3Bmp","e0t2Jb2M5MmI3IFbbh12vO","e0y2FFtYFGboP2W7MLIkSS","e1bmYPQLJDe7g2dAvaS9m5","e15dyVAzNF242aUncH37Y0","e4/RwlNclECqHqKstxn69R","e5XVDCPF5IM5wcgsXfau/R","e5aDBL1KNCwIl5UOnYDBHL","e7x/AT6ElB1q00i7H9rmdO","e7yeA46F5EO5Th/grN2B+C","e8uPuM0EdNgZYenPju9Pdy","e85n2aydpHzJifKYkpcp5O","e9HYiazrFFO6OOjVECqkcg","e9lc9EuuNH1Z8nCDgDeSoF","e9ose2pVlFSIcdH+J8oY3w@f9941","e9/hC51u1LXJI9bbEq967k","ebwiWi52xHj5HDt8mCHWjm","ecP7nfjRFPcJQJ/Or0e4Bx","edQgzRsuJKDp9+5rSDV/8J","eeuW4AnP9HE7DIRN8yDpcy","ee60J504tIr7JbLyla3DFs","efvCcCoY1OMJDMqCfXu/Yg@f9941","f1vy851PdMh7E1gjiB1DU4","f3AukNjV1AEYwIcK937gvE","f3SzoyrIJGTo6+k8bIHPJL","f3zWRQiDZENrgSllLtetGD","f4DkqsPPpPsoINz/3Yhvlr","f5UL4M2I5OureRqAaimftY","f7kFcPevRAJZbs2B9lyK5G","f8Lc9HEJRCCJzZSRzlFEWa","faYN3F9LJAZKFDXhq/0lGX","faa3FkV+FMGYn5e5lH9V6F","faxfdBQ7pGbZ2O0ptyZAMe","fcRAii+l5JV6k2CeV4b+e6","fczhGYkNtP0r+wljA9tpZ8@f9941","fdpcuEaexF7ouacJSi4kDi","ffuIqPr2JI9I8dPLYGRDpD","00bjlY+oZDaL2cnJzgoX+f@6c48a","00bjlY+oZDaL2cnJzgoX+f@f9941","005UCUyyRFNotZ6ZnSO/Dj@6c48a","005UCUyyRFNotZ6ZnSO/Dj@f9941","02E8gutvJALbJYvYLpjL33@6c48a","02E8gutvJALbJYvYLpjL33@f9941","0262764ce","027OFhmglBoIv7w+jzf2Zc","02/5lydMRA8oJSutUzIbQf@f9941","0480af858","0425PhImJArpbKLiabiTmF@6c48a","0425PhImJArpbKLiabiTmF@f9941","05FvcGNTdGQ4DYXpJB3/mG@6c48a","05FvcGNTdGQ4DYXpJB3/mG@f9941","0556b414f","05f71a28b","060bf7f93","066bd737e","06f7d165b","079ec9289","08t95af4ZA2YFK4UGYdLrX@6c48a","08t95af4ZA2YFK4UGYdLrX@f9941","09O5jzpg9BCbjPIHiZw3Da@6c48a","09O5jzpg9BCbjPIHiZw3Da@f9941","0aEywwGXNC8ZHFZ6NDcmtq@f9941","0brOF/2ClHtaxNil/etn4Q@6c48a","0brOF/2ClHtaxNil/etn4Q@f9941","0b0xjPWlFAVq0VmFJ5unMQ@f9941","0cBGmhIuRHsrRgyxhgQSGy@6c48a","0cBGmhIuRHsrRgyxhgQSGy@f9941","0cKx9+g+VOCZrxoiqT8ZuW","0cde36511","0d692125c","0de199f9b","10FyAIawFGcYyOCxtXXZqX@6c48a","10FyAIawFGcYyOCxtXXZqX@f9941","10nkgK8W1KQbMd/PkBAEft@6c48a","10nkgK8W1KQbMd/PkBAEft@f9941","10xnJmL5FMVIOvso5/drZW@6c48a","10xnJmL5FMVIOvso5/drZW@f9941","11AWvzKr9JorWsQA7m9O9X","11OgrGIT1HlbpH70ksAk2V@6c48a","11OgrGIT1HlbpH70ksAk2V@f9941","11zoVtRmpIw7hW+WSQgFfb@6c48a","11zoVtRmpIw7hW+WSQgFfb@f9941","113gphSuJNvYLo9lSHUHNI@6c48a","113gphSuJNvYLo9lSHUHNI@f9941","12KDX0CQVLfaiM1Mn+XSYE@6c48a","12KDX0CQVLfaiM1Mn+XSYE@f9941","1262764ce@6c48a","13af827ea@6c48a","13ykflF29KwIUhhMCA5Ega@6c48a","13ykflF29KwIUhhMCA5Ega@f9941","14fgsp0ZRFYpa/r3aCSfDX@6c48a","14fgsp0ZRFYpa/r3aCSfDX@f9941","1480af858@6c48a","14g2ZE0olLHpm7TWZ7e+cV@6c48a","14g2ZE0olLHpm7TWZ7e+cV@f9941","14nLalIPNOB73wBjPFbx3g@6c48a","14nLalIPNOB73wBjPFbx3g@f9941","15rsA8VhFKFpBosiNwb4qb@6c48a","15rsA8VhFKFpBosiNwb4qb@f9941","166bd737e@6c48a","16cqyrtcdDFJtCg94+muIV@6c48a","16cqyrtcdDFJtCg94+muIV@f9941","16qv4jj+lETaCQhE7hqgIa","168Q1UYIhH37/YBuXh39qB@6c48a","168Q1UYIhH37/YBuXh39qB@f9941","17V40JyvdLUpljbkqwvyDO@6c48a","17V40JyvdLUpljbkqwvyDO@f9941","179ec9289@6c48a","170faPuu1MzrnPC+zw9NKt@f9941","176fQQya1Me6n/ypcWiqiL@6c48a","176fQQya1Me6n/ypcWiqiL@f9941","188LbUasNMW4vBCLD5JNQP@6c48a","188LbUasNMW4vBCLD5JNQP@f9941","19hfA7J1JHvLbgzM0Z0Bb8@f9941","19qDD2uk1Hv4fnrDscDMEB@6c48a","19qDD2uk1Hv4fnrDscDMEB@f9941","196fbGf5NKLrP8I0zSWVHi@6c48a","196fbGf5NKLrP8I0zSWVHi@f9941","1aZo4JJVNKbJhMKPROseei@6c48a","1aZo4JJVNKbJhMKPROseei@f9941","1a800Gf1tNVppDcIIE2Nt3@f9941","1bq7yxfGlAJIBrqH4f01C+@6c48a","1bq7yxfGlAJIBrqH4f01C+@f9941","1bwvEj/CJIQ6RnYmxgsekg@6c48a","1bwvEj/CJIQ6RnYmxgsekg@f9941","1cde36511@6c48a","1dgcNa5bBAdpuW+b9QYn9E@f9941","1fpZc+doFBgJrg3jRtqXkb@6c48a","1fpZc+doFBgJrg3jRtqXkb@f9941","20AsYH2lpDnpudT2uHuJr0@6c48a","20AsYH2lpDnpudT2uHuJr0@f9941","20P9pUxvVP04MhWrgPY6Wh@6c48a","20P9pUxvVP04MhWrgPY6Wh@f9941","20YzUl2n9NQ4Wdt4CJXLM7@f9941","20g1ukYUVPvKWKBRznAKo+@f9941","20g8DSkb9F9a/2WwWKby3I@6c48a","20g8DSkb9F9a/2WwWKby3I@f9941","21HsyQXBNHT5CO1ZmAICdQ@6c48a","21HsyQXBNHT5CO1ZmAICdQ@f9941","22Iput9MtBeJjRYpYY6xwP@6c48a","22Iput9MtBeJjRYpYY6xwP@f9941","23V4984klG+IyKiqt8Fni2@6c48a","23V4984klG+IyKiqt8Fni2@f9941","24SRk3y+BI2rLXwrdR1yZD@6c48a","24SRk3y+BI2rLXwrdR1yZD@f9941","24gH2D5eFLJ6k+f2GLMxuG@6c48a","24gH2D5eFLJ6k+f2GLMxuG@f9941","24odHCfK5IkorCOCZMcFSA@6c48a","24odHCfK5IkorCOCZMcFSA@f9941","24sibD8W9Hg5a8OTOOi+4G@6c48a","24sibD8W9Hg5a8OTOOi+4G@f9941","25Lfe096tN8oe6MWenADYM@6c48a","25Lfe096tN8oe6MWenADYM@f9941","259WfOS7tHl57GqCSPBjcK@f9941","28R7TECSlFrowTxwrNqcpV@6c48a","28R7TECSlFrowTxwrNqcpV@f9941","293ULKSQBNPaG0dqivhZAD@f9941","2aDM7BVTlGmY6MO8/n/8As@6c48a","2aDM7BVTlGmY6MO8/n/8As@f9941","2a9RnmumtH1oZVQJzprKR8@6c48a","2a9RnmumtH1oZVQJzprKR8@f9941","2byDUhRw5E56UJje3uOKCo","2b1Yy12IpKCL1cxBMEcS90@6c48a","2b1Yy12IpKCL1cxBMEcS90@f9941","2cfpe7RxJM/LqJfwvxXGJN@6c48a","2cfpe7RxJM/LqJfwvxXGJN@f9941","2d0otSAAhJtqoWvn5Q++gr@6c48a","2d0otSAAhJtqoWvn5Q++gr@f9941","2erGA6KzJNabWK94nVmKeS@6c48a","2erGA6KzJNabWK94nVmKeS@f9941","2fK+8arSVMMpMIMU7v6kVt@f9941","31HLAtqJxIcKuElQxK66Yq@6c48a","31HLAtqJxIcKuElQxK66Yq@f9941","32MSWOFOpJV4hPKsv1Uy/S@6c48a","32MSWOFOpJV4hPKsv1Uy/S@f9941","33Q0kYFcZAj4M725kePduf@6c48a","33Q0kYFcZAj4M725kePduf@f9941","339XHwAp1My4t9ETPNyAkD@6c48a","339XHwAp1My4t9ETPNyAkD@f9941","35yLWDApNOHaXyxbVzPem/@6c48a","35yLWDApNOHaXyxbVzPem/@f9941","36J0l9KjFKPqvbcKf+5pIz@6c48a","36J0l9KjFKPqvbcKf+5pIz@f9941","36niaKs75BL5P34Dq94GXk@6c48a","36niaKs75BL5P34Dq94GXk@f9941","37XIBsvpVCRp6lqzAJEgId@6c48a","37XIBsvpVCRp6lqzAJEgId@f9941","38IXkC/4xGArxTPHs4x5Wh@6c48a","38IXkC/4xGArxTPHs4x5Wh@f9941","38tcJ2KCRGOqSog4rNldqC@6c48a","38tcJ2KCRGOqSog4rNldqC@f9941","38ygr1ygRC5ogbFnQEQXlV@6c48a","38ygr1ygRC5ogbFnQEQXlV@f9941","393CdjrXdE/ajrCX8tNcJU@f9941","3bZ4PZlW1CmblTgZgMx9Jp@6c48a","3bZ4PZlW1CmblTgZgMx9Jp@f9941","3b9fmq7BlG5as5JWWX2m0A","3cGlRjtrZFzpVJGrYWN/+Z@6c48a","3cGlRjtrZFzpVJGrYWN/+Z@f9941","3c6VsfalJLfKp1GNReqln6@6c48a","3c6VsfalJLfKp1GNReqln6@f9941","41Ad+BmbpBnIBoG0nmYiMa@6c48a","41Ad+BmbpBnIBoG0nmYiMa@f9941","41UcqJvtFJQ4FrBT4ARhNU@6c48a","41UcqJvtFJQ4FrBT4ARhNU@f9941","41ygQxVj5LQaGo4wZLVbx+","42Jt6o5FdMtbvS3iegz3Zx@6c48a","42Jt6o5FdMtbvS3iegz3Zx@f9941","435e77r81Ls4HIahrnoOv1@6c48a","435e77r81Ls4HIahrnoOv1@f9941","44x+IzsAFDvZxZ8RULqCCw@6c48a","44x+IzsAFDvZxZ8RULqCCw@f9941","47a6LCXmNH6Zt4bOUlZIJx@f9941","48sGjaaupGRrS2qoypclDZ@6c48a","48sGjaaupGRrS2qoypclDZ@f9941","4cWFIboJlMdrrBDKq5OhB1@6c48a","4cWFIboJlMdrrBDKq5OhB1@f9941","4dFd4I3x5FkqhVYucQ/07+","4dKwDP/qNPgq8crbNwsfxN@6c48a","4dKwDP/qNPgq8crbNwsfxN@f9941","4dvmVnSfpNQLBCf6eVnNZA","4emLDxONFBgK/Bj30ZB+Yv@6c48a","4emLDxONFBgK/Bj30ZB+Yv@f9941","4e+tppHRNCtKFPTweGKc8O@6c48a","4e+tppHRNCtKFPTweGKc8O@f9941","4fRtWiMAVFWZsRmfNwboKN@6c48a","4fRtWiMAVFWZsRmfNwboKN@f9941","4f1pZvYYJJXp5baxuRgn/Y@f9941","4f850dcwJJKbiH2CvChA+w@6c48a","4f850dcwJJKbiH2CvChA+w@f9941","52x9HEs/dAOIwR49hhRPVp@6c48a","52x9HEs/dAOIwR49hhRPVp@f9941","53F7YyYr5JQq0FzycgdjDj@6c48a","53F7YyYr5JQq0FzycgdjDj@f9941","54SQaKynJI2Jgztmi9KBqR@6c48a","54SQaKynJI2Jgztmi9KBqR@f9941","54TknWPwVPqJqeCR+Y/Czo@f9941","54xzZI1i9K2ZQgzmwXjgqq@6c48a","54xzZI1i9K2ZQgzmwXjgqq@f9941","55LbaxtLlGYYHDl1a+9B4b@6c48a","55LbaxtLlGYYHDl1a+9B4b@f9941","55+jZHA31BwKl+ljQ2ggxe@f9941","58loV/a+lLjq3db2wmMZrX@6c48a","58loV/a+lLjq3db2wmMZrX@f9941","59k2gDmW5Lp4fTh484CcEz@6c48a","59k2gDmW5Lp4fTh484CcEz@f9941","5bRicLCYVGXoIQNpZD+rt/@6c48a","5bRicLCYVGXoIQNpZD+rt/@f9941","5cBnF0VatMdYWZtUlynvWf@f9941","5cWHQGlbBNU5Fefp6ekG3o@6c48a","5cWHQGlbBNU5Fefp6ekG3o@f9941","5cW65jXGRMCKK8iyWtPM2f@6c48a","5cW65jXGRMCKK8iyWtPM2f@f9941","5czw9RxSxLwag+9sRRWTjR@6c48a","5czw9RxSxLwag+9sRRWTjR@f9941","5d8QLS2sNEGKnsE2GxParS@6c48a","5d8QLS2sNEGKnsE2GxParS@f9941","5eR224NGROiogkOCU6xLX1@6c48a","5eR224NGROiogkOCU6xLX1@f9941","5eYqIg585C/KMBHGyUyRiG","5engCTpAZDWpvdXibJSl3v","5fcZV57QBH76hV5kPozWs4@6c48a","5fcZV57QBH76hV5kPozWs4@f9941","61aLbcRlJG84hbLQxxCHV5@6c48a","61aLbcRlJG84hbLQxxCHV5@f9941","615fgG1LpC/IMjkUbKKqUm@6c48a","615fgG1LpC/IMjkUbKKqUm@f9941","62a0/YvVtGvbNLoz4/r68q@f9941","640P626thDfaOdlH3bkSon@6c48a","640P626thDfaOdlH3bkSon@f9941","65wBmVZzpP6au0nncjhZyu@6c48a","65wBmVZzpP6au0nncjhZyu@f9941","67pKv4DlhPXLDK0suB3UYP@6c48a","67pKv4DlhPXLDK0suB3UYP@f9941","69d3f8H0tMCZucJg0ZmOjU@6c48a","69d3f8H0tMCZucJg0ZmOjU@f9941","6ad4g5eCxCZqJQiLy2fOq9@f9941","6aqIccdwRMTpmooWDBwla4@6c48a","6aqIccdwRMTpmooWDBwla4@f9941","6atubEidZMP5PRao/2psPV@6c48a","6atubEidZMP5PRao/2psPV@f9941","6by57tF8VK2rGvUOUn0Lxa@f9941","6colKdavNCCLZZpblYtnz8@f9941","6dCt2tBbpG8r3QgVCx4qpF@f9941","6eAVdYnBFEeZN/aX1bcxTG@6c48a","6eAVdYnBFEeZN/aX1bcxTG@f9941","6ejUe24TFMCJuR06gAzbAw","6es+2ReXlEKJ+sVzes73ox@6c48a","6es+2ReXlEKJ+sVzes73ox@f9941","6faVLl8WVHhJECwJVQAJwN@6c48a","6faVLl8WVHhJECwJVQAJwN@f9941","6fevJMZs9N8qx8DkIsA/I5@6c48a","6fevJMZs9N8qx8DkIsA/I5@f9941","71XiMJfmpInqOg1iYGfM+u@f9941","71aexCqFFABKIQt1HOUWqy@6c48a","71aexCqFFABKIQt1HOUWqy@f9941","713MDsuhVPiaRal9aCSDRQ@6c48a","713MDsuhVPiaRal9aCSDRQ@f9941","71/nzIxvlOZrPDSSplrZjX@6c48a","71/nzIxvlOZrPDSSplrZjX@f9941","73ilGv9lxAi6q4axIIgLVO@f9941","74riQP1O9PX4fQPDrBRz97@6c48a","74riQP1O9PX4fQPDrBRz97@f9941","74zMsjX3lGj62UKWw3LjuT@f9941","75NBmTX/JO9oJYXKkSF18K@6c48a","75NBmTX/JO9oJYXKkSF18K@f9941","75TWwsrNdHQ4hRT6LEN0re@f9941","75kePpYjBDEIiUrWnpdayC@6c48a","75kePpYjBDEIiUrWnpdayC@f9941","75roTOulhB67TwHKV5E9d0@f9941","76WT/ZYcFGu6J1iC03wYNl@f9941","77wlw/WyNHlIqY3TCbUncV","78NmKQ06tJj76KGki1a2iF@6c48a","78NmKQ06tJj76KGki1a2iF@f9941","79I20Ox45FcodtFrHKBHBM@6c48a","79I20Ox45FcodtFrHKBHBM@f9941","7aYppUCYpEuJ7uKI7ErZ6a@f9941","7bIdNd9zlOcITv6nRengYo@6c48a","7bIdNd9zlOcITv6nRengYo@f9941","7bL0BEfR1DW7oCPjDD3XmS@f9941","7bMI7QaFRK/pVTxz79kz2w@6c48a","7bMI7QaFRK/pVTxz79kz2w@f9941","7bYWLSpypNrqB42AcZSSZx@6c48a","7bYWLSpypNrqB42AcZSSZx@f9941","7dIdxIi8pNd5P1oFYDyofS@f9941","7dj5uJT9FMn6OrOOx83tfK@f9941","7eK4vv8w5A+YMANtorGQxs","7fQ0Wqb/tKxbkuc1o30cej@6c48a","7fQ0Wqb/tKxbkuc1o30cej@f9941","81GHAJmdxJhbiPHUO367vz@f9941","822fg5XpBPuZ3fgQ3dVeOj@6c48a","822fg5XpBPuZ3fgQ3dVeOj@f9941","8278wBbDRGjIInMMQlPnUU@f9941","83WH5Aq3lFrZpH5LYjX8ki@f9941","84FObBFxlDIK2/KqLmHZn5@6c48a","84FObBFxlDIK2/KqLmHZn5@f9941","84Nup2cPdAWIZFOhuvb3We@6c48a","84Nup2cPdAWIZFOhuvb3We@f9941","87R9FFLRxB4YMN+Wg+oQrX","87lUUJZ3xMHpZskn/18r0b@6c48a","87lUUJZ3xMHpZskn/18r0b@f9941","89OqtuCL5PQoj9JFfWXrcR@f9941","89Wqux7l9M/7PokgavQWTl@6c48a","89Wqux7l9M/7PokgavQWTl@f9941","8bQsZXmvdHQ7e3oK18s4yu@6c48a","8bQsZXmvdHQ7e3oK18s4yu@f9941","8cAiPppfhPp43WlYAeghJf@6c48a","8clRQnfNNHCJLZPDZ6e7r8","8cyqK/+SBHa4sakbnUaXfd@6c48a","8cyqK/+SBHa4sakbnUaXfd@f9941","8dcHjukiRMl4pSXcXGiGu5@f9941","8fR5pc/95Amr78H0rsZrLG@6c48a","8fR5pc/95Amr78H0rsZrLG@f9941","8fhQlcCK5DjIwRCEhDG8om@f9941","90Fmt0+K5LL4o0OtHEa7dW@6c48a","90Fmt0+K5LL4o0OtHEa7dW@f9941","928Nll3d1C0IxwFrUuR31M@6c48a","928Nll3d1C0IxwFrUuR31M@f9941","93uyNW4d5ESoNNlBw+gedn@6c48a","93uyNW4d5ESoNNlBw+gedn@f9941","939cGSWCVJSbclUbUTAEmI@6c48a","939cGSWCVJSbclUbUTAEmI@f9941","94SozqhFBMSIf7+nL7PRUL@6c48a","94SozqhFBMSIf7+nL7PRUL@f9941","94Z+Cc5S1EWpS7JNZvzEs8@6c48a","94Z+Cc5S1EWpS7JNZvzEs8@f9941","94kGuGpxZDZ4cSTQ3LgVn3@6c48a","94kGuGpxZDZ4cSTQ3LgVn3@f9941","94t30MJhFKL7Njf46TSUOT@6c48a","94t30MJhFKL7Njf46TSUOT@f9941","94/MAiAxpLA7lLo/jzv1s6@6c48a","94/MAiAxpLA7lLo/jzv1s6@f9941","95EkngnxZFbYuFpsqVTaFr@f9941","95XLWIuuhFvbb7vD0pJ+Ah@6c48a","95XLWIuuhFvbb7vD0pJ+Ah@f9941","97wNaeiPJL+paBNncIGzn+@6c48a","97wNaeiPJL+paBNncIGzn+@f9941","986ebY8NdH2IipIMHMI8T+","99mVQGGcdKr6FiD3BikvOQ@6c48a","99mVQGGcdKr6FiD3BikvOQ@f9941","99t+H++RVO3q+lpyS4t8x6","9asz8Da+lPiL5aOs3Vf4yK@6c48a","9asz8Da+lPiL5aOs3Vf4yK@f9941","9bX1tBhvZPELQI/mMwuQJQ@6c48a","9bX1tBhvZPELQI/mMwuQJQ@f9941","9dLqGRhgtM14mp3+iJ+Ad8@6c48a","9dLqGRhgtM14mp3+iJ+Ad8@f9941","9eX0CUPBpHipPSBwTcDij4@f9941","9fOT4G6w9BJbFZNvRqiptr@6c48a","9fOT4G6w9BJbFZNvRqiptr@f9941","a1jdSkC31BuZIIvG8+YZ0Z@6c48a","a1jdSkC31BuZIIvG8+YZ0Z@f9941","a13QYCnW9MxYUBhILj56RO@6c48a","a13QYCnW9MxYUBhILj56RO@f9941","a2MoFks5dEtLoqWd5o2iGY@6c48a","a2MoFks5dEtLoqWd5o2iGY@f9941","a200dALEJNe59UO+pQPh1k@6c48a","a200dALEJNe59UO+pQPh1k@f9941","a4Hg3CsCRAhYsTr9gy6eqb@6c48a","a4Hg3CsCRAhYsTr9gy6eqb@f9941","a5BV8RkgRHS4wfR22ZUoxb@6c48a","a5BV8RkgRHS4wfR22ZUoxb@f9941","a76QxmXG9G34q4yJXu9VwE@6c48a","a76QxmXG9G34q4yJXu9VwE@f9941","a76+KawstF/5PF1KXX8gy7@6c48a","a76+KawstF/5PF1KXX8gy7@f9941","a8ZajNkxlLX5KcZjBjfhnf@f9941","a8q7ndzulOJbl353u9frBF@6c48a","a8q7ndzulOJbl353u9frBF@f9941","a9vO2GBWpJgazbBPZiz4tE","aa1/wv2X1GJqpAyYJzHgBk@6c48a","aa1/wv2X1GJqpAyYJzHgBk@f9941","aa5FcRzzpJ6YDXX6I8Qarm@f9941","aa6WB6sL1BvLhF6SdlNPuh@6c48a","aa6WB6sL1BvLhF6SdlNPuh@f9941","aa9hMJytxJELgsdkrR+Ly1@f9941","aa+Xl4ZYlN656CxUK6ZLa3","acR2Lg2zBD56HUOgsWgXaU@6c48a","acR2Lg2zBD56HUOgsWgXaU@f9941","adV/Mog+dHSrJq3SZ078NP@f9941","aes5tmMQlC76644fvIfx56@6c48a","aes5tmMQlC76644fvIfx56@f9941","b0GLkiQdVO84NbiRH6V3Gq@6c48a","b0GLkiQdVO84NbiRH6V3Gq@f9941","b2HjDsWT5MUL59n+Ib/jh4@6c48a","b2HjDsWT5MUL59n+Ib/jh4@f9941","b2cDYSX9FO7ZMn3c/050Ao@6c48a","b2cDYSX9FO7ZMn3c/050Ao@f9941","b2c0VohzhNI6S3R8n8WHml","b2hvSd+m5Jb5GjavS4tVFt","b6LlTjsjhJLbZDc455t5TR@f9941","b6i1FMBlFLp6BYydSHrlzG@6c48a","b6i1FMBlFLp6BYydSHrlzG@f9941","b7Y7TvJ1REJpT3ftlu7BSg@f9941","b7pTt/8HJPTpw5gYx2SrCB@6c48a","b7pTt/8HJPTpw5gYx2SrCB@f9941","b7xGD0yiRCRYIJzyijn6XZ@6c48a","b7xGD0yiRCRYIJzyijn6XZ@f9941","b72vWdQHFGDLhBqb8gkXyF@6c48a","b72vWdQHFGDLhBqb8gkXyF@f9941","b9FROJUZFFQrDb5dN/JKds@6c48a","b9FROJUZFFQrDb5dN/JKds@f9941","b9d7H4fFFLHb/tsRvW1tul@6c48a","b9d7H4fFFLHb/tsRvW1tul@f9941","bbEfgLuERLKbz+hDuazczG@6c48a","bbEfgLuERLKbz+hDuazczG@f9941","bbgIVwVo5DXovhg8Im3u8r@6c48a","bbgIVwVo5DXovhg8Im3u8r@f9941","bbwzy9BwxPSoztz4UXMm2u@6c48a","bbwzy9BwxPSoztz4UXMm2u@f9941","bcStKZwhFNMIwtAbUIgdcx@6c48a","bcStKZwhFNMIwtAbUIgdcx@f9941","bc5nF5A+JLK7I0f7iEHkEU@6c48a","bc5nF5A+JLK7I0f7iEHkEU@f9941","bfMOp2PWdGAo8cEhnE/OOp@6c48a","bfMOp2PWdGAo8cEhnE/OOp@f9941","bfWzzmWu1NpoYuhL2E0oHB@6c48a","bfWzzmWu1NpoYuhL2E0oHB@f9941","c0ICSjtSRAJ44dtn0a2xHF@6c48a","c0ICSjtSRAJ44dtn0a2xHF@f9941","c0MKfQQTRLzLFQcBSO9jCJ@6c48a","c0MKfQQTRLzLFQcBSO9jCJ@f9941","c06zbNbdBHQLsYW0A437kQ@6c48a","c06zbNbdBHQLsYW0A437kQ@f9941","c10aQI9QVCrbx+7I3z1BSE@f9941","c2JEFWPdNNe7/v7JGE3x1t@6c48a","c2JEFWPdNNe7/v7JGE3x1t@f9941","c2PTls5SBEdaoD6zxtidzV@6c48a","c2PTls5SBEdaoD6zxtidzV@f9941","c2aVwUs35O3bFYysCxEQ3s@6c48a","c2aVwUs35O3bFYysCxEQ3s@f9941","c21N7sFFJLp51I9KKJOXrQ","c3uPNgunJCsqQzNoUD+0f5@6c48a","c3uPNgunJCsqQzNoUD+0f5@f9941","c3yNX2ZTJATo/X2+PgafQV@6c48a","c3yNX2ZTJATo/X2+PgafQV@f9941","c3/2H2yiVF2ZYXtK06xsPj","c5Rosn/z5Mp48iaUtGxg0M@f9941","c5ukk6V+xOnrXPAaXs+iUR@6c48a","c5ukk6V+xOnrXPAaXs+iUR@f9941","c6J/hD3+lPwI6Vjusykbay@f9941","c6LwSzBE9EWphfzwku4R27@f9941","c7tF4hetRHc5wVk0W+vp8X@f9941","c8QeWafXpME7mEoI+OV8Tz@6c48a","c8QeWafXpME7mEoI+OV8Tz@f9941","c8fENYK2dKBacq20vcQFOo@f9941","cabwPMrelF2rdl7RnzNrpf","cbb/xPHTdP/KFy34YT0JDq@6c48a","cbb/xPHTdP/KFy34YT0JDq@f9941","cbjk6kT61NM7PTlWPlCVTf@6c48a","cbjk6kT61NM7PTlWPlCVTf@f9941","cbxW4bDWFITIR2Lr1TlqKN@6c48a","cbxW4bDWFITIR2Lr1TlqKN@f9941","cdZuva+/RL4LdMhkwj71a1@6c48a","cdZuva+/RL4LdMhkwj71a1@f9941","ce6KxuyhVNqKc2JEC7PAxD@6c48a","ce6KxuyhVNqKc2JEC7PAxD@f9941","cfDaTmLk5LyJP38WQaRpan@6c48a","cfDaTmLk5LyJP38WQaRpan@f9941","d0TPczFV5KsqRra9quAGKX@6c48a","d0TPczFV5KsqRra9quAGKX@f9941","d2WlLv9oNJmqxbsV2VBJD8@f9941","d2isMxnM5LNoqt7B71F4qi@6c48a","d2isMxnM5LNoqt7B71F4qi@f9941","d3GeeKxRtM54RYN8w74auO@6c48a","d3GeeKxRtM54RYN8w74auO@f9941","d3/pXJj/9Goq/5eavfSJ9h@6c48a","d3/pXJj/9Goq/5eavfSJ9h@f9941","d4JKjHBotGzKJWBwGPUMhC@6c48a","d4JKjHBotGzKJWBwGPUMhC@f9941","d5Pw1aiZpJs6ZIx6yWba/4@f9941","d58I5kyJNHCpQqJDywRlE3@6c48a","d58I5kyJNHCpQqJDywRlE3@f9941","d6B5Y30FRCnKtrS7LDD/12@6c48a","d6B5Y30FRCnKtrS7LDD/12@f9941","d6Fm2XDHVK45d2a1Pdj76W@6c48a","d6Fm2XDHVK45d2a1Pdj76W@f9941","d87ZjnutRCb5QOEHIqtYU5@6c48a","d87ZjnutRCb5QOEHIqtYU5@f9941","d8+MyVYs1BToc1aCbwxZwC@f9941","dau35XRcFBPYQn1Mw/jm/U@6c48a","dau35XRcFBPYQn1Mw/jm/U@f9941","dbFDRVRyxPcKHzbwhzOOk5@6c48a","dbFDRVRyxPcKHzbwhzOOk5@f9941","dcGiMk4yVG1Z17zPD37Ksk@f9941","dcPvI0BYJAQry6+efJ1a2B@6c48a","dcPvI0BYJAQry6+efJ1a2B@f9941","dcRbD0no1GS69o2J3vsB1J@6c48a","dcRbD0no1GS69o2J3vsB1J@f9941","dcdllgohpGUKuE4CsaNZ9C@6c48a","dcdllgohpGUKuE4CsaNZ9C@f9941","dco0Ym3m9JlpEE6JaMk3px@6c48a","dco0Ym3m9JlpEE6JaMk3px@f9941","ddOBDwKQ1MAojPCmtgXCnj@f9941","ddPt3CeHdDgKAxW2+pHu2Z","ddn4e1bZNHKpXvhzcxBrZs","ddqS2IOc1N56MyQ4ae+F86@6c48a","ddqS2IOc1N56MyQ4ae+F86@f9941","deMvWzeyhBVJc/NmKC/ywE@6c48a","deMvWzeyhBVJc/NmKC/ywE@f9941","deaaM7WnNBtpuC3Xo8s1zF","det4+VA+pNnILw2KBto15G@f9941","de4t2fjdZHnptb3mt8iShn@6c48a","de4t2fjdZHnptb3mt8iShn@f9941","dfIR5itY9CHLBZnPWx47bp@f9941","dfg2KQtExB3Ki9OGZT7L2J@6c48a","dfg2KQtExB3Ki9OGZT7L2J@f9941","df75hfNZ1AebUibCOWn6SC@6c48a","df75hfNZ1AebUibCOWn6SC@f9941","e0CofzVjRC/YB7cqyAJ2um@f9941","e0EoBLkn1I1L9GjSkcpd8d@6c48a","e0EoBLkn1I1L9GjSkcpd8d@f9941","e0Qn5YDidFwL6EyQDL3Bmp@6c48a","e0Qn5YDidFwL6EyQDL3Bmp@f9941","e0t2Jb2M5MmI3IFbbh12vO@6c48a","e0t2Jb2M5MmI3IFbbh12vO@f9941","e0y2FFtYFGboP2W7MLIkSS@6c48a","e0y2FFtYFGboP2W7MLIkSS@f9941","e1bmYPQLJDe7g2dAvaS9m5@6c48a","e1bmYPQLJDe7g2dAvaS9m5@f9941","e15dyVAzNF242aUncH37Y0@6c48a","e15dyVAzNF242aUncH37Y0@f9941","e17Otgb71Ib4NelH2KkB+L","e28RDkGfxIG4CKPAZgK1+K","e4/RwlNclECqHqKstxn69R@6c48a","e4/RwlNclECqHqKstxn69R@f9941","e5XVDCPF5IM5wcgsXfau/R@6c48a","e5XVDCPF5IM5wcgsXfau/R@f9941","e5aDBL1KNCwIl5UOnYDBHL@6c48a","e5aDBL1KNCwIl5UOnYDBHL@f9941","e7Y4ycydREAoio4XnnVWLD","e7vlsR7oVOBo300IniKsoZ@f9941","e7x/AT6ElB1q00i7H9rmdO@6c48a","e7x/AT6ElB1q00i7H9rmdO@f9941","e7yeA46F5EO5Th/grN2B+C@6c48a","e7yeA46F5EO5Th/grN2B+C@f9941","e8uPuM0EdNgZYenPju9Pdy@6c48a","e8uPuM0EdNgZYenPju9Pdy@f9941","e85n2aydpHzJifKYkpcp5O@6c48a","e85n2aydpHzJifKYkpcp5O@f9941","e9HYiazrFFO6OOjVECqkcg@6c48a","e9HYiazrFFO6OOjVECqkcg@f9941","e9lc9EuuNH1Z8nCDgDeSoF@6c48a","e9lc9EuuNH1Z8nCDgDeSoF@f9941","e9/hC51u1LXJI9bbEq967k@6c48a","e9/hC51u1LXJI9bbEq967k@f9941","ebwiWi52xHj5HDt8mCHWjm@6c48a","ebwiWi52xHj5HDt8mCHWjm@f9941","ecP7nfjRFPcJQJ/Or0e4Bx@6c48a","ecP7nfjRFPcJQJ/Or0e4Bx@f9941","ecXQ6VXmpKmpuefTlrrop9","edQgzRsuJKDp9+5rSDV/8J@6c48a","edQgzRsuJKDp9+5rSDV/8J@f9941","eeuW4AnP9HE7DIRN8yDpcy@6c48a","eeuW4AnP9HE7DIRN8yDpcy@f9941","ee60J504tIr7JbLyla3DFs@6c48a","ee60J504tIr7JbLyla3DFs@f9941","efGBqlUhVLcaJyGzgHDCvp@f9941","f1vy851PdMh7E1gjiB1DU4@6c48a","f1vy851PdMh7E1gjiB1DU4@f9941","f2BvzbovtI0JJ6N8bVxfoM@f9941","f3AukNjV1AEYwIcK937gvE@6c48a","f3AukNjV1AEYwIcK937gvE@f9941","f3SzoyrIJGTo6+k8bIHPJL@6c48a","f3SzoyrIJGTo6+k8bIHPJL@f9941","f3zWRQiDZENrgSllLtetGD@6c48a","f3zWRQiDZENrgSllLtetGD@f9941","f4DkqsPPpPsoINz/3Yhvlr@6c48a","f4DkqsPPpPsoINz/3Yhvlr@f9941","f5UL4M2I5OureRqAaimftY@6c48a","f5UL4M2I5OureRqAaimftY@f9941","f7J1uPEMlH45fJNvZJpprm@f9941","f7kFcPevRAJZbs2B9lyK5G@6c48a","f7kFcPevRAJZbs2B9lyK5G@f9941","f8Lc9HEJRCCJzZSRzlFEWa@6c48a","f8Lc9HEJRCCJzZSRzlFEWa@f9941","f8L9RW34BBQJ6DLbag33RF@f9941","f8iCCwiEVJmoC9s83vtTky","f8iUYqUAVN5pMZ1H2mKh0p@f9941","f8+uDEOF1Au4sjvSNbwZcK","faYN3F9LJAZKFDXhq/0lGX@6c48a","faYN3F9LJAZKFDXhq/0lGX@f9941","faa3FkV+FMGYn5e5lH9V6F@6c48a","faa3FkV+FMGYn5e5lH9V6F@f9941","faxfdBQ7pGbZ2O0ptyZAMe@6c48a","faxfdBQ7pGbZ2O0ptyZAMe@f9941","fbgeA0VGBBBKyV2nPRkvZp","fb/xGnI1hKtIQwyB+4jLjd","fcRAii+l5JV6k2CeV4b+e6@6c48a","fcRAii+l5JV6k2CeV4b+e6@f9941","fcv7g6OR9DsK5JhBDPw1zk@f9941","fdpcuEaexF7ouacJSi4kDi@6c48a","fdpcuEaexF7ouacJSi4kDi@f9941","ffuIqPr2JI9I8dPLYGRDpD@6c48a","ffuIqPr2JI9I8dPLYGRDpD@f9941"],"paths":{"0":["res/ani/shuffleAni",1,1],"1":["baccaratGameScene",0,1],"2":["baccaratGameScenePC",0,1],"6":["res/texture/shuffle/36/spriteFrame",3,1],"7":["res/texture/shuffle/17/spriteFrame",3,1],"10":["res/preafab/baccaratFlopCardViewMob",2,1],"15":["res/texture/shuffle/34/spriteFrame",3,1],"20":["res/texture/shuffle/3/spriteFrame",3,1],"47":["res/texture/shuffle/25/spriteFrame",3,1],"53":["res/preafab/autoSettingView",2,1],"60":["res/texture/shuffle/22/spriteFrame",3,1],"64":["res/texture/shuffle/19/spriteFrame",3,1],"66":["res/texture/shuffle/15/spriteFrame",3,1],"73":["res/texture/shuffle/28/spriteFrame",3,1],"77":["res/texture/shuffle/9/spriteFrame",3,1],"85":["res/texture/shuffle/14/spriteFrame",3,1],"90":["res/texture/shuffle/32/spriteFrame",3,1],"93":["res/texture/shuffle/6/spriteFrame",3,1],"100":["res/texture/shuffle/2/spriteFrame",3,1],"106":["res/texture/shuffle/4/spriteFrame",3,1],"107":["res/texture/shuffle/16/spriteFrame",3,1],"110":["res/texture/shuffle/35/spriteFrame",3,1],"115":["res/preafab/baccaratFlopCardViewPC",2,1],"116":["res/texture/shuffle/42/spriteFrame",3,1],"119":["res/texture/shuffle/12/spriteFrame",3,1],"121":["res/texture/shuffle/23/spriteFrame",3,1],"126":["res/texture/shuffle/38/spriteFrame",3,1],"129":["res/texture/shuffle/39/spriteFrame",3,1],"143":["res/texture/shuffle/37/spriteFrame",3,1],"148":["res/texture/shuffle/1/spriteFrame",3,1],"150":["res/texture/shuffle/29/spriteFrame",3,1],"151":["res/texture/shuffle/13/spriteFrame",3,1],"156":["res/texture/shuffle/10/spriteFrame",3,1],"161":["res/texture/shuffle/8/spriteFrame",3,1],"174":["res/texture/shuffle/20/spriteFrame",3,1],"185":["res/texture/shuffle/5/spriteFrame",3,1],"187":["res/texture/shuffle/30/spriteFrame",3,1],"196":["res/texture/shuffle/24/spriteFrame",3,1],"211":["res/texture/shuffle/18/spriteFrame",3,1],"212":["res/texture/shuffle/33/spriteFrame",3,1],"232":["res/texture/shuffle/41/spriteFrame",3,1],"235":["res/texture/shuffle/40/spriteFrame",3,1],"242":["res/texture/shuffle/7/spriteFrame",3,1],"243":["res/texture/shuffle/27/spriteFrame",3,1],"252":["res/texture/shuffle/26/spriteFrame",3,1],"271":["res/texture/shuffle/31/spriteFrame",3,1],"278":["res/texture/shuffle/21/spriteFrame",3,1],"291":["res/texture/shuffle/11/spriteFrame",3,1]},"scenes":{"db://assets/games/baccarat/baccaratGameScene.scene":1,"db://assets/games/baccarat/baccaratGameScenePC.scene":2},"packs":{"0262764ce":[6,47,64,85,93,100,116,129,148,151,232],"0480af858":[60,66,77,110,121,243,252],"0556b414f":[295,315,320,329,331,338,340,346,361,369,372,385,393,405,407,412,420,422,424,435,441,443,452,459,461,2,495,500,502,115,513,516,521,530,542,549,559,562,568,575,592,595,602,606,609,616,624,626,646,648,652,654,656,658,660,662,666,671,675,678,680,684,685,692,698,704,706,710,712,718,728,730,741,743,766,780,785,797,803,805,814,838,840,842,847,880,891],"05f71a28b":[10,334,363,476,477,528,532,620,622,700,757,760,816,863,884],"060bf7f93":[297,301,317,336,351,379,389,399,403,409,415,429,439,447,449,455,464,466,483,486,488,490,492,497,504,515,519,526,543,552,556,570,578,594,628,631,641,643,682,694,696,708,714,716,736,751,753,775,783,810,818,819,824,834,844,851,853,856,859,861,878],"066bd737e":[106,107,156,185,212,278,291],"06f7d165b":[319,322,296,375,378,380,382,384,414,416,419,421,423,425,451,454,456,472,475,304,478,480,482,485,503,508,506,510,512,514,518,534,536,294,541,544,548,546,574,577,579,584,314,601,603,605,608,638,640,642,645,332,337,339,344,345,354,360,366,368,371,373,404,406,434,436,446,448,465,467,470,487,494,522,525,527,529,553,555,558,587,613,316,615,617,625,627,632,330,335,347,352,356,364,388,394,298,408,428,440,442,306,496,599,619,630,349,357,386,392,411,458,460,463,489,520,551,564,591,593,621,362,396,398,402,571,611,623,341,531,343,430,438,491,499,328,350,400,432,444,501,561,569,596,635,649,653,659,661,664,647,655,657,651,667,670,674,677,691,693,695,679,681,688,699,683,697,701,703,705,707,709,713,711,719,729,731,735,724,717,740,715,726,722,744,746,748,750,752,754,763,756,768,774,759,761,765,772,770,777,779,782,784,786,788,793,795,799,802,804,811,813,817,821,829,831,833,835,841,815,823,837,809,839,807,825,843,845,848,850,852,855,862,860,864,871,858,866,869,879,877,881,885,888,890],"079ec9289":[119,126,143,161,174,196,211,235,271],"0cde36511":[7,15,20,73,90,150,187],"0d692125c":[299,305,323,333,342,348,353,355,359,367,374,376,1,381,387,395,397,401,417,426,431,433,437,445,453,457,468,471,473,479,481,507,509,511,517,523,535,537,545,547,554,565,572,580,583,585,588,597,600,612,614,618,633,634,636,639,650,665,668,689,702,720,723,725,727,732,745,747,749,755,762,764,769,771,773,778,787,789,792,794,796,800,808,812,822,826,830,832,836,846,849,865,867,870,872,874,876,882,883,886,889],"0de199f9b":[307,324,358]},"versions":{"import":[3,"a2533",0,"cef35",4,"a2533",5,"a2533",300,"aa8dd",303,"6e3b4",8,"a2533",9,"a2533",308,"c0d3b",309,"ae567",310,"980f0",311,"a7ee0",312,"d8bbf",313,"0d2a8",11,"a2533",12,"a2533",13,"a2533",14,"a2533",325,"83b26",326,"8bb35",327,"d34c0",16,"a2533",17,"a2533",18,"a2533",19,"a2533",21,"a2533",22,"a2533",23,"a2533",24,"4125d",25,"2ee43",26,"a2533",27,"a2533",28,"f96b5",29,"a2533",30,"a2533",31,"a2533",32,"82c6e",33,"a2533",34,"a2533",35,"a2533",36,"b9b17",37,"a2533",38,"a2533",39,"a2533",40,"a2533",41,"a2533",42,"a2533",43,"a2533",44,"e1f10",45,"a2533",46,"a2533",48,"a2533",49,"a2533",50,"a2533",51,"a2533",52,"a2533",53,"4e796",54,"a2533",55,"a2533",56,"a2533",57,"a2533",58,"a2533",59,"a2533",61,"a2533",62,"a2533",63,"a2533",65,"a2533",67,"a2533",68,"a2533",69,"a2533",70,"a2533",71,"a2533",72,"a2533",74,"a2533",75,"a2533",76,"a2533",78,"a2533",79,"a2533",80,"a2533",81,"a2533",82,"a2533",83,"a2533",84,"a2533",86,"a2533",87,"a2533",88,"a2533",89,"a2533",91,"a2533",92,"a2533",94,"a2533",95,"a2533",96,"a2533",97,"a2533",98,"a2533",99,"a2533",101,"a2533",102,"a2533",103,"a2533",104,"a2533",105,"a2533",108,"a2533",109,"a2533",111,"a2533",112,"a2533",113,"a2533",114,"a2533",117,"a2533",118,"a2533",120,"a2533",122,"a2533",123,"a2533",124,"a2533",125,"a2533",127,"a2533",128,"a2533",130,"a2533",131,"a2533",132,"a2533",133,"a2533",134,"a2533",135,"a2533",136,"a2533",137,"a2533",138,"a2533",139,"a2533",140,"a2533",141,"a2533",142,"a2533",144,"a2533",145,"a2533",146,"a2533",147,"a2533",149,"a2533",152,"a2533",153,"a2533",154,"a2533",155,"a2533",157,"a2533",158,"a2533",159,"a2533",160,"a2533",162,"a2533",163,"a2533",164,"a2533",166,"a2533",167,"a2533",168,"a2533",169,"a2533",170,"a2533",171,"a2533",172,"a2533",173,"a2533",175,"a2533",176,"a2533",177,"a2533",178,"a2533",179,"a2533",180,"a2533",181,"a2533",182,"a2533",183,"a2533",184,"a2533",186,"a2533",188,"a2533",189,"a2533",190,"a2533",191,"a2533",192,"a2533",193,"a2533",194,"a2533",195,"a2533",197,"a2533",198,"a2533",199,"a2533",200,"a2533",201,"a2533",202,"a2533",203,"a2533",204,"a2533",205,"a2533",206,"a2533",207,"a2533",208,"a2533",209,"a2533",210,"a2533",213,"a2533",214,"a2533",215,"a2533",216,"a2533",217,"a2533",218,"a2533",219,"a2533",220,"a2533",221,"a2533",222,"a2533",223,"a2533",224,"a2533",225,"a2533",226,"a2533",227,"a2533",228,"a2533",229,"a2533",230,"a2533",231,"a2533",233,"a2533",234,"a2533",236,"a2533",237,"a2533",238,"a2533",239,"a2533",240,"a2533",241,"a2533",242,"d6c6a",244,"a2533",245,"a2533",246,"a2533",247,"a2533",248,"a2533",249,"a2533",250,"a2533",251,"a2533",253,"a2533",254,"a2533",255,"a2533",256,"a2533",257,"a2533",258,"a2533",259,"a2533",260,"a2533",261,"a2533",262,"a2533",263,"a2533",264,"a2533",265,"a2533",266,"a2533",267,"a2533",268,"a2533",269,"a2533",270,"a2533",272,"a2533",273,"a2533",274,"a2533",275,"a2533",276,"a2533",277,"a2533",279,"a2533",280,"a2533",281,"a2533",282,"a2533",283,"a2533",284,"a2533",285,"a2533",286,"a2533",287,"a2533",288,"a2533",289,"a2533",290,"a2533",292,"a2533",293,"a2533"],"native":[3,"7ee13",4,"9b73a",5,"de7ab",8,"cbed1",9,"338df",11,"4412a",12,"33d75",13,"440c4",14,"a75d8",16,"2ed4a",17,"a291e",18,"c9691",19,"b5d5a",21,"12aef",22,"90db6",23,"effac",24,"8397d",25,"6e5f6",26,"8cb5e",27,"f7a9a",28,"3c179",29,"d0833",30,"8f78e",31,"d019a",32,"f7fac",33,"92d87",34,"ca7b3",35,"c1ca9",36,"10d0b",37,"51127",38,"f7196",39,"2cbb2",40,"1025a",41,"049f0",42,"89de9",43,"85395",44,"f55f1",45,"cfe7d",46,"e96e3",48,"0ce85",49,"b4a25",50,"cfa5d",51,"030a4",52,"1173c",54,"9b60e",55,"98847",56,"6ba03",57,"f7876",58,"1d256",59,"0f3fc",61,"ce64d",62,"d4496",63,"488e9",65,"3f3be",67,"f6a0a",68,"6a001",69,"239f2",70,"4218e",71,"fe425",72,"7afd5",74,"85e6a",75,"59d17",76,"2e334",78,"b1978",79,"3b642",80,"f1576",81,"b94a2",82,"169fb",83,"efba1",84,"86514",86,"14d73",87,"672ee",88,"b1b86",89,"b1c70",91,"3ee22",92,"27ca2",94,"58ee9",95,"3bd9f",96,"0a8b8",97,"42621",98,"a6e30",99,"9d4c1",101,"0eaf9",102,"b68b1",103,"73ad2",104,"42db9",105,"b69ac",108,"4a504",109,"0ea76",111,"899bc",112,"f5c03",113,"bc5d7",114,"10a6d",117,"b21ee",118,"a2cda",120,"03e45",122,"8fccc",123,"54d95",124,"f9781",125,"a8dcd",127,"66176",128,"d5d16",130,"298be",131,"cdf18",132,"0b081",133,"f17c5",134,"28bc9",135,"fe571",136,"38fb8",137,"9be18",138,"ce0e4",139,"829bb",140,"a2b7f",141,"08bcd",142,"e63de",144,"e84b9",145,"8f4bc",146,"fa4be",147,"d6d62",149,"70d56",152,"781eb",153,"a4257",154,"907cd",155,"0a5df",157,"ad921",158,"d70bd",159,"20576",160,"53ebe",162,"6cef2",163,"44782",164,"81fac",166,"9d10d",167,"7d947",168,"4ee43",169,"a3afe",170,"25d5d",171,"ac927",172,"bf338",173,"74c52",175,"d9932",176,"8bc93",177,"65aac",178,"e6501",179,"f9ab4",180,"096b0",181,"5098c",182,"411fb",183,"c9691",184,"08000",186,"20a1c",188,"a3590",189,"4617a",190,"9e086",191,"83e56",192,"050cf",193,"0dd3d",194,"6ab87",195,"5720c",197,"26764",198,"eec24",199,"5470a",200,"8ef82",201,"2ba3a",202,"3d23f",203,"19095",204,"8c337",205,"784dc",206,"494e2",207,"a2aef",208,"1041a",209,"d07c1",210,"44af0",213,"971e9",214,"2f253",215,"a460a",216,"f3164",217,"3d929",218,"654a1",219,"fc8c0",220,"b7c87",221,"28e5b",222,"9bf84",223,"f7cc8",224,"7a7d1",225,"857a7",226,"65832",227,"9db1f",228,"0320f",229,"41abf",230,"4fee9",231,"4fc5b",233,"0d3a2",234,"e6f4b",236,"fbfba",237,"4d559",238,"ddc89",239,"314fe",240,"543b5",241,"6af93",244,"0677e",245,"11f03",246,"3d91d",247,"34e71",248,"93d21",249,"1cf6c",250,"5ea17",251,"95f40",253,"125cd",254,"d86ae",255,"30e09",256,"931b7",257,"113bc",258,"d6c97",259,"1941a",260,"8fa77",261,"15104",262,"233c5",263,"4f1d3",264,"d884a",265,"4ac88",266,"3a186",267,"8a29d",268,"a5ea9",269,"db45c",270,"e0076",272,"348c9",273,"50647",274,"ca6ba",275,"04fbf",276,"f5d2f",277,"35048",279,"fda37",280,"8cbd5",281,"c009a",282,"901f0",283,"c45ce",284,"283e7",285,"00ecb",286,"35b3d",287,"c35b6",288,"45d46",289,"f9aae",290,"80fee",292,"18a4c",293,"6d707"]},"redirect":[302,"0",318,"0",321,"0",365,"0",370,"0",377,"0",383,"0",390,"1",391,"1",410,"0",413,"0",418,"0",427,"0",450,"1",462,"0",469,"0",474,"0",484,"0",493,"1",498,"1",505,"0",524,"1",533,"0",538,"0",539,"0",540,"0",550,"0",557,"1",560,"0",563,"0",566,"0",567,"0",573,"0",576,"0",581,"0",582,"1",586,"1",589,"0",590,"1",598,"0",604,"0",607,"0",610,"0",165,"0",629,"1",637,"0",644,"0",663,"0",669,"0",672,"0",673,"0",676,"1",686,"0",687,"0",690,"0",721,"0",733,"0",734,"0",737,"0",738,"0",739,"0",742,"0",758,"0",767,"0",776,"0",781,"0",790,"0",791,"0",798,"1",801,"0",806,"0",820,"0",827,"0",828,"1",854,"0",857,"0",868,"1",873,"0",875,"1",887,"0"],"debug":false,"extensionMap":{".cconb":[0,165]},"hasPreloadScript":true,"dependencyRelationships":{},"types":["cc.SceneAsset","cc.AnimationClip","cc.Prefab","cc.SpriteFrame"]}