[1,["eaI3FLvXJC/Z2x27lZ8uhM@6c48a"],0,[["sp.SkeletonData",["_name","_atlasText","textureNames","_skeletonJson","textures"],-1,3]],[[0,0,1,2,3,4,5]],[[0,"zhadan","\nzhadan.png\nsize: 904,904\nformat: RGBA4444\nfilter: Linear,Linear\nrepeat: none\n10392\n  rotate: false\n  xy: 755, 136\n  size: 108, 142\n  orig: 350, 350\n  offset: 122, 102\n  index: -1\n10393\n  rotate: true\n  xy: 585, 118\n  size: 160, 168\n  orig: 350, 350\n  offset: 83, 97\n  index: -1\n10394\n  rotate: false\n  xy: 648, 651\n  size: 211, 251\n  orig: 350, 350\n  offset: 51, 47\n  index: -1\n10395\n  rotate: true\n  xy: 311, 17\n  size: 262, 272\n  orig: 350, 350\n  offset: 32, 54\n  index: -1\n10396\n  rotate: true\n  xy: 2, 11\n  size: 255, 278\n  orig: 350, 350\n  offset: 32, 49\n  index: -1\n10397\n  rotate: false\n  xy: 617, 280\n  size: 285, 300\n  orig: 350, 350\n  offset: 26, 30\n  index: -1\n10398\n  rotate: true\n  xy: 2, 268\n  size: 318, 307\n  orig: 350, 350\n  offset: 25, 30\n  index: -1\n10399\n  rotate: false\n  xy: 2, 588\n  size: 325, 314\n  orig: 350, 350\n  offset: 11, 30\n  index: -1\n10400\n  rotate: false\n  xy: 311, 281\n  size: 304, 299\n  orig: 350, 350\n  offset: 16, 43\n  index: -1\n10401\n  rotate: false\n  xy: 329, 582\n  size: 317, 320\n  orig: 350, 350\n  offset: 18, 21\n  index: -1\n",["zhadan.png"],{"skeleton":{"hash":"S7KU4k0YHRIQSYaBKfVVraq9XD8","spine":"3.8.99","x":-250,"y":-250,"width":500,"height":500,"images":"./連續圖/","audio":""},"bones":[{"name":"root"}],"slots":[{"name":"10392","bone":"root","attachment":"10401"}],"skins":[{"name":"default","attachments":{"10392":{"10392":{"width":500,"height":500},"10393":{"width":500,"height":500},"10394":{"width":500,"height":500},"10395":{"width":500,"height":500},"10396":{"width":500,"height":500},"10397":{"width":500,"height":500},"10398":{"width":500,"height":500},"10399":{"width":500,"height":500},"10400":{"width":500,"height":500},"10401":{"width":500,"height":500}}}}],"animations":{"animation":{"slots":{"10392":{"attachment":[{"name":"10392"},{"time":0.0333,"name":"10393"},{"time":0.1,"name":"10394"},{"time":0.1333,"name":"10395"},{"time":0.1667,"name":"10396"},{"time":0.2333,"name":"10397"},{"time":0.2667,"name":"10398"},{"time":0.3,"name":"10399"},{"time":0.3667,"name":"10400"},{"time":0.4,"name":"10401"},{"time":0.4333,"name":null}]}}}}},[0]]],0,0,[0],[-1],[0]]
