[1,["741ggV++NP/bGytNPzlUEY"],0,[["sp.SkeletonData",["_name","_atlasText","textureNames","_skeletonJson","textures"],-1,3]],[[0,0,1,2,3,4,5]],[[0,"emoji_14_fahuo","\nemoji_14_fahuo.png\nsize: 2048,1024\nformat: RGBA8888\nfilter: Linear,Linear\nrepeat: none\nfahuo\n  rotate: false\n  xy: 444, 12\n  size: 374, 345\n  orig: 374, 345\n  offset: 0, 0\n  index: -1\nfahuo1\n  rotate: true\n  xy: 1880, 562\n  size: 309, 138\n  orig: 309, 227\n  offset: 0, 89\n  index: -1\nfire\n  rotate: false\n  xy: 820, 226\n  size: 131, 131\n  orig: 131, 131\n  offset: 0, 0\n  index: -1\nfire_00\n  rotate: true\n  xy: 2, 2\n  size: 355, 440\n  orig: 512, 512\n  offset: 47, 26\n  index: -1\nfire_01\n  rotate: false\n  xy: 1437, 430\n  size: 441, 441\n  orig: 512, 512\n  offset: 26, 31\n  index: -1\nfire_02\n  rotate: false\n  xy: 1030, 359\n  size: 405, 512\n  orig: 512, 512\n  offset: 40, 0\n  index: -1\nfire_03\n  rotate: false\n  xy: 516, 359\n  size: 512, 512\n  orig: 512, 512\n  offset: 0, 0\n  index: -1\nfire_04\n  rotate: true\n  xy: 1437, 46\n  size: 382, 512\n  orig: 512, 512\n  offset: 59, 0\n  index: -1\nfire_05\n  rotate: false\n  xy: 2, 359\n  size: 512, 512\n  orig: 512, 512\n  offset: 0, 0\n  index: -1\nm1\n  rotate: true\n  xy: 1908, 433\n  size: 127, 26\n  orig: 127, 26\n  offset: 0, 0\n  index: -1\nm2\n  rotate: true\n  xy: 1880, 432\n  size: 128, 26\n  orig: 128, 26\n  offset: 0, 0\n  index: -1\ny1\n  rotate: true\n  xy: 1951, 220\n  size: 136, 78\n  orig: 136, 78\n  offset: 0, 0\n  index: -1\ny2\n  rotate: true\n  xy: 1951, 82\n  size: 136, 78\n  orig: 136, 78\n  offset: 0, 0\n  index: -1\nzui\n  rotate: true\n  xy: 1951, 358\n  size: 202, 80\n  orig: 202, 80\n  offset: 0, 0\n  index: -1\n",["emoji_14_fahuo.png"],{"skeleton":{"hash":"XaextW606GEXGcVtFoeZYRq9mYw","spine":"3.8.99","x":-51.74,"y":-34.5,"width":89.14,"height":100.89,"images":"./images/","audio":"D:/work/工作/魔法表情/14_fahuo/images"},"bones":[{"name":"root","scaleX":0.2,"scaleY":0.2},{"name":"fahuo_bg","parent":"root"},{"name":"bone","parent":"root","x":-28.89,"y":81.98},{"name":"bone2","parent":"root","x":29.07,"y":81.64},{"name":"bone3","parent":"root","x":-84.5,"y":19.63},{"name":"bone4","parent":"root","x":81.64,"y":23.68},{"name":"fire","parent":"root","x":-88.54,"y":85.36},{"name":"zui","parent":"root","x":-2.94,"y":-68.32},{"name":"fahuo1","parent":"root","x":-4.29,"y":22.33},{"name":"fire2","parent":"fire","length":24.45,"rotation":172.87,"y":0.67},{"name":"fire3","parent":"fire2","length":23.82,"rotation":-17.99,"x":24.41,"y":0.33},{"name":"fire4","parent":"fire3","length":23.04,"rotation":-70.76,"x":23.37,"y":0.16},{"name":"fire5","parent":"fire4","length":18.4,"rotation":34.32,"x":23.04},{"name":"fire6","parent":"fire5","length":14.49,"rotation":-46.04,"x":18.4},{"name":"fire7","parent":"fire6","length":13.68,"rotation":-20.41,"x":14.39,"y":0.32},{"name":"fire8","parent":"fire7","length":12.04,"rotation":55.93,"x":13.68},{"name":"fire9","parent":"fire","length":31.01,"rotation":90.62,"x":-1.01,"y":2.7},{"name":"fire10","parent":"fire9","length":24.19,"rotation":-19.31,"x":30.68,"y":0.68},{"name":"fire11","parent":"fire10","length":20.96,"rotation":55.19,"x":24.62,"y":-0.21},{"name":"fire12","parent":"fire11","length":19.68,"rotation":1.55,"x":20.96},{"name":"fire13","parent":"fire12","length":18.33,"rotation":-74.07,"x":19.68},{"name":"fire14","parent":"fire13","length":11.7,"rotation":-5.47,"x":18.21,"y":0.74},{"name":"fire15","parent":"fire14","length":10.66,"rotation":59.93,"x":11.7},{"name":"fire16","parent":"fire","length":29.26,"rotation":7.94,"x":0.34},{"name":"fire17","parent":"fire16","length":18.64,"rotation":32.66,"x":29.26},{"name":"fire18","parent":"fire17","length":19.3,"rotation":65.62,"x":18.64},{"name":"fire19","parent":"fire18","length":21.49,"rotation":-57.41,"x":19.95,"y":-0.19},{"name":"fire20","parent":"fire19","length":17.94,"rotation":69.2,"x":21.72,"y":-0.25},{"name":"fire21","parent":"fire20","length":12.25,"rotation":3.5,"x":17.96,"y":0.75},{"name":"fire22","parent":"fire21","length":10.31,"rotation":-42.81,"x":12.43,"y":0.29},{"name":"bone5","parent":"root","x":-96.76,"y":100.01,"scaleX":0.65,"scaleY":0.55}],"slots":[{"name":"fahuo","bone":"fahuo_bg","attachment":"fahuo"},{"name":"fahuo1","bone":"fahuo1","attachment":"fahuo1"},{"name":"zui","bone":"zui","attachment":"zui"},{"name":"m2","bone":"bone2","attachment":"m2"},{"name":"y1","bone":"bone3","attachment":"y1"},{"name":"y2","bone":"bone4","attachment":"y2"},{"name":"m1","bone":"bone","attachment":"m1"},{"name":"fire","bone":"fire","attachment":"fire"},{"name":"fire_00","bone":"bone5","attachment":"fire_05"}],"skins":[{"name":"default","attachments":{"fahuo":{"fahuo":{"width":374,"height":345}},"fahuo1":{"fahuo1":{"x":2,"y":-16.36,"width":309,"height":227}},"fire":{"fire":{"type":"mesh","hull":62,"width":131,"height":131,"uvs":[0.13224,0.28485,0.13523,0.3402,0.11877,0.3806,0.06341,0.41651,0.00357,0.4614,0.00057,0.617,0.0305,0.67385,0.04396,0.71724,0,0.80552,0.00057,0.90127,0.07089,0.97309,0.17413,0.99703,0.32674,1,0.64094,1,0.82647,0.97458,0.92821,0.9297,0.96411,0.85788,0.95813,0.78457,0.90726,0.71275,0.94017,0.6544,1,0.60652,1,0.49132,0.93269,0.42549,0.83095,0.36115,0.80103,0.26839,0.76961,0.25343,0.72024,0.33123,0.7337,0.41501,0.77859,0.48533,0.76811,0.52124,0.68582,0.57361,0.62149,0.60802,0.60802,0.68881,0.58857,0.64543,0.6574,0.54967,0.70378,0.48533,0.69929,0.39556,0.67535,0.31327,0.58558,0.2639,0.5003,0.24894,0.47935,0.21602,0.51077,0.12924,0.51227,0.05294,0.47337,0,0.40753,0,0.4225,0.05144,0.37013,0.12625,0.29233,0.19507,0.25044,0.27437,0.2265,0.37761,0.26689,0.4599,0.35666,0.50329,0.3806,0.54967,0.36863,0.6155,0.33273,0.65739,0.32375,0.60503,0.24595,0.56314,0.18161,0.5003,0.20555,0.43297,0.21153,0.40903,0.21153,0.32524,0.15468,0.25492],"triangles":[26,25,24,23,26,24,28,27,23,23,27,26,28,23,22,29,28,22,22,21,29,21,19,29,30,32,31,18,29,19,20,19,21,18,30,29,30,18,32,17,14,18,16,14,17,16,15,14,13,32,14,41,45,42,45,44,43,45,43,42,46,45,41,40,47,46,40,48,47,40,46,41,51,50,39,49,48,50,39,50,48,40,39,48,38,51,39,34,36,35,36,34,38,34,51,38,36,38,37,51,34,52,34,33,52,53,33,32,33,53,52,32,54,53,14,32,18,3,2,57,2,1,59,58,2,59,57,2,58,60,59,1,1,0,60,0,61,60,57,4,3,4,57,5,55,54,56,6,57,56,6,5,57,7,6,56,54,11,7,54,7,56,10,9,8,13,12,32,11,10,8,32,12,54,12,11,54,8,7,11],"vertices":[2,15,16.66,6.33,0.76,14,17.78,17.34,0.24,2,15,9.64,8.19,0.728,14,12.3,12.57,0.272,3,13,24.61,8.27,0.11392,15,5.26,11.87,0.288,14,6.8,11.01,0.59808,3,13,17.93,13.76,0.23997,15,3.02,20.22,0.18281,14,-1.37,13.83,0.57723,4,11,51.93,27.4,0.0471,12,39.31,6.34,0.1488,13,9.96,19.45,0.54009,14,-10.83,16.39,0.264,3,11,31.61,25.7,0.32314,12,21.58,16.39,0.46886,13,-9.59,13.67,0.208,2,11,24.61,21.04,0.512,12,13.16,16.49,0.488,3,10,47.34,-11.74,0.2176,11,19.13,18.7,0.4224,12,7.32,17.65,0.36,3,9,70.09,-13.26,0.20966,10,47.64,1.17,0.41434,11,7.04,23.25,0.376,3,9,68.46,-0.83,0.25662,10,42.25,12.5,0.62338,11,-5.43,21.89,0.12,2,9,58.15,7.37,0.57674,10,29.92,17.11,0.42326,2,9,44.34,8.8,0.896,10,16.34,14.21,0.104,1,9,24.45,6.71,1,1,23,15.17,-5.09,1,3,23,39.7,-5.16,0.75159,24,6,-9.97,0.16488,25,-14.3,7.39,0.08353,2,24,19.95,-14.18,0.48,25,-12.38,-7.05,0.52,2,24,29.64,-10.1,0.392,25,-4.66,-14.19,0.608,3,24,35.3,-2.3,0.11546,25,4.78,-16.12,0.71062,26,5.25,-21.36,0.17392,2,25,15.68,-12.35,0.536,26,7.94,-10.15,0.464,3,25,21.81,-18.62,0.19802,26,16.54,-8.36,0.52998,27,-9.42,1.96,0.272,3,25,25.65,-27.9,0.12637,26,26.42,-10.13,0.54783,27,-7.56,-7.9,0.3258,3,26,37.78,-0.19,0.26771,27,5.76,-14.99,0.61613,28,-13.13,-14.97,0.11617,4,26,38.46,12.12,0.06364,27,17.52,-11.26,0.5671,28,-1.17,-11.96,0.2665,29,-1.66,-18.23,0.10276,3,27,31.22,-3.45,0.21983,28,12.98,-5,0.6064,29,4,-3.51,0.17377,2,28,25.39,-8.01,0.16,29,15.14,2.72,0.84,2,28,29.21,-5.52,0.216,29,16.26,7.14,0.784,3,27,41.49,7.52,0.136,28,23.9,5.32,0.47693,29,4.99,11.48,0.38707,3,27,30.97,11.11,0.21504,28,13.62,9.55,0.45696,29,-5.42,7.6,0.328,3,26,19.27,22.15,0.264,27,20.08,10.25,0.55936,28,2.69,9.35,0.17664,4,25,44.86,-1.85,0.11533,26,14.82,20.09,0.30479,27,16.57,13.67,0.42788,28,-0.6,12.98,0.152,3,25,41.28,10.41,0.31328,26,2.56,23.68,0.39872,27,15.57,26.41,0.288,3,25,39.31,19.76,0.39821,26,-6.38,27.06,0.41779,27,15.55,35.97,0.184,2,17,8.63,-11.62,0.8,18,-18.49,6.61,0.2,2,17,13.2,-7.39,0.648,18,-12.41,5.28,0.352,2,17,27.97,-11.91,0.272,18,-7.69,-9.43,0.728,3,17,37.9,-14.96,0.18202,18,-4.53,-19.33,0.69856,19,-26,-18.63,0.11942,3,17,48.85,-10.64,0.35021,18,5.27,-25.85,0.41779,19,-16.38,-25.42,0.232,3,17,58.06,-4.21,0.184,18,15.8,-29.74,0.54835,19,-5.96,-29.59,0.26765,3,18,28,-24.13,0.33792,19,6.38,-24.32,0.36608,20,19.73,-19.46,0.296,3,18,36.22,-16.32,0.24558,19,14.81,-16.73,0.54318,20,14.75,-9.27,0.21124,3,19,19.9,-17.22,0.38472,20,16.62,-4.52,0.48696,21,-1.08,-5.39,0.12832,3,20,28.24,-1.16,0.408,21,10.16,-0.94,0.4073,22,-1.58,0.86,0.1847,3,20,36.43,4.56,0.12,21,17.78,5.54,0.2112,22,7.84,-2.49,0.6688,2,21,19.59,13.95,0.24,22,16.03,0.15,0.76,3,20,33.97,19.74,0.144,21,13.88,20.41,0.28077,22,18.75,8.34,0.57523,3,20,29.68,14.19,0.12356,21,10.13,14.47,0.45483,22,11.74,8.61,0.42161,3,20,17.72,13.97,0.17696,21,-1.75,13.12,0.45504,22,4.61,18.21,0.368,3,19,37.16,0.38,0.11795,20,4.43,16.91,0.65805,21,-15.26,14.78,0.224,3,18,53.01,11.97,0.12,19,32.36,11.1,0.528,20,-7.2,15.24,0.352,3,18,44.01,22.54,0.312,19,23.64,21.91,0.56141,20,-19.98,9.82,0.12659,4,17,22.72,40.32,0.14019,18,32.19,24.7,0.33341,19,11.89,24.38,0.3264,20,-25.59,-0.8,0.2,3,17,21.1,27.36,0.3183,18,20.63,18.62,0.46822,19,0.17,18.63,0.21348,3,17,16.35,22.44,0.54568,18,13.88,19.72,0.2432,19,-6.55,19.9,0.21112,2,17,7.68,21.16,0.744,18,7.88,26.11,0.256,3,10,16.41,-34.9,0.24,11,30.81,-18.12,0.59584,12,-3.8,-19.35,0.16416,3,10,20.39,-40.61,0.152,11,37.51,-16.25,0.25101,12,2.79,-21.58,0.59699,3,11,41.93,-5.55,0.24,12,12.47,-15.23,0.57152,13,6.85,-14.84,0.18848,3,12,23.72,-11.74,0.312,13,12.15,-4.32,0.47885,14,-0.48,-5.13,0.20915,3,12,29.98,-18.7,0.152,13,21.51,-4.64,0.19674,14,8.4,-2.17,0.65126,3,13,24.73,-4.44,0.136,15,-2.02,1.45,0.14515,14,11.35,-0.86,0.71885,2,15,8.42,-1.93,0.744,14,20,5.9,0.256,1,15,19.48,2.32,1],"edges":[0,2,2,4,4,6,6,8,8,10,10,12,12,14,14,16,16,18,18,20,20,22,22,24,24,26,26,28,28,30,30,32,32,34,34,36,36,38,38,40,40,42,42,44,44,46,46,48,48,50,50,52,52,54,54,56,56,58,58,60,60,62,62,64,64,66,66,68,68,70,70,72,72,74,74,76,76,78,78,80,80,82,82,84,84,86,86,88,88,90,90,92,92,94,94,96,96,98,98,100,100,102,102,104,104,106,106,108,108,110,110,112,112,114,114,116,116,118,118,120,120,122,0,122]}},"fire_00":{"fire_00":{"x":6.85,"y":165.72,"width":512,"height":512},"fire_01":{"x":6.85,"y":165.72,"width":512,"height":512},"fire_02":{"x":6.85,"y":165.72,"width":512,"height":512},"fire_03":{"x":6.85,"y":165.72,"width":512,"height":512},"fire_04":{"x":6.85,"y":165.72,"width":512,"height":512},"fire_05":{"x":6.85,"y":165.72,"width":512,"height":512}},"m1":{"m1":{"x":-53.4,"y":-0.51,"width":127,"height":26}},"m2":{"m2":{"x":53.14,"y":-0.18,"width":128,"height":26}},"y1":{"y1":{"x":1.7,"y":-3.17,"width":136,"height":78}},"y2":{"y2":{"x":0.56,"y":-7.21,"width":136,"height":78}},"zui":{"zui":{"x":0.65,"y":0.29,"width":202,"height":80}}}}],"animations":{"fahuo":{"slots":{"fahuo1":{"attachment":[{"name":null},{"time":0.2667,"name":"fahuo1"}]},"fire":{"attachment":[{"name":null}]},"fire_00":{"attachment":[{"name":null},{"time":0.0667,"name":"fire_00"},{"time":0.1333,"name":"fire_01"},{"time":0.2,"name":"fire_02"},{"time":0.2667,"name":"fire_03"},{"time":0.3333,"name":"fire_04"},{"time":0.4,"name":"fire_05"},{"time":0.4667,"name":"fire_00"},{"time":0.5333,"name":"fire_01"},{"time":0.6,"name":"fire_02"},{"time":0.6667,"name":"fire_03"},{"time":0.7333,"name":"fire_04"},{"time":0.8,"name":"fire_05"},{"time":0.8667,"name":"fire_00"},{"time":0.9333,"name":"fire_01"},{"time":1,"name":"fire_02"},{"time":1.0667,"name":"fire_03"},{"time":1.1333,"name":"fire_04"},{"time":1.2,"name":"fire_05"}]},"m1":{"attachment":[{"time":0.2667,"name":null}]},"m2":{"attachment":[{"time":0.2667,"name":null}]},"y1":{"attachment":[{"time":0.2667,"name":null}]},"y2":{"attachment":[{"time":0.2667,"name":null}]}},"bones":{"bone4":{"rotate":[{},{"time":0.2667,"angle":30.22}],"translate":[{},{"time":0.2667,"x":5.3,"y":3.09}],"scale":[{},{"time":0.2667,"x":1.123}]},"bone3":{"rotate":[{},{"time":0.2667,"angle":-30.37}],"translate":[{},{"time":0.2667,"x":-10.89,"y":1.99}],"scale":[{},{"time":0.2667,"x":1.104}]},"bone2":{"rotate":[{},{"time":0.2667,"angle":44.24}],"translate":[{},{"time":0.2667,"x":-16.55,"y":-47.3}]},"bone":{"rotate":[{},{"time":0.2667,"angle":-44.31}],"translate":[{},{"time":0.2667,"x":9.46,"y":-47.3}]},"zui":{"scale":[{"x":0.5,"y":0.5},{"time":0.2667}]},"fire22":{"rotate":[{"angle":-38.54},{"time":0.0333,"angle":-36.59},{"time":0.1333,"angle":-9.77},{"time":0.2333,"angle":11.72},{"time":0.3333,"angle":-42.46},{"time":0.4,"angle":-38.54},{"time":0.4333,"angle":-36.59},{"time":0.5333,"angle":-9.77},{"time":0.6333,"angle":11.72},{"time":0.7333,"angle":-42.46},{"time":0.8,"angle":-38.54},{"time":0.8333,"angle":-36.59},{"time":0.9333,"angle":-9.77},{"time":1.0333,"angle":11.72},{"time":1.1333,"angle":-42.46},{"time":1.2,"angle":-38.54}]},"fire21":{"rotate":[{"angle":-20.78},{"time":0.1,"angle":-17.34},{"time":0.2,"angle":1.71},{"time":0.3,"angle":4.65},{"time":0.4,"angle":-20.78},{"time":0.5,"angle":-17.34},{"time":0.6,"angle":1.71},{"time":0.7,"angle":4.65},{"time":0.8,"angle":-20.78},{"time":0.9,"angle":-17.34},{"time":1,"angle":1.71},{"time":1.1,"angle":4.65},{"time":1.2,"angle":-20.78}]},"fire20":{"rotate":[{"angle":-0.97},{"time":0.0667,"angle":-4.01},{"time":0.1667,"angle":-5.72},{"time":0.2667,"angle":-4.52},{"time":0.3667,"angle":0.55},{"time":0.4,"angle":-0.97},{"time":0.4667,"angle":-4.01},{"time":0.5667,"angle":-5.72},{"time":0.6667,"angle":-4.52},{"time":0.7667,"angle":0.55},{"time":0.8,"angle":-0.97},{"time":0.8667,"angle":-4.01},{"time":0.9667,"angle":-5.72},{"time":1.0667,"angle":-4.52},{"time":1.1667,"angle":0.55},{"time":1.2,"angle":-0.97}]},"fire19":{"rotate":[{"angle":-0.24},{"time":0.0333,"angle":3.41},{"time":0.1333,"angle":0.1},{"time":0.2333,"angle":-0.94},{"time":0.3333,"angle":-7.56},{"time":0.4,"angle":-0.24},{"time":0.4333,"angle":3.41},{"time":0.5333,"angle":0.1},{"time":0.6333,"angle":-0.94},{"time":0.7333,"angle":-7.56},{"time":0.8,"angle":-0.24},{"time":0.8333,"angle":3.41},{"time":0.9333,"angle":0.1},{"time":1.0333,"angle":-0.94},{"time":1.1333,"angle":-7.56},{"time":1.2,"angle":-0.24}]},"fire18":{"rotate":[{"angle":3.77},{"time":0.1,"angle":-4.36},{"time":0.2,"angle":-2.47},{"time":0.3,"angle":4.05},{"time":0.4,"angle":3.77},{"time":0.5,"angle":-4.36},{"time":0.6,"angle":-2.47},{"time":0.7,"angle":4.05},{"time":0.8,"angle":3.77},{"time":0.9,"angle":-4.36},{"time":1,"angle":-2.47},{"time":1.1,"angle":4.05},{"time":1.2,"angle":3.77}]},"fire17":{"rotate":[{"angle":-4.39},{"time":0.0667,"angle":-3.2},{"time":0.1667,"angle":-2.1},{"time":0.2667,"angle":-0.72},{"time":0.3667,"angle":-15.49},{"time":0.4,"angle":-4.39},{"time":0.4667,"angle":-3.2},{"time":0.5667,"angle":-2.1},{"time":0.6667,"angle":-0.72},{"time":0.7667,"angle":-4.98},{"time":0.8,"angle":-4.39},{"time":0.8667,"angle":-3.2},{"time":0.9667,"angle":-2.1},{"time":1.0667,"angle":-0.72},{"time":1.1667,"angle":-4.98},{"time":1.2,"angle":-4.39}]},"fire15":{"rotate":[{"angle":-1.76},{"time":0.0333},{"time":0.1333,"angle":24.13},{"time":0.2333,"angle":12.98},{"time":0.3333,"angle":-5.27},{"time":0.4,"angle":-1.76},{"time":0.4333},{"time":0.5333,"angle":24.13},{"time":0.6333,"angle":12.98},{"time":0.7333,"angle":-5.27},{"time":0.8,"angle":-1.76},{"time":0.8333},{"time":0.9333,"angle":24.13},{"time":1.0333,"angle":12.98},{"time":1.1333,"angle":-5.27},{"time":1.2,"angle":-1.76}]},"fire14":{"rotate":[{},{"time":0.1,"angle":11.55},{"time":0.2,"angle":6.01},{"time":0.3,"angle":-7.36},{"time":0.4},{"time":0.5,"angle":11.55},{"time":0.6,"angle":6.01},{"time":0.7,"angle":-7.36},{"time":0.8},{"time":0.9,"angle":11.55},{"time":1,"angle":6.01},{"time":1.1,"angle":-7.36},{"time":1.2}]},"fire13":{"rotate":[{"angle":0.32},{"time":0.0667,"angle":0.97},{"time":0.1667,"angle":-1.02},{"time":0.2667,"angle":-9.28},{"time":0.3667},{"time":0.4,"angle":0.32},{"time":0.4667,"angle":0.97},{"time":0.5667,"angle":-1.02},{"time":0.6667,"angle":-9.28},{"time":0.7667},{"time":0.8,"angle":0.32},{"time":0.8667,"angle":0.97},{"time":0.9667,"angle":-1.02},{"time":1.0667,"angle":-9.28},{"time":1.1667},{"time":1.2,"angle":0.32}]},"fire12":{"rotate":[{"angle":1.21},{"time":0.0333},{"time":0.1333,"angle":4.68},{"time":0.2333,"angle":8.1},{"time":0.3333,"angle":3.64},{"time":0.4,"angle":1.21},{"time":0.4333},{"time":0.5333,"angle":4.68},{"time":0.6333,"angle":8.1},{"time":0.7333,"angle":3.64},{"time":0.8,"angle":1.21},{"time":0.8333},{"time":0.9333,"angle":4.68},{"time":1.0333,"angle":8.1},{"time":1.1333,"angle":3.64},{"time":1.2,"angle":1.21}]},"fire11":{"rotate":[{"angle":0.59},{"time":0.1,"angle":8.42},{"time":0.2,"angle":6.17},{"time":0.3},{"time":0.4,"angle":0.59},{"time":0.5,"angle":8.42},{"time":0.6,"angle":6.17},{"time":0.7},{"time":0.8,"angle":0.59},{"time":0.9,"angle":8.42},{"time":1,"angle":6.17},{"time":1.1},{"time":1.2,"angle":0.59}]},"fire10":{"rotate":[{"angle":-2.17},{"time":0.0667,"angle":0.6},{"time":0.1667,"angle":1.8},{"time":0.2667},{"time":0.3667,"angle":-3.55},{"time":0.4,"angle":-2.17},{"time":0.4667,"angle":0.6},{"time":0.5667,"angle":1.8},{"time":0.6667},{"time":0.7667,"angle":-3.55},{"time":0.8,"angle":-2.17},{"time":0.8667,"angle":0.6},{"time":0.9667,"angle":1.8},{"time":1.0667},{"time":1.1667,"angle":-3.55},{"time":1.2,"angle":-2.17}]},"fire9":{"rotate":[{"angle":-0.65},{"time":0.0333,"angle":0.1},{"time":0.1333,"angle":-0.81},{"time":0.2333},{"time":0.3333,"angle":-2.15},{"time":0.4,"angle":-0.65},{"time":0.4333,"angle":0.1},{"time":0.5333,"angle":-0.81},{"time":0.6333},{"time":0.7333,"angle":-2.15},{"time":0.8,"angle":-0.65},{"time":0.8333,"angle":0.1},{"time":0.9333,"angle":-0.81},{"time":1.0333},{"time":1.1333,"angle":-2.15},{"time":1.2,"angle":-0.65}]},"fire8":{"rotate":[{"angle":22.96},{"time":0.1,"angle":-20.05},{"time":0.2,"angle":23.63},{"time":0.3,"angle":-15.78},{"time":0.4,"angle":22.96},{"time":0.5,"angle":-20.05},{"time":0.6,"angle":23.63},{"time":0.7,"angle":-15.78},{"time":0.8,"angle":22.96},{"time":0.9,"angle":-20.05},{"time":1,"angle":23.63},{"time":1.1,"angle":-15.78},{"time":1.2,"angle":22.96}]},"fire7":{"rotate":[{"angle":4.83},{"time":0.0667,"angle":-11.33},{"time":0.1667,"angle":14.89},{"time":0.2667,"angle":-11.65},{"time":0.3667,"angle":12.9},{"time":0.4,"angle":4.83},{"time":0.4667,"angle":-11.33},{"time":0.5667,"angle":14.89},{"time":0.6667,"angle":-11.65},{"time":0.7667,"angle":12.9},{"time":0.8,"angle":4.83},{"time":0.8667,"angle":-11.33},{"time":0.9667,"angle":14.89},{"time":1.0667,"angle":-11.65},{"time":1.1667,"angle":12.9},{"time":1.2,"angle":4.83}]},"fire6":{"rotate":[{"angle":0.15},{"time":0.0333,"angle":-4.4},{"time":0.1333,"angle":10.85},{"time":0.2333,"angle":-6.46},{"time":0.3333,"angle":9.24},{"time":0.4,"angle":0.15},{"time":0.4333,"angle":-4.4},{"time":0.5333,"angle":10.85},{"time":0.6333,"angle":-6.46},{"time":0.7333,"angle":9.24},{"time":0.8,"angle":0.15},{"time":0.8333,"angle":-4.4},{"time":0.9333,"angle":10.85},{"time":1.0333,"angle":-6.46},{"time":1.1333,"angle":9.24},{"time":1.2,"angle":0.15}]},"fire5":{"rotate":[{"angle":-1.26},{"time":0.1,"angle":6.33},{"time":0.2,"angle":-1.24},{"time":0.3,"angle":5.23},{"time":0.4,"angle":-1.26},{"time":0.5,"angle":6.33},{"time":0.6,"angle":-1.24},{"time":0.7,"angle":5.23},{"time":0.8,"angle":-1.26},{"time":0.9,"angle":6.33},{"time":1,"angle":-1.24},{"time":1.1,"angle":5.23},{"time":1.2,"angle":-1.26}]},"fire4":{"rotate":[{"angle":2.54},{"time":0.0667,"angle":2.86},{"time":0.1667,"angle":1.66},{"time":0.2667,"angle":2.08},{"time":0.3667,"angle":2.39},{"time":0.4,"angle":2.54},{"time":0.4667,"angle":2.86},{"time":0.5667,"angle":1.66},{"time":0.6667,"angle":2.08},{"time":0.7667,"angle":2.39},{"time":0.8,"angle":2.54},{"time":0.8667,"angle":2.86},{"time":0.9667,"angle":1.66},{"time":1.0667,"angle":2.08},{"time":1.1667,"angle":2.39},{"time":1.2,"angle":2.54}]},"fire3":{"rotate":[{"angle":1.12},{"time":0.0333},{"time":0.1333,"angle":3.28},{"time":0.2333,"angle":0.29},{"time":0.3333,"angle":3.37},{"time":0.4,"angle":1.12},{"time":0.4333},{"time":0.5333,"angle":3.28},{"time":0.6333,"angle":0.29},{"time":0.7333,"angle":3.37},{"time":0.8,"angle":1.12},{"time":0.8333},{"time":0.9333,"angle":3.28},{"time":1.0333,"angle":0.29},{"time":1.1333,"angle":3.37},{"time":1.2,"angle":1.12}]},"fahuo_bg":{"translate":[{},{"time":0.2,"y":3},{"time":0.4},{"time":0.6,"y":3},{"time":0.8}],"scale":[{},{"time":0.2,"x":1.02},{"time":0.4},{"time":0.6,"x":1.02},{"time":0.8}]}}}}},[0]]],0,0,[0],[-1],[0]]