[1,["20g1ukYUVPvKWKBRznAKo+@f9941","54TknWPwVPqJqeCR+Y/Czo@f9941","95EkngnxZFbYuFpsqVTaFr@f9941","b6LlTjsjhJLbZDc455t5TR@f9941","8dcHjukiRMl4pSXcXGiGu5@6c48a","8fhQlcCK5DjIwRCEhDG8om@6c48a","c3A9Xy0CJNhbzplj/pJEtk@f9941","8dcHjukiRMl4pSXcXGiGu5@f9941","f8L9RW34BBQJ6DLbag33RF@f9941","8fhQlcCK5DjIwRCEhDG8om@f9941","e0CofzVjRC/YB7cqyAJ2um@f9941","b6LlTjsjhJLbZDc455t5TR@6c48a","c3A9Xy0CJNhbzplj/pJEtk@6c48a","e0CofzVjRC/YB7cqyAJ2um@6c48a","f8L9RW34BBQJ6DLbag33RF@6c48a"],["node","_spriteFrame","_textureSource","_target","_normalSprite","_hoverSprite","_pressedSprite","_disabledSprite","root","videoMask","playToggle","muteToggle","data"],["cc.SpriteFrame",["cc.Node",["_name","_layer","_active","_objFlags","_components","_prefab","_parent","_children","_lpos"],-1,9,4,1,2,5],["cc.Sprite",["_type","_sizeMode","node","__prefab","_spriteFrame","_color"],1,1,4,6,5],["cc.Node",["_name","_layer","_active","_parent","_components","_prefab","_children","_lpos"],0,1,12,4,2,5],["cc.PrefabInfo",["fileId","instance","nestedPrefabInstanceRoots","targetOverrides","root","asset"],-1,1,1],["cc.Button",["_transition","node","__prefab","_normalColor","_target","_normalSprite","_hoverSprite","_pressedSprite","_disabledSprite","clickEvents"],2,1,4,5,1,6,6,6,6,9],["cc.Prefab",["_name"],2],["cc.UITransform",["node","__prefab","_contentSize"],3,1,4,5],["cc.CompPrefabInfo",["fileId"],2],["f4e22gsOHtERbwjH5HaT4Uj",["node","__prefab","muteToggle","playToggle","videoMask"],3,1,4,1,1,1],["cc.Widget",["_alignFlags","node","__prefab"],2,1,4],["cc.Mask",["node","__prefab"],3,1,4],["cc.Graphics",["node","__prefab","_fillColor"],3,1,4,5],["cc.ClickEvent",["_componentId","handler","target"],1,1],["cc.Label",["_string","_actualFontSize","_fontSize","_overflow","_enableWrapText","node","__prefab","_color"],-2,1,4,5],["cc.Toggle",["_isChecked","node","__prefab","clickEvents","_normalColor","_target","_checkMark"],2,1,4,9,5,1,1]],[[8,0,2],[7,0,1,2,1],[4,0,1,3,2,4,5,5],[13,0,1,2,3],[3,0,1,3,6,4,5,7,3],[3,0,2,1,3,4,5,4],[2,0,1,2,3,4,3],[2,2,3,4,1],[2,2,3,1],[15,0,1,2,3,4,5,6,2],[6,0,2],[1,0,1,7,4,5,8,3],[1,0,2,1,6,7,4,5,4],[1,0,1,6,4,5,8,3],[1,0,2,1,6,4,5,4],[1,0,3,1,6,4,5,4],[9,0,1,2,3,4,1],[10,0,1,2,2],[11,0,1,1],[12,0,1,2,1],[4,0,1,2,3,4,5,5],[2,0,2,3,5,4,2],[5,0,1,2,9,3,4,5,6,7,8,2],[5,0,1,2,3,4,5,6,7,8,2],[14,0,1,2,3,4,5,6,7,6]],[[[{"name":"icon_sound","rect":{"x":0,"y":0,"width":54,"height":54},"offset":{"x":0,"y":0},"originalSize":{"width":54,"height":54},"rotated":false,"capInsets":[0,0,0,0],"vertices":{"rawPosition":[-27,-27,0,27,-27,0,-27,27,0,27,27,0],"indexes":[0,1,2,2,1,3],"uv":[0,54,54,54,0,0,54,0],"nuv":[0,0,1,0,0,1,1,1],"minPos":{"x":-27,"y":-27,"z":0},"maxPos":{"x":27,"y":27,"z":0}},"packable":true,"pixelsToUnit":100,"pivot":{"x":0.5,"y":0.5},"meshType":0}],[0],0,[0],[2],[4]],[[{"name":"icon_sound_off","rect":{"x":0,"y":0,"width":54,"height":54},"offset":{"x":0,"y":0},"originalSize":{"width":54,"height":54},"rotated":false,"capInsets":[0,0,0,0],"vertices":{"rawPosition":[-27,-27,0,27,-27,0,-27,27,0,27,27,0],"indexes":[0,1,2,2,1,3],"uv":[0,54,54,54,0,0,54,0],"nuv":[0,0,1,0,0,1,1,1],"minPos":{"x":-27,"y":-27,"z":0},"maxPos":{"x":27,"y":27,"z":0}},"packable":true,"pixelsToUnit":100,"pivot":{"x":0.5,"y":0.5},"meshType":0}],[0],0,[0],[2],[5]],[[[10,"videoView"],[11,"videoView",33554432,[-10,-11,-12,-13,-14],[[1,-2,[0,"7di8eqomZC7ZCQ0u+mcukq"],[5,720,400]],[16,-6,[0,"75aQV7I5BNOKyF9KdTlaA1"],-5,-4,-3],[17,1,-7,[0,"22Pf9HBipLEYPuTeW0q6R1"]],[18,-8,[0,"02edJyZfFCqahEYYh4gHkR"]],[19,-9,[0,"6a26MeAd1MGqEZm3VCCFkA"],[4,16777215]]],[20,"1f5vlW6SJEy4B83fVzF6bW",null,null,[],-1,0],[1,0,440,0]],[12,"playButton",false,33554432,1,[-19],[[1,-15,[0,"d41P+e9O1CTYCempsjsZoI"],[5,100,40]],[6,1,0,-16,[0,"7e+gp8VClIBK2wJyytwJIA"],0],[22,2,-18,[0,"94X4y4L69Es5SL1axpl3IN"],[[3,"f4e22gsOHtERbwjH5HaT4Uj","playBtnClicked",1]],[4,4292269782],-17,1,2,3,4]],[2,"196PwavElB24u4m5Hk43v/",null,null,null,1,0]],[4,"mutedToggle",33554432,1,[-23],[[[1,-20,[0,"2aqo0MpgpLKomEvUmY7Hst"],[5,54,54]],[7,-21,[0,"431z+HmPJOBpCHnzx++6of"],6],-22],4,4,1],[2,"54suSgAHJI8JvLue08eh0X",null,null,null,1,0],[1,-126.439,165.044,0]],[4,"playToggle",33554432,1,[-27],[[[1,-24,[0,"f9M8JlrmdGsZE1L6fO9YWi"],[5,54,54]],[7,-25,[0,"25qV23K6tJF7DkuWmFLJ7C"],7],-26],4,4,1],[2,"e3BFikF1ZAeIX/dS2Lv3oL",null,null,null,1,0],[1,-192.35,166.175,0]],[13,"refreshButton",33554432,1,[[1,-28,[0,"3bWjL522pOPrDLeW/WiS6Q"],[5,54,54]],[21,1,-29,[0,"5c4YRm6QxNUYzYj1YfEaOO"],[4,4292269782],8],[23,1,-31,[0,"72P6LTYFNC+50g94YvffdL"],[4,4292269782],-30,9,10,11,12]],[2,"1ezJQfTMtCkJuB7OLSfu14",null,null,null,1,0],[1,-258.657,165.548,0]],[14,"videoMask",false,33554432,1,[[1,-32,[0,"9ekx8QaT1EvqlPEETI1kT0"],[5,720,400]],[6,1,0,-33,[0,"88xVhNQzFL0LIboyl0io4t"],5]],[2,"97lntRuCBHSLrX6nJ56MaL",null,null,null,1,0]],[15,"Label",512,33554432,2,[[1,-34,[0,"3c2PE9oi5JLpoaOxULHkyT"],[5,100,40]],[24,"play",20,20,1,false,-35,[0,"11AXYzYTdC75wmVHhqn9/l"],[4,4278190080]]],[2,"53DeILIK1MRIEreeUo88fv",null,null,null,1,0]],[5,"Checkmark",false,33554432,3,[[[1,-36,[0,"38CVYOI5xPf7cFiZ+enNl9"],[5,54,54]],-37],4,1],[2,"beCfexGeFGNo8w61n9cAKY",null,null,null,1,0]],[5,"Checkmark",false,33554432,4,[[[1,-38,[0,"53Aze1reBLbqyeilRa4bS4"],[5,54,54]],-39],4,1],[2,"59o5lPCtpEHLBsi+/ea2g9",null,null,null,1,0]],[8,8,[0,"956ykBjoVIx5MaFxlvEhIM"]],[9,false,3,[0,"01ovZwPX1JDoiFXNmAh1HF"],[[3,"f4e22gsOHtERbwjH5HaT4Uj","muteToggleClicked",1]],[4,4292269782],3,10],[8,9,[0,"01KnQLoApKtIOeYhTPYHgq"]],[9,false,4,[0,"67HysqTeFCGboKsUAOhcuB"],[[3,"f4e22gsOHtERbwjH5HaT4Uj","playToggleClicked",1]],[4,4292269782],4,12]],0,[0,8,1,0,0,1,0,9,6,0,10,13,0,11,11,0,0,1,0,0,1,0,0,1,0,0,1,0,-1,2,0,-2,6,0,-3,3,0,-4,4,0,-5,5,0,0,2,0,0,2,0,3,2,0,0,2,0,-1,7,0,0,3,0,0,3,0,-3,11,0,-1,8,0,0,4,0,0,4,0,-3,13,0,-1,9,0,0,5,0,0,5,0,3,5,0,0,5,0,0,6,0,0,6,0,0,7,0,0,7,0,0,8,0,-2,10,0,0,9,0,-2,12,0,12,1,39],[0,0,0,0,0,0,0,0,0,0,0,0,0,10,12],[1,4,5,6,7,1,1,1,1,4,5,6,7,1,1],[0,0,0,1,2,6,7,8,3,3,0,1,2,9,10]],[[{"name":"icon_re","rect":{"x":0,"y":0,"width":54,"height":54},"offset":{"x":0,"y":0},"originalSize":{"width":54,"height":54},"rotated":false,"capInsets":[0,0,0,0],"vertices":{"rawPosition":[-27,-27,0,27,-27,0,-27,27,0,27,27,0],"indexes":[0,1,2,2,1,3],"uv":[0,54,54,54,0,0,54,0],"nuv":[0,0,1,0,0,1,1,1],"minPos":{"x":-27,"y":-27,"z":0},"maxPos":{"x":27,"y":27,"z":0}},"packable":true,"pixelsToUnit":100,"pivot":{"x":0.5,"y":0.5},"meshType":0}],[0],0,[0],[2],[11]],[[{"name":"img_novideo","rect":{"x":0,"y":0,"width":720,"height":400},"offset":{"x":0,"y":0},"originalSize":{"width":720,"height":400},"rotated":false,"capInsets":[0,0,0,0],"vertices":{"rawPosition":[-360,-200,0,360,-200,0,-360,200,0,360,200,0],"indexes":[0,1,2,2,1,3],"uv":[0,400,720,400,0,0,720,0],"nuv":[0,0,1,0,0,1,1,1],"minPos":{"x":-360,"y":-200,"z":0},"maxPos":{"x":360,"y":200,"z":0}},"packable":true,"pixelsToUnit":100,"pivot":{"x":0.5,"y":0.5},"meshType":0}],[0],0,[0],[2],[12]],[[{"name":"icon_video_off","rect":{"x":0,"y":0,"width":54,"height":54},"offset":{"x":0,"y":0},"originalSize":{"width":54,"height":54},"rotated":false,"capInsets":[0,0,0,0],"vertices":{"rawPosition":[-27,-27,0,27,-27,0,-27,27,0,27,27,0],"indexes":[0,1,2,2,1,3],"uv":[0,54,54,54,0,0,54,0],"nuv":[0,0,1,0,0,1,1,1],"minPos":{"x":-27,"y":-27,"z":0},"maxPos":{"x":27,"y":27,"z":0}},"packable":true,"pixelsToUnit":100,"pivot":{"x":0.5,"y":0.5},"meshType":0}],[0],0,[0],[2],[13]],[[{"name":"icon_video","rect":{"x":0,"y":0,"width":54,"height":54},"offset":{"x":0,"y":0},"originalSize":{"width":54,"height":54},"rotated":false,"capInsets":[0,0,0,0],"vertices":{"rawPosition":[-27,-27,0,27,-27,0,-27,27,0,27,27,0],"indexes":[0,1,2,2,1,3],"uv":[0,54,54,54,0,0,54,0],"nuv":[0,0,1,0,0,1,1,1],"minPos":{"x":-27,"y":-27,"z":0},"maxPos":{"x":27,"y":27,"z":0}},"packable":true,"pixelsToUnit":100,"pivot":{"x":0.5,"y":0.5},"meshType":0}],[0],0,[0],[2],[14]]]]
