[1,["ecpdLyjvZBwrvm+cedCcQy","16045f9eb","f0BIwQ8D5Ml7nTNQbh1YlS","e97GVMl6JHh5Ml5qEDdSGa","29FYIk+N1GYaeWH/q1NxQO","8f4S9qlRpDSq2oC8Fqmva6","1cd7mOiY5MxLCaDJn+3GUG","a2MjXRFdtLlYQ5ouAFv/+R","71bsia3w9GMo3HlyRlyzUF","d6OZgiwcRO05KatYDSgkkr","8a4hyrh8hDc6whoN0xypao","bbaiSAzYZIh7tMG7SIEiZb","c00IT91V9FybXZGQcl3/PF","0bGk9JIyBIg7j1pwxA8W4E","3dXMiGiIJNxa6LA/f8Q3gP","93HmIHsltKVpUwyh+Fx358","cc27auVrBKmK0NVA2zh8Dd","1cE4XECRVBHq4dA2v4ZqGs","18uxfTZEVGY6NIlP8D5j3o","a2DDyRaixBFr7eGIED/nha","03mjGeUsBFaqUnZ95NsD1o","3dlAeOwVpGe5AzcEDu8RBL"],["node","_textureSetter","_spriteFrame","_N$target","checkMark","root","_N$normalSprite","_N$pressedSprite","_N$hoverSprite","_N$disabledSprite","videoSprite","data","_parent"],["cc.SpriteFrame",["cc.Node",["_name","_objFlags","_opacity","_components","_prefab","_contentSize","_parent","_children","_trs","_color"],0,9,4,5,1,2,7,5],["cc.Sprite",["_sizeMode","_isTrimmedMode","_type","node","_materials","_spriteFrame"],0,1,3,6],["cc.Node",["_name","_objFlags","_active","_parent","_components","_prefab","_contentSize","_trs"],0,1,2,4,5,7],["cc.PrefabInfo",["fileId","root"],2,1],["cc.Button",["zoomScale","_N$transition","node","_N$normalColor","_N$pressedColor","_N$disabledColor","_N$normalSprite","_N$pressedSprite","_N$hoverSprite","_N$disabledSprite","_N$target","clickEvents"],1,1,5,5,5,6,6,6,6,1,9],["cc.Toggle",["_N$isChecked","node","_N$normalColor","_N$target","checkMark","checkEvents"],2,1,5,1,1,9],["cc.ClickEvent",["_componentId","handler","customEventData","target"],0,1],["cc.Prefab",["_name"],2],["deca3Cx3ydPyYk24wxwY+J9",["node","videoSprite","videoSpriteFrames"],3,1,1,3],["757f2MG1rFM9rA94jsbuTl3",["node"],3,1],["dc260WzHhJCNbdTPXKK45bp",["node"],3,1],["cc.ToggleContainer",["node"],3,1],["cc.Layout",["_resize","_N$layoutType","node","_layoutSize"],1,1,5],["cc.Widget",["_alignFlags","_originalWidth","_originalHeight","node"],0,1],["cc.BlockInputEvents",["node"],3,1]],[[4,0,1,2],[1,0,6,7,3,4,5,8,2],[1,0,1,6,3,4,5,3],[2,0,1,3,4,5,3],[7,0,1,2,3,4],[3,0,1,2,3,4,5,6,4],[11,0,1],[2,0,1,3,4,3],[6,0,1,2,3,4,5,2],[8,0,2],[1,0,7,3,4,5,2],[1,0,7,3,4,5,8,2],[1,0,6,7,3,4,5,2],[1,0,2,6,3,4,9,5,3],[1,0,6,3,4,5,8,2],[1,0,1,6,3,4,9,5,8,3],[3,0,1,3,4,5,6,3],[3,0,3,4,5,6,7,2],[9,0,1,2,1],[4,1,1],[5,0,1,2,3,4,5,10,6,7,8,9,3],[5,0,1,2,11,3,4,5,6,7,8,9,3],[10,0,1],[2,3,4,5,1],[2,0,3,4,5,2],[2,2,0,3,4,5,3],[2,2,3,4,5,2],[2,0,1,3,3],[2,3,4,1],[12,0,1],[13,0,1,2,3,3],[6,1,2,3,4,5,1],[7,0,1,3,3],[14,0,1,2,3,4],[15,0,1]],[[[{"name":"ui_xsjx_banzi","rect":[21,0,1053,648],"offset":[10,0.5],"originalSize":[1075,649],"capInsets":[0,0,0,0]}],[0],0,[0],[1],[6]],[[{"name":"btn_zjykzbsm01","rect":[3,251,198,72],"offset":[0,1],"originalSize":[198,74],"rotated":1,"capInsets":[0,0,0,0]}],[0],0,[0],[1],[1]],[[{"name":"btn_jrzz01","rect":[81,251,198,72],"offset":[0,1],"originalSize":[198,74],"rotated":1,"capInsets":[0,0,0,0]}],[0],0,[0],[1],[1]],[[[9,"mahjongGuideTeachView"],[10,"mahjongGuideTeachView",[-4,-5],[[18,-3,-2,[25,26,27]]],[19,-1],[5,1280,720]],[11,"closeBtn",[-11],[[20,0.9,3,-8,[4,4293322470],[4,4291348680],[4,3363338360],-7,19,20,21,22],[22,-9],[6,-10]],[0,"47i3jhrDpLQqo7ES3StuSn",-6],[5,33,34],[457.612,181.955,0,0,0,0,1,1,1,1]],[12,"bg",1,[-13,-14,-15,2],[[23,-12,[23],24]],[0,"e2GT68prRLOrWWN3h0POAu",1],[5,1053,648]],[1,"ToggleContainer",3,[-18,-19,-20],[[29,-16],[30,1,2,-17,[5,198,225]]],[0,"11v8FK225EeaLof/oosv6M",1],[5,198,225],[-341.625,4.083,0,0,0,0,1,1,1,1]],[1,"toggle1",4,[-24,-25],[[31,-23,[4,4292269782],-22,-21,[[4,"deca3Cx3ydPyYk24wxwY+J9","toggleCliecked","1",1]]]],[0,"0fdjcftgxEF7MQOES3UnWD",1],[5,198,75],[0,75,0,0,0,0,1,1,1,0]],[1,"toggle2",4,[-29,-30],[[8,false,-28,[4,4292269782],-27,-26,[[4,"deca3Cx3ydPyYk24wxwY+J9","toggleCliecked","2",1]]]],[0,"30t6TozH1F8ajfJitv267D",1],[5,198,75],[0,0,0,0,0,0,1,1,1,0]],[1,"toggle3",4,[-34,-35],[[8,false,-33,[4,4292269782],-32,-31,[[4,"deca3Cx3ydPyYk24wxwY+J9","toggleCliecked","3",1]]]],[0,"11n1Vzz+1ClqeGHWTRVqFV",1],[5,198,75],[0,-75,0,0,0,0,1,1,1,0]],[13,"spMask",180,1,[[24,0,-36,[0],1],[33,45,100,100,-37],[34,-38]],[0,"47PEQs9b1ELbb5CiauQ6po",1],[4,4278190080],[5,1280,720]],[14,"guideButton",3,[[21,0.9,3,-39,[[32,"deca3Cx3ydPyYk24wxwY+J9","playBtnClicked",1]],[4,4293322470],[4,4291348680],[4,3363338360],11,12,13,14],[25,1,2,-40,[15],16],[6,-41]],[0,"aaoF6++1JBdJf/gUedFjrT",1],[5,160,160],[118.54,-34.225,0,0,0,0,1,1,1,0]],[15,"Background",512,2,[[26,1,-42,[17],18]],[0,"75euf69IJCqKuqZIltELoA",2],[4,4293322470],[5,33,34],[0,0,0,0,0,0,1,1,1,0]],[2,"Background",512,5,[[3,2,false,-43,[2],3]],[0,"9fzkkWOYVHfKUJ97p8R69e",1],[5,198,74]],[16,"checkmark",512,5,[-44],[0,"171/ujnEROKIq+OOGu5pGe",1],[5,198,74]],[7,2,false,12,[4]],[2,"Background",512,6,[[3,2,false,-45,[5],6]],[0,"d5cZ5w9uRKF7gBBDRdcrmh",1],[5,198,74]],[5,"checkmark",512,false,6,[-46],[0,"7e5FJCdE1FWq8Fwf/jTir4",1],[5,198,74]],[27,2,false,15],[2,"Background",512,7,[[3,2,false,-47,[7],8]],[0,"fe9w607+BBAp0nFhIW5NVM",1],[5,198,74]],[5,"checkmark",512,false,7,[-48],[0,"dc4tplkvpE9Iw14ybNrnxh",1],[5,198,74]],[7,2,false,18,[9]],[17,"videoSprite",3,[-49],[0,"b50Zmym7FJq7TJrQfvMA53",1],[5,710,400],[114.329,-62.95,0,0,0,0,1,1,1,1]],[28,20,[10]]],0,[0,5,1,0,10,21,0,0,1,0,-1,8,0,-2,3,0,5,2,0,3,10,0,0,2,0,0,2,0,0,2,0,-1,10,0,0,3,0,-1,4,0,-2,20,0,-3,9,0,0,4,0,0,4,0,-1,5,0,-2,6,0,-3,7,0,4,13,0,3,5,0,0,5,0,-1,11,0,-2,12,0,4,16,0,3,6,0,0,6,0,-1,14,0,-2,15,0,4,19,0,3,7,0,0,7,0,-1,17,0,-2,18,0,0,8,0,0,8,0,0,8,0,0,9,0,0,9,0,0,9,0,0,10,0,0,11,0,-1,13,0,0,14,0,-1,16,0,0,17,0,-1,19,0,-1,21,0,11,1,2,12,3,49],[0,0,0,0,0,0,0,0,0,0,0,0,0,0,0,0,0,0,0,0,0,0,0,0,0,0,0,0,13,16,19,21],[-1,2,-1,2,-1,-1,2,-1,2,-1,-1,6,7,8,9,-1,2,-1,2,6,7,8,9,-1,2,-1,-2,-3,2,2,2,2],[0,7,0,8,0,0,9,0,10,0,0,2,3,2,4,0,11,0,12,2,3,2,4,0,13,5,14,15,16,17,18,5]],[[{"name":"mahjong_video2","rect":[0,0,710,400],"offset":[0,0],"originalSize":[710,400],"capInsets":[0,0,0,0]}],[0],0,[0],[1],[19]],[[{"name":"btn_cjzz02","rect":[190,3,181,58],"offset":[3.5,-8],"originalSize":[198,74],"rotated":1,"capInsets":[0,0,0,0]}],[0],0,[0],[1],[1]],[[{"name":"btn_zjykzbsm02","rect":[159,207,181,69],"offset":[3.5,-2.5],"originalSize":[198,74],"rotated":1,"capInsets":[0,0,0,0]}],[0],0,[0],[1],[1]],[[{"name":"mahjong_video1","rect":[0,0,710,400],"offset":[0,0],"originalSize":[710,400],"capInsets":[0,0,0,0]}],[0],0,[0],[1],[20]],[[{"name":"mahjong_video3","rect":[0,0,710,400],"offset":[0,0],"originalSize":[710,400],"capInsets":[0,0,0,0]}],[0],0,[0],[1],[21]],[[{"name":"btn_play","rect":[3,455,160,160],"offset":[0,0],"originalSize":[160,160],"capInsets":[0,0,0,0]}],[0],0,[0],[1],[1]],[[{"name":"close","rect":[112,207,33,34],"offset":[0,0],"originalSize":[33,34],"rotated":1,"capInsets":[0,0,0,0]}],[0],0,[0],[1],[1]],[[{"name":"btn_cjzz01","rect":[112,3,198,72],"offset":[0,1],"originalSize":[198,74],"rotated":1,"capInsets":[0,0,0,0]}],[0],0,[0],[1],[1]],[[{"name":"btn_jrzz02","rect":[169,452,181,57],"offset":[3.5,-8.5],"originalSize":[198,74],"rotated":1,"capInsets":[0,0,0,0]}],[0],0,[0],[1],[1]]]]