[1,["ecpdLyjvZBwrvm+cedCcQy","15e5253b1","1979991d4","f0BIwQ8D5Ml7nTNQbh1YlS","e9Qe9YLFlNGr0z4wBDhgXH","a2MjXRFdtLlYQ5ouAFv/+R","96vfp5sYxC+b7WAt86msEy","e97GVMl6JHh5Ml5qEDdSGa","29FYIk+N1GYaeWH/q1NxQO","34eBb0AdJL8oIaPKcNarVr","d47aeIi8FEaZKJN1VGfK06","7byHRa/TdHNLt64UMOd/1O","123sYwURlBP5GEY7OJv2sc","4et8v9dkFGTp1tV9zuC9dm","711IPHVO5GWKLYDEIbUexx","a4bRLclU9DXIE1uPUy6ACK","24bHCegjtKHJLx/+j+Cd19","b5KhQ81UNMP70yF55gvrTz","2eQZqurkhN06huq5NkKZlc","1b6a03f6b"],["_textureSetter","node","_spriteFrame","root","lbFreeCost","nodeFree","nodeNormal","nodeLock","freeLabel","coinLabel","coin","prepsSprite","_N$target","data","_N$normalSprite","_N$pressedSprite","_N$hoverSprite","_N$disabledSprite"],["cc.SpriteFrame",["cc.Node",["_name","_active","_opacity","_components","_prefab","_contentSize","_trs","_parent","_children","_color"],0,9,4,5,7,1,2,5],["cc.Node",["_name","_objFlags","_active","_parent","_components","_prefab","_contentSize","_trs","_anchorPoint"],0,1,2,4,5,7,5],["cc.Sprite",["_sizeMode","_type","node","_materials","_spriteFrame"],1,1,3,6],["cc.PrefabInfo",["fileId","root"],2,1],["cc.Prefab",["_name"],2],["967c9HzCpBMLKbaXEZWVUfh",["node","prepsSprite","coin","coinLabel","freeLabel","nodeLock","prepsSpriteFrame","nodeNormal","nodeFree","lbFreeCost"],3,1,1,1,1,1,1,3,1,1,1],["cc.Button",["zoomScale","node","clickEvents","_N$normalColor","_N$pressedColor","_N$disabledColor","_N$target","_N$normalSprite","_N$pressedSprite","_N$hoverSprite","_N$disabledSprite"],2,1,9,5,5,5,1,6,6,6,6],["cc.ClickEvent",["_componentId","handler","target"],1,1],["cc.BlockInputEvents",["node"],3,1],["cc.Label",["_string","_fontSize","_lineHeight","_N$horizontalAlign","_N$verticalAlign","node","_materials"],-2,1,3]],[[4,0,1,2],[3,0,2,3,4,2],[10,0,1,2,3,4,5,6,6],[1,0,7,8,3,4,5,6,2],[1,0,7,3,4,5,6,2],[3,2,3,4,1],[1,0,1,7,8,3,4,5,6,3],[2,0,3,4,5,6,8,7,2],[5,0,2],[1,0,8,3,4,5,6,2],[1,0,7,3,4,9,5,6,2],[1,0,2,7,3,4,9,5,6,3],[2,0,1,3,4,5,6,7,3],[2,0,2,3,4,5,6,3],[6,0,1,2,3,4,5,6,7,8,9,1],[4,1,1],[3,1,2,3,2],[7,0,1,2,3,4,5,6,7,8,9,10,2],[8,0,1,2,3],[9,0,1]],[[[{"name":"hd_icon_2","rect":[3,661,97,103],"offset":[-0.5,0.5],"originalSize":[98,104],"rotated":1,"capInsets":[0,0,0,0]}],[0],0,[0],[0],[1]],[[{"name":"hd_icon_6","rect":[3,3,121,106],"offset":[-0.5,0],"originalSize":[122,106],"capInsets":[0,0,0,0]}],[0],0,[0],[0],[1]],[[{"name":"hd_icon_8","rect":[3,348,98,112],"offset":[-1,0],"originalSize":[100,112],"rotated":1,"capInsets":[0,0,0,0]}],[0],0,[0],[0],[1]],[[{"name":"btn_small_zong","rect":[3,3,83,32],"offset":[0,0],"originalSize":[83,32],"capInsets":[0,0,0,0]}],[0],0,[0],[0],[2]],[[{"name":"hd_icon_3","rect":[3,115,117,87],"offset":[-0.5,0.5],"originalSize":[118,88],"capInsets":[0,0,0,0]}],[0],0,[0],[0],[1]],[[{"name":"hd_icon_4","rect":[3,764,90,102],"offset":[0,0],"originalSize":[90,102],"rotated":1,"capInsets":[0,0,0,0]}],[0],0,[0],[0],[1]],[[[8,"mahjongPrepsItem"],[9,"mahjongPrepsItem",[-11,-12,-13,-14],[[14,-10,-9,-8,-7,-6,-5,[23,24,25,26,27,28,29,30],-4,-3,-2]],[15,-1],[5,100,110],[-202,0,0,0,0,0,1,1,1,1]],[3,"coinSprite",1,[-16,-17,-18],[[1,2,-15,[9],10]],[0,"0bhdJbW99DebC712ZJzk40",1],[5,83,32],[0.89,-27.152,0,0,0,0,1,1,1,1]],[6,"coinSpriteFree",false,1,[-20,-21,-22],[[1,2,-19,[17],18]],[0,"a5DTQMdPpMMajeq84Ca+Pv",1],[5,83,48],[0.89,-34.327,0,0,0,0,1,1,1,1]],[3,"propButton",1,[-26],[[17,0.9,-25,[[18,"967c9HzCpBMLKbaXEZWVUfh","prepsClicked",1]],[4,4293322470],[4,4291348680],[4,3363338360],-24,1,2,3,4]],[0,"32R7s4O95IOaZQOKdb3GGY",-23],[5,103,103],[0,22.554,0,0,0,0,1,0.7,0.7,1]],[6,"nodeLock",false,1,[-28,-29],[[19,-27]],[0,"82ZoRQWKpBab8YZHlBErDz",1],[5,100,110],[0,5,0,0,0,0,1,1,1,1]],[12,"Background",512,4,[-30],[0,"df2L2ET/BG7KTot9h5ZcaF",4],[5,103,103],[0,0,0,0,0,0,1,1,1,0]],[4,"Gold",2,[[5,-31,[6],7]],[0,"7ecJwOD1xOxoZCAJKxJyBx",1],[5,45,43],[-21.493,-1.881,0,0,0,0,1,0.5,0.5,1]],[3,"Gold",3,[-33],[[5,-32,[12],13]],[0,"3ei45q9z9HsaeQweoZIU9f",1],[5,45,43],[-21.493,7.821,0,0,0,0,1,0.5,0.5,1]],[16,1,6,[0]],[13,"freeLabel",false,2,[-34],[0,"dfxPLSD1NJfb4BEIhXTVVL",1],[5,36,25.2]],[2,"免費",18,20,1,1,10,[5]],[7,"coinLabel",2,[-35],[0,"bewfsJ0F1AdKfFYJSH0gkQ",1],[5,30.03,25.2],[0,0,0.5],[-9.867,0.001,0,0,0,0,1,1,1,1]],[2,"200",18,20,1,1,12,[8]],[7,"lbFree",8,[-36],[0,"c7ykBsestLX7m4j6UksWJW",1],[5,27,25.2],[0,0,0.5],[23.252,3.764,0,0,0,0,1,2,2,2]],[2,"200",18,20,1,1,14,[11]],[10,"freeLabel",3,[[2,"免費",15,15,1,1,-37,[14]]],[0,"ffx3HWrftK+ZAIRpy44JXB",1],[4,4278255615],[5,30,18.9],[0,-7.645,0,0,0,0,1,1,1,1]],[4,"spLine",3,[[1,0,-38,[15],16]],[0,"69uM7dWAxIfZQ1LtFNWS64",1],[5,60,3],[4.007,9.321,0,0,0,0,1,0.5,0.5,0.5]],[11,"mask",80,5,[[1,0,-39,[19],20]],[0,"63zqcrBgdPWZIaCnAAptzO",1],[4,4278190080],[5,100,122],[0,-5,0,0,0,0,1,1,1,1]],[4,"icon_suo",5,[[5,-40,[21],22]],[0,"37cYmIuqZAIbxqc2x/jG3n",1],[5,47,55],[0,8,0,0,0,0,1,1,1,1]]],0,[0,3,1,0,4,15,0,5,3,0,6,2,0,7,5,0,8,11,0,9,13,0,10,7,0,11,9,0,1,1,0,-1,4,0,-2,2,0,-3,3,0,-4,5,0,1,2,0,-1,10,0,-2,7,0,-3,12,0,1,3,0,-1,8,0,-2,16,0,-3,17,0,3,4,0,12,6,0,1,4,0,-1,6,0,1,5,0,-1,18,0,-2,19,0,-1,9,0,1,7,0,1,8,0,-1,14,0,-1,11,0,-1,13,0,-1,15,0,1,16,0,1,17,0,1,18,0,1,19,0,13,1,40],[0,0,0,0,0,0,0,0,0,0,0,0,0,0,0,0,0,0,0,0,0,0,0,0,0,0,0,0,0,0,0,9],[-1,14,15,16,17,-1,-1,2,-1,-1,2,-1,-1,2,-1,-1,2,-1,2,-1,2,-1,2,-1,-2,-3,-4,-5,-6,-7,-8,2],[0,3,7,3,8,0,0,4,0,0,9,0,0,4,0,0,5,0,10,0,5,0,11,6,12,13,14,15,16,17,18,6]],[[{"name":"icon_suo","rect":[624,631,47,55],"offset":[0,0],"originalSize":[47,55],"rotated":1,"capInsets":[0,0,0,0]}],[0],0,[0],[0],[19]],[[{"name":"hd_icon_1","rect":[3,552,103,103],"offset":[-0.5,0.5],"originalSize":[104,104],"capInsets":[0,0,0,0]}],[0],0,[0],[0],[1]],[[{"name":"hd_icon_5","rect":[3,452,94,111],"offset":[0,0.5],"originalSize":[94,112],"rotated":1,"capInsets":[0,0,0,0]}],[0],0,[0],[0],[1]],[[{"name":"hd_icon_7","rect":[3,208,115,134],"offset":[-0.5,0],"originalSize":[116,134],"capInsets":[0,0,0,0]}],[0],0,[0],[0],[1]],[[{"name":"btn_small_zong1","rect":[265,3,83,48],"offset":[0,0],"originalSize":[83,48],"capInsets":[0,0,0,0]}],[0],0,[0],[0],[2]]]]