{"importBase":"import","nativeBase":"native","name":"bacPusherTBundle","deps":["main","resources"],"uuids":["08us/jf2hOU72b6MwStya/","0fx/3E4ntFTI6c8LdQ9Efx","5curayVuxFb6SzKKoEnQ3/","5eCBdIyUpDcJz3svbrtTuI","62klB70/1NnJ/d2oodSjzT","75x+1SBQdF2KHQhOyzwSJp","77rXNItzdCO7xTzfMIREyj","7bbXckTGhBWYwmKgXs9Ja6","7cpi8/mn5K76gzBgHfbBfM","83SifE2OhEibmM9+R/O5a1","878QxQQphNk6cn6FZO6OT2","9e6VhGDLtCjaccNV3YDiF9","a5979NIv9BX79BmuHiB0WV","aaNJjuRqVFrL6/AJ3SyVDH","ab+gFJQldAHL1kzpZmsJz1","b7sVhyiqdKDr1O3syD1aLi","b99E6+PvZII4C6LjWCb3AS","c6rufUYPxPsJa5uxEFSrs5","cbIoup4YBNkaLNSolfZIn8","e8vPFC4zRLMqKwpHBJJanY","efcSFnTTtGHL5Fpxc3v748","feiXYrh5ZA7aCM+4roFnAI","01Jxfo4wRCSrKyk9IoyU+i","02E8gutvJALbJYvYLpjL33","02kkBvMs5N7KE0jsPKB6BO","020gHFCKdBM6jU7J0TpLRB","03aRBLKilDQZf1qZCvL6IE","03l0HrdRxMTbEcUr7BMDO7","0425PhImJArpbKLiabiTmF","05FvcGNTdGQ4DYXpJB3/mG","08t95af4ZA2YFK4UGYdLrX","08us/jf2hOU72b6MwStya/@6c48a","08us/jf2hOU72b6MwStya/@f9941","09Hi/e0ZNLYqwkF4amjkzb","0brOF/2ClHtaxNil/etn4Q","0fx/3E4ntFTI6c8LdQ9Efx@6c48a","0fx/3E4ntFTI6c8LdQ9Efx@f9941","10FyAIawFGcYyOCxtXXZqX","10nkgK8W1KQbMd/PkBAEft","10xnJmL5FMVIOvso5/drZW","106RmgYz1PDL6QwSfhoHDs","11zoVtRmpIw7hW+WSQgFfb","12KDX0CQVLfaiM1Mn+XSYE","13ykflF29KwIUhhMCA5Ega","14nLalIPNOB73wBjPFbx3g","17706fd10","19qDD2uk1Hv4fnrDscDMEB","1chMF9cjFBEqDBI6tOuM17","1e1e315fb","1fpZc+doFBgJrg3jRtqXkb","20AsYH2lpDnpudT2uHuJr0","20g8DSkb9F9a/2WwWKby3I","209sg8RU9DDqFOdOL9ByIz","23yEalyuVO4Z/B1OgMVGKz","24QxLqQRxN45qGqS3aZdWa","24odHCfK5IkorCOCZMcFSA","28R7TECSlFrowTxwrNqcpV","28zh2tbaxECZRZTjlAd/Pn","2a9RnmumtH1oZVQJzprKR8","2dreVSWhNERr0OePeKTn46","2d0otSAAhJtqoWvn5Q++gr","2erGA6KzJNabWK94nVmKeS","31XEVCFCVIVLRuoc7buOt7","31oJhFqC1IWbfkkYpxQjb6","32MSWOFOpJV4hPKsv1Uy/S","33Q0kYFcZAj4M725kePduf","33Q/xC24dMxokVtQa5TRjk","339XHwAp1My4t9ETPNyAkD","35yLWDApNOHaXyxbVzPem/","36WaK5SMVLoJu9kW2Sef4Q","37XIBsvpVCRp6lqzAJEgId","37kIyp6O5PobYAAwhzmEH0","38IXkC/4xGArxTPHs4x5Wh","39/ekt9XBOK6LUa9dY3ZHZ","3aMhhvOVJPZpXtJ+aloNy+","3c0qJBtElDX6XTqyrwoEzQ","3c6VsfalJLfKp1GNReqln6","41Ad+BmbpBnIBoG0nmYiMa","41UcqJvtFJQ4FrBT4ARhNU","43fLIOV2pKPKo755Rmf9A3","44x+IzsAFDvZxZ8RULqCCw","45t13wflpBCLtrGD7ucc27","460YvnTplPX60b0rX1+Yrg","46/DqyOlJMKqYfiumDzX2D","47zrFDEORH25eRd8NiIBT1","48sGjaaupGRrS2qoypclDZ","49DfMBAgBOSIQn9DMerM93","4ctarzMntJKbtB2DaM/xio","51aKviL5ZM/rk72UjRdsYk","59k2gDmW5Lp4fTh484CcEz","5azX0ZC5dG5YC/DQn49CDS","5bv2sml19FF5hSyKgxq2/B","5cW65jXGRMCKK8iyWtPM2f","5curayVuxFb6SzKKoEnQ3/@6c48a","5curayVuxFb6SzKKoEnQ3/@f9941","5eCBdIyUpDcJz3svbrtTuI@6c48a","5eCBdIyUpDcJz3svbrtTuI@f9941","60iBQkxyNKbpqGME9ck7+Z","62KpCKOn9EcZ8L4op2Gixz","62klB70/1NnJ/d2oodSjzT@6c48a","62klB70/1NnJ/d2oodSjzT@f9941","65Lki1xK1L4bfzX152+sii","67YewG9S1Ls7/F2knnHgX+","67pKv4DlhPXLDK0suB3UYP","68KiXUUMhKHYXAziVEqBvS","6es+2ReXlEKJ+sVzes73ox","6faVLl8WVHhJECwJVQAJwN","6fevJMZs9N8qx8DkIsA/I5","6fqoIGdzZNrZcjglG2auP1","6f0huxu1ZNtrsJGsEPblWV","713MDsuhVPiaRal9aCSDRQ","73kWikp3NMYpLKKm9DXk5t","74riQP1O9PX4fQPDrBRz97","75NBmTX/JO9oJYXKkSF18K","75x+1SBQdF2KHQhOyzwSJp@6c48a","75x+1SBQdF2KHQhOyzwSJp@f9941","77rXNItzdCO7xTzfMIREyj@6c48a","77rXNItzdCO7xTzfMIREyj@f9941","79I20Ox45FcodtFrHKBHBM","79503ADb9O+oqVTL0otExM","7bC/j/1UNFG5q/XVywVeCh","7bIdNd9zlOcITv6nRengYo","7bbXckTGhBWYwmKgXs9Ja6@6c48a","7bbXckTGhBWYwmKgXs9Ja6@f9941","7cpi8/mn5K76gzBgHfbBfM@6c48a","7cpi8/mn5K76gzBgHfbBfM@f9941","7fQ0Wqb/tKxbkuc1o30cej","822fg5XpBPuZ3fgQ3dVeOj","83CPeamIVL1Ys3R6qpM9sR","83SifE2OhEibmM9+R/O5a1@6c48a","83SifE2OhEibmM9+R/O5a1@f9941","84FObBFxlDIK2/KqLmHZn5","86LOCjLJxFkr7qX2gxF/9p","87lUUJZ3xMHpZskn/18r0b","89Wqux7l9M/7PokgavQWTl","8apQTOle5LcJVIlJMPE5XQ","8cGORCCLFBD4yCQhcCXf3e","8cyqK/+SBHa4sakbnUaXfd","8fR5pc/95Amr78H0rsZrLG","90Fmt0+K5LL4o0OtHEa7dW","928Nll3d1C0IxwFrUuR31M","93EqSj1UBEf4Zs9kqSlH6a","94FSNmC+JCvalnQx2/Tmqv","94kGuGpxZDZ4cSTQ3LgVn3","94t30MJhFKL7Njf46TSUOT","9dz0vvP9VJ3qdoXvtGJXkT","9e6VhGDLtCjaccNV3YDiF9@6c48a","9e6VhGDLtCjaccNV3YDiF9@f9941","9fMCtKeAdKl4NoAhbMeCtT","a1jdSkC31BuZIIvG8+YZ0Z","a13QYCnW9MxYUBhILj56RO","a5BV8RkgRHS4wfR22ZUoxb","a5CWOn0opM74izQpkn+Gh1","a5979NIv9BX79BmuHiB0WV@6c48a","a5979NIv9BX79BmuHiB0WV@f9941","a76QxmXG9G34q4yJXu9VwE","a76+KawstF/5PF1KXX8gy7","a8pG155iFMXrXDguGrU6In","a8q7ndzulOJbl353u9frBF","aaIPIW975Mv6QOkMabaumf","aaNJjuRqVFrL6/AJ3SyVDH@6c48a","aaNJjuRqVFrL6/AJ3SyVDH@f9941","aa1/wv2X1GJqpAyYJzHgBk","ab+gFJQldAHL1kzpZmsJz1@6c48a","ab+gFJQldAHL1kzpZmsJz1@f9941","b0GLkiQdVO84NbiRH6V3Gq","b1q9VCGxZCvpYS5Kkv0mrN","b19jka+7FO+J3whRYYxmku","b2cDYSX9FO7ZMn3c/050Ao","b2jA19ZjVFY5BQocFlL7Ix","b3mb1mGL9Nq5hbGAXZCEld","b6FbiJl4RBBYGdfqzD4kSR","b7pE9Ynd1K67xCWggfk8um","b7sVhyiqdKDr1O3syD1aLi@6c48a","b7sVhyiqdKDr1O3syD1aLi@f9941","b7tEaMMt9KaKhC3gp+oF4b","b9FROJUZFFQrDb5dN/JKds","b99E6+PvZII4C6LjWCb3AS@6c48a","b99E6+PvZII4C6LjWCb3AS@f9941","bbEfgLuERLKbz+hDuazczG","bfMOp2PWdGAo8cEhnE/OOp","bf00/YKQ5Ht4nLDd/0zq2Z","c0HWL3lJZBS4gRex8EtRQ0","c0MKfQQTRLzLFQcBSO9jCJ","c1EU4AJddDeLNLIypgqAQz","c2JEFWPdNNe7/v7JGE3x1t","c3uPNgunJCsqQzNoUD+0f5","c3yNX2ZTJATo/X2+PgafQV","c37kFUPQ9Bh7jn+nVnxihS","c4QOCIgP1Ir6F4xijRX//d","c48jbkAJhFrYvuLRLJvo4A","c6rufUYPxPsJa5uxEFSrs5@6c48a","c6rufUYPxPsJa5uxEFSrs5@f9941","c7bbZPS+tM9JrWFsjWXnC5","c7jN8mtYdDyJ1962a1BGz0","caHCvFKPNEGpaE5iOheRRZ","cbb/xPHTdP/KFy34YT0JDq","cbxW4bDWFITIR2Lr1TlqKN","cfrl0fictCuLpeBGFATaHy","d3/pXJj/9Goq/5eavfSJ9h","d58I5kyJNHCpQqJDywRlE3","d6Fm2XDHVK45d2a1Pdj76W","d87ZjnutRCb5QOEHIqtYU5","dau35XRcFBPYQn1Mw/jm/U","dcc1gWlXlNjaH9wiIbHn43","dcdllgohpGUKuE4CsaNZ9C","dcdqMrq3dBaLDuIyvS33g5","dco0Ym3m9JlpEE6JaMk3px","de4t2fjdZHnptb3mt8iShn","dfg2KQtExB3Ki9OGZT7L2J","e0t2Jb2M5MmI3IFbbh12vO","e4AHZDTOhDhISMc8xv7XUY","e78lu3ezxDKoro8L97gGFe","e8vPFC4zRLMqKwpHBJJanY@6c48a","e8vPFC4zRLMqKwpHBJJanY@f9941","e85n2aydpHzJifKYkpcp5O","e9lc9EuuNH1Z8nCDgDeSoF","ebUp7hkKtLX5XlI0QHPPHs","ecexRSviNAVY/v4A/DPSse","ec5Bt7erhCP73pToGVKx5M","efcSFnTTtGHL5Fpxc3v748@6c48a","efcSFnTTtGHL5Fpxc3v748@f9941","f4DkqsPPpPsoINz/3Yhvlr","f5UL4M2I5OureRqAaimftY","f7kFcPevRAJZbs2B9lyK5G","faxfdBQ7pGbZ2O0ptyZAMe","fcRAii+l5JV6k2CeV4b+e6","fdpcuEaexF7ouacJSi4kDi","feiXYrh5ZA7aCM+4roFnAI@6c48a","feiXYrh5ZA7aCM+4roFnAI@f9941","ffbD1HaWFF3IUx4Fy7yKHx","ffuIqPr2JI9I8dPLYGRDpD","01Jxfo4wRCSrKyk9IoyU+i@6c48a","01Jxfo4wRCSrKyk9IoyU+i@f9941","01ePBeg71Hy4YClDsHC0Jp@f9941","02E8gutvJALbJYvYLpjL33@6c48a","02E8gutvJALbJYvYLpjL33@f9941","027a78870","02kkBvMs5N7KE0jsPKB6BO@6c48a","02kkBvMs5N7KE0jsPKB6BO@f9941","020gHFCKdBM6jU7J0TpLRB@6c48a","020gHFCKdBM6jU7J0TpLRB@f9941","027OFhmglBoIv7w+jzf2Zc","03aRBLKilDQZf1qZCvL6IE@6c48a","03aRBLKilDQZf1qZCvL6IE@f9941","03l0HrdRxMTbEcUr7BMDO7@6c48a","03l0HrdRxMTbEcUr7BMDO7@f9941","03d1a52b6","0425PhImJArpbKLiabiTmF@6c48a","0425PhImJArpbKLiabiTmF@f9941","05FvcGNTdGQ4DYXpJB3/mG@6c48a","05FvcGNTdGQ4DYXpJB3/mG@f9941","05dfa0994","06xhqwFgtJAYnsBhyhUoug@f9941","0793ffdce","08t95af4ZA2YFK4UGYdLrX@6c48a","08t95af4ZA2YFK4UGYdLrX@f9941","08caa59b5","09Hi/e0ZNLYqwkF4amjkzb@6c48a","09Hi/e0ZNLYqwkF4amjkzb@f9941","0aEywwGXNC8ZHFZ6NDcmtq@f9941","0a4e49406","0aed37080","0brOF/2ClHtaxNil/etn4Q@6c48a","0brOF/2ClHtaxNil/etn4Q@f9941","0b0xjPWlFAVq0VmFJ5unMQ@f9941","0cKx9+g+VOCZrxoiqT8ZuW","0cdcd6f61","0d3b46e8b","0e50a439a","0ff4edcba","10FyAIawFGcYyOCxtXXZqX@6c48a","10FyAIawFGcYyOCxtXXZqX@f9941","10nkgK8W1KQbMd/PkBAEft@6c48a","10nkgK8W1KQbMd/PkBAEft@f9941","10xnJmL5FMVIOvso5/drZW@6c48a","10xnJmL5FMVIOvso5/drZW@f9941","106RmgYz1PDL6QwSfhoHDs@6c48a","106RmgYz1PDL6QwSfhoHDs@f9941","11Ah31BnlL3aZZFo8vxwA/@f9941","11zoVtRmpIw7hW+WSQgFfb@6c48a","11zoVtRmpIw7hW+WSQgFfb@f9941","12KDX0CQVLfaiM1Mn+XSYE@6c48a","12KDX0CQVLfaiM1Mn+XSYE@f9941","13ykflF29KwIUhhMCA5Ega@6c48a","13ykflF29KwIUhhMCA5Ega@f9941","14nLalIPNOB73wBjPFbx3g@6c48a","14nLalIPNOB73wBjPFbx3g@f9941","16cqyrtcdDFJtCg94+muIV@f9941","16qv4jj+lETaCQhE7hqgIa","17706fd10@6c48a","19hfA7J1JHvLbgzM0Z0Bb8@f9941","19qDD2uk1Hv4fnrDscDMEB@6c48a","19qDD2uk1Hv4fnrDscDMEB@f9941","1a800Gf1tNVppDcIIE2Nt3@f9941","1b3sDuiKRDRpF0pmLsYaR+@f9941","1chMF9cjFBEqDBI6tOuM17@6c48a","1chMF9cjFBEqDBI6tOuM17@f9941","1dgcNa5bBAdpuW+b9QYn9E@f9941","1e1e315fb@6c48a","1fpZc+doFBgJrg3jRtqXkb@6c48a","1fpZc+doFBgJrg3jRtqXkb@f9941","20AsYH2lpDnpudT2uHuJr0@6c48a","20AsYH2lpDnpudT2uHuJr0@f9941","20YzUl2n9NQ4Wdt4CJXLM7@f9941","20g1ukYUVPvKWKBRznAKo+@f9941","20g8DSkb9F9a/2WwWKby3I@6c48a","20g8DSkb9F9a/2WwWKby3I@f9941","209sg8RU9DDqFOdOL9ByIz@6c48a","209sg8RU9DDqFOdOL9ByIz@f9941","23yEalyuVO4Z/B1OgMVGKz@6c48a","23yEalyuVO4Z/B1OgMVGKz@f9941","24QxLqQRxN45qGqS3aZdWa@6c48a","24QxLqQRxN45qGqS3aZdWa@f9941","24odHCfK5IkorCOCZMcFSA@6c48a","24odHCfK5IkorCOCZMcFSA@f9941","259WfOS7tHl57GqCSPBjcK@f9941","28R7TECSlFrowTxwrNqcpV@6c48a","28R7TECSlFrowTxwrNqcpV@f9941","28zh2tbaxECZRZTjlAd/Pn@6c48a","28zh2tbaxECZRZTjlAd/Pn@f9941","2a9RnmumtH1oZVQJzprKR8@6c48a","2a9RnmumtH1oZVQJzprKR8@f9941","2dreVSWhNERr0OePeKTn46@6c48a","2dreVSWhNERr0OePeKTn46@f9941","2d0otSAAhJtqoWvn5Q++gr@6c48a","2d0otSAAhJtqoWvn5Q++gr@f9941","2erGA6KzJNabWK94nVmKeS@6c48a","2erGA6KzJNabWK94nVmKeS@f9941","2fK+8arSVMMpMIMU7v6kVt@f9941","31XEVCFCVIVLRuoc7buOt7@6c48a","31XEVCFCVIVLRuoc7buOt7@f9941","31oJhFqC1IWbfkkYpxQjb6@6c48a","31oJhFqC1IWbfkkYpxQjb6@f9941","32MSWOFOpJV4hPKsv1Uy/S@6c48a","32MSWOFOpJV4hPKsv1Uy/S@f9941","33Q0kYFcZAj4M725kePduf@6c48a","33Q0kYFcZAj4M725kePduf@f9941","33Q/xC24dMxokVtQa5TRjk@6c48a","33Q/xC24dMxokVtQa5TRjk@f9941","339XHwAp1My4t9ETPNyAkD@6c48a","339XHwAp1My4t9ETPNyAkD@f9941","35yLWDApNOHaXyxbVzPem/@6c48a","35yLWDApNOHaXyxbVzPem/@f9941","36WaK5SMVLoJu9kW2Sef4Q@6c48a","36WaK5SMVLoJu9kW2Sef4Q@f9941","37XIBsvpVCRp6lqzAJEgId@6c48a","37XIBsvpVCRp6lqzAJEgId@f9941","37kIyp6O5PobYAAwhzmEH0@6c48a","37kIyp6O5PobYAAwhzmEH0@f9941","38IXkC/4xGArxTPHs4x5Wh@6c48a","38IXkC/4xGArxTPHs4x5Wh@f9941","38asI6nnRDlbMSeGbjlNe6@f9941","393CdjrXdE/ajrCX8tNcJU@f9941","39/ekt9XBOK6LUa9dY3ZHZ@6c48a","39/ekt9XBOK6LUa9dY3ZHZ@f9941","3aMhhvOVJPZpXtJ+aloNy+@6c48a","3aMhhvOVJPZpXtJ+aloNy+@f9941","3c0qJBtElDX6XTqyrwoEzQ@6c48a","3c0qJBtElDX6XTqyrwoEzQ@f9941","3c6VsfalJLfKp1GNReqln6@6c48a","3c6VsfalJLfKp1GNReqln6@f9941","3dOqHpOcJNb48lP/aVL2hx","41Ad+BmbpBnIBoG0nmYiMa@6c48a","41Ad+BmbpBnIBoG0nmYiMa@f9941","41UcqJvtFJQ4FrBT4ARhNU@6c48a","41UcqJvtFJQ4FrBT4ARhNU@f9941","41gNWCigdA3oaUpSnEuDNE","43fLIOV2pKPKo755Rmf9A3@6c48a","43fLIOV2pKPKo755Rmf9A3@f9941","44x+IzsAFDvZxZ8RULqCCw@6c48a","44x+IzsAFDvZxZ8RULqCCw@f9941","45t13wflpBCLtrGD7ucc27@6c48a","45t13wflpBCLtrGD7ucc27@f9941","460YvnTplPX60b0rX1+Yrg@6c48a","460YvnTplPX60b0rX1+Yrg@f9941","46/DqyOlJMKqYfiumDzX2D@6c48a","46/DqyOlJMKqYfiumDzX2D@f9941","47a6LCXmNH6Zt4bOUlZIJx@f9941","47zrFDEORH25eRd8NiIBT1@6c48a","47zrFDEORH25eRd8NiIBT1@f9941","48sGjaaupGRrS2qoypclDZ@6c48a","48sGjaaupGRrS2qoypclDZ@f9941","49DfMBAgBOSIQn9DMerM93@6c48a","49DfMBAgBOSIQn9DMerM93@f9941","49pGfVVspBiZUB4fjdoYLR@f9941","4ctarzMntJKbtB2DaM/xio@6c48a","4ctarzMntJKbtB2DaM/xio@f9941","4fBonA28lHZL9Aw/DTt/46@f9941","4f1pZvYYJJXp5baxuRgn/Y@f9941","51aKviL5ZM/rk72UjRdsYk@6c48a","51aKviL5ZM/rk72UjRdsYk@f9941","54TknWPwVPqJqeCR+Y/Czo@f9941","55+jZHA31BwKl+ljQ2ggxe@f9941","59k2gDmW5Lp4fTh484CcEz@6c48a","59k2gDmW5Lp4fTh484CcEz@f9941","5azX0ZC5dG5YC/DQn49CDS@6c48a","5azX0ZC5dG5YC/DQn49CDS@f9941","5bv2sml19FF5hSyKgxq2/B@6c48a","5bv2sml19FF5hSyKgxq2/B@f9941","5cW65jXGRMCKK8iyWtPM2f@6c48a","5cW65jXGRMCKK8iyWtPM2f@f9941","5dvk/kGa5IwZWbSv6zrf3E","5engCTpAZDWpvdXibJSl3v","60iBQkxyNKbpqGME9ck7+Z@6c48a","60iBQkxyNKbpqGME9ck7+Z@f9941","62KpCKOn9EcZ8L4op2Gixz@6c48a","62KpCKOn9EcZ8L4op2Gixz@f9941","65Lki1xK1L4bfzX152+sii@6c48a","65Lki1xK1L4bfzX152+sii@f9941","67YewG9S1Ls7/F2knnHgX+@6c48a","67YewG9S1Ls7/F2knnHgX+@f9941","67pKv4DlhPXLDK0suB3UYP@6c48a","67pKv4DlhPXLDK0suB3UYP@f9941","68KiXUUMhKHYXAziVEqBvS@6c48a","68KiXUUMhKHYXAziVEqBvS@f9941","6ad4g5eCxCZqJQiLy2fOq9@f9941","6by57tF8VK2rGvUOUn0Lxa@f9941","6colKdavNCCLZZpblYtnz8@f9941","6es+2ReXlEKJ+sVzes73ox@6c48a","6es+2ReXlEKJ+sVzes73ox@f9941","6faVLl8WVHhJECwJVQAJwN@6c48a","6faVLl8WVHhJECwJVQAJwN@f9941","6fevJMZs9N8qx8DkIsA/I5@6c48a","6fevJMZs9N8qx8DkIsA/I5@f9941","6fqoIGdzZNrZcjglG2auP1@6c48a","6fqoIGdzZNrZcjglG2auP1@f9941","6f0huxu1ZNtrsJGsEPblWV@6c48a","6f0huxu1ZNtrsJGsEPblWV@f9941","70bP4soLNKFZWTzSBParwY@f9941","71XiMJfmpInqOg1iYGfM+u@f9941","713MDsuhVPiaRal9aCSDRQ@6c48a","713MDsuhVPiaRal9aCSDRQ@f9941","72e/E8okxHl5slP2e7PLO3@f9941","73kWikp3NMYpLKKm9DXk5t@6c48a","73kWikp3NMYpLKKm9DXk5t@f9941","74riQP1O9PX4fQPDrBRz97@6c48a","74riQP1O9PX4fQPDrBRz97@f9941","74zMsjX3lGj62UKWw3LjuT@f9941","75NBmTX/JO9oJYXKkSF18K@6c48a","75NBmTX/JO9oJYXKkSF18K@f9941","75TWwsrNdHQ4hRT6LEN0re@f9941","75roTOulhB67TwHKV5E9d0@f9941","79I20Ox45FcodtFrHKBHBM@6c48a","79I20Ox45FcodtFrHKBHBM@f9941","79503ADb9O+oqVTL0otExM@6c48a","79503ADb9O+oqVTL0otExM@f9941","7aYppUCYpEuJ7uKI7ErZ6a@f9941","7bC/j/1UNFG5q/XVywVeCh@6c48a","7bC/j/1UNFG5q/XVywVeCh@f9941","7bIdNd9zlOcITv6nRengYo@6c48a","7bIdNd9zlOcITv6nRengYo@f9941","7bL0BEfR1DW7oCPjDD3XmS@f9941","7dIdxIi8pNd5P1oFYDyofS@f9941","7dj5uJT9FMn6OrOOx83tfK@f9941","7eK4vv8w5A+YMANtorGQxs","7fQ0Wqb/tKxbkuc1o30cej@6c48a","7fQ0Wqb/tKxbkuc1o30cej@f9941","7fUD8F/v9IAb7boNV8eccv@f9941","81GHAJmdxJhbiPHUO367vz@f9941","822fg5XpBPuZ3fgQ3dVeOj@6c48a","822fg5XpBPuZ3fgQ3dVeOj@f9941","8278wBbDRGjIInMMQlPnUU@f9941","83CPeamIVL1Ys3R6qpM9sR@6c48a","83CPeamIVL1Ys3R6qpM9sR@f9941","84FObBFxlDIK2/KqLmHZn5@6c48a","84FObBFxlDIK2/KqLmHZn5@f9941","86LOCjLJxFkr7qX2gxF/9p@6c48a","86LOCjLJxFkr7qX2gxF/9p@f9941","87R9FFLRxB4YMN+Wg+oQrX","87lUUJZ3xMHpZskn/18r0b@6c48a","87lUUJZ3xMHpZskn/18r0b@f9941","89OqtuCL5PQoj9JFfWXrcR@f9941","89Wqux7l9M/7PokgavQWTl@6c48a","89Wqux7l9M/7PokgavQWTl@f9941","8apQTOle5LcJVIlJMPE5XQ@6c48a","8apQTOle5LcJVIlJMPE5XQ@f9941","8cGORCCLFBD4yCQhcCXf3e@6c48a","8cGORCCLFBD4yCQhcCXf3e@f9941","8clRQnfNNHCJLZPDZ6e7r8","8cyqK/+SBHa4sakbnUaXfd@6c48a","8cyqK/+SBHa4sakbnUaXfd@f9941","8dcHjukiRMl4pSXcXGiGu5@f9941","8fR5pc/95Amr78H0rsZrLG@6c48a","8fR5pc/95Amr78H0rsZrLG@f9941","8fhQlcCK5DjIwRCEhDG8om@f9941","90Fmt0+K5LL4o0OtHEa7dW@6c48a","90Fmt0+K5LL4o0OtHEa7dW@f9941","91z1TEQoJEiLV52xXfIiTh@f9941","928Nll3d1C0IxwFrUuR31M@6c48a","928Nll3d1C0IxwFrUuR31M@f9941","94FSNmC+JCvalnQx2/Tmqv@6c48a","94FSNmC+JCvalnQx2/Tmqv@f9941","94kGuGpxZDZ4cSTQ3LgVn3@6c48a","94kGuGpxZDZ4cSTQ3LgVn3@f9941","94t30MJhFKL7Njf46TSUOT@6c48a","94t30MJhFKL7Njf46TSUOT@f9941","95EkngnxZFbYuFpsqVTaFr@f9941","96tNowfuJAQoUUDA29GTBb@f9941","986ebY8NdH2IipIMHMI8T+","99t+H++RVO3q+lpyS4t8x6","9cyKZfV5pLfoNzcb6Lluro","9dz0vvP9VJ3qdoXvtGJXkT@6c48a","9dz0vvP9VJ3qdoXvtGJXkT@f9941","9eX0CUPBpHipPSBwTcDij4@f9941","9fMCtKeAdKl4NoAhbMeCtT@6c48a","9fMCtKeAdKl4NoAhbMeCtT@f9941","a1jdSkC31BuZIIvG8+YZ0Z@6c48a","a1jdSkC31BuZIIvG8+YZ0Z@f9941","a13QYCnW9MxYUBhILj56RO@6c48a","a13QYCnW9MxYUBhILj56RO@f9941","a5BV8RkgRHS4wfR22ZUoxb@6c48a","a5BV8RkgRHS4wfR22ZUoxb@f9941","a5CWOn0opM74izQpkn+Gh1@6c48a","a5CWOn0opM74izQpkn+Gh1@f9941","a76QxmXG9G34q4yJXu9VwE@6c48a","a76QxmXG9G34q4yJXu9VwE@f9941","a76+KawstF/5PF1KXX8gy7@6c48a","a76+KawstF/5PF1KXX8gy7@f9941","a8ZajNkxlLX5KcZjBjfhnf@f9941","a8pG155iFMXrXDguGrU6In@6c48a","a8pG155iFMXrXDguGrU6In@f9941","a8q7ndzulOJbl353u9frBF@6c48a","a8q7ndzulOJbl353u9frBF@f9941","a9vO2GBWpJgazbBPZiz4tE","aaIPIW975Mv6QOkMabaumf@6c48a","aaIPIW975Mv6QOkMabaumf@f9941","aa1/wv2X1GJqpAyYJzHgBk@6c48a","aa1/wv2X1GJqpAyYJzHgBk@f9941","aa5FcRzzpJ6YDXX6I8Qarm@f9941","aa9hMJytxJELgsdkrR+Ly1@f9941","aa+Xl4ZYlN656CxUK6ZLa3","adV/Mog+dHSrJq3SZ078NP@f9941","b0GLkiQdVO84NbiRH6V3Gq@6c48a","b0GLkiQdVO84NbiRH6V3Gq@f9941","b1q9VCGxZCvpYS5Kkv0mrN@6c48a","b1q9VCGxZCvpYS5Kkv0mrN@f9941","b19jka+7FO+J3whRYYxmku@6c48a","b19jka+7FO+J3whRYYxmku@f9941","b2cDYSX9FO7ZMn3c/050Ao@6c48a","b2cDYSX9FO7ZMn3c/050Ao@f9941","b2c0VohzhNI6S3R8n8WHml","b2hvSd+m5Jb5GjavS4tVFt","b2jA19ZjVFY5BQocFlL7Ix@6c48a","b2jA19ZjVFY5BQocFlL7Ix@f9941","b3mb1mGL9Nq5hbGAXZCEld@6c48a","b3mb1mGL9Nq5hbGAXZCEld@f9941","b6FbiJl4RBBYGdfqzD4kSR@6c48a","b6FbiJl4RBBYGdfqzD4kSR@f9941","b6LlTjsjhJLbZDc455t5TR@f9941","b7Y7TvJ1REJpT3ftlu7BSg@f9941","b7pE9Ynd1K67xCWggfk8um@6c48a","b7pE9Ynd1K67xCWggfk8um@f9941","b7tEaMMt9KaKhC3gp+oF4b@6c48a","b7tEaMMt9KaKhC3gp+oF4b@f9941","b9FROJUZFFQrDb5dN/JKds@6c48a","b9FROJUZFFQrDb5dN/JKds@f9941","bbEfgLuERLKbz+hDuazczG@6c48a","bbEfgLuERLKbz+hDuazczG@f9941","bcA5VLEb9K/YhymdsbRsTO@f9941","bfMOp2PWdGAo8cEhnE/OOp@6c48a","bfMOp2PWdGAo8cEhnE/OOp@f9941","bf00/YKQ5Ht4nLDd/0zq2Z@6c48a","bf00/YKQ5Ht4nLDd/0zq2Z@f9941","c0MKfQQTRLzLFQcBSO9jCJ@6c48a","c0MKfQQTRLzLFQcBSO9jCJ@f9941","c1EU4AJddDeLNLIypgqAQz@6c48a","c1EU4AJddDeLNLIypgqAQz@f9941","c10aQI9QVCrbx+7I3z1BSE@f9941","c2JEFWPdNNe7/v7JGE3x1t@6c48a","c2JEFWPdNNe7/v7JGE3x1t@f9941","c21N7sFFJLp51I9KKJOXrQ","c3uPNgunJCsqQzNoUD+0f5@6c48a","c3uPNgunJCsqQzNoUD+0f5@f9941","c3yNX2ZTJATo/X2+PgafQV@6c48a","c3yNX2ZTJATo/X2+PgafQV@f9941","c37kFUPQ9Bh7jn+nVnxihS@6c48a","c37kFUPQ9Bh7jn+nVnxihS@f9941","c4QOCIgP1Ir6F4xijRX//d@6c48a","c4QOCIgP1Ir6F4xijRX//d@f9941","c48jbkAJhFrYvuLRLJvo4A@6c48a","c48jbkAJhFrYvuLRLJvo4A@f9941","c6J/hD3+lPwI6Vjusykbay@f9941","c6LwSzBE9EWphfzwku4R27@f9941","c7bbZPS+tM9JrWFsjWXnC5@6c48a","c7bbZPS+tM9JrWFsjWXnC5@f9941","c7tF4hetRHc5wVk0W+vp8X@f9941","c8fENYK2dKBacq20vcQFOo@f9941","caHCvFKPNEGpaE5iOheRRZ@6c48a","caHCvFKPNEGpaE5iOheRRZ@f9941","cabwPMrelF2rdl7RnzNrpf","cbb/xPHTdP/KFy34YT0JDq@6c48a","cbb/xPHTdP/KFy34YT0JDq@f9941","cbxW4bDWFITIR2Lr1TlqKN@6c48a","cbxW4bDWFITIR2Lr1TlqKN@f9941","cb3HeT2c5HJZQzgeHu2tA1@f9941","cfrl0fictCuLpeBGFATaHy@6c48a","cfrl0fictCuLpeBGFATaHy@f9941","d2WlLv9oNJmqxbsV2VBJD8@f9941","d3/pXJj/9Goq/5eavfSJ9h@6c48a","d3/pXJj/9Goq/5eavfSJ9h@f9941","d5Pw1aiZpJs6ZIx6yWba/4@f9941","d58I5kyJNHCpQqJDywRlE3@6c48a","d58I5kyJNHCpQqJDywRlE3@f9941","d6Fm2XDHVK45d2a1Pdj76W@6c48a","d6Fm2XDHVK45d2a1Pdj76W@f9941","d6+YznK2xGB419rCrqJnZ+@f9941","d87ZjnutRCb5QOEHIqtYU5@6c48a","d87ZjnutRCb5QOEHIqtYU5@f9941","d8+MyVYs1BToc1aCbwxZwC@f9941","dau35XRcFBPYQn1Mw/jm/U@6c48a","dau35XRcFBPYQn1Mw/jm/U@f9941","dbptaQcXRPIbXC45Baip58","dcGiMk4yVG1Z17zPD37Ksk@f9941","dcc1gWlXlNjaH9wiIbHn43@6c48a","dcc1gWlXlNjaH9wiIbHn43@f9941","dcdllgohpGUKuE4CsaNZ9C@6c48a","dcdllgohpGUKuE4CsaNZ9C@f9941","dcdqMrq3dBaLDuIyvS33g5@6c48a","dcdqMrq3dBaLDuIyvS33g5@f9941","dco0Ym3m9JlpEE6JaMk3px@6c48a","dco0Ym3m9JlpEE6JaMk3px@f9941","ddOBDwKQ1MAojPCmtgXCnj@f9941","ddPt3CeHdDgKAxW2+pHu2Z","deaaM7WnNBtpuC3Xo8s1zF","det4+VA+pNnILw2KBto15G@f9941","de4t2fjdZHnptb3mt8iShn@6c48a","de4t2fjdZHnptb3mt8iShn@f9941","dfIR5itY9CHLBZnPWx47bp@f9941","dfg2KQtExB3Ki9OGZT7L2J@6c48a","dfg2KQtExB3Ki9OGZT7L2J@f9941","e0CofzVjRC/YB7cqyAJ2um@f9941","e0t2Jb2M5MmI3IFbbh12vO@6c48a","e0t2Jb2M5MmI3IFbbh12vO@f9941","e28RDkGfxIG4CKPAZgK1+K","e4AHZDTOhDhISMc8xv7XUY@6c48a","e4AHZDTOhDhISMc8xv7XUY@f9941","e7vlsR7oVOBo300IniKsoZ@f9941","e78lu3ezxDKoro8L97gGFe@6c48a","e78lu3ezxDKoro8L97gGFe@f9941","e85n2aydpHzJifKYkpcp5O@6c48a","e85n2aydpHzJifKYkpcp5O@f9941","e9lc9EuuNH1Z8nCDgDeSoF@6c48a","e9lc9EuuNH1Z8nCDgDeSoF@f9941","ea44LViGhBrJnQakqUInLP@f9941","ebUp7hkKtLX5XlI0QHPPHs@6c48a","ebUp7hkKtLX5XlI0QHPPHs@f9941","ecexRSviNAVY/v4A/DPSse@6c48a","ecexRSviNAVY/v4A/DPSse@f9941","ec5Bt7erhCP73pToGVKx5M@6c48a","ec5Bt7erhCP73pToGVKx5M@f9941","efGBqlUhVLcaJyGzgHDCvp@f9941","f2BvzbovtI0JJ6N8bVxfoM@f9941","f4DkqsPPpPsoINz/3Yhvlr@6c48a","f4DkqsPPpPsoINz/3Yhvlr@f9941","f5UL4M2I5OureRqAaimftY@6c48a","f5UL4M2I5OureRqAaimftY@f9941","f7J1uPEMlH45fJNvZJpprm@f9941","f7kFcPevRAJZbs2B9lyK5G@6c48a","f7kFcPevRAJZbs2B9lyK5G@f9941","f8L9RW34BBQJ6DLbag33RF@f9941","f8iCCwiEVJmoC9s83vtTky","f8+uDEOF1Au4sjvSNbwZcK","f9Siz+/y5GUKHHf0o647b2@f9941","faxfdBQ7pGbZ2O0ptyZAMe@6c48a","faxfdBQ7pGbZ2O0ptyZAMe@f9941","fbgeA0VGBBBKyV2nPRkvZp","fcRAii+l5JV6k2CeV4b+e6@6c48a","fcRAii+l5JV6k2CeV4b+e6@f9941","fcv7g6OR9DsK5JhBDPw1zk@f9941","fdpcuEaexF7ouacJSi4kDi@6c48a","fdpcuEaexF7ouacJSi4kDi@f9941","ffBy5GR8tKpLoNw+VJXIYY","ffbD1HaWFF3IUx4Fy7yKHx@6c48a","ffbD1HaWFF3IUx4Fy7yKHx@f9941","ffuIqPr2JI9I8dPLYGRDpD@6c48a","ffuIqPr2JI9I8dPLYGRDpD@f9941"],"paths":{"0":["res/texture/mobile/player_bg_mob",1,1],"1":["res/texture/pc/road_b_pc",1,1],"2":["res/texture/common/label_p",1,1],"3":["res/texture/common/label_b",1,1],"4":["res/texture/pc/player_b_pc",1,1],"5":["res/texture/common/point_p",1,1],"6":["res/texture/mobile/banker_b_a",1,1],"7":["res/texture/mobile/player_b_a",1,1],"8":["res/texture/common/result_b",1,1],"9":["res/texture/mobile/player_b",1,1],"10":["bacPusherTGameScenePC",0,1],"11":["res/texture/mobile/banker_bg_mob",1,1],"12":["res/texture/pc/banker_b_pc",1,1],"13":["res/texture/common/point_b",1,1],"14":["res/texture/mobile/banker_b",1,1],"15":["res/texture/pc/label_p_pc",1,1],"16":["res/texture/pc/player_b_a_pc",1,1],"17":["res/texture/pc/banker_bg_pc",1,1],"18":["bacPusherTGameScene",0,1],"19":["res/texture/pc/player_bg_pc",1,1],"20":["res/texture/pc/label_b_pc",1,1],"21":["res/texture/pc/banker_b_a_pc",1,1],"31":["res/texture/mobile/player_bg_mob/texture",2,1],"32":["res/texture/mobile/player_bg_mob/spriteFrame",3,1],"35":["res/texture/pc/road_b_pc/texture",2,1],"36":["res/texture/pc/road_b_pc/spriteFrame",3,1],"93":["res/texture/common/label_p/texture",2,1],"94":["res/texture/common/label_p/spriteFrame",3,1],"95":["res/texture/common/label_b/texture",2,1],"96":["res/texture/common/label_b/spriteFrame",3,1],"99":["res/texture/pc/player_b_pc/texture",2,1],"100":["res/texture/pc/player_b_pc/spriteFrame",3,1],"114":["res/texture/common/point_p/texture",2,1],"115":["res/texture/common/point_p/spriteFrame",3,1],"116":["res/texture/mobile/banker_b_a/texture",2,1],"117":["res/texture/mobile/banker_b_a/spriteFrame",3,1],"122":["res/texture/mobile/player_b_a/texture",2,1],"123":["res/texture/mobile/player_b_a/spriteFrame",3,1],"124":["res/texture/common/result_b/texture",2,1],"125":["res/texture/common/result_b/spriteFrame",3,1],"129":["res/texture/mobile/player_b/texture",2,1],"130":["res/texture/mobile/player_b/spriteFrame",3,1],"146":["res/texture/mobile/banker_bg_mob/texture",2,1],"147":["res/texture/mobile/banker_bg_mob/spriteFrame",3,1],"153":["res/texture/pc/banker_b_pc/texture",2,1],"154":["res/texture/pc/banker_b_pc/spriteFrame",3,1],"160":["res/texture/common/point_b/texture",2,1],"161":["res/texture/common/point_b/spriteFrame",3,1],"163":["res/texture/mobile/banker_b/texture",2,1],"164":["res/texture/mobile/banker_b/spriteFrame",3,1],"173":["res/texture/pc/label_p_pc/texture",2,1],"174":["res/texture/pc/label_p_pc/spriteFrame",3,1],"177":["res/texture/pc/player_b_a_pc/texture",2,1],"178":["res/texture/pc/player_b_a_pc/spriteFrame",3,1],"191":["res/texture/pc/banker_bg_pc/texture",2,1],"192":["res/texture/pc/banker_bg_pc/spriteFrame",3,1],"213":["res/texture/pc/player_bg_pc/texture",2,1],"214":["res/texture/pc/player_bg_pc/spriteFrame",3,1],"220":["res/texture/pc/label_b_pc/texture",2,1],"221":["res/texture/pc/label_b_pc/spriteFrame",3,1],"228":["res/texture/pc/banker_b_a_pc/texture",2,1],"229":["res/texture/pc/banker_b_a_pc/spriteFrame",3,1]},"scenes":{"db://assets/games/bacPusherT/bacPusherTGameScene.scene":18,"db://assets/games/bacPusherT/bacPusherTGameScenePC.scene":10},"packs":{"027a78870":[402,194],"03d1a52b6":[283,320,369,94,96,117,444,123,130,164,552,554,570,18,611,633,641,661,662,666],"05dfa0994":[403,457,474],"0793ffdce":[233,239,241,242,244,246,259,278,289,309,311,313,324,331,333,339,355,359,361,373,375,377,380,384,387,391,397,399,405,407,411,415,426,435,449,464,468,476,478,492,503,506,514,521,526,538,544,546,563,567,579,581,585,589,597,608,615,636,639,646,648,650,674],"08caa59b5":[253,279,295,352,388,194,663],"0a4e49406":[362,182],"0aed37080":[234,385,429,433,458,488,498,559,182,595,644],"0cdcd6f61":[251,266],"0d3b46e8b":[263,35,296,299,300,321,240,323,325,327,356,358,360,386,248,396,398,400,93,95,419,423,421,425,427,448,122,450,124,456,475,255,31,477,480,483,502,146,505,275,277,280,284,292,308,310,314,319,332,340,342,354,370,372,374,376,379,381,412,431,436,114,116,445,460,258,489,495,273,286,235,330,346,368,383,250,406,408,414,129,467,473,302,306,317,338,344,363,365,390,410,463,465,232,290,348,245,443,486,493,282,312,238,243,434,334,99,271,336,350,394,404,439,470,491,509,153,515,517,520,522,507,511,513,525,160,527,163,535,537,551,553,173,177,533,543,545,547,539,555,557,560,562,572,574,576,580,191,564,584,578,566,569,588,591,593,596,599,602,607,604,610,618,614,616,620,626,629,632,638,213,640,642,635,645,647,649,220,653,655,658,664,667,670,228,673,675],"0e50a439a":[287,303,328,337,343,351,371,401,420,422,432,455,461,471,510,523,528,558,592,594,600,605,621,627,654,659,665,668],"0ff4edcba":[236,249,256,264,272,274,276,281,285,293,297,301,307,315,318,322,326,335,341,345,347,349,357,364,366,382,395,100,409,413,424,428,437,440,115,446,451,125,466,469,10,481,484,487,490,494,496,499,501,508,512,154,516,518,524,161,534,536,540,541,548,556,178,561,565,571,573,575,577,192,590,603,612,617,619,624,630,214,643,656,671,229,676]},"versions":{"import":[22,"a2533",23,"a2533",237,"024f4",24,"a2533",25,"a2533",26,"a2533",27,"a2533",247,"3195a",28,"a2533",29,"a2533",252,"691e7",254,"8cb09",30,"a2533",0,"a2533",32,"dc4ea",257,"9fa8d",33,"a2533",261,"a57be",262,"b7416",34,"a2533",267,"a0046",268,"2abb3",269,"27e1b",1,"a2533",36,"7de88",270,"8a1df",37,"a2533",38,"a2533",39,"a2533",40,"a2533",41,"a2533",42,"a2533",43,"a2533",44,"a2533",45,"10f4f",46,"a2533",47,"a2533",48,"13d4e",49,"a2533",50,"a2533",51,"a2533",52,"a2533",53,"a2533",54,"a2533",55,"a2533",56,"a2533",57,"a2533",58,"a2533",59,"a2533",60,"a2533",61,"a2533",62,"a2533",63,"a2533",64,"a2533",65,"a2533",66,"a2533",67,"a2533",68,"a2533",69,"a2533",70,"a2533",71,"a2533",72,"a2533",73,"a2533",74,"a2533",75,"a2533",76,"a2533",77,"a2533",78,"a2533",79,"a2533",80,"a2533",81,"a2533",82,"a2533",83,"a2533",84,"a2533",85,"a2533",86,"a2533",87,"a2533",88,"a2533",89,"a2533",90,"a2533",91,"a2533",92,"a2533",2,"a2533",3,"a2533",97,"a2533",98,"a2533",4,"a2533",101,"a2533",102,"a2533",103,"a2533",104,"a2533",105,"a2533",106,"a2533",107,"a2533",108,"a2533",109,"a2533",110,"a2533",111,"a2533",112,"a2533",113,"a2533",5,"a2533",6,"a2533",118,"a2533",119,"a2533",120,"a2533",121,"a2533",7,"a2533",8,"a2533",126,"a2533",127,"a2533",128,"a2533",9,"a2533",131,"a2533",132,"a2533",133,"a2533",134,"a2533",135,"a2533",136,"a2533",137,"a2533",138,"a2533",139,"a2533",140,"a2533",142,"a2533",143,"a2533",144,"a2533",145,"a2533",11,"a2533",147,"b0f46",148,"a2533",149,"a2533",150,"a2533",151,"a2533",152,"a2533",12,"a2533",155,"a2533",156,"a2533",157,"a2533",158,"a2533",159,"a2533",13,"a2533",162,"a2533",14,"a2533",165,"a2533",166,"a2533",167,"a2533",168,"a2533",169,"a2533",170,"a2533",171,"a2533",172,"a2533",15,"a2533",174,"7d343",175,"a2533",176,"a2533",16,"a2533",179,"a2533",180,"a2533",181,"a2533",183,"a2533",184,"a2533",185,"a2533",186,"a2533",187,"a2533",188,"a2533",189,"a2533",190,"a2533",17,"a2533",193,"a2533",195,"a2533",196,"a2533",197,"a2533",198,"a2533",199,"a2533",200,"a2533",201,"a2533",202,"a2533",203,"a2533",204,"a2533",205,"a2533",206,"a2533",207,"a2533",208,"a2533",209,"a2533",210,"a2533",211,"a2533",212,"a2533",19,"a2533",215,"a2533",216,"a2533",217,"a2533",218,"a2533",219,"a2533",20,"a2533",221,"5c704",222,"a2533",223,"a2533",224,"a2533",225,"a2533",226,"a2533",227,"a2533",21,"a2533",230,"a2533",231,"a2533"],"native":[22,"2562b",23,"de7ab",24,"650da",25,"f5aea",26,"5c6d8",27,"57aaf",28,"cbed1",29,"338df",30,"4412a",0,"abdac",33,"ed677",34,"440c4",1,"0d659",37,"2ed4a",38,"a291e",39,"c9691",40,"407e6",41,"12aef",42,"effac",43,"8cb5e",44,"8f78e",45,"097ca",46,"2cbb2",47,"12b1b",48,"a6acf",49,"cfe7d",50,"e96e3",51,"b4a25",52,"bf0a8",53,"43507",54,"51736",55,"6ba03",56,"0f3fc",57,"af79b",58,"d4496",59,"69602",60,"f6a0a",61,"6a001",62,"4eb32",63,"29d78",64,"4218e",65,"fe425",66,"8363e",67,"581d8",68,"85e6a",69,"afd53",70,"b1978",71,"7c998",72,"3b642",73,"3425d",74,"83bdf",75,"4214d",76,"86514",77,"14d73",78,"672ee",79,"6d792",80,"3ee22",81,"a8ead",82,"8b119",83,"44836",84,"81a0c",85,"27ca2",86,"9a800",87,"5d2f3",88,"225dd",89,"0ea76",90,"2248a",91,"b9b08",92,"bc5d7",2,"bc0ca",3,"c4503",97,"3f68c",98,"31ffb",4,"2e117",101,"c7d36",102,"819a3",103,"66176",104,"01826",105,"f17c5",106,"28bc9",107,"fe571",108,"1460f",109,"0792e",110,"9be18",111,"9d854",112,"829bb",113,"a2b7f",5,"d47e6",6,"6d792",118,"e84b9",119,"1edba",120,"e6f13",121,"8f4bc",7,"6de88",8,"2cfe1",126,"70d56",127,"781eb",128,"cc824",9,"b070b",131,"a4257",132,"88489",133,"0a5df",134,"ad921",135,"33181",136,"8904b",137,"53ebe",138,"6cef2",139,"44782",140,"81fac",142,"cb991",143,"25d5d",144,"ac927",145,"e8075",11,"f4562",148,"6a3c8",149,"5098c",150,"411fb",151,"a3590",152,"49343",12,"9a431",155,"4617a",156,"9e086",157,"1ad6b",158,"83e56",159,"cffd1",13,"dc83a",162,"050cf",14,"af79b",165,"26764",166,"dbe4f",167,"3fe2e",168,"5470a",169,"a19aa",170,"94e5b",171,"b58b8",172,"6de88",15,"461b3",175,"b070b",176,"8c337",16,"90126",179,"494e2",180,"f1f93",181,"f56d5",183,"f3164",184,"2b64b",185,"654a1",186,"28e5b",187,"9bf84",188,"7a6ff",189,"a70a9",190,"72688",17,"bc2c4",193,"f95ed",195,"5ed33",196,"857a7",197,"9db1f",198,"6f8d0",199,"fbfba",200,"ddc89",201,"543b5",202,"6af93",203,"0677e",204,"aa9eb",205,"93d21",206,"c3a1f",207,"1cf6c",208,"125cd",209,"d86ae",210,"d6c97",211,"a7b58",212,"7adde",19,"f6519",215,"a5ea9",216,"e0076",217,"b2613",218,"58588",219,"1b338",20,"e318e",222,"c45ce",223,"283e7",224,"00ecb",225,"f9aae",226,"80fee",227,"18a4c",21,"ec6cc",230,"f6d44",231,"6d707"]},"redirect":[260,"0",265,"0",288,"0",291,"0",294,"0",298,"0",304,"1",305,"1",316,"0",329,"0",353,"1",367,"0",378,"0",389,"0",392,"1",393,"1",416,"0",417,"0",418,"0",430,"0",438,"0",441,"0",442,"0",447,"0",452,"0",453,"0",454,"1",459,"1",462,"0",472,"0",479,"0",482,"0",485,"0",141,"0",497,"1",500,"0",504,"0",519,"0",529,"0",530,"0",531,"0",532,"1",542,"0",549,"0",550,"0",568,"0",582,"0",583,"0",586,"0",587,"0",598,"0",601,"0",606,"0",609,"0",613,"0",622,"0",623,"0",625,"1",628,"0",631,"0",634,"0",637,"1",651,"0",652,"0",657,"1",660,"0",669,"0",672,"0"],"debug":false,"extensionMap":{".cconb":[141]},"hasPreloadScript":true,"dependencyRelationships":{},"types":["cc.SceneAsset","cc.ImageAsset","cc.Texture2D","cc.SpriteFrame"]}