[1,["ddOBDwKQ1MAojPCmtgXCnj@f9941","7dIdxIi8pNd5P1oFYDyofS@f9941","c6J/hD3+lPwI6Vjusykbay@f9941","7dIdxIi8pNd5P1oFYDyofS@6c48a","c6J/hD3+lPwI6Vjusykbay@6c48a","ddOBDwKQ1MAojPCmtgXCnj@6c48a"],["node","_target","_spriteFrame","_textureSource","root","data"],["cc.SpriteFrame",["cc.Node",["_name","_layer","_components","_prefab","_children","_parent","_lpos"],1,9,4,2,1,5],["cc.Sprite",["node","__prefab","_spriteFrame"],3,1,4,6],["cc.Prefab",["_name"],2],["cc.UITransform",["node","__prefab","_contentSize"],3,1,4,5],["cc.CompPrefabInfo",["fileId"],2],["9192e3mU4NF1IuJrnHeWlTB",["node","__prefab"],3,1,4],["cc.PrefabInfo",["fileId","instance","targetOverrides","nestedPrefabInstanceRoots","root","asset"],-1,1,1],["cc.Widget",["_alignFlags","node","__prefab"],2,1,4],["cc.Button",["node","__prefab","clickEvents","_normalColor","_target"],3,1,4,9,5,1],["cc.ClickEvent",["_componentId","handler","customEventData","target"],0,1]],[[5,0,2],[4,0,1,2,1],[7,0,1,2,3,4,5,5],[1,0,1,5,4,2,3,6,3],[1,0,1,5,2,3,3],[2,0,1,1],[2,0,1,2,1],[9,0,1,2,3,4,1],[10,0,1,2,3,4],[3,0,2],[1,0,1,4,2,3,3],[6,0,1,1],[8,0,1,2,2]],[[[[9,"lobbyMenuViewPC"],[10,"lobbyMenuViewPC",33554432,[-4],[[1,-2,[0,"c9SxXsW7BEmY+TEa5dHYi5"],[5,1920,1080]],[11,-3,[0,"13fDdRE5tNF4mj3306/Kee"]]],[2,"289+N2DT9JsKrQTMJqAYGC",null,null,null,-1,0]],[3,"bg",33554432,1,[-7,-8,-9],[[1,-5,[0,"50GKEza3BEa5uVc92AJPnL"],[5,540,50]],[12,32,-6,[0,"6bQKUIIFlC3aJGAOyrp6Di"]]],[2,"34WDbcNZlOjr8SaD3aqBHi",null,null,null,1,0],[1,690,515.275,0]],[3,"recordButton",33554432,2,[-14],[[1,-10,[0,"f3TIMN1ptF2YhiqBexiuCn"],[5,34,36]],[5,-11,[0,"b1lEx4FbdOULellKyzvaOR"]],[7,-13,[0,"1b2nBt64xDbJg87+C3UXeW"],[[8,"9192e3mU4NF1IuJrnHeWlTB","optionBtnClick","record",1]],[4,4292269782],-12]],[2,"870KLLDuRCDJHbOmHCEg2D",null,null,null,1,0],[1,169.29050000000007,0,0]],[3,"soundSetButton",33554432,2,[-19],[[1,-15,[0,"59eqOtsohLMKQzmw/8bdOS"],[5,34,36]],[5,-16,[0,"c1Pr+O5OtJ/pipfl1bfuIH"]],[7,-18,[0,"aaFFMlnOFDfLze9VNlFWrn"],[[8,"9192e3mU4NF1IuJrnHeWlTB","optionBtnClick","soundSetting",1]],[4,4292269782],-17]],[2,"9ftyXES2tDUKZ3EnPDH6yS",null,null,null,1,0],[1,104.31500000000005,0,0]],[3,"exitGameButton",33554432,2,[-24],[[1,-20,[0,"4e2tr97mtF972w/N3GR/ik"],[5,34,36]],[5,-21,[0,"adlfeMRhlPn4LXurC+b58p"]],[7,-23,[0,"3cAQ1DXaJMxa7AGl5tX7OB"],[[8,"9192e3mU4NF1IuJrnHeWlTB","optionBtnClick","leave",1]],[4,4292269782],-22]],[2,"e7vzek6gVMyLMgAlPGGVcu",null,null,null,1,0],[1,234.26600000000008,0,0]],[4,"icon",33554432,3,[[1,-25,[0,"eebkegGhtJFp1Z84Rf7nB4"],[5,34,36]],[6,-26,[0,"eeA5XmlkdF6bmZh7AbiG+w"],0]],[2,"48Rl7tFa9ET4bmpx/9gbno",null,null,null,1,0]],[4,"icon",33554432,4,[[1,-27,[0,"03zh1dlsFAZLaNHYzOWeQX"],[5,27,30]],[6,-28,[0,"06wAxo6LNG7IlCEfBL0Bbh"],1]],[2,"a33HlAXEBM2rhpuEWcOgtH",null,null,null,1,0]],[4,"icon",33554432,5,[[1,-29,[0,"ddOPyNhsZNMpls9X8ZqK3D"],[5,34,30]],[6,-30,[0,"89IwyBSM1Ay4NBDET8bRS8"],2]],[2,"22YD5kVm1P25BUG5ih90jV",null,null,null,1,0]]],0,[0,4,1,0,0,1,0,0,1,0,-1,2,0,0,2,0,0,2,0,-1,3,0,-2,4,0,-3,5,0,0,3,0,0,3,0,1,3,0,0,3,0,-1,6,0,0,4,0,0,4,0,1,4,0,0,4,0,-1,7,0,0,5,0,0,5,0,1,5,0,0,5,0,-1,8,0,0,6,0,0,6,0,0,7,0,0,7,0,0,8,0,0,8,0,5,1,30],[0,0,0],[2,2,2],[0,1,2]],[[{"name":"icon_sound","rect":{"x":7,"y":5,"width":27,"height":30},"offset":{"x":0.5,"y":0},"originalSize":{"width":40,"height":40},"rotated":false,"capInsets":[0,0,0,0],"vertices":{"rawPosition":[-13.5,-15,0,13.5,-15,0,-13.5,15,0,13.5,15,0],"indexes":[0,1,2,2,1,3],"uv":[7,35,34,35,7,5,34,5],"nuv":[0.175,0.125,0.85,0.125,0.175,0.875,0.85,0.875],"minPos":{"x":-13.5,"y":-15,"z":0},"maxPos":{"x":13.5,"y":15,"z":0}},"packable":true,"pixelsToUnit":100,"pivot":{"x":0.5,"y":0.5},"meshType":0}],[0],0,[0],[3],[3]],[[{"name":"icon_logout","rect":{"x":3,"y":5,"width":34,"height":30},"offset":{"x":0,"y":0},"originalSize":{"width":40,"height":40},"rotated":false,"capInsets":[0,0,0,0],"vertices":{"rawPosition":[-17,-15,0,17,-15,0,-17,15,0,17,15,0],"indexes":[0,1,2,2,1,3],"uv":[3,35,37,35,3,5,37,5],"nuv":[0.075,0.125,0.925,0.125,0.075,0.875,0.925,0.875],"minPos":{"x":-17,"y":-15,"z":0},"maxPos":{"x":17,"y":15,"z":0}},"packable":true,"pixelsToUnit":100,"pivot":{"x":0.5,"y":0.5},"meshType":0}],[0],0,[0],[3],[4]],[[{"name":"icon_log","rect":{"x":3,"y":2,"width":34,"height":36},"offset":{"x":0,"y":0},"originalSize":{"width":40,"height":40},"rotated":false,"capInsets":[0,0,0,0],"vertices":{"rawPosition":[-17,-18,0,17,-18,0,-17,18,0,17,18,0],"indexes":[0,1,2,2,1,3],"uv":[3,38,37,38,3,2,37,2],"nuv":[0.075,0.05,0.925,0.05,0.075,0.95,0.925,0.95],"minPos":{"x":-17,"y":-18,"z":0},"maxPos":{"x":17,"y":18,"z":0}},"packable":true,"pixelsToUnit":100,"pivot":{"x":0.5,"y":0.5},"meshType":0}],[0],0,[0],[3],[5]]]]
