{"skeleton":{"hash":"kyC/uwUqbUi3XslDvLRZITOdQmE","spine":"3.8.99","x":-640,"y":-360,"width":1280,"height":720,"fps":26,"images":"./images/","audio":""},"bones":[{"name":"root"},{"name":"bg","parent":"root"},{"name":"benjia","parent":"root"},{"name":"benjia_dapai","parent":"benjia","rotation":0.51},{"name":"benjia_hu","parent":"benjia"},{"name":"benjia_penggangchi","parent":"benjia"},{"name":"benjia_tanpai_L","parent":"benjia"},{"name":"shangjia","parent":"root"},{"name":"shangjia_dapai","parent":"shangjia"},{"name":"shangjia_hu","parent":"shangjia"},{"name":"shangjia_lipai","parent":"shangjia"},{"name":"shangjia_penggangchi","parent":"shangjia"},{"name":"shangjia_tanpai","parent":"shangjia"},{"name":"duijia","parent":"root"},{"name":"duijia_dapai","parent":"duijia"},{"name":"benjia_tanpai_R","parent":"benjia"},{"name":"duijia_hu","parent":"duijia"},{"name":"duijia_lipai","parent":"duijia"},{"name":"duijia_penggangchi","parent":"duijia"},{"name":"duijia_tanpai","parent":"duijia"},{"name":"xiajia","parent":"root"},{"name":"xiajia_dapai","parent":"xiajia"},{"name":"xiajia_hu","parent":"xiajia"},{"name":"xiajia_lipai","parent":"xiajia"},{"name":"xiajia_penggangchi","parent":"xiajia"},{"name":"xiajia_tanpai","parent":"xiajia"}],"slots":[{"name":"1程序麻将摆牌","bone":"bg"},{"name":"benjia/benjia_dapai_00","bone":"benjia_dapai"},{"name":"benjia/benjia_hu_00","bone":"benjia_hu"},{"name":"benjia/benjia_penggangchi_00","bone":"benjia_penggangchi"},{"name":"tanpai/benjia_L_00","bone":"benjia_tanpai_L"},{"name":"tanpai/benjia_R_00","bone":"benjia_tanpai_R"},{"name":"duijia/duijia_dapai_00","bone":"duijia_dapai"},{"name":"duijia/duijia_hu_00","bone":"duijia_hu"},{"name":"duijia/duijia_lipai_00","bone":"duijia_lipai"},{"name":"duijia/duijia_penggangchi_00","bone":"duijia_penggangchi"},{"name":"tanpai/duijia_00","bone":"duijia_tanpai"},{"name":"shangjia/shangjia_dapai_00","bone":"shangjia_dapai"},{"name":"shangjia/shangjia_hu_00","bone":"shangjia_hu"},{"name":"shangjia/shangjia_lipai_00","bone":"shangjia_lipai"},{"name":"shangjia/shangjia_penggangchi_00","bone":"shangjia_penggangchi"},{"name":"tanpai/shangjia_00","bone":"shangjia_tanpai"},{"name":"xiajia/xiajia_dapai_00","bone":"xiajia_dapai"},{"name":"xiajia/xiajia_hu_00","bone":"xiajia_hu","attachment":"xiajia/xiajia_hu_00"},{"name":"xiajia/xiajia_lipai_00","bone":"xiajia_lipai"},{"name":"xiajia/xiajia_penggangchi_00","bone":"xiajia_penggangchi"},{"name":"tanpai/xiajia_00","bone":"xiajia_tanpai"}],"skins":[{"name":"default","attachments":{"benjia/benjia_dapai_00":{"benjia/benjia_dapai_02":{"width":1280,"height":720},"benjia/benjia_dapai_03":{"width":1280,"height":720},"benjia/benjia_dapai_04":{"width":1280,"height":720},"benjia/benjia_dapai_05":{"width":1280,"height":720},"benjia/benjia_dapai_06":{"width":1280,"height":720},"benjia/benjia_dapai_07":{"width":1280,"height":720},"benjia/benjia_dapai_08":{"width":1280,"height":720},"benjia/benjia_dapai_09":{"width":1280,"height":720},"benjia/benjia_dapai_10":{"width":1280,"height":720}},"benjia/benjia_hu_00":{"benjia/benjia_hu_02":{"width":1280,"height":720},"benjia/benjia_hu_03":{"width":1280,"height":720},"benjia/benjia_hu_04":{"width":1280,"height":720},"benjia/benjia_hu_05":{"width":1280,"height":720},"benjia/benjia_hu_06":{"width":1280,"height":720},"benjia/benjia_hu_07":{"width":1280,"height":720},"benjia/benjia_hu_08":{"width":1280,"height":720},"benjia/benjia_hu_09":{"width":1280,"height":720},"benjia/benjia_hu_10":{"width":1280,"height":720}},"benjia/benjia_penggangchi_00":{"benjia/benjia_penggangchi_00":{"width":1280,"height":720},"benjia/benjia_penggangchi_01":{"width":1280,"height":720},"benjia/benjia_penggangchi_02":{"width":1280,"height":720},"benjia/benjia_penggangchi_03":{"width":1280,"height":720},"benjia/benjia_penggangchi_04":{"width":1280,"height":720},"benjia/benjia_penggangchi_05":{"width":1280,"height":720},"benjia/benjia_penggangchi_06":{"width":1280,"height":720},"benjia/benjia_penggangchi_07":{"width":1280,"height":720},"benjia/benjia_penggangchi_08":{"width":1280,"height":720},"benjia/benjia_penggangchi_09":{"width":1280,"height":720},"benjia/benjia_penggangchi_10":{"width":1280,"height":720}},"duijia/duijia_dapai_00":{"duijia/duijia_dapai_00":{"width":1280,"height":720},"duijia/duijia_dapai_01":{"width":1280,"height":720},"duijia/duijia_dapai_02":{"width":1280,"height":720},"duijia/duijia_dapai_03":{"width":1280,"height":720},"duijia/duijia_dapai_04":{"width":1280,"height":720},"duijia/duijia_dapai_05":{"width":1280,"height":720},"duijia/duijia_dapai_06":{"width":1280,"height":720},"duijia/duijia_dapai_07":{"width":1280,"height":720},"duijia/duijia_dapai_08":{"width":1280,"height":720},"duijia/duijia_dapai_09":{"width":1280,"height":720}},"duijia/duijia_hu_00":{"duijia/duijia_hu_01":{"width":1280,"height":720},"duijia/duijia_hu_02":{"width":1280,"height":720},"duijia/duijia_hu_03":{"width":1280,"height":720},"duijia/duijia_hu_04":{"width":1280,"height":720},"duijia/duijia_hu_05":{"width":1280,"height":720},"duijia/duijia_hu_06":{"width":1280,"height":720},"duijia/duijia_hu_07":{"width":1280,"height":720},"duijia/duijia_hu_08":{"width":1280,"height":720}},"duijia/duijia_lipai_00":{"duijia/duijia_lipai_00":{"width":1280,"height":720},"duijia/duijia_lipai_01":{"width":1280,"height":720},"duijia/duijia_lipai_02":{"width":1280,"height":720},"duijia/duijia_lipai_03":{"width":1280,"height":720},"duijia/duijia_lipai_04":{"width":1280,"height":720},"duijia/duijia_lipai_05":{"width":1280,"height":720},"duijia/duijia_lipai_06":{"width":1280,"height":720},"duijia/duijia_lipai_07":{"width":1280,"height":720},"duijia/duijia_lipai_08":{"width":1280,"height":720},"duijia/duijia_lipai_09":{"width":1280,"height":720},"duijia/duijia_lipai_10":{"width":1280,"height":720}},"duijia/duijia_penggangchi_00":{"duijia/duijia_penggangchi_00":{"width":1280,"height":720},"duijia/duijia_penggangchi_01":{"width":1280,"height":720},"duijia/duijia_penggangchi_02":{"width":1280,"height":720},"duijia/duijia_penggangchi_03":{"width":1280,"height":720},"duijia/duijia_penggangchi_04":{"width":1280,"height":720},"duijia/duijia_penggangchi_05":{"width":1280,"height":720},"duijia/duijia_penggangchi_06":{"width":1280,"height":720},"duijia/duijia_penggangchi_07":{"width":1280,"height":720},"duijia/duijia_penggangchi_08":{"width":1280,"height":720},"duijia/duijia_penggangchi_09":{"width":1280,"height":720},"duijia/duijia_penggangchi_10":{"width":1280,"height":720}},"shangjia/shangjia_dapai_00":{"shangjia/shangjia_dapai_00":{"width":1280,"height":720},"shangjia/shangjia_dapai_01":{"width":1280,"height":720},"shangjia/shangjia_dapai_02":{"width":1280,"height":720},"shangjia/shangjia_dapai_03":{"width":1280,"height":720},"shangjia/shangjia_dapai_04":{"width":1280,"height":720},"shangjia/shangjia_dapai_05":{"width":1280,"height":720},"shangjia/shangjia_dapai_06":{"width":1280,"height":720},"shangjia/shangjia_dapai_07":{"width":1280,"height":720},"shangjia/shangjia_dapai_08":{"width":1280,"height":720},"shangjia/shangjia_dapai_09":{"width":1280,"height":720},"shangjia/shangjia_dapai_10":{"width":1280,"height":720}},"shangjia/shangjia_hu_00":{"shangjia/shangjia_hu_00":{"width":1280,"height":720},"shangjia/shangjia_hu_01":{"width":1280,"height":720},"shangjia/shangjia_hu_02":{"width":1280,"height":720},"shangjia/shangjia_hu_03":{"width":1280,"height":720},"shangjia/shangjia_hu_04":{"width":1280,"height":720},"shangjia/shangjia_hu_05":{"width":1280,"height":720},"shangjia/shangjia_hu_06":{"width":1280,"height":720},"shangjia/shangjia_hu_07":{"width":1280,"height":720}},"shangjia/shangjia_lipai_00":{"shangjia/shangjia_lipai_00":{"width":1280,"height":720},"shangjia/shangjia_lipai_01":{"width":1280,"height":720},"shangjia/shangjia_lipai_02":{"width":1280,"height":720},"shangjia/shangjia_lipai_03":{"width":1280,"height":720},"shangjia/shangjia_lipai_04":{"width":1280,"height":720},"shangjia/shangjia_lipai_05":{"width":1280,"height":720},"shangjia/shangjia_lipai_06":{"width":1280,"height":720},"shangjia/shangjia_lipai_07":{"width":1280,"height":720},"shangjia/shangjia_lipai_08":{"width":1280,"height":720},"shangjia/shangjia_lipai_09":{"width":1280,"height":720},"shangjia/shangjia_lipai_10":{"width":1280,"height":720},"shangjia/shangjia_lipai_11":{"width":1280,"height":720},"shangjia/shangjia_lipai_12":{"width":1280,"height":720}},"shangjia/shangjia_penggangchi_00":{"shangjia/shangjia_penggangchi_00":{"width":1280,"height":720},"shangjia/shangjia_penggangchi_01":{"width":1280,"height":720},"shangjia/shangjia_penggangchi_02":{"width":1280,"height":720},"shangjia/shangjia_penggangchi_03":{"width":1280,"height":720},"shangjia/shangjia_penggangchi_04":{"width":1280,"height":720},"shangjia/shangjia_penggangchi_05":{"width":1280,"height":720},"shangjia/shangjia_penggangchi_06":{"width":1280,"height":720},"shangjia/shangjia_penggangchi_07":{"width":1280,"height":720},"shangjia/shangjia_penggangchi_08":{"width":1280,"height":720},"shangjia/shangjia_penggangchi_09":{"width":1280,"height":720}},"tanpai/benjia_L_00":{"tanpai/benjia_L_00":{"width":1280,"height":720},"tanpai/benjia_L_01":{"width":1280,"height":720},"tanpai/benjia_L_02":{"width":1280,"height":720},"tanpai/benjia_L_03":{"width":1280,"height":720},"tanpai/benjia_L_04":{"width":1280,"height":720},"tanpai/benjia_L_05":{"width":1280,"height":720},"tanpai/benjia_L_06":{"width":1280,"height":720},"tanpai/benjia_L_07":{"width":1280,"height":720},"tanpai/benjia_L_08":{"width":1280,"height":720},"tanpai/benjia_L_09":{"width":1280,"height":720},"tanpai/benjia_L_10":{"width":1280,"height":720}},"tanpai/benjia_R_00":{"tanpai/benjia_R_00":{"width":1280,"height":720},"tanpai/benjia_R_01":{"width":1280,"height":720},"tanpai/benjia_R_02":{"width":1280,"height":720},"tanpai/benjia_R_03":{"width":1280,"height":720},"tanpai/benjia_R_04":{"width":1280,"height":720},"tanpai/benjia_R_05":{"width":1280,"height":720},"tanpai/benjia_R_06":{"width":1280,"height":720},"tanpai/benjia_R_07":{"width":1280,"height":720},"tanpai/benjia_R_08":{"width":1280,"height":720},"tanpai/benjia_R_09":{"width":1280,"height":720},"tanpai/benjia_R_10":{"width":1280,"height":720}},"tanpai/duijia_00":{"tanpai/duijia_00":{"width":1280,"height":720},"tanpai/duijia_01":{"width":1280,"height":720},"tanpai/duijia_02":{"width":1280,"height":720},"tanpai/duijia_03":{"width":1280,"height":720},"tanpai/duijia_04":{"width":1280,"height":720},"tanpai/duijia_05":{"width":1280,"height":720}},"tanpai/shangjia_00":{"tanpai/shangjia_00":{"width":1280,"height":720},"tanpai/shangjia_01":{"width":1280,"height":720},"tanpai/shangjia_02":{"width":1280,"height":720},"tanpai/shangjia_03":{"width":1280,"height":720},"tanpai/shangjia_04":{"width":1280,"height":720},"tanpai/shangjia_05":{"width":1280,"height":720},"tanpai/shangjia_06":{"width":1280,"height":720},"tanpai/shangjia_07":{"width":1280,"height":720},"tanpai/shangjia_08":{"width":1280,"height":720},"tanpai/shangjia_09":{"width":1280,"height":720},"tanpai/shangjia_10":{"width":1280,"height":720},"tanpai/shangjia_11":{"width":1280,"height":720}},"tanpai/xiajia_00":{"tanpai/xiajia_00":{"width":1280,"height":720},"tanpai/xiajia_01":{"width":1280,"height":720},"tanpai/xiajia_02":{"width":1280,"height":720},"tanpai/xiajia_03":{"width":1280,"height":720},"tanpai/xiajia_04":{"width":1280,"height":720},"tanpai/xiajia_05":{"width":1280,"height":720},"tanpai/xiajia_06":{"width":1280,"height":720},"tanpai/xiajia_07":{"width":1280,"height":720},"tanpai/xiajia_08":{"width":1280,"height":720},"tanpai/xiajia_09":{"width":1280,"height":720}},"xiajia/xiajia_dapai_00":{"xiajia/xiajia_dapai_00":{"width":1280,"height":720},"xiajia/xiajia_dapai_01":{"width":1280,"height":720},"xiajia/xiajia_dapai_02":{"width":1280,"height":720},"xiajia/xiajia_dapai_03":{"width":1280,"height":720},"xiajia/xiajia_dapai_04":{"width":1280,"height":720},"xiajia/xiajia_dapai_05":{"width":1280,"height":720},"xiajia/xiajia_dapai_06":{"width":1280,"height":720},"xiajia/xiajia_dapai_07":{"width":1280,"height":720},"xiajia/xiajia_dapai_08":{"width":1280,"height":720},"xiajia/xiajia_dapai_09":{"width":1280,"height":720},"xiajia/xiajia_dapai_10":{"width":1280,"height":720}},"xiajia/xiajia_hu_00":{"xiajia/xiajia_hu_00":{"width":1280,"height":720},"xiajia/xiajia_hu_01":{"width":1280,"height":720},"xiajia/xiajia_hu_02":{"width":1280,"height":720},"xiajia/xiajia_hu_03":{"width":1280,"height":720},"xiajia/xiajia_hu_04":{"width":1280,"height":720},"xiajia/xiajia_hu_05":{"width":1280,"height":720},"xiajia/xiajia_hu_06":{"width":1280,"height":720},"xiajia/xiajia_hu_07":{"width":1280,"height":720},"xiajia/xiajia_hu_08":{"width":1280,"height":720},"xiajia/xiajia_hu_09":{"width":1280,"height":720}},"xiajia/xiajia_lipai_00":{"xiajia/xiajia_lipai_00":{"width":1280,"height":720},"xiajia/xiajia_lipai_01":{"width":1280,"height":720},"xiajia/xiajia_lipai_02":{"width":1280,"height":720},"xiajia/xiajia_lipai_03":{"width":1280,"height":720},"xiajia/xiajia_lipai_04":{"width":1280,"height":720},"xiajia/xiajia_lipai_05":{"width":1280,"height":720},"xiajia/xiajia_lipai_06":{"width":1280,"height":720},"xiajia/xiajia_lipai_07":{"width":1280,"height":720},"xiajia/xiajia_lipai_08":{"width":1280,"height":720},"xiajia/xiajia_lipai_09":{"width":1280,"height":720},"xiajia/xiajia_lipai_10":{"width":1280,"height":720},"xiajia/xiajia_lipai_11":{"width":1280,"height":720},"xiajia/xiajia_lipai_12":{"width":1280,"height":720},"xiajia/xiajia_lipai_13":{"width":1280,"height":720},"xiajia/xiajia_lipai_14":{"width":1280,"height":720},"xiajia/xiajia_lipai_15":{"width":1280,"height":720}},"xiajia/xiajia_penggangchi_00":{"xiajia/xiajia_penggangchi_00":{"width":1280,"height":720},"xiajia/xiajia_penggangchi_01":{"width":1280,"height":720},"xiajia/xiajia_penggangchi_02":{"width":1280,"height":720},"xiajia/xiajia_penggangchi_03":{"width":1280,"height":720},"xiajia/xiajia_penggangchi_04":{"width":1280,"height":720},"xiajia/xiajia_penggangchi_05":{"width":1280,"height":720},"xiajia/xiajia_penggangchi_06":{"width":1280,"height":720},"xiajia/xiajia_penggangchi_07":{"width":1280,"height":720},"xiajia/xiajia_penggangchi_08":{"width":1280,"height":720},"xiajia/xiajia_penggangchi_09":{"width":1280,"height":720},"xiajia/xiajia_penggangchi_10":{"width":1280,"height":720}}}}],"animations":{"benjia_dapai":{"slots":{"benjia/benjia_dapai_00":{"attachment":[{"name":"benjia/benjia_dapai_02"},{"time":0.1538,"name":"benjia/benjia_dapai_03"},{"time":0.2308,"name":"benjia/benjia_dapai_04"},{"time":0.3077,"name":"benjia/benjia_dapai_05"},{"time":0.3846,"name":"benjia/benjia_dapai_06"},{"time":0.4615,"name":"benjia/benjia_dapai_07"},{"time":0.5385,"name":"benjia/benjia_dapai_08"},{"time":0.6154,"name":"benjia/benjia_dapai_09"},{"time":0.6923,"name":"benjia/benjia_dapai_10"},{"time":0.7692,"name":null}]}},"bones":{"benjia_dapai":{"translate":[{"y":-2.07}]}}},"benjia_hu":{"slots":{"benjia/benjia_hu_00":{"attachment":[{"name":"benjia/benjia_hu_02"},{"time":0.1538,"name":"benjia/benjia_hu_03"},{"time":0.2308,"name":"benjia/benjia_hu_04"},{"time":0.3077,"name":"benjia/benjia_hu_05"},{"time":0.3846,"name":"benjia/benjia_hu_06"},{"time":0.4615,"name":"benjia/benjia_hu_07"},{"time":0.5385,"name":"benjia/benjia_hu_08"},{"time":0.6154,"name":"benjia/benjia_hu_09"},{"time":0.6923,"name":"benjia/benjia_hu_10"}]}},"bones":{"benjia_hu":{"translate":[{"x":-50}]}}},"benjia_penggangchi":{"slots":{"benjia/benjia_penggangchi_00":{"attachment":[{"name":"benjia/benjia_penggangchi_00"},{"time":0.0769,"name":"benjia/benjia_penggangchi_01"},{"time":0.1538,"name":"benjia/benjia_penggangchi_02"},{"time":0.2308,"name":"benjia/benjia_penggangchi_03"},{"time":0.3077,"name":"benjia/benjia_penggangchi_04"},{"time":0.3846,"name":"benjia/benjia_penggangchi_05"},{"time":0.4615,"name":"benjia/benjia_penggangchi_06"},{"time":0.5385,"name":"benjia/benjia_penggangchi_07"},{"time":0.6154,"name":"benjia/benjia_penggangchi_08"},{"time":0.6923,"name":"benjia/benjia_penggangchi_09"},{"time":0.7692,"name":"benjia/benjia_penggangchi_10"},{"time":0.8462,"name":null}]}}},"benjia_tanpai_L":{"slots":{"tanpai/benjia_L_00":{"attachment":[{"name":"tanpai/benjia_L_00"},{"time":0.0769,"name":"tanpai/benjia_L_01"},{"time":0.1538,"name":"tanpai/benjia_L_02"},{"time":0.2308,"name":"tanpai/benjia_L_03"},{"time":0.3077,"name":"tanpai/benjia_L_04"},{"time":0.3846,"name":"tanpai/benjia_L_05"},{"time":0.4615,"name":"tanpai/benjia_L_06"},{"time":0.5385,"name":"tanpai/benjia_L_07"},{"time":0.6154,"name":"tanpai/benjia_L_08"},{"time":0.6923,"name":"tanpai/benjia_L_09"},{"time":0.7692,"name":"tanpai/benjia_L_10"},{"time":0.8462,"name":null}]}},"bones":{"benjia_tanpai_L":{"translate":[{"x":101.71}]}}},"benjia_tanpai_R":{"slots":{"tanpai/benjia_R_00":{"attachment":[{"name":"tanpai/benjia_R_00"},{"time":0.0769,"name":"tanpai/benjia_R_01"},{"time":0.1538,"name":"tanpai/benjia_R_02"},{"time":0.2308,"name":"tanpai/benjia_R_03"},{"time":0.3077,"name":"tanpai/benjia_R_04"},{"time":0.3846,"name":"tanpai/benjia_R_05"},{"time":0.4615,"name":"tanpai/benjia_R_06"},{"time":0.5385,"name":"tanpai/benjia_R_07"},{"time":0.6154,"name":"tanpai/benjia_R_08"},{"time":0.6923,"name":"tanpai/benjia_R_09"},{"time":0.7692,"name":"tanpai/benjia_R_10"},{"time":0.8462,"name":null}]}}},"duijia_dapai":{"slots":{"duijia/duijia_dapai_00":{"attachment":[{"name":"duijia/duijia_dapai_00"},{"time":0.0769,"name":"duijia/duijia_dapai_01"},{"time":0.1538,"name":"duijia/duijia_dapai_02"},{"time":0.2308,"name":"duijia/duijia_dapai_03"},{"time":0.3077,"name":"duijia/duijia_dapai_04"},{"time":0.3846,"name":"duijia/duijia_dapai_05"},{"time":0.4615,"name":"duijia/duijia_dapai_06"},{"time":0.5385,"name":"duijia/duijia_dapai_07"},{"time":0.6154,"name":"duijia/duijia_dapai_08"},{"time":0.6923,"name":"duijia/duijia_dapai_09"},{"time":0.7692,"name":null}]}}},"duijia_hu":{"slots":{"duijia/duijia_hu_00":{"attachment":[{"name":"duijia/duijia_hu_01"},{"time":0.0769,"name":"duijia/duijia_hu_02"},{"time":0.1538,"name":"duijia/duijia_hu_03"},{"time":0.2308,"name":"duijia/duijia_hu_04"},{"time":0.3077,"name":"duijia/duijia_hu_05"},{"time":0.3846,"name":"duijia/duijia_hu_06"},{"time":0.4615,"name":"duijia/duijia_hu_07"},{"time":0.5385,"name":"duijia/duijia_hu_08"},{"time":0.6154,"name":null}]}}},"duijia_lipai":{"slots":{"duijia/duijia_lipai_00":{"attachment":[{"name":"duijia/duijia_lipai_00"},{"time":0.0769,"name":"duijia/duijia_lipai_01"},{"time":0.1538,"name":"duijia/duijia_lipai_02"},{"time":0.2308,"name":"duijia/duijia_lipai_03"},{"time":0.3077,"name":"duijia/duijia_lipai_04"},{"time":0.3846,"name":"duijia/duijia_lipai_05"},{"time":0.4615,"name":"duijia/duijia_lipai_06"},{"time":0.5385,"name":"duijia/duijia_lipai_07"},{"time":0.6154,"name":"duijia/duijia_lipai_08"},{"time":0.6923,"name":"duijia/duijia_lipai_09"},{"time":0.7692,"name":"duijia/duijia_lipai_10"},{"time":0.8462,"name":null}]}}},"duijia_penggangchi":{"slots":{"duijia/duijia_penggangchi_00":{"attachment":[{"name":"duijia/duijia_penggangchi_00"},{"time":0.0769,"name":"duijia/duijia_penggangchi_01"},{"time":0.1538,"name":"duijia/duijia_penggangchi_02"},{"time":0.2308,"name":"duijia/duijia_penggangchi_03"},{"time":0.3077,"name":"duijia/duijia_penggangchi_04"},{"time":0.3846,"name":"duijia/duijia_penggangchi_05"},{"time":0.4615,"name":"duijia/duijia_penggangchi_06"},{"time":0.5385,"name":"duijia/duijia_penggangchi_07"},{"time":0.6154,"name":"duijia/duijia_penggangchi_08"},{"time":0.6923,"name":"duijia/duijia_penggangchi_09"},{"time":0.7692,"name":"duijia/duijia_penggangchi_10"}]}}},"duijia_tanpai":{"slots":{"tanpai/duijia_00":{"attachment":[{"time":0.0769,"name":"tanpai/duijia_00"},{"time":0.1538,"name":"tanpai/duijia_01"},{"time":0.2308,"name":"tanpai/duijia_02"},{"time":0.3077,"name":"tanpai/duijia_03"},{"time":0.3846,"name":"tanpai/duijia_04"},{"time":0.4615,"name":"tanpai/duijia_05"}]}}},"shangjia_dapai":{"slots":{"shangjia/shangjia_dapai_00":{"attachment":[{"name":"shangjia/shangjia_dapai_00"},{"time":0.0769,"name":"shangjia/shangjia_dapai_01"},{"time":0.1538,"name":"shangjia/shangjia_dapai_02"},{"time":0.2308,"name":"shangjia/shangjia_dapai_03"},{"time":0.3077,"name":"shangjia/shangjia_dapai_04"},{"time":0.3846,"name":"shangjia/shangjia_dapai_05"},{"time":0.4615,"name":"shangjia/shangjia_dapai_06"},{"time":0.5385,"name":"shangjia/shangjia_dapai_07"},{"time":0.6154,"name":"shangjia/shangjia_dapai_08"},{"time":0.6923,"name":"shangjia/shangjia_dapai_09"},{"time":0.7692,"name":"shangjia/shangjia_dapai_10"},{"time":0.8462,"name":null}]}}},"shangjia_hu":{"slots":{"shangjia/shangjia_hu_00":{"attachment":[{"name":"shangjia/shangjia_hu_00"},{"time":0.0769,"name":"shangjia/shangjia_hu_01"},{"time":0.1538,"name":"shangjia/shangjia_hu_02"},{"time":0.2308,"name":"shangjia/shangjia_hu_03"},{"time":0.3077,"name":"shangjia/shangjia_hu_04"},{"time":0.3846,"name":"shangjia/shangjia_hu_05"},{"time":0.4615,"name":"shangjia/shangjia_hu_06"},{"time":0.5385,"name":"shangjia/shangjia_hu_07"},{"time":0.6154,"name":null}]}}},"shangjia_lipai":{"slots":{"shangjia/shangjia_lipai_00":{"attachment":[{"name":"shangjia/shangjia_lipai_00"},{"time":0.0769,"name":"shangjia/shangjia_lipai_01"},{"time":0.1538,"name":"shangjia/shangjia_lipai_02"},{"time":0.2308,"name":"shangjia/shangjia_lipai_03"},{"time":0.3077,"name":"shangjia/shangjia_lipai_04"},{"time":0.3846,"name":"shangjia/shangjia_lipai_05"},{"time":0.4615,"name":"shangjia/shangjia_lipai_06"},{"time":0.5385,"name":"shangjia/shangjia_lipai_07"},{"time":0.6154,"name":"shangjia/shangjia_lipai_08"},{"time":0.6923,"name":"shangjia/shangjia_lipai_09"},{"time":0.7692,"name":"shangjia/shangjia_lipai_10"},{"time":0.8462,"name":"shangjia/shangjia_lipai_11"},{"time":0.9231,"name":"shangjia/shangjia_lipai_12"},{"time":1,"name":null}]}}},"shangjia_penggangchi":{"slots":{"shangjia/shangjia_penggangchi_00":{"attachment":[{"name":"shangjia/shangjia_penggangchi_00"},{"time":0.0769,"name":"shangjia/shangjia_penggangchi_01"},{"time":0.1538,"name":"shangjia/shangjia_penggangchi_02"},{"time":0.2308,"name":"shangjia/shangjia_penggangchi_03"},{"time":0.3077,"name":"shangjia/shangjia_penggangchi_04"},{"time":0.3846,"name":"shangjia/shangjia_penggangchi_05"},{"time":0.4615,"name":"shangjia/shangjia_penggangchi_06"},{"time":0.5385,"name":"shangjia/shangjia_penggangchi_07"},{"time":0.6154,"name":"shangjia/shangjia_penggangchi_08"},{"time":0.6923,"name":"shangjia/shangjia_penggangchi_09"},{"time":0.7692,"name":null}]}}},"shangjia_tanpai":{"slots":{"tanpai/shangjia_00":{"attachment":[{"time":0.0769,"name":"tanpai/shangjia_00"},{"time":0.1538,"name":"tanpai/shangjia_01"},{"time":0.2308,"name":"tanpai/shangjia_02"},{"time":0.3077,"name":"tanpai/shangjia_03"},{"time":0.3846,"name":"tanpai/shangjia_04"},{"time":0.4615,"name":"tanpai/shangjia_05"},{"time":0.5385,"name":"tanpai/shangjia_06"},{"time":0.6154,"name":"tanpai/shangjia_07"},{"time":0.6923,"name":"tanpai/shangjia_08"},{"time":0.7692,"name":"tanpai/shangjia_09"},{"time":0.8462,"name":"tanpai/shangjia_10"},{"time":0.9231,"name":"tanpai/shangjia_11"},{"time":1,"name":null}]}}},"xiajia_dapai":{"slots":{"xiajia/xiajia_dapai_00":{"attachment":[{"name":"xiajia/xiajia_dapai_00"},{"time":0.0769,"name":"xiajia/xiajia_dapai_01"},{"time":0.1538,"name":"xiajia/xiajia_dapai_02"},{"time":0.2308,"name":"xiajia/xiajia_dapai_03"},{"time":0.3077,"name":"xiajia/xiajia_dapai_04"},{"time":0.3846,"name":"xiajia/xiajia_dapai_05"},{"time":0.4615,"name":"xiajia/xiajia_dapai_06"},{"time":0.5385,"name":"xiajia/xiajia_dapai_07"},{"time":0.6154,"name":"xiajia/xiajia_dapai_08"},{"time":0.6923,"name":"xiajia/xiajia_dapai_09"},{"time":0.7692,"name":"xiajia/xiajia_dapai_10"},{"time":0.8462,"name":null}]}}},"xiajia_hu":{"slots":{"xiajia/xiajia_hu_00":{"attachment":[{"time":0.0769,"name":"xiajia/xiajia_hu_01"},{"time":0.1538,"name":"xiajia/xiajia_hu_02"},{"time":0.2308,"name":"xiajia/xiajia_hu_03"},{"time":0.3077,"name":"xiajia/xiajia_hu_04"},{"time":0.3846,"name":"xiajia/xiajia_hu_05"},{"time":0.4615,"name":"xiajia/xiajia_hu_06"},{"time":0.5385,"name":"xiajia/xiajia_hu_07"},{"time":0.6154,"name":"xiajia/xiajia_hu_08"},{"time":0.6923,"name":"xiajia/xiajia_hu_09"},{"time":0.7692,"name":null}]}}},"xiajia_lipai":{"slots":{"xiajia/xiajia_lipai_00":{"attachment":[{"name":"xiajia/xiajia_lipai_00"},{"time":0.0769,"name":"xiajia/xiajia_lipai_01"},{"time":0.1538,"name":"xiajia/xiajia_lipai_02"},{"time":0.2308,"name":"xiajia/xiajia_lipai_03"},{"time":0.3077,"name":"xiajia/xiajia_lipai_04"},{"time":0.3846,"name":"xiajia/xiajia_lipai_05"},{"time":0.4615,"name":"xiajia/xiajia_lipai_06"},{"time":0.5385,"name":"xiajia/xiajia_lipai_07"},{"time":0.6154,"name":"xiajia/xiajia_lipai_08"},{"time":0.6923,"name":"xiajia/xiajia_lipai_09"},{"time":0.7692,"name":"xiajia/xiajia_lipai_10"},{"time":0.8462,"name":"xiajia/xiajia_lipai_11"},{"time":0.9231,"name":"xiajia/xiajia_lipai_12"},{"time":1,"name":"xiajia/xiajia_lipai_13"},{"time":1.0769,"name":"xiajia/xiajia_lipai_14"},{"time":1.1538,"name":"xiajia/xiajia_lipai_15"},{"time":1.2308,"name":null}]}}},"xiajia_penggangchi":{"slots":{"xiajia/xiajia_penggangchi_00":{"attachment":[{"name":"xiajia/xiajia_penggangchi_00"},{"time":0.0769,"name":"xiajia/xiajia_penggangchi_01"},{"time":0.1538,"name":"xiajia/xiajia_penggangchi_02"},{"time":0.2308,"name":"xiajia/xiajia_penggangchi_03"},{"time":0.3077,"name":"xiajia/xiajia_penggangchi_04"},{"time":0.3846,"name":"xiajia/xiajia_penggangchi_05"},{"time":0.4615,"name":"xiajia/xiajia_penggangchi_06"},{"time":0.5385,"name":"xiajia/xiajia_penggangchi_07"},{"time":0.6154,"name":"xiajia/xiajia_penggangchi_08"},{"time":0.6923,"name":"xiajia/xiajia_penggangchi_09"},{"time":0.7692,"name":"xiajia/xiajia_penggangchi_10"},{"time":0.8462,"name":null}]}}},"xiajia_tanpai":{"slots":{"tanpai/xiajia_00":{"attachment":[{"name":"tanpai/xiajia_00"},{"time":0.0769,"name":"tanpai/xiajia_01"},{"time":0.1538,"name":"tanpai/xiajia_02"},{"time":0.2308,"name":"tanpai/xiajia_03"},{"time":0.3077,"name":"tanpai/xiajia_04"},{"time":0.3846,"name":"tanpai/xiajia_05"},{"time":0.4615,"name":"tanpai/xiajia_06"},{"time":0.5385,"name":"tanpai/xiajia_07"},{"time":0.6154,"name":"tanpai/xiajia_08"},{"time":0.6923,"name":"tanpai/xiajia_09"}]}}}}}