[1,["d3Qk2kD5BP6IqQcrkb2HXE"],0,[["sp.SkeletonData",["_name","_atlasText","textureNames","_skeletonJson","textures"],-1,3]],[[0,0,1,2,3,4,5]],[[0,"logo","\nlogo.png\nsize: 512,512\nformat: RGBA4444\nfilter: Linear,Linear\nrepeat: none\nlogo_TW\n  rotate: true\n  xy: 2, 237\n  size: 50, 89\n  orig: 52, 91\n  offset: 1, 1\n  index: -1\nlogo_TWsmall\n  rotate: false\n  xy: 2, 289\n  size: 183, 31\n  orig: 183, 31\n  offset: 0, 0\n  index: -1\nlogo_bg\n  rotate: false\n  xy: 2, 2\n  size: 305, 137\n  orig: 310, 145\n  offset: 5, 7\n  index: -1\nlogo_bg_mj\n  rotate: true\n  xy: 187, 279\n  size: 41, 52\n  orig: 43, 55\n  offset: 2, 0\n  index: -1\nlogo_title_light\n  rotate: false\n  xy: 241, 271\n  size: 211, 49\n  orig: 248, 52\n  offset: 35, 2\n  index: -1\nlogo_title_mj\n  rotate: false\n  xy: 93, 141\n  size: 282, 128\n  orig: 307, 136\n  offset: 10, 0\n  index: -1\n",["logo.png"],{"skeleton":{"hash":"niOSgSRHcE4Ug9+vxarSP/MwF1w","spine":"3.8.99","x":-686.91,"y":-360,"width":1280,"height":731.29,"images":"./images/","audio":"E:/工作/10.19-台湾麻将/animation/logo-新/images"},"bones":[{"name":"root"},{"name":"1大厅","parent":"root","x":-47.34,"y":1.11},{"name":"logo","parent":"root","x":-0.43,"y":283.34,"scaleX":0.55,"scaleY":0.55},{"name":"logo_TW","parent":"logo","x":205.11,"y":2.39},{"name":"logo_TWsmall","parent":"logo","x":-29.41,"y":-74.73},{"name":"logo_bg","parent":"logo","y":2.39},{"name":"logo_bg_mj","parent":"logo","x":18.29,"y":63.6},{"name":"logo_title_light","parent":"logo_TWsmall","x":77.11,"y":-14.31},{"name":"logo_title_mj","parent":"logo","x":-38.16,"y":28.62},{"name":"logo_title_light2","parent":"logo","rotation":48.71,"x":-216.94,"y":74.76},{"name":"logo_title_light3","parent":"logo","rotation":42.82,"x":195.14,"y":61.29}],"slots":[{"name":"1大厅","bone":"1大厅"},{"name":"logo_bg","bone":"logo_bg","attachment":"logo_bg"},{"name":"logo_bg_mj","bone":"logo_bg_mj","attachment":"logo_bg_mj"},{"name":"logo_title_mj","bone":"logo_title_mj","attachment":"logo_title_mj"},{"name":"logo_TW","bone":"logo_TW","attachment":"logo_TW"},{"name":"logo_TWsmall","bone":"logo_TWsmall","attachment":"logo_TWsmall"},{"name":"logo_title_light","bone":"logo_title_light","attachment":"logo_title_light","blend":"additive"},{"name":"logo_title_mj_zhezhao","bone":"logo_title_mj","attachment":"logo_title_mj_zhezhao"},{"name":"logo_title_light2","bone":"logo_title_light2","attachment":"logo_title_light","blend":"additive"},{"name":"logo_title_light3","bone":"logo_title_light3","blend":"additive"}],"skins":[{"name":"default","attachments":{"logo_TW":{"logo_TW":{"x":-0.93,"y":-5.47,"width":86,"height":152}},"logo_TWsmall":{"logo_TWsmall":{"x":4.1,"y":-4.85,"width":305,"height":51}},"logo_bg":{"logo_bg":{"x":-4.32,"y":6.03,"width":517,"height":241}},"logo_bg_mj":{"logo_bg_mj":{"x":3.4,"y":29.82,"width":71,"height":91}},"logo_title_light":{"logo_title_light":{"x":6.98,"y":-1.04,"width":413,"height":86}},"logo_title_light2":{"logo_title_light":{"x":6.98,"y":-1.04,"width":413,"height":86}},"logo_title_light3":{"logo_title_light":{"x":6.98,"y":-1.04,"width":413,"height":86}},"logo_title_mj":{"logo_title_mj":{"x":15.84,"y":18.3,"width":511,"height":226}},"logo_title_mj_zhezhao":{"logo_title_mj_zhezhao":{"type":"clipping","end":"logo_title_light2","vertexCount":233,"color":"ce3a3aff","vertices":[-188.3,-18.32,-188.3,-43.6,-180.43,-63.5,-167.95,-70.04,-162.13,-68.66,-157.91,-64.81,-153.69,-68.66,-148.82,-68.44,-131.08,-65.46,-112.53,-63.64,-107.58,-60.69,-104.45,-55.89,-104.16,-51.97,-102.27,-45.28,-104.82,-40.69,-109.04,-37.86,-106.13,-32.99,-101.76,-42.88,-96.31,-46.95,-93.76,-44.55,-78.01,-0.55,-75.46,-2.73,-75.39,-7.02,-70.15,-10.3,-72.12,-23.53,-69.14,-26.88,-68.77,-32.26,-73.06,-35.46,-72.34,-41.06,-68.77,-43.53,-70.52,-45.86,-65.28,-50.08,-41.36,-52.77,-38.81,-63.31,-34.74,-71.68,-32.77,-72.19,-28.99,-68.99,-19.17,-48.62,-15.61,-54.3,-15.25,-58.08,-12.34,-60.33,-5.06,-57.42,3.88,-50.3,6.94,-59.31,8.24,-61.13,9.04,-65.42,12.39,-67.82,14.5,-67.17,16.75,-59.97,18.28,-54.08,21.85,-58.37,22.94,-62.59,29.99,-70.3,42.06,-77.57,46.65,-76.84,47.95,-69.93,49.55,-66.66,48.75,-42.08,63.01,-45.71,66.86,-53.86,73.85,-55.24,78.64,-52.99,84.54,-47.53,86.86,-47.75,96.68,-70.08,101.26,-73.06,105.04,-71.02,107.01,-61.93,108.75,-56.48,105.84,-28.26,116.46,-22.59,118.85,-32.01,131.51,-59.79,139.72,-69.75,155.65,-78.48,169.76,-83.06,175.36,-82.55,178.85,-77.83,178.56,-74.12,181.03,-69.68,174.49,-40.12,172.67,-3.03,194.83,8.75,209.12,11.34,208.95,-12.34,210.35,-51.12,216.41,-61.32,223.95,-86.98,228.74,-93.33,246.14,-95.17,255.07,-87.66,259.52,-86.94,270.95,-79.34,271.41,-72.14,275.86,-68.95,275.21,15.88,273.38,18.81,268.04,20.46,268.46,26.13,265.01,29.79,259.36,30.15,258.83,33.3,255.72,32.77,254.64,28.72,249.8,27.36,248.34,32.58,242.66,32.87,242.75,28.3,240.31,29.36,239.7,39.16,237.01,40.79,232.45,39.14,231.06,31.73,228.88,30.74,227.31,39.03,219.69,34.69,219.69,24.59,213.72,20.09,210.65,14.85,193.4,12.63,196.3,15.83,195.87,20.63,191.07,25.87,180.16,28.85,176.67,31.9,175.51,38.96,169.54,43.32,178.7,53.43,180.74,62.59,181.47,72.12,173.4,78.45,163.36,81.14,156.45,78.38,149.83,83.32,144.52,83.61,137.5,79.61,131.39,72.78,122.16,65.29,121.21,47.25,123.61,44.78,106.57,20.36,108.9,43.99,115.44,62.03,117.99,74.54,117.19,82.39,110.13,86.83,102.21,86.17,99.88,80.28,100.24,71.63,95.66,52.35,92.61,53.45,87.51,49.23,84.97,52.28,81.26,53.88,75.59,56.35,70.06,53.37,67.22,45.88,68.97,42.54,66.21,38.03,66.35,28.72,69.84,21.88,70.57,17.66,77.04,10.97,86.93,6.97,89.84,7.34,90.28,0.34,79.81,-12.6,77.41,-12.75,72.31,-11.37,66.06,-15.15,62.79,-20.17,48.1,-18.13,48.24,-12.6,56.17,-8.09,60.61,-3.73,58.42,-0.82,62.86,3.91,61.26,8.12,57.55,10.23,49.99,11.25,46.21,19.03,56.17,23.91,53.99,27.83,57.33,32.85,55.39,36.78,43.83,44.13,34.38,42.09,34.01,49.51,26.74,56.49,9.21,57.94,2.89,55.91,1.36,51.83,4.49,46.02,4.85,41.73,12.05,33.29,-8.39,27.47,-18.42,30.38,-24.75,24.71,-26.42,25.36,-26.06,28.93,-24.46,33.8,-29.19,38.23,-25.33,47.91,-25.19,52.88,-27.08,57.68,-30.35,61.54,-32.68,63.64,-34.06,68.23,-49.62,69.83,-61.99,69.39,-64.02,64.23,-62.13,56.52,-59.08,54.55,-60.09,49.03,-64.02,46.99,-72.82,47.5,-79.88,57.17,-88.75,61.68,-93.26,60.08,-95,55.72,-93.04,48.74,-103.44,39.28,-114.28,51.57,-124.31,56.66,-130.2,55.06,-135.08,76.88,-141.21,84.66,-149.28,84.88,-186.81,46.19,-205.71,18.19,-206.08,11.06,-199.82,-3.86,-195.82,-12.81]}}}}],"animations":{"animation":{"bones":{"logo_bg_mj":{"rotate":[{"angle":6.02,"curve":0.25,"c3":0.75},{"time":1.6667,"angle":-14.43,"curve":0.25,"c3":0.75},{"time":3.3333,"angle":6.02}],"translate":[{"y":-9.65,"curve":0.25,"c3":0.75},{"time":1.6667,"x":6.76,"y":6.76,"curve":0.25,"c3":0.75},{"time":3.3333,"y":-9.65}],"scale":[{"curve":0.25,"c3":0.75},{"time":1.6667,"x":1.392,"y":1.392,"curve":0.25,"c3":0.75},{"time":3.3333}]},"logo_title_light2":{"translate":[{"x":-23.56,"y":12.82},{"time":1,"x":467.01,"y":-133.13}],"scale":[{"x":1.918}]},"logo_TWsmall":{"scale":[{"time":0.3333},{"time":0.4667,"x":0.926,"y":0.926},{"time":0.6},{"time":0.7333,"x":0.926,"y":0.926},{"time":0.8667}]}}}}},[0]]],0,0,[0],[-1],[0]]