[1,["11vcSwZKhOt6Knn7niM+l3@6c48a","2c521HD/hI64o4axcXDcN4@6c48a","2c521HD/hI64o4axcXDcN4@f9941","11vcSwZKhOt6Knn7niM+l3@f9941","b7Y7TvJ1REJpT3ftlu7BSg@f9941"],["node","_textureSource","_spriteFrame","root","_checkMark","_target","chipNumLabel","data","_normalSprite"],["cc.SpriteFrame",["cc.Sprite",["node","__prefab","_spriteFrame"],3,1,4,6],["cc.PrefabInfo",["fileId","instance","nestedPrefabInstanceRoots","targetOverrides","root","asset"],-1,1,1],["cc.Prefab",["_name"],2],["cc.Node",["_name","_layer","_children","_components","_prefab","_lpos"],1,2,9,4,5],["cc.Node",["_name","_layer","_parent","_components","_prefab"],1,1,12,4],["cc.UITransform",["node","__prefab","_contentSize"],3,1,4,5],["cc.CompPrefabInfo",["fileId"],2],["cc.Toggle",["node","__prefab","clickEvents","_normalColor","_target","_checkMark","_normalSprite"],3,1,4,9,5,1,1,6],["cc.ClickEvent",[],3],["a274dGUC7tE1qI46POFhPwR",["node","__prefab","chipNumLabel"],3,1,4,1],["cc.Label",["_string","_actualFontSize","_fontSize","_isBold","node","__prefab","_color"],-1,1,4,5]],[[7,0,2],[6,0,1,2,1],[5,0,1,2,3,4,3],[2,0,1,3,2,4,5,5],[3,0,2],[4,0,1,2,3,4,5,3],[1,0,1,2,1],[1,0,1,1],[8,0,1,2,3,4,5,6,1],[9,1],[10,0,1,2,1],[2,0,1,2,3,4,5,5],[11,0,1,2,3,4,5,6,5]],[[[{"name":"default_toggle_normal","rect":{"x":0,"y":0,"width":28,"height":28},"offset":{"x":0,"y":0},"originalSize":{"width":28,"height":28},"rotated":false,"capInsets":[0,0,0,0],"vertices":{"rawPosition":[-14,-14,0,14,-14,0,-14,14,0,14,14,0],"indexes":[0,1,2,2,1,3],"uv":[0,28,28,28,0,0,28,0],"nuv":[0,0,1,0,0,1,1,1],"minPos":{"x":-14,"y":-14,"z":0},"maxPos":{"x":14,"y":14,"z":0}},"packable":true,"pixelsToUnit":100,"pivot":{"x":0.5,"y":0.5},"meshType":0}],[0],0,[0],[1],[0]],[[{"name":"coin_1","rect":{"x":0,"y":0,"width":74,"height":74},"offset":{"x":0,"y":0},"originalSize":{"width":74,"height":74},"rotated":false,"capInsets":[0,0,0,0],"vertices":{"rawPosition":[-37,-37,0,37,-37,0,-37,37,0,37,37,0],"indexes":[0,1,2,2,1,3],"uv":[0,74,74,74,0,0,74,0],"nuv":[0,0,1,0,0,1,1,1],"minPos":{"x":-37,"y":-37,"z":0},"maxPos":{"x":37,"y":37,"z":0}},"packable":true,"pixelsToUnit":100,"pivot":{"x":0.5,"y":0.5},"meshType":0}],[0],0,[0],[1],[1]],[[[4,"chipItem"],[5,"chipItem",33554432,[-9,-10],[[1,-2,[0,"15+wmn2ttPKY3m38iiHher"],[5,74,74]],[6,-3,[0,"b1+nrPokVCJKdyLL1nV2us"],0],[8,-6,[0,"a0RgrYuWlGC5Z0rzwdA/2q"],[[9]],[4,4292269782],-5,-4,1],[10,-8,[0,"457nlGcetKQKJcR9LhuzVW"],-7]],[11,"cchnyCL+5PU5qMtN//sQSJ",null,null,[],-1,0],[1,37,0,0]],[2,"Checkmark",33554432,1,[[[1,-11,[0,"a9rXQ7/e9GsqXSEiU2DK0N"],[5,94,94]],-12],4,1],[3,"33mFMDxyxJtYNPiq1DSeHD",null,null,null,1,0]],[2,"numLabel",33554432,1,[[[1,-13,[0,"c15E7Op5pHq7N4QPIxW0GT"],[5,33.369140625,50.4]],-14],4,1],[3,"08XtFWPQxImLRrtntwRb9i",null,null,null,1,0]],[7,2,[0,"cbE974m8hNhov4Bs2lxsxx"]],[12,"100",20,20,true,3,[0,"adxLl3cM1MMIdTsZLQgTDk"],[4,4278190080]]],0,[0,3,1,0,0,1,0,0,1,0,4,4,0,5,1,0,0,1,0,6,5,0,0,1,0,-1,2,0,-2,3,0,0,2,0,-2,4,0,0,3,0,-2,5,0,7,1,14],[0,0,4],[2,8,2],[2,3,4]]]]
