[1,["cdBpA31m9EOq6mIehEmfL/"],0,[["sp.SkeletonData",["_name","_atlasText","textureNames","_skeletonJson","textures"],-1,3]],[[0,0,1,2,3,4,5]],[[0,"hejuliuju","\nhejuliuju.png\nsize: 961,374\nformat: RGBA4444\nfilter: Linear,Linear\nrepeat: none\nfangqiang_light\n  rotate: true\n  xy: 746, 103\n  size: 269, 213\n  orig: 269, 213\n  offset: 0, 0\n  index: -1\nfangqiang_title\n  rotate: false\n  xy: 2, 4\n  size: 155, 79\n  orig: 158, 79\n  offset: 2, 0\n  index: -1\nheju_bg\n  rotate: false\n  xy: 2, 85\n  size: 442, 133\n  orig: 501, 133\n  offset: 28, 0\n  index: -1\nliuju_bg\n  rotate: false\n  xy: 2, 85\n  size: 442, 133\n  orig: 501, 133\n  offset: 28, 0\n  index: -1\nheju_title\n  rotate: false\n  xy: 446, 69\n  size: 295, 149\n  orig: 297, 151\n  offset: 1, 1\n  index: -1\nicon_ting_small\n  rotate: false\n  xy: 159, 14\n  size: 70, 69\n  orig: 70, 69\n  offset: 0, 0\n  index: -1\nliuju_star\n  rotate: false\n  xy: 743, 12\n  size: 93, 89\n  orig: 146, 123\n  offset: 29, 16\n  index: -1\nliuju_title\n  rotate: false\n  xy: 447, 220\n  size: 297, 152\n  orig: 299, 154\n  offset: 1, 1\n  index: -1\nqiangganghu_title\n  rotate: false\n  xy: 2, 220\n  size: 443, 152\n  orig: 445, 154\n  offset: 1, 1\n  index: -1\nting_frame_00\n  rotate: false\n  xy: 838, 6\n  size: 63, 34\n  orig: 80, 80\n  offset: 9, 40\n  index: -1\nting_frame_01\n  rotate: false\n  xy: 290, 36\n  size: 57, 47\n  orig: 80, 80\n  offset: 15, 25\n  index: -1\nting_frame_02\n  rotate: true\n  xy: 523, 22\n  size: 45, 58\n  orig: 80, 80\n  offset: 27, 14\n  index: -1\nting_frame_03\n  rotate: true\n  xy: 349, 2\n  size: 33, 63\n  orig: 80, 80\n  offset: 39, 9\n  index: -1\nting_frame_04\n  rotate: false\n  xy: 886, 44\n  size: 47, 57\n  orig: 80, 80\n  offset: 24, 9\n  index: -1\nting_frame_05\n  rotate: false\n  xy: 349, 37\n  size: 58, 46\n  orig: 80, 80\n  offset: 13, 9\n  index: -1\nting_frame_06\n  rotate: false\n  xy: 583, 33\n  size: 63, 34\n  orig: 80, 80\n  offset: 8, 9\n  index: -1\nting_frame_07\n  rotate: false\n  xy: 231, 35\n  size: 57, 48\n  orig: 80, 80\n  offset: 8, 10\n  index: -1\nting_frame_08\n  rotate: false\n  xy: 838, 42\n  size: 46, 59\n  orig: 80, 80\n  offset: 8, 10\n  index: -1\nting_frame_09\n  rotate: true\n  xy: 648, 34\n  size: 33, 63\n  orig: 80, 80\n  offset: 8, 11\n  index: -1\nting_frame_10\n  rotate: false\n  xy: 414, 10\n  size: 47, 57\n  orig: 80, 80\n  offset: 9, 17\n  index: -1\nting_frame_11\n  rotate: false\n  xy: 463, 21\n  size: 58, 46\n  orig: 80, 80\n  offset: 9, 28\n  index: -1\n",["hejuliuju.png"],{"skeleton":{"hash":"OYDETlrSA9LLbpj/ZqJSxcXNPlE","spine":"3.8.99","x":-640,"y":-360,"width":1280,"height":720,"images":"./images/hejuliuju/","audio":""},"bones":[{"name":"root"},{"name":"fangqiang_light","parent":"root"},{"name":"fangqiang_title","parent":"root"},{"name":"heju_bg","parent":"root"},{"name":"heju_title","parent":"root"},{"name":"liuju_bg","parent":"root"},{"name":"liuju_star","parent":"root"},{"name":"liuju_title","parent":"root"},{"name":"qiangganghu_title","parent":"root"},{"name":"fangqiang_light2","parent":"root"},{"name":"fangqiang_light3","parent":"root"},{"name":"fangqiang_light4","parent":"root"},{"name":"fangqiang_light5","parent":"root"},{"name":"fangqiang_light6","parent":"root"},{"name":"liuju_star2","parent":"root"},{"name":"liuju_star3","parent":"root"},{"name":"liuju_star4","parent":"root"},{"name":"liuju_star5","parent":"root"},{"name":"liuju_star6","parent":"root"},{"name":"zhezhao_star6","parent":"root"},{"name":"liuju_star7","parent":"root"},{"name":"zhezhao_star7","parent":"root"},{"name":"liuju_star8","parent":"root"},{"name":"liuju_star9","parent":"root"},{"name":"liuju_star10","parent":"root"},{"name":"liuju_star11","parent":"root"},{"name":"liuju_star12","parent":"root"},{"name":"liuju_star13","parent":"root"},{"name":"liuju_star14","parent":"root"},{"name":"zhezhao_star14","parent":"root"},{"name":"icon_ting_small","parent":"root"},{"name":"ting_frame","parent":"icon_ting_small"},{"name":"bone","parent":"root","x":-1.8,"y":0.74}],"slots":[{"name":"1程序麻将摆牌","bone":"bone"},{"name":"fangqiang_light","bone":"fangqiang_light"},{"name":"fangqiang_light2","bone":"fangqiang_light2","blend":"additive"},{"name":"fangqiang_light3","bone":"fangqiang_light3"},{"name":"fangqiang_light5","bone":"fangqiang_light5"},{"name":"fangqiang_light4","bone":"fangqiang_light4","blend":"additive"},{"name":"fangqiang_light6","bone":"fangqiang_light6","blend":"additive"},{"name":"fangqiang_title","bone":"fangqiang_title"},{"name":"heju_bg","bone":"heju_bg"},{"name":"heju_title","bone":"heju_title"},{"name":"liuju_bg","bone":"liuju_bg"},{"name":"liuju_star","bone":"liuju_star","blend":"additive"},{"name":"liuju_star2","bone":"liuju_star2","blend":"additive"},{"name":"liuju_star3","bone":"liuju_star3","blend":"additive"},{"name":"liuju_star4","bone":"liuju_star4","blend":"additive"},{"name":"liuju_star5","bone":"liuju_star5","blend":"additive"},{"name":"liuju_star8","bone":"liuju_star8","blend":"additive"},{"name":"liuju_star9","bone":"liuju_star9","blend":"additive"},{"name":"liuju_star10","bone":"liuju_star10","blend":"additive"},{"name":"liuju_star11","bone":"liuju_star11","blend":"additive"},{"name":"liuju_star12","bone":"liuju_star12","blend":"additive"},{"name":"liuju_star13","bone":"liuju_star13","blend":"additive"},{"name":"guang_zhezhao","bone":"zhezhao_star6","attachment":"guang_zhezhao"},{"name":"liuju_star6","bone":"liuju_star6","blend":"additive"},{"name":"zhezhao_star7","bone":"zhezhao_star7","attachment":"zhezhao_star7"},{"name":"liuju_title","bone":"liuju_title"},{"name":"liuju_star7","bone":"liuju_star7","blend":"additive"},{"name":"qiangganghu_title","bone":"qiangganghu_title"},{"name":"zhezhao_star14","bone":"zhezhao_star14","attachment":"zhezhao_star14"},{"name":"liuju_star14","bone":"liuju_star14","blend":"additive"},{"name":"icon_ting_small","bone":"icon_ting_small"},{"name":"ting_frame_00","bone":"ting_frame"}],"skins":[{"name":"default","attachments":{"fangqiang_light":{"fangqiang_light":{"x":0.5,"y":0.5,"width":269,"height":213}},"fangqiang_light2":{"fangqiang_light":{"x":0.5,"y":0.5,"width":269,"height":213}},"fangqiang_light3":{"fangqiang_light":{"x":0.5,"y":0.5,"width":269,"height":213}},"fangqiang_light4":{"fangqiang_light":{"x":0.5,"y":0.5,"width":269,"height":213}},"fangqiang_light5":{"fangqiang_light":{"x":0.5,"y":0.5,"width":269,"height":213}},"fangqiang_light6":{"fangqiang_light":{"x":0.5,"y":0.5,"width":269,"height":213}},"fangqiang_title":{"fangqiang_title":{"y":0.5,"width":158,"height":79}},"guang_zhezhao":{"guang_zhezhao":{"type":"clipping","end":"liuju_star6","vertexCount":72,"color":"ce3a3aff","vertices":[-63.18,24.72,-57.79,16.58,-74.55,10.12,-75.1,5.09,-72.19,1.63,-68.42,-1.43,-64.48,-2.62,-69.24,-7.98,-75.1,-12.48,-75.55,-17.61,-72.84,-19.18,-67.76,-19.29,-65.14,-26.97,-60.95,-28.7,-54.47,-27.88,-49.58,-23.88,-35.03,-24.17,-27.67,-21.8,-19.95,-27.71,-12.81,-31.33,-6.85,-32.07,6.27,-27.3,9.45,-32.44,13.47,-32.45,16.59,-30.57,17.97,-27.53,21.74,-28.32,27.48,-25.05,30.26,-31.19,33.77,-33.06,40.63,-31.91,56.26,-31.51,59.15,-29.03,58.09,-22.6,61.46,-18.25,60.35,-10.68,54.96,-6.89,48.82,-5.32,54.18,2,57.33,0.46,63.9,0.39,75.81,1.84,76.29,7.37,75.25,10.91,59.14,18.15,48.85,26.79,37.55,32.82,33.14,32.23,25.17,18.83,25.1,24.15,22.83,27.74,10.45,34.25,6.92,33.94,7.68,17.92,-2.87,13.3,-3.85,14.25,-1.85,18.25,-5.21,25.61,-12.13,27.38,-19.72,23.44,-18.73,27.56,-20.03,33.27,-25.92,37.47,-32.8,39.47,-36.48,36.03,-40.61,15.25,-44.84,18.24,-42.79,22.25,-43.26,28.87,-52.71,33.98,-61.65,34.34,-64.29,31.99]}},"heju_bg":{"heju_bg":{"x":0.5,"y":0.5,"width":501,"height":133}},"heju_title":{"heju_title":{"x":0.5,"y":0.5,"width":297,"height":151}},"icon_ting_small":{"icon_ting_small":{"y":0.5,"width":70,"height":69}},"liuju_bg":{"liuju_bg":{"x":0.5,"y":0.5,"width":501,"height":133}},"liuju_star":{"liuju_star":{"y":0.5,"width":146,"height":123}},"liuju_star2":{"liuju_star":{"y":0.5,"width":146,"height":123}},"liuju_star3":{"liuju_star":{"y":0.5,"width":146,"height":123}},"liuju_star4":{"liuju_star":{"y":0.5,"width":146,"height":123}},"liuju_star5":{"liuju_star":{"y":0.5,"width":146,"height":123}},"liuju_star6":{"liuju_star":{"y":0.5,"width":146,"height":123}},"liuju_star7":{"liuju_star":{"y":0.5,"width":146,"height":123}},"liuju_star8":{"liuju_star":{"y":0.5,"width":146,"height":123}},"liuju_star9":{"liuju_star":{"y":0.5,"width":146,"height":123}},"liuju_star10":{"liuju_star":{"y":0.5,"width":146,"height":123}},"liuju_star11":{"liuju_star":{"y":0.5,"width":146,"height":123}},"liuju_star12":{"liuju_star":{"y":0.5,"width":146,"height":123}},"liuju_star13":{"liuju_star":{"y":0.5,"width":146,"height":123}},"liuju_star14":{"liuju_star":{"y":0.5,"width":146,"height":123}},"liuju_title":{"liuju_title":{"x":0.5,"width":299,"height":154}},"qiangganghu_title":{"qiangganghu_title":{"x":0.5,"width":445,"height":154}},"ting_frame_00":{"ting_frame_00":{"width":80,"height":80},"ting_frame_01":{"width":80,"height":80},"ting_frame_02":{"width":80,"height":80},"ting_frame_03":{"width":80,"height":80},"ting_frame_04":{"width":80,"height":80},"ting_frame_05":{"width":80,"height":80},"ting_frame_06":{"width":80,"height":80},"ting_frame_07":{"width":80,"height":80},"ting_frame_08":{"width":80,"height":80},"ting_frame_09":{"width":80,"height":80},"ting_frame_10":{"width":80,"height":80},"ting_frame_11":{"width":80,"height":80}},"zhezhao_star7":{"zhezhao_star7":{"type":"clipping","end":"liuju_star7","vertexCount":89,"color":"ce3a3aff","vertices":[-88.32,61.46,-115.46,55.49,-125.58,48.81,-122.59,45.83,-125.81,41,-107.18,35.94,-106.95,30.88,-138.69,18,-137.54,12.48,-140.76,9.49,-127.42,-5.23,-116.61,-7.3,-131.1,-18.8,-140.99,-21.79,-139.15,-27.77,-140.3,-32.37,-130.87,-39.04,-121.9,-39.27,-107.64,-31.68,-107.18,-56.29,-102.58,-66.64,-96.37,-67.1,-89.01,-59.51,-85.79,-37.43,-83.72,-15.81,-79.35,-16.96,-72.68,-13.97,-67.62,-30.07,-59.11,-36.05,-31.97,-32.83,-10.81,-28.69,0.69,-34.67,4.6,-34.21,1.15,-41.57,8.51,-42.26,25.76,-33.75,37.95,-24.78,42.78,-43.41,46.69,-50.54,53.59,-51.92,60.49,-48.93,69.69,-48.24,87.4,-45.94,85.79,-49.85,89.93,-54.45,92,-64.57,99.59,-66.41,117.3,-62.04,130.87,-51.92,139.15,-36.51,141.68,-15.81,140.3,7.42,125.58,16.62,86.94,14.09,105.34,23.29,109.48,26.97,107.87,34.33,120.52,42.61,123.74,49.28,121.21,52.49,122.36,56.63,113.62,65.37,99.36,69.51,83.95,64.45,66.24,62.84,52.9,66.75,43.93,59.39,42.09,35.48,31.05,9.26,2.53,-30.53,-4.83,-24.32,-3.68,-11.21,-6.44,-7.07,6.67,8.8,4.83,15.24,5.75,20.3,-0.23,27.66,-23,37.55,-39.33,29.27,-54.74,23.98,-69,27.66,-69.69,33.64,-72.68,37.78,-65.55,40.54,-63.02,45.6,-65.55,49.28,-64.17,54.56,-73.37,64.68,-79.58,66.06]}},"zhezhao_star14":{"zhezhao_star14":{"type":"clipping","end":"liuju_star14","vertexCount":177,"color":"ce3a3aff","vertices":[-191.72,64.09,-191.42,42.36,-210.7,35.17,-209.78,24.61,-202.28,14.82,-192.18,10.54,-192.34,3.35,-214.67,-14.4,-214.06,-23.89,-207.02,-33.07,-202.74,-35.21,-192.34,-28.02,-192.95,-36.13,-198,-37.66,-197.84,-47.14,-191.72,-61.83,-187.75,-63.82,-180.1,-60.45,-173.98,-53.72,-168.62,-56.02,-155.31,-52.65,-151.33,-49.44,-141.69,-69.02,-119.36,-66.27,-91.82,-65.5,-88.3,-63.97,-86.31,-55.25,-86.46,-47.14,-90.29,-43.32,-87.07,-33.83,-88.45,-22.05,-96.71,-15.78,-108.19,-14.86,-108.19,-10.58,-94.88,11.92,-79.27,0.13,-73.15,-0.17,-51.73,3.35,-55.55,-1.09,-62.75,-2.77,-66.72,-10.27,-67.18,-27.41,-62.29,-34.44,-57.24,-35.67,-37.96,-25.72,-37.04,-37.66,-30.31,-50.51,-23.73,-56.17,-19.91,-54.18,-15.62,-46.53,-13.79,-29.24,-13.02,-8.28,1.06,4.11,-2.31,-13.79,-0.93,-26.03,3.96,-37.5,-2.92,-43.62,-3.99,-59.84,-1.7,-65.04,3.35,-66.11,8.86,-63.51,39.15,-36.59,41.45,-39.34,39.31,-43.47,42.98,-46.84,80,-65.96,84.9,-64.89,87.35,-59.69,86.12,-52.96,83.37,-45.92,69.91,-35.21,69.14,18.8,67.46,22.63,85.36,27.37,87.04,18.95,86.89,10.84,102.04,-6.29,86.89,-6.29,87.04,-16.24,95.92,-38.42,101.58,-50.81,107.7,-53.11,112.13,-49.28,115.35,-42.25,127.43,-44.39,134.47,-42.4,145.03,-34.29,138.3,-46.38,132.02,-53.72,134.93,-56.93,132.18,-61.07,138.76,-62.75,151,-57.85,161.4,-48.52,166.75,-38.12,168.74,-26.33,182.67,-27.25,182.97,-40.1,169.36,-38.57,168.28,-42.71,172.72,-45.77,168.13,-47.14,170.89,-51.43,185.42,-66.42,193.07,-69.48,205.62,-62.9,210.97,-53.87,211.74,-39.34,207.76,16.51,210.51,27.37,216.33,39.61,215.71,49.09,210.05,57.05,195.21,61.95,168.74,55.06,169.36,50.62,152.07,50.47,152.53,10.23,150.23,-15.01,146.25,-12.72,145.95,-4,141.66,2.58,132.64,3.35,134.32,7.78,145.49,14.82,147.63,18.49,146.41,23.85,144.72,35.32,141.05,37.93,141.05,48.18,137.07,54.14,105.71,64.85,104.33,55.21,108.77,40.99,109.84,28.9,89.64,21.1,87.81,29.2,86.28,34.71,88.27,39.15,79.85,43.59,64.09,43.74,70.21,48.48,67.61,52.92,69.75,56.13,65.77,61.33,50.47,65.77,22.17,61.64,9.78,57.36,7.02,52.92,7.33,44.2,12.84,41.44,23.85,38.54,18.04,33.95,6.87,30.28,4.88,32.42,7.18,36.24,5.34,38.54,-4.91,42.06,-7.67,46.49,-4.91,51.54,-5.37,56.59,-4.61,61.49,-10.11,66.84,-23.42,67.61,-28.63,62.71,-31.38,39,-63.82,30.58,-66.42,28.13,-80.34,35.17,-101.45,54.91,-116.6,65.92,-134.5,70.21,-141.69,52.61,-156.08,40.22,-156.69,43.59,-165.71,53.84,-188.97,65.62]}}}}],"animations":{"fangqiang":{"slots":{"fangqiang_light":{"color":[{"time":0.1,"color":"ffffffff","curve":0.25,"c3":0.75},{"time":0.2333,"color":"ffffff00"}],"attachment":[{"name":"fangqiang_light"}]},"fangqiang_light2":{"color":[{"time":0.1,"color":"ffffffff","curve":0.25,"c3":0.75},{"time":0.2333,"color":"ffffff00"}],"attachment":[{"name":"fangqiang_light"}]},"fangqiang_light3":{"color":[{"time":0.2667,"color":"ffffffff","curve":0.25,"c3":0.75},{"time":0.3667,"color":"ffffff00"}],"attachment":[{"time":0.1667,"name":"fangqiang_light"}]},"fangqiang_light4":{"color":[{"time":0.2667,"color":"ffffffff","curve":0.25,"c3":0.75},{"time":0.3667,"color":"ffffff00"}],"attachment":[{"time":0.1667,"name":"fangqiang_light"}]},"fangqiang_light5":{"color":[{"time":0.4,"color":"ffffffff","curve":0.25,"c3":0.75},{"time":0.5333,"color":"ffffff00"}],"attachment":[{"time":0.3,"name":"fangqiang_light"}]},"fangqiang_light6":{"color":[{"time":0.4,"color":"ffffffff","curve":0.25,"c3":0.75},{"time":0.5333,"color":"ffffff00"}],"attachment":[{"time":0.3,"name":"fangqiang_light"}]},"fangqiang_title":{"attachment":[{"name":"fangqiang_title"}]},"liuju_star":{"color":[{"time":0.4333,"color":"ffffff00"},{"time":0.5333,"color":"ffef00ff","curve":"stepped"},{"time":0.8,"color":"ffef00ff"},{"time":1.2,"color":"ffef0000"}],"attachment":[{"time":0.4333,"name":"liuju_star"}]},"liuju_star2":{"color":[{"time":0.2,"color":"ffffff00"},{"time":0.2667,"color":"ffef00ff","curve":"stepped"},{"time":0.6,"color":"ffef00ff"},{"time":1,"color":"ffef0000"}],"attachment":[{"time":0.2,"name":"liuju_star"}]},"liuju_star3":{"color":[{"time":0.5,"color":"ffffff00"},{"time":0.6,"color":"ffef00ff","curve":"stepped"},{"time":0.9667,"color":"ffef00ff"},{"time":1.3333,"color":"ffef0000"}],"attachment":[{"time":0.5,"name":"liuju_star"}]},"liuju_star4":{"color":[{"time":0.1,"color":"ffffff00"},{"time":0.2,"color":"ffef00ff","curve":"stepped"},{"time":0.8,"color":"ffef00ff"},{"time":1.1,"color":"ffef0000"}],"attachment":[{"time":0.1,"name":"liuju_star"}]},"liuju_star5":{"color":[{"color":"ffffff00"},{"time":0.1,"color":"ffef00ff","curve":"stepped"},{"time":0.3667,"color":"ffef00ff"},{"time":0.7667,"color":"ffef0000"}],"attachment":[{"name":"liuju_star"}]},"liuju_star6":{"color":[{"time":0.1333,"color":"ffffff9c"}],"attachment":[{"time":0.1333,"name":"liuju_star"}]}},"bones":{"fangqiang_title":{"translate":[{"y":160.96},{"time":0.0667}],"scale":[{"x":2.207,"y":2.207},{"time":0.0667}]},"fangqiang_light":{"translate":[{"y":-9.87}],"scale":[{"x":0,"y":0,"curve":0.25,"c3":0.75},{"time":0.2333,"x":1.5,"y":1.5}]},"fangqiang_light2":{"translate":[{"y":-9.87}],"scale":[{"x":0,"y":0,"curve":0.25,"c3":0.75},{"time":0.2333,"x":1.5,"y":1.5}]},"fangqiang_light3":{"translate":[{"y":-9.87}],"scale":[{"time":0.1667,"x":0,"y":0,"curve":0.25,"c3":0.75},{"time":0.3667,"x":1.5,"y":1.5}]},"fangqiang_light4":{"translate":[{"y":-9.87}],"scale":[{"time":0.1667,"x":0,"y":0,"curve":0.25,"c3":0.75},{"time":0.3667,"x":1.5,"y":1.5}]},"fangqiang_light5":{"translate":[{"y":-9.87}],"scale":[{"time":0.3,"x":0,"y":0,"curve":0.25,"c3":0.75},{"time":0.5333,"x":1.5,"y":1.5}]},"fangqiang_light6":{"translate":[{"y":-9.87}],"scale":[{"time":0.3,"x":0,"y":0,"curve":0.25,"c3":0.75},{"time":0.5333,"x":1.5,"y":1.5}]},"liuju_star":{"rotate":[{"time":0.4333},{"time":1.2,"angle":-138.77}],"translate":[{"time":0.4333,"x":-3.98,"y":-21.42},{"time":0.8,"x":5.27,"y":1.93},{"time":1.2,"x":10.01,"y":29.53}],"scale":[{"time":0.4333,"x":0.23,"y":0.23},{"time":1.2,"x":0.2,"y":0.2}]},"liuju_star2":{"rotate":[{"time":0.2},{"time":1,"angle":135.76}],"translate":[{"time":0.2,"x":31.52,"y":-7.04},{"time":0.6,"x":23.7,"y":12.62},{"time":1,"x":26.53,"y":35.96}],"scale":[{"time":0.2,"x":0.171,"y":0.171},{"time":1,"x":0.151,"y":0.151}]},"liuju_star3":{"rotate":[{"time":0.5},{"time":1.3333,"angle":68.08}],"translate":[{"time":0.5,"x":-61.51,"y":-25.09},{"time":1,"x":-63.24,"y":5.48},{"time":1.3333,"x":-65.88,"y":31.98}],"scale":[{"time":0.5,"x":0.2,"y":0.2},{"time":1.3333,"x":0.186,"y":0.186}]},"liuju_star4":{"rotate":[{"time":0.1},{"time":1.1,"angle":-138.77}],"translate":[{"time":0.1,"x":-24.48,"y":1.53},{"time":0.6,"x":-23.76,"y":25.63},{"time":1.1,"x":-30.99,"y":48.51}],"scale":[{"time":0.1,"x":0.23,"y":0.23},{"time":1.1,"x":0.2,"y":0.2}]},"liuju_star5":{"rotate":[{},{"time":0.7667,"angle":-138.77}],"translate":[{"x":58.75,"y":7.04},{"time":0.4,"x":69.16,"y":22.7},{"time":0.7667,"x":73.05,"y":36.27}],"scale":[{"x":0.23,"y":0.23},{"time":0.7667,"x":0.2,"y":0.2}]},"liuju_star6":{"rotate":[{"time":0.1333,"angle":-25.11}],"translate":[{"time":0.1333,"x":-100.79},{"time":0.8667,"x":110.98}],"scale":[{"time":0.1333,"x":0.536,"y":2.018}]}},"drawOrder":[{"offsets":[{"slot":"guang_zhezhao","offset":3},{"slot":"liuju_star6","offset":3},{"slot":"liuju_title","offset":-1}]}]},"heju":{"slots":{"heju_bg":{"attachment":[{"name":"heju_bg"}]},"heju_title":{"attachment":[{"name":"heju_title"}]},"liuju_star":{"color":[{"time":0.3333,"color":"8cff86b5","curve":"stepped"},{"time":1.2,"color":"8cff86b5"},{"time":1.4667,"color":"8cff8600"}],"attachment":[{"time":0.3333,"name":"liuju_star"}]},"liuju_star2":{"color":[{"time":0.1,"color":"8cff86b5","curve":"stepped"},{"time":1.1,"color":"8cff86b5"},{"time":1.3667,"color":"8cff8600"}],"attachment":[{"time":0.1,"name":"liuju_star"}]},"liuju_star3":{"color":[{"time":0.0667,"color":"8cff86b5","curve":"stepped"},{"time":0.7333,"color":"8cff86b5"},{"time":1,"color":"8cff8600"}],"attachment":[{"time":0.0667,"name":"liuju_star"}]},"liuju_star4":{"color":[{"color":"8cff86b5","curve":"stepped"},{"time":0.8,"color":"8cff86b5"},{"time":1.0667,"color":"8cff8600"}],"attachment":[{"time":0.0667,"name":"liuju_star"}]},"liuju_star5":{"color":[{"time":0.2333,"color":"8cff86b5","curve":"stepped"},{"time":0.9,"color":"8cff86b5"},{"time":1.1667,"color":"8cff8600"}],"attachment":[{"time":0.2333,"name":"liuju_star"}]},"liuju_star7":{"color":[{"time":0.1667,"color":"ffffff00"},{"time":0.3333,"color":"c5ffaeff","curve":"stepped"},{"time":0.8333,"color":"c5ffaeff"},{"time":1,"color":"c5ffae00"}],"attachment":[{"time":0.1667,"name":"liuju_star"}]},"liuju_star8":{"color":[{"time":0.8,"color":"8cff86b5","curve":"stepped"},{"time":1.3333,"color":"8cff86b5"},{"time":1.6,"color":"8cff8600"}],"attachment":[{"time":0.8,"name":"liuju_star"}]},"liuju_star9":{"color":[{"color":"8cff86b5","curve":"stepped"},{"time":0.8667,"color":"8cff86b5"},{"time":1.1333,"color":"8cff8600"}],"attachment":[{"time":0.0667,"name":"liuju_star"}]},"liuju_star10":{"color":[{"color":"8cff86b5"},{"time":0.8667,"color":"8cff86b5"},{"time":1.1333,"color":"8cff8600"}],"attachment":[{"time":0.0667,"name":"liuju_star"}]},"liuju_star11":{"color":[{"time":0.2,"color":"8cff86b5"},{"time":1.2,"color":"8cff86b5"},{"time":1.4667,"color":"8cff8600"}],"attachment":[{"time":0.2,"name":"liuju_star"}]},"liuju_star12":{"color":[{"time":0.6,"color":"8cff86b5"},{"time":1.2667,"color":"8cff86b5"},{"time":1.5333,"color":"8cff8600"}],"attachment":[{"time":0.6,"name":"liuju_star"}]},"liuju_star13":{"color":[{"time":0.0667,"color":"61ff09ff"}],"attachment":[{"time":0.0667,"name":"liuju_star"}]}},"bones":{"heju_title":{"translate":[{"y":389.13},{"time":0.0667}],"scale":[{"x":3.103,"y":3.103},{"time":0.0667}]},"liuju_star7":{"rotate":[{"time":0.1667,"angle":-25.11}],"translate":[{"time":0.1667,"x":-159.03},{"time":1,"x":172.59}],"scale":[{"time":0.1667,"x":0.536,"y":2.018}]},"liuju_star":{"translate":[{"time":0.3333,"x":97.84,"y":9.32},{"time":0.4667,"x":154.55,"y":14.4},{"time":1.4667,"x":225.78,"y":26.6}],"scale":[{"time":0.3333,"x":0.18,"y":0.18}]},"liuju_star2":{"translate":[{"time":0.1,"x":133.96,"y":-12.72},{"time":0.2667,"x":185.29,"y":-16.69},{"time":1.3667,"x":242.65,"y":-21.13}],"scale":[{"time":0.1,"x":0.18,"y":0.18}]},"liuju_star3":{"translate":[{"time":0.0667,"x":-125.17,"y":10.6},{"time":1,"x":-224.34,"y":21.23}],"scale":[{"time":0.0667,"x":0.18,"y":0.18}]},"liuju_star4":{"translate":[{"x":-101.11,"y":-10.6},{"time":1.0667,"x":-268.6,"y":-25.6}],"scale":[{"x":0.1,"y":0.1}]},"liuju_star5":{"translate":[{"time":0.2333,"x":129.58,"y":-34.55},{"time":1.1667,"x":289.78,"y":-29.26}],"scale":[{"time":0.2333,"x":0.18,"y":0.18}]},"liuju_star9":{"translate":[{"x":-113.34,"y":-22.5},{"time":0.2,"x":-161.73,"y":-22.5},{"time":1.1333,"x":-188.12,"y":-22.5}],"scale":[{"x":0.24,"y":0.24}]},"liuju_star10":{"translate":[{"x":-120.33},{"time":0.2,"x":-187.99},{"time":1.1333,"x":-248.12}],"scale":[{"x":0.1,"y":0.1}]},"liuju_star8":{"translate":[{"time":0.8,"x":95.51,"y":16.87},{"time":1.6,"x":188.75,"y":16.87}],"scale":[{"time":0.8,"x":0.138,"y":0.138}]},"liuju_star11":{"translate":[{"time":0.2,"x":-112.68},{"time":1.4667,"x":-186.25}],"scale":[{"time":0.2,"x":0.3,"y":0.3}]},"liuju_star12":{"translate":[{"time":0.6,"x":122.2,"y":-30.62},{"time":1.5333,"x":211.87,"y":-30.62}],"scale":[{"time":0.6,"x":0.3,"y":0.3}]},"liuju_star13":{"scale":[{"time":0.0667,"x":6.49,"y":1.501},{"time":0.4333,"x":3.882,"y":0.515},{"time":0.8333,"x":6.49,"y":1.501},{"time":1.2,"x":3.882,"y":0.515},{"time":1.6,"x":6.49,"y":1.501}]},"bone":{"rotate":[{"angle":-0.02}]}},"drawOrder":[{"offsets":[{"slot":"heju_title","offset":11},{"slot":"liuju_bg","offset":11}]}]},"liuju":{"slots":{"liuju_bg":{"attachment":[{"name":"liuju_bg"}]},"liuju_star":{"attachment":[{"time":0.0667,"name":"liuju_star"}]},"liuju_star2":{"attachment":[{"time":0.2,"name":"liuju_star"}]},"liuju_star3":{"attachment":[{"time":0.3333,"name":"liuju_star"}]},"liuju_star4":{"attachment":[{"time":0.7333,"name":"liuju_star"}]},"liuju_star5":{"attachment":[{"time":0.5333,"name":"liuju_star"}]},"liuju_star8":{"attachment":[{"time":0.4667,"name":"liuju_star"}]},"liuju_title":{"attachment":[{"name":"liuju_title"},{"time":1.6,"name":"liuju_title"}]}},"bones":{"liuju_star":{"rotate":[{"time":0.0667},{"time":0.3333,"angle":-78.44},{"time":0.6,"angle":137.01}],"translate":[{"x":97.34,"y":42.59}],"scale":[{"time":0.0667,"x":0,"y":0},{"time":0.3333,"x":0.6,"y":0.6},{"time":0.6,"x":0,"y":0}]},"liuju_star2":{"rotate":[{"time":0.2},{"time":0.4667,"angle":-76.03},{"time":0.7333,"angle":123.46}],"translate":[{"x":-116.95,"y":-34.48}],"scale":[{"time":0.2,"x":0,"y":0},{"time":0.4667,"x":0.6,"y":0.6},{"time":0.7333,"x":0,"y":0}]},"liuju_star3":{"rotate":[{"time":0.3333},{"time":0.8667,"angle":-83.21}],"translate":[{"x":81.12,"y":-29.74}],"scale":[{"time":0.3333,"x":0,"y":0},{"time":0.6,"x":0.6,"y":0.6},{"time":0.8667,"x":0,"y":0}]},"liuju_star4":{"rotate":[{"time":0.7333},{"time":1.2667,"angle":-103.57}],"translate":[{"x":-114.81,"y":41}],"scale":[{"time":0.7333,"x":0,"y":0},{"time":1,"x":0.6,"y":0.6},{"time":1.2667,"x":0,"y":0}]},"liuju_star5":{"rotate":[{"time":0.5333},{"time":1.0667,"angle":157.22}],"translate":[{"x":-34.07,"y":18.62}],"scale":[{"time":0.5333,"x":0,"y":0},{"time":0.8,"x":0.6,"y":0.6},{"time":1.0667,"x":0,"y":0}]},"liuju_star8":{"rotate":[{"time":0.4667},{"time":1,"angle":-127.99}],"translate":[{"x":2.03,"y":-20.28}],"scale":[{"time":0.4667,"x":0,"y":0},{"time":0.7333,"x":0.6,"y":0.6},{"time":1,"x":0,"y":0}]},"liuju_title":{"translate":[{"x":-556.13},{"time":0.0667}]}},"drawOrder":[{"offsets":[{"slot":"liuju_title","offset":-14}]}]},"qiangganghu":{"slots":{"liuju_bg":{"color":[{"time":0.0667,"color":"f5ff73ff"}],"attachment":[{"time":0.0667,"name":"liuju_bg"}]},"liuju_star":{"color":[{"color":"ffffff8e"}],"attachment":[{"time":0.3333,"name":"liuju_star"}]},"liuju_star2":{"color":[{"color":"ffffff8e"}],"attachment":[{"time":0.4333,"name":"liuju_star"}]},"liuju_star3":{"color":[{"color":"ffffff8e"}],"attachment":[{"time":0.4667,"name":"liuju_star"}]},"liuju_star4":{"color":[{"color":"ffffff8e"}],"attachment":[{"time":0.5667,"name":"liuju_star"}]},"liuju_star5":{"color":[{"color":"ffffff8e"}],"attachment":[{"time":0.7667,"name":"liuju_star"}]},"liuju_star8":{"color":[{"color":"ffffff8e"}],"attachment":[{"time":0.3,"name":"liuju_star"}]},"liuju_star9":{"color":[{"color":"ffffff8e"}],"attachment":[{"time":0.2333,"name":"liuju_star"}]},"liuju_star10":{"color":[{"color":"ffffff8e"}],"attachment":[{"time":0.3667,"name":"liuju_star"}]},"liuju_star14":{"attachment":[{"time":0.2,"name":"liuju_star"}]},"qiangganghu_title":{"attachment":[{"name":"qiangganghu_title"}]}},"bones":{"qiangganghu_title":{"translate":[{"y":278.56},{"time":0.0667},{"time":0.1,"x":-2.92,"y":0.97},{"time":0.1333,"x":4.87,"y":2.92},{"time":0.1667,"x":-0.97},{"time":0.2}],"scale":[{"x":2.354,"y":2.354},{"time":0.0667,"x":0.522,"y":0.522}]},"liuju_star14":{"rotate":[{"time":0.2,"angle":-34.48}],"translate":[{"time":0.2,"x":-274.79},{"time":0.8333,"x":306.37}],"scale":[{"time":0.2,"y":6.811}]},"liuju_bg":{"scale":[{"time":0.0667,"x":0.583,"y":0.583}]},"liuju_star":{"rotate":[{"time":0.3333},{"time":0.6667,"angle":146.05}],"translate":[{"time":0.3333,"x":202.06,"y":52.71}],"scale":[{"time":0.3333,"x":0,"y":0},{"time":0.5,"x":0.746,"y":0.746},{"time":0.6667,"x":0,"y":0}]},"liuju_star2":{"rotate":[{"time":0.4333},{"time":0.8,"angle":176.11}],"translate":[{"time":0.4333,"x":-189.5,"y":-51.45}],"scale":[{"time":0.4333,"x":0,"y":0},{"time":0.6,"x":0.746,"y":0.746},{"time":0.8,"x":0,"y":0}]},"liuju_star3":{"rotate":[{"time":0.4667},{"time":0.8,"angle":-71.24}],"translate":[{"time":0.4667,"x":-20.08,"y":61.5}],"scale":[{"time":0.4667,"x":0,"y":0},{"time":0.6333,"x":0.746,"y":0.746},{"time":0.8,"x":0,"y":0}]},"liuju_star4":{"rotate":[{"time":0.5667},{"time":0.8667,"angle":102.8}],"translate":[{"time":0.5667,"x":-85.34,"y":-1.26}],"scale":[{"time":0.5667,"x":0,"y":0},{"time":0.7333,"x":0.746,"y":0.746},{"time":0.8667,"x":0,"y":0}]},"liuju_star5":{"rotate":[{"time":0.7667},{"time":1.0667,"angle":-96.04}],"translate":[{"time":0.7667,"y":-42.67}],"scale":[{"time":0.7667,"x":0,"y":0},{"time":0.9,"x":0.746,"y":0.746},{"time":1.0667,"x":0,"y":0}]},"liuju_star8":{"rotate":[{"time":0.3},{"time":0.6,"angle":84.02}],"translate":[{"time":0.3,"x":91.61,"y":-11.29}],"scale":[{"time":0.3,"x":0,"y":0},{"time":0.4333,"x":0.746,"y":0.746},{"time":0.6,"x":0,"y":0}]},"liuju_star9":{"rotate":[{"time":0.2333},{"time":0.5667,"angle":-82.47}],"translate":[{"time":0.2333,"x":-188.25,"y":58.98}],"scale":[{"time":0.2333,"x":0,"y":0},{"time":0.3667,"x":0.746,"y":0.746},{"time":0.5667,"x":0,"y":0}]},"liuju_star10":{"rotate":[{"time":0.3667},{"time":0.7333,"angle":-23.71}],"translate":[{"time":0.3667,"x":197.03,"y":-52.71}],"scale":[{"time":0.3667,"x":0,"y":0},{"time":0.5667,"x":0.746,"y":0.746},{"time":0.7333,"x":0,"y":0}]},"bone":{"rotate":[{"angle":-0.03}]},"zhezhao_star14":{"scale":[{"time":0.2333,"x":0.54,"y":0.54}]}},"drawOrder":[{"time":0.2333,"offsets":[{"slot":"liuju_star","offset":9},{"slot":"liuju_star2","offset":9},{"slot":"liuju_star3","offset":9},{"slot":"liuju_star4","offset":9},{"slot":"liuju_star5","offset":9},{"slot":"liuju_star8","offset":9},{"slot":"liuju_star9","offset":9},{"slot":"liuju_star10","offset":9}]}]},"ting_tips":{"slots":{"icon_ting_small":{"attachment":[{"name":"icon_ting_small"}]},"ting_frame_00":{"attachment":[{"name":"ting_frame_00"},{"time":0.0667,"name":"ting_frame_01"},{"time":0.1333,"name":"ting_frame_02"},{"time":0.2,"name":"ting_frame_03"},{"time":0.2667,"name":"ting_frame_04"},{"time":0.3333,"name":"ting_frame_05"},{"time":0.4,"name":"ting_frame_06"},{"time":0.4667,"name":"ting_frame_07"},{"time":0.5333,"name":"ting_frame_08"},{"time":0.6,"name":"ting_frame_09"},{"time":0.6667,"name":"ting_frame_10"},{"time":0.7333,"name":"ting_frame_11"},{"time":0.8,"name":"ting_frame_00"},{"time":0.8667,"name":"ting_frame_01"},{"time":0.9333,"name":"ting_frame_02"},{"time":1,"name":"ting_frame_03"},{"time":1.0667,"name":"ting_frame_04"},{"time":1.1333,"name":"ting_frame_05"},{"time":1.2,"name":"ting_frame_06"},{"time":1.2667,"name":"ting_frame_07"},{"time":1.3333,"name":"ting_frame_08"},{"time":1.4,"name":"ting_frame_09"},{"time":1.4667,"name":"ting_frame_10"},{"time":1.5333,"name":"ting_frame_11"}]}},"bones":{"icon_ting_small":{"translate":[{"y":5},{"time":0.7667,"y":-5},{"time":1.5333,"y":5}]},"ting_frame":{"translate":[{"x":-0.68,"y":0.68}]}}}}},[0]]],0,0,[0],[-1],[0]]