[1,["180b4110d@6c48a"],["_textureSource"],["cc.SpriteFrame"],0,[[[{"name":"d_2","rect":{"x":29,"y":3,"width":40,"height":56},"offset":{"x":0,"y":0},"originalSize":{"width":40,"height":56},"rotated":true,"capInsets":[0,0,0,0],"packable":true,"pixelsToUnit":100,"pivot":{"x":0.5,"y":0.5},"meshType":0}],[0],0,[0],[0],[0]],[[{"name":"h_8","rect":{"x":91,"y":3,"width":40,"height":56},"offset":{"x":0,"y":0},"originalSize":{"width":40,"height":56},"rotated":true,"capInsets":[0,0,0,0],"packable":true,"pixelsToUnit":100,"pivot":{"x":0.5,"y":0.5},"meshType":0}],[0],0,[0],[0],[0]],[[{"name":"h_13","rect":{"x":153,"y":3,"width":40,"height":56},"offset":{"x":0,"y":0},"originalSize":{"width":40,"height":56},"rotated":true,"capInsets":[0,0,0,0],"packable":true,"pixelsToUnit":100,"pivot":{"x":0.5,"y":0.5},"meshType":0}],[0],0,[0],[0],[0]],[[{"name":"c_3","rect":{"x":3,"y":49,"width":40,"height":56},"offset":{"x":0,"y":0},"originalSize":{"width":40,"height":56},"rotated":true,"capInsets":[0,0,0,0],"packable":true,"pixelsToUnit":100,"pivot":{"x":0.5,"y":0.5},"meshType":0}],[0],0,[0],[0],[0]],[[{"name":"h_6","rect":{"x":65,"y":49,"width":40,"height":56},"offset":{"x":0,"y":0},"originalSize":{"width":40,"height":56},"rotated":true,"capInsets":[0,0,0,0],"packable":true,"pixelsToUnit":100,"pivot":{"x":0.5,"y":0.5},"meshType":0}],[0],0,[0],[0],[0]],[[{"name":"d_12","rect":{"x":127,"y":49,"width":40,"height":56},"offset":{"x":0,"y":0},"originalSize":{"width":40,"height":56},"rotated":true,"capInsets":[0,0,0,0],"packable":true,"pixelsToUnit":100,"pivot":{"x":0.5,"y":0.5},"meshType":0}],[0],0,[0],[0],[0]],[[{"name":"h_12","rect":{"x":189,"y":49,"width":40,"height":56},"offset":{"x":0,"y":0},"originalSize":{"width":40,"height":56},"rotated":true,"capInsets":[0,0,0,0],"packable":true,"pixelsToUnit":100,"pivot":{"x":0.5,"y":0.5},"meshType":0}],[0],0,[0],[0],[0]],[[{"name":"d_6","rect":{"x":3,"y":95,"width":40,"height":56},"offset":{"x":0,"y":0},"originalSize":{"width":40,"height":56},"rotated":true,"capInsets":[0,0,0,0],"packable":true,"pixelsToUnit":100,"pivot":{"x":0.5,"y":0.5},"meshType":0}],[0],0,[0],[0],[0]],[[{"name":"c_1","rect":{"x":65,"y":95,"width":40,"height":56},"offset":{"x":0,"y":0},"originalSize":{"width":40,"height":56},"rotated":true,"capInsets":[0,0,0,0],"packable":true,"pixelsToUnit":100,"pivot":{"x":0.5,"y":0.5},"meshType":0}],[0],0,[0],[0],[0]],[[{"name":"c_2","rect":{"x":127,"y":95,"width":40,"height":56},"offset":{"x":0,"y":0},"originalSize":{"width":40,"height":56},"rotated":true,"capInsets":[0,0,0,0],"packable":true,"pixelsToUnit":100,"pivot":{"x":0.5,"y":0.5},"meshType":0}],[0],0,[0],[0],[0]],[[{"name":"c_9","rect":{"x":189,"y":95,"width":40,"height":56},"offset":{"x":0,"y":0},"originalSize":{"width":40,"height":56},"rotated":true,"capInsets":[0,0,0,0],"packable":true,"pixelsToUnit":100,"pivot":{"x":0.5,"y":0.5},"meshType":0}],[0],0,[0],[0],[0]],[[{"name":"c_5","rect":{"x":3,"y":141,"width":40,"height":56},"offset":{"x":0,"y":0},"originalSize":{"width":40,"height":56},"rotated":true,"capInsets":[0,0,0,0],"packable":true,"pixelsToUnit":100,"pivot":{"x":0.5,"y":0.5},"meshType":0}],[0],0,[0],[0],[0]],[[{"name":"s_12","rect":{"x":65,"y":141,"width":40,"height":56},"offset":{"x":0,"y":0},"originalSize":{"width":40,"height":56},"rotated":true,"capInsets":[0,0,0,0],"packable":true,"pixelsToUnit":100,"pivot":{"x":0.5,"y":0.5},"meshType":0}],[0],0,[0],[0],[0]],[[{"name":"h_5","rect":{"x":127,"y":141,"width":40,"height":56},"offset":{"x":0,"y":0},"originalSize":{"width":40,"height":56},"rotated":true,"capInsets":[0,0,0,0],"packable":true,"pixelsToUnit":100,"pivot":{"x":0.5,"y":0.5},"meshType":0}],[0],0,[0],[0],[0]],[[{"name":"s_5","rect":{"x":189,"y":141,"width":40,"height":56},"offset":{"x":0,"y":0},"originalSize":{"width":40,"height":56},"rotated":true,"capInsets":[0,0,0,0],"packable":true,"pixelsToUnit":100,"pivot":{"x":0.5,"y":0.5},"meshType":0}],[0],0,[0],[0],[0]],[[{"name":"s_13","rect":{"x":3,"y":187,"width":40,"height":56},"offset":{"x":0,"y":0},"originalSize":{"width":40,"height":56},"rotated":true,"capInsets":[0,0,0,0],"packable":true,"pixelsToUnit":100,"pivot":{"x":0.5,"y":0.5},"meshType":0}],[0],0,[0],[0],[0]],[[{"name":"d_11","rect":{"x":65,"y":187,"width":40,"height":56},"offset":{"x":0,"y":0},"originalSize":{"width":40,"height":56},"rotated":true,"capInsets":[0,0,0,0],"packable":true,"pixelsToUnit":100,"pivot":{"x":0.5,"y":0.5},"meshType":0}],[0],0,[0],[0],[0]],[[{"name":"s_3","rect":{"x":127,"y":187,"width":40,"height":56},"offset":{"x":0,"y":0},"originalSize":{"width":40,"height":56},"rotated":true,"capInsets":[0,0,0,0],"packable":true,"pixelsToUnit":100,"pivot":{"x":0.5,"y":0.5},"meshType":0}],[0],0,[0],[0],[0]],[[{"name":"c_12","rect":{"x":189,"y":187,"width":40,"height":56},"offset":{"x":0,"y":0},"originalSize":{"width":40,"height":56},"rotated":true,"capInsets":[0,0,0,0],"packable":true,"pixelsToUnit":100,"pivot":{"x":0.5,"y":0.5},"meshType":0}],[0],0,[0],[0],[0]],[[{"name":"d_3","rect":{"x":3,"y":233,"width":40,"height":56},"offset":{"x":0,"y":0},"originalSize":{"width":40,"height":56},"rotated":true,"capInsets":[0,0,0,0],"packable":true,"pixelsToUnit":100,"pivot":{"x":0.5,"y":0.5},"meshType":0}],[0],0,[0],[0],[0]],[[{"name":"s_11","rect":{"x":65,"y":233,"width":40,"height":56},"offset":{"x":0,"y":0},"originalSize":{"width":40,"height":56},"rotated":true,"capInsets":[0,0,0,0],"packable":true,"pixelsToUnit":100,"pivot":{"x":0.5,"y":0.5},"meshType":0}],[0],0,[0],[0],[0]],[[{"name":"s_8","rect":{"x":127,"y":233,"width":40,"height":56},"offset":{"x":0,"y":0},"originalSize":{"width":40,"height":56},"rotated":true,"capInsets":[0,0,0,0],"packable":true,"pixelsToUnit":100,"pivot":{"x":0.5,"y":0.5},"meshType":0}],[0],0,[0],[0],[0]],[[{"name":"poker_b","rect":{"x":189,"y":233,"width":40,"height":56},"offset":{"x":0,"y":0},"originalSize":{"width":40,"height":56},"rotated":true,"capInsets":[0,0,0,0],"packable":true,"pixelsToUnit":100,"pivot":{"x":0.5,"y":0.5},"meshType":0}],[0],0,[0],[0],[0]],[[{"name":"d_4","rect":{"x":3,"y":279,"width":40,"height":56},"offset":{"x":0,"y":0},"originalSize":{"width":40,"height":56},"rotated":true,"capInsets":[0,0,0,0],"packable":true,"pixelsToUnit":100,"pivot":{"x":0.5,"y":0.5},"meshType":0}],[0],0,[0],[0],[0]],[[{"name":"d_9","rect":{"x":65,"y":279,"width":40,"height":56},"offset":{"x":0,"y":0},"originalSize":{"width":40,"height":56},"rotated":true,"capInsets":[0,0,0,0],"packable":true,"pixelsToUnit":100,"pivot":{"x":0.5,"y":0.5},"meshType":0}],[0],0,[0],[0],[0]],[[{"name":"h_2","rect":{"x":127,"y":279,"width":40,"height":56},"offset":{"x":0,"y":0},"originalSize":{"width":40,"height":56},"rotated":true,"capInsets":[0,0,0,0],"packable":true,"pixelsToUnit":100,"pivot":{"x":0.5,"y":0.5},"meshType":0}],[0],0,[0],[0],[0]],[[{"name":"d_10","rect":{"x":189,"y":279,"width":40,"height":56},"offset":{"x":0,"y":0},"originalSize":{"width":40,"height":56},"rotated":true,"capInsets":[0,0,0,0],"packable":true,"pixelsToUnit":100,"pivot":{"x":0.5,"y":0.5},"meshType":0}],[0],0,[0],[0],[0]],[[{"name":"c_10","rect":{"x":3,"y":325,"width":40,"height":56},"offset":{"x":0,"y":0},"originalSize":{"width":40,"height":56},"rotated":true,"capInsets":[0,0,0,0],"packable":true,"pixelsToUnit":100,"pivot":{"x":0.5,"y":0.5},"meshType":0}],[0],0,[0],[0],[0]],[[{"name":"h_9","rect":{"x":65,"y":325,"width":40,"height":56},"offset":{"x":0,"y":0},"originalSize":{"width":40,"height":56},"rotated":true,"capInsets":[0,0,0,0],"packable":true,"pixelsToUnit":100,"pivot":{"x":0.5,"y":0.5},"meshType":0}],[0],0,[0],[0],[0]],[[{"name":"c_8","rect":{"x":127,"y":325,"width":40,"height":56},"offset":{"x":0,"y":0},"originalSize":{"width":40,"height":56},"rotated":true,"capInsets":[0,0,0,0],"packable":true,"pixelsToUnit":100,"pivot":{"x":0.5,"y":0.5},"meshType":0}],[0],0,[0],[0],[0]],[[{"name":"c_7","rect":{"x":189,"y":325,"width":40,"height":56},"offset":{"x":0,"y":0},"originalSize":{"width":40,"height":56},"rotated":true,"capInsets":[0,0,0,0],"packable":true,"pixelsToUnit":100,"pivot":{"x":0.5,"y":0.5},"meshType":0}],[0],0,[0],[0],[0]],[[{"name":"h_4","rect":{"x":3,"y":371,"width":40,"height":56},"offset":{"x":0,"y":0},"originalSize":{"width":40,"height":56},"rotated":true,"capInsets":[0,0,0,0],"packable":true,"pixelsToUnit":100,"pivot":{"x":0.5,"y":0.5},"meshType":0}],[0],0,[0],[0],[0]],[[{"name":"s_1","rect":{"x":65,"y":371,"width":40,"height":56},"offset":{"x":0,"y":0},"originalSize":{"width":40,"height":56},"rotated":true,"capInsets":[0,0,0,0],"packable":true,"pixelsToUnit":100,"pivot":{"x":0.5,"y":0.5},"meshType":0}],[0],0,[0],[0],[0]],[[{"name":"s_7","rect":{"x":127,"y":371,"width":40,"height":56},"offset":{"x":0,"y":0},"originalSize":{"width":40,"height":56},"rotated":true,"capInsets":[0,0,0,0],"packable":true,"pixelsToUnit":100,"pivot":{"x":0.5,"y":0.5},"meshType":0}],[0],0,[0],[0],[0]],[[{"name":"h_3","rect":{"x":189,"y":371,"width":40,"height":56},"offset":{"x":0,"y":0},"originalSize":{"width":40,"height":56},"rotated":true,"capInsets":[0,0,0,0],"packable":true,"pixelsToUnit":100,"pivot":{"x":0.5,"y":0.5},"meshType":0}],[0],0,[0],[0],[0]],[[{"name":"d_8","rect":{"x":3,"y":417,"width":40,"height":56},"offset":{"x":0,"y":0},"originalSize":{"width":40,"height":56},"rotated":true,"capInsets":[0,0,0,0],"packable":true,"pixelsToUnit":100,"pivot":{"x":0.5,"y":0.5},"meshType":0}],[0],0,[0],[0],[0]],[[{"name":"d_5","rect":{"x":65,"y":417,"width":40,"height":56},"offset":{"x":0,"y":0},"originalSize":{"width":40,"height":56},"rotated":true,"capInsets":[0,0,0,0],"packable":true,"pixelsToUnit":100,"pivot":{"x":0.5,"y":0.5},"meshType":0}],[0],0,[0],[0],[0]],[[{"name":"c_4","rect":{"x":127,"y":417,"width":40,"height":56},"offset":{"x":0,"y":0},"originalSize":{"width":40,"height":56},"rotated":true,"capInsets":[0,0,0,0],"packable":true,"pixelsToUnit":100,"pivot":{"x":0.5,"y":0.5},"meshType":0}],[0],0,[0],[0],[0]],[[{"name":"c_13","rect":{"x":189,"y":417,"width":40,"height":56},"offset":{"x":0,"y":0},"originalSize":{"width":40,"height":56},"rotated":true,"capInsets":[0,0,0,0],"packable":true,"pixelsToUnit":100,"pivot":{"x":0.5,"y":0.5},"meshType":0}],[0],0,[0],[0],[0]],[[{"name":"h_10","rect":{"x":3,"y":463,"width":40,"height":56},"offset":{"x":0,"y":0},"originalSize":{"width":40,"height":56},"rotated":true,"capInsets":[0,0,0,0],"packable":true,"pixelsToUnit":100,"pivot":{"x":0.5,"y":0.5},"meshType":0}],[0],0,[0],[0],[0]],[[{"name":"s_6","rect":{"x":65,"y":463,"width":40,"height":56},"offset":{"x":0,"y":0},"originalSize":{"width":40,"height":56},"rotated":true,"capInsets":[0,0,0,0],"packable":true,"pixelsToUnit":100,"pivot":{"x":0.5,"y":0.5},"meshType":0}],[0],0,[0],[0],[0]],[[{"name":"d_1","rect":{"x":127,"y":463,"width":40,"height":56},"offset":{"x":0,"y":0},"originalSize":{"width":40,"height":56},"rotated":true,"capInsets":[0,0,0,0],"packable":true,"pixelsToUnit":100,"pivot":{"x":0.5,"y":0.5},"meshType":0}],[0],0,[0],[0],[0]],[[{"name":"h_7","rect":{"x":189,"y":463,"width":40,"height":56},"offset":{"x":0,"y":0},"originalSize":{"width":40,"height":56},"rotated":true,"capInsets":[0,0,0,0],"packable":true,"pixelsToUnit":100,"pivot":{"x":0.5,"y":0.5},"meshType":0}],[0],0,[0],[0],[0]],[[{"name":"s_9","rect":{"x":3,"y":509,"width":40,"height":56},"offset":{"x":0,"y":0},"originalSize":{"width":40,"height":56},"rotated":true,"capInsets":[0,0,0,0],"packable":true,"pixelsToUnit":100,"pivot":{"x":0.5,"y":0.5},"meshType":0}],[0],0,[0],[0],[0]],[[{"name":"h_11","rect":{"x":65,"y":509,"width":40,"height":56},"offset":{"x":0,"y":0},"originalSize":{"width":40,"height":56},"rotated":true,"capInsets":[0,0,0,0],"packable":true,"pixelsToUnit":100,"pivot":{"x":0.5,"y":0.5},"meshType":0}],[0],0,[0],[0],[0]],[[{"name":"s_10","rect":{"x":127,"y":509,"width":40,"height":56},"offset":{"x":0,"y":0},"originalSize":{"width":40,"height":56},"rotated":true,"capInsets":[0,0,0,0],"packable":true,"pixelsToUnit":100,"pivot":{"x":0.5,"y":0.5},"meshType":0}],[0],0,[0],[0],[0]],[[{"name":"c_11","rect":{"x":189,"y":509,"width":40,"height":56},"offset":{"x":0,"y":0},"originalSize":{"width":40,"height":56},"rotated":true,"capInsets":[0,0,0,0],"packable":true,"pixelsToUnit":100,"pivot":{"x":0.5,"y":0.5},"meshType":0}],[0],0,[0],[0],[0]],[[{"name":"icon_verify","rect":{"x":3,"y":3,"width":20,"height":20},"offset":{"x":0,"y":0},"originalSize":{"width":20,"height":20},"rotated":false,"capInsets":[0,0,0,0],"packable":true,"pixelsToUnit":100,"pivot":{"x":0.5,"y":0.5},"meshType":0}],[0],0,[0],[0],[0]],[[{"name":"s_2","rect":{"x":3,"y":555,"width":40,"height":56},"offset":{"x":0,"y":0},"originalSize":{"width":40,"height":56},"rotated":true,"capInsets":[0,0,0,0],"packable":true,"pixelsToUnit":100,"pivot":{"x":0.5,"y":0.5},"meshType":0}],[0],0,[0],[0],[0]],[[{"name":"c_6","rect":{"x":65,"y":555,"width":40,"height":56},"offset":{"x":0,"y":0},"originalSize":{"width":40,"height":56},"rotated":true,"capInsets":[0,0,0,0],"packable":true,"pixelsToUnit":100,"pivot":{"x":0.5,"y":0.5},"meshType":0}],[0],0,[0],[0],[0]],[[{"name":"d_13","rect":{"x":127,"y":555,"width":40,"height":56},"offset":{"x":0,"y":0},"originalSize":{"width":40,"height":56},"rotated":true,"capInsets":[0,0,0,0],"packable":true,"pixelsToUnit":100,"pivot":{"x":0.5,"y":0.5},"meshType":0}],[0],0,[0],[0],[0]],[[{"name":"h_1","rect":{"x":189,"y":555,"width":40,"height":56},"offset":{"x":0,"y":0},"originalSize":{"width":40,"height":56},"rotated":true,"capInsets":[0,0,0,0],"packable":true,"pixelsToUnit":100,"pivot":{"x":0.5,"y":0.5},"meshType":0}],[0],0,[0],[0],[0]],[[{"name":"s_4","rect":{"x":3,"y":601,"width":40,"height":56},"offset":{"x":0,"y":0},"originalSize":{"width":40,"height":56},"rotated":true,"capInsets":[0,0,0,0],"packable":true,"pixelsToUnit":100,"pivot":{"x":0.5,"y":0.5},"meshType":0}],[0],0,[0],[0],[0]],[[{"name":"d_7","rect":{"x":65,"y":601,"width":40,"height":56},"offset":{"x":0,"y":0},"originalSize":{"width":40,"height":56},"rotated":true,"capInsets":[0,0,0,0],"packable":true,"pixelsToUnit":100,"pivot":{"x":0.5,"y":0.5},"meshType":0}],[0],0,[0],[0],[0]]]]
