[1,["e8SnSKZLdHsa1MNexlShOL@f9941","e8SnSKZLdHsa1MNexlShOL@6c48a"],["node","_spriteFrame","root","data","_textureSource"],[["cc.Node",["_name","_layer","_components","_prefab","_lpos","_children","_parent"],1,9,4,5,2,1],["cc.Label",["_string","_actualFontSize","_fontSize","_isBold","node","__prefab","_color"],-1,1,4,5],"cc.SpriteFrame",["cc.Prefab",["_name"],2],["cc.Node",["_name","_layer","_parent","_components","_prefab","_lpos"],1,1,12,4,5],["cc.UITransform",["node","__prefab","_contentSize"],3,1,4,5],["cc.CompPrefabInfo",["fileId"],2],["7e386LHpF9AioHxTjbxdO7r",["node","__prefab","resultLabels","playerResultBg"],3,1,4,2,2],["cc.PrefabInfo",["fileId","instance","targetOverrides","nestedPrefabInstanceRoots","root","asset"],-1,1,1],["cc.Sprite",["node","__prefab","_spriteFrame"],3,1,4,6]],[[6,0,2],[5,0,1,2,1],[8,0,1,2,3,4,5,5],[4,0,1,2,3,4,5,3],[0,0,1,6,2,3,4,3],[9,0,1,2,1],[1,0,1,2,3,4,5,6,5],[3,0,2],[0,0,1,5,2,3,4,3],[7,0,1,2,3,1],[1,0,1,2,3,4,5,5]],[[[[7,"pusherRoadMapItemPC"],[8,"pusherRoadMapItemPC",33554432,[-11,-12,-13,-14,-15,-16,-17],[[1,-2,[0,"c7hGa288BPeJiSLsVnkfuS"],[5,84,210]],[9,-10,[0,"40cf3ZWTlAnpy4sDcce2wD"],[-6,-7,-8,-9],[-3,-4,-5]]],[2,"7d0IRNxi5DoZ1CiQF5xG8m",null,null,null,-1,0],[1,60.5,0,0]],[4,"play1bg",33554432,1,[[1,-18,[0,"cdoukkYcdAwoaWMHSOKRTp"],[5,75,43]],[5,-19,[0,"50TyMiedJJzaYfJ6M324dP"],0]],[2,"7c4ILJaSJMMrZIiPlaapMh",null,null,null,1,0],[1,0,27.576000000000022,0]],[4,"play2bg",33554432,1,[[1,-20,[0,"e2gYL3FA5PI7IrvqMBeBcV"],[5,75,43]],[5,-21,[0,"cceQtOH0tAJ4y1lZSR2aA4"],1]],[2,"8bW9nPHXFNaKwfpwKftbgB",null,null,null,1,0],[1,0,-25.57299999999998,0]],[4,"play3bg",33554432,1,[[1,-22,[0,"8cwLKaQXhC6qVi/zJheRwX"],[5,75,43]],[5,-23,[0,"a2/Fftqm1I/Lwa5f+hK0Aj"],2]],[2,"9d1vdQWZpIirWcVZlFNLF1",null,null,null,1,0],[1,0,-78.72199999999998,0]],[3,"bankerResultLabel",33554432,1,[[[1,-24,[0,"15+BeWHflLpYs4O/R56NhV"],[5,24,50.4]],-25],4,1],[2,"32xkr7Bt1EqI9yCumOsI7U",null,null,null,1,0],[1,0,80.72500000000002,0]],[3,"player1ResultLabel",33554432,1,[[[1,-26,[0,"d3vCxgcSxFrKSY9gC3VN26"],[5,24,50.4]],-27],4,1],[2,"d4g3YAtJ5FLIR1IRWMxe7c",null,null,null,1,0],[1,0,27.576000000000022,0]],[3,"player2ResultLabel",33554432,1,[[[1,-28,[0,"f3ca2wZ31KYpPO8ZueqaeZ"],[5,24,50.4]],-29],4,1],[2,"9db6Tie5tDX459HPgnn7/G",null,null,null,1,0],[1,0,-25.57299999999998,0]],[3,"player3ResultLabel",33554432,1,[[[1,-30,[0,"e7r3xLmuNGKY8OJIJTOfe8"],[5,24,50.4]],-31],4,1],[2,"aau1HzW4NHMYmbyGv6jhwE",null,null,null,1,0],[1,0,-78.72199999999998,0]],[6,"勝",24,24,true,5,[0,"dbRgGpiTZL8qG/rS8wHfMC"],[4,4279763156]],[6,"負",24,24,true,6,[0,"0e7MlyZ7ZGjLCwMW8yjAJs"],[4,4294394915]],[10,"勝",24,24,true,7,[0,"c5zXh5mLJMhJ/3PItGfeuS"]],[6,"負",24,24,true,8,[0,"55XwWbHaxEzZhpDA0oUzpR"],[4,4294394915]]],0,[0,2,1,0,0,1,0,-1,2,0,-2,3,0,-3,4,0,-1,9,0,-2,10,0,-3,11,0,-4,12,0,0,1,0,-1,2,0,-2,3,0,-3,4,0,-4,5,0,-5,6,0,-6,7,0,-7,8,0,0,2,0,0,2,0,0,3,0,0,3,0,0,4,0,0,4,0,0,5,0,-2,9,0,0,6,0,-2,10,0,0,7,0,-2,11,0,0,8,0,-2,12,0,3,1,31],[0,0,0],[1,1,1],[0,0,0]],[[{"name":"road_b_win_pc","rect":{"x":0,"y":0,"width":75,"height":43},"offset":{"x":0,"y":0},"originalSize":{"width":75,"height":43},"rotated":false,"capInsets":[0,0,0,0],"vertices":{"rawPosition":[-37.5,-21.5,0,37.5,-21.5,0,-37.5,21.5,0,37.5,21.5,0],"indexes":[0,1,2,2,1,3],"uv":[0,43,75,43,0,0,75,0],"nuv":[0,0,1,0,0,1,1,1],"minPos":{"x":-37.5,"y":-21.5,"z":0},"maxPos":{"x":37.5,"y":21.5,"z":0}},"packable":true,"pixelsToUnit":100,"pivot":{"x":0.5,"y":0.5},"meshType":0}],[2],0,[0],[4],[1]]]]
