[1,["af38cfee-be0c-476d-87b2-d13c29983ac1@6c48a"],["_textureSource"],["cc.SpriteFrame"],0,[{"name":"logpop_bg","rect":{"x":0,"y":0,"width":1360,"height":836},"offset":{"x":0,"y":0},"originalSize":{"width":1360,"height":836},"rotated":false,"capInsets":[0,0,0,0],"vertices":{"rawPosition":[-680,-418,0,680,-418,0,-680,418,0,680,418,0],"indexes":[0,1,2,2,1,3],"uv":[0,836,1360,836,0,0,1360,0],"nuv":[0,0,1,0,0,1,1,1],"minPos":{"x":-680,"y":-418,"z":0},"maxPos":{"x":680,"y":418,"z":0}},"packable":true,"pixelsToUnit":100,"pivot":{"x":0.5,"y":0.5},"meshType":0}],[0],0,[0],[0],[0]]
