[1,["ec3D64IixJl56daCMLXvZZ","0dQLswEWhDXKqVIw8Vtiq9"],["spriteFrame","_textureSetter"],["cc.SpriteFrame",["cc.BitmapFont",["_name","fontSize","_fntConfig"],0]],[[1,0,1,2,4]],[[[[0,"passwordFont",62,{"commonHeight":62,"fontSize":62,"atlasName":"passwordFont.png","fontDefDictionary":{"48":{"xOffset":0,"yOffset":0,"xAdvance":48,"rect":{"x":0,"y":0,"width":48,"height":62}},"49":{"xOffset":0,"yOffset":0,"xAdvance":48,"rect":{"x":50,"y":0,"width":48,"height":62}},"50":{"xOffset":0,"yOffset":0,"xAdvance":48,"rect":{"x":100,"y":0,"width":48,"height":62}},"51":{"xOffset":0,"yOffset":0,"xAdvance":48,"rect":{"x":0,"y":64,"width":48,"height":62}},"52":{"xOffset":0,"yOffset":0,"xAdvance":48,"rect":{"x":50,"y":64,"width":48,"height":62}},"53":{"xOffset":0,"yOffset":0,"xAdvance":48,"rect":{"x":100,"y":64,"width":48,"height":62}},"54":{"xOffset":0,"yOffset":0,"xAdvance":48,"rect":{"x":150,"y":0,"width":48,"height":62}},"55":{"xOffset":0,"yOffset":0,"xAdvance":48,"rect":{"x":150,"y":64,"width":48,"height":62}},"56":{"xOffset":0,"yOffset":0,"xAdvance":48,"rect":{"x":0,"y":128,"width":48,"height":62}},"57":{"xOffset":0,"yOffset":0,"xAdvance":48,"rect":{"x":50,"y":128,"width":48,"height":62}}},"kerningDict":{}}]],0,0,[0],[0],[0]],[[{"name":"passwordFont","rect":[0,0,198,190],"offset":[0,0],"originalSize":[198,190],"capInsets":[0,0,0,0]}],[0],0,[0],[1],[1]]]]