[1,["ecpdLyjvZBwrvm+cedCcQy","9dBAs4gp9FeK9UAjCh/1oi","1e8860491","6440wzNfFJpbl86iFlyelT","e7JinUZmJCcre46pjO4NCw","e2rBJ0MbRDQZdLqZ85maPS"],["_N$file","_textureSetter","node","root","recordOrder","data","_spriteFrame"],["cc.SpriteFrame",["cc.PrefabInfo",["fileId","root"],2,1],["cc.Prefab",["_name"],2],["cc.Node",["_name","_children","_components","_prefab","_contentSize","_trs"],2,2,9,4,5,7],["cc.Node",["_name","_parent","_components","_prefab","_contentSize","_trs"],2,1,2,4,5,7],["cc.Sprite",["node","_materials","_spriteFrame"],3,1,3,6],["6f066PZXg1CBZyGaaX2PNQ5",["node","recordLabel","recordOrder","bgSpriteFrame"],3,1,2,1,3],["cc.Label",["_string","_fontSize","_lineHeight","_isSystemFontUsed","_N$horizontalAlign","_N$verticalAlign","node","_materials"],-3,1,3]],[[4,0,1,2,3,4,5,2],[1,0,1,2],[7,0,1,2,3,4,5,6,7,7],[2,0,2],[3,0,1,2,3,4,5,2],[5,0,1,2,1],[6,0,1,2,3,1],[1,1,1]],[[[{"name":"ui_jilu_xibanzi1","rect":[3,3,945,54],"offset":[0,0],"originalSize":[945,54],"rotated":1,"capInsets":[0,0,0,0]}],[0],0,[0],[1],[2]],[[{"name":"ui_jilu_xibanzi2","rect":[63,3,945,54],"offset":[0,0],"originalSize":[945,54],"rotated":1,"capInsets":[0,0,0,0]}],[0],0,[0],[1],[2]],[[[3,"mahjongRecordItem"],[4,"mahjongRecordItem",[-9,-10,-11,-12,-13],[[5,-2,[5],6],[6,-8,[-4,-5,-6,-7],-3,[7,8]]],[7,-1],[5,945,54],[0,-27,0,0,0,0,1,1,1,1]],[0,"orderLabel",1,[-14],[1,"92+2AsO3pKkIO+TZJ3KOwf",1],[5,33,30],[-416.079,2,0,0,0,0,1,1,1,1]],[2,"5",30,30,false,1,1,2,[0]],[0,"gradeLabel1",1,[-15],[1,"6cYCI4ubVHs6pe0qI+bXxO",1],[5,16,21],[-314.484,2,0,0,0,0,1,1,1,1]],[2,"-",21,21,false,1,1,4,[1]],[0,"gradeLabel2",1,[-16],[1,"56oE7gsnJOw4clrNiiwdmf",1],[5,16,21],[-77.549,2,0,0,0,0,1,1,1,1]],[2,"-",21,21,false,1,1,6,[2]],[0,"gradeLabel3",1,[-17],[1,"38g/pX3JlKz4d2h9QxQFsS",1],[5,16,21],[157.818,2,0,0,0,0,1,1,1,1]],[2,"-",21,21,false,1,1,8,[3]],[0,"gradeLabel4",1,[-18],[1,"21pmJNw55Oo5bCfg9UYgPu",1],[5,16,21],[378.441,2,0,0,0,0,1,1,1,1]],[2,"-",21,21,false,1,1,10,[4]]],0,[0,3,1,0,2,1,0,4,3,0,-1,5,0,-2,7,0,-3,9,0,-4,11,0,2,1,0,-1,2,0,-2,4,0,-3,6,0,-4,8,0,-5,10,0,-1,3,0,-1,5,0,-1,7,0,-1,9,0,-1,11,0,5,1,18],[0,0,0,0,0,0,0,0,0,3,5,7,9,11],[-1,-1,-1,-1,-1,-1,6,-1,-2,0,0,0,0,0],[0,0,0,0,0,0,3,3,4,5,1,1,1,1]]]]