[1,["e2mfhJ2OBGcqopHbOTGfe8","a0aZw4SgZKm43QRMvG22sc"],["_textureSetter","spriteFrame"],["cc.SpriteFrame",["cc.BitmapFont",["_name","fontSize","_fntConfig"],0]],[[1,0,1,2,4]],[[[{"name":"remainFont_0","rect":[5,5,203,23],"offset":[0,0.5],"originalSize":[213,34],"capInsets":[0,0,0,0]}],[0],0,[0],[0],[0]],[[[0,"remainFont",24,{"commonHeight":24,"fontSize":24,"atlasName":"font1_0.png","fontDefDictionary":{"48":{"xOffset":0,"yOffset":0,"xAdvance":17,"rect":{"x":5,"y":5,"width":17,"height":24}},"49":{"xOffset":0,"yOffset":0,"xAdvance":14,"rect":{"x":27,"y":5,"width":14,"height":24}},"50":{"xOffset":0,"yOffset":0,"xAdvance":15,"rect":{"x":46,"y":5,"width":15,"height":24}},"51":{"xOffset":0,"yOffset":0,"xAdvance":16,"rect":{"x":66,"y":5,"width":16,"height":24}},"52":{"xOffset":0,"yOffset":0,"xAdvance":16,"rect":{"x":87,"y":5,"width":16,"height":24}},"53":{"xOffset":0,"yOffset":0,"xAdvance":16,"rect":{"x":108,"y":5,"width":16,"height":24}},"54":{"xOffset":0,"yOffset":0,"xAdvance":16,"rect":{"x":129,"y":5,"width":16,"height":24}},"55":{"xOffset":0,"yOffset":0,"xAdvance":16,"rect":{"x":150,"y":5,"width":16,"height":24}},"56":{"xOffset":0,"yOffset":0,"xAdvance":16,"rect":{"x":171,"y":5,"width":16,"height":24}},"57":{"xOffset":0,"yOffset":0,"xAdvance":16,"rect":{"x":192,"y":5,"width":16,"height":24}}},"kerningDict":{}}]],0,0,[0],[1],[1]]]]