[1,["e5958183-30c7-45ff-b0b3-bc908121c2eb@6c48a"],0,[["sp.SkeletonData",["_name","_atlasText","textureNames","_skeletonJson","textures"],-1,3]],[[0,0,1,2,3,4,5]],[[0,"yuanbao","\nyuanbao.png\nsize: 1473,1473\nformat: RGBA4444\nfilter: Linear,Linear\nrepeat: none\n元寶-animation_01\n  rotate: false\n  xy: 309, 1260\n  size: 305, 211\n  orig: 350, 350\n  offset: 20, 47\n  index: -1\n元寶-animation_02\n  rotate: false\n  xy: 616, 1260\n  size: 305, 211\n  orig: 350, 350\n  offset: 20, 47\n  index: -1\n元寶-animation_03\n  rotate: false\n  xy: 923, 1260\n  size: 305, 211\n  orig: 350, 350\n  offset: 20, 47\n  index: -1\n元寶-animation_04\n  rotate: true\n  xy: 1230, 1166\n  size: 305, 211\n  orig: 350, 350\n  offset: 20, 47\n  index: -1\n元寶-animation_05\n  rotate: false\n  xy: 2, 1047\n  size: 305, 211\n  orig: 350, 350\n  offset: 20, 47\n  index: -1\n元寶-animation_06\n  rotate: false\n  xy: 309, 1047\n  size: 305, 211\n  orig: 350, 350\n  offset: 20, 47\n  index: -1\n元寶-animation_07\n  rotate: false\n  xy: 616, 1043\n  size: 305, 215\n  orig: 350, 350\n  offset: 20, 47\n  index: -1\n元寶-animation_08\n  rotate: false\n  xy: 923, 1042\n  size: 305, 216\n  orig: 350, 350\n  offset: 20, 47\n  index: -1\n元寶-animation_09\n  rotate: true\n  xy: 1230, 859\n  size: 305, 217\n  orig: 350, 350\n  offset: 20, 47\n  index: -1\n元寶-animation_10\n  rotate: false\n  xy: 2, 828\n  size: 305, 217\n  orig: 350, 350\n  offset: 20, 47\n  index: -1\n元寶-animation_11\n  rotate: false\n  xy: 309, 828\n  size: 305, 217\n  orig: 350, 350\n  offset: 20, 47\n  index: -1\n元寶-animation_12\n  rotate: false\n  xy: 616, 824\n  size: 305, 217\n  orig: 350, 350\n  offset: 20, 47\n  index: -1\n元寶-animation_13\n  rotate: false\n  xy: 923, 823\n  size: 305, 217\n  orig: 350, 350\n  offset: 20, 47\n  index: -1\n元寶-animation_14\n  rotate: false\n  xy: 309, 586\n  size: 305, 240\n  orig: 350, 350\n  offset: 20, 47\n  index: -1\n元寶-animation_15\n  rotate: false\n  xy: 616, 582\n  size: 305, 240\n  orig: 350, 350\n  offset: 20, 47\n  index: -1\n元寶-animation_16\n  rotate: false\n  xy: 923, 581\n  size: 305, 240\n  orig: 350, 350\n  offset: 20, 47\n  index: -1\n元寶-animation_17\n  rotate: true\n  xy: 1230, 552\n  size: 305, 241\n  orig: 350, 350\n  offset: 20, 47\n  index: -1\n元寶-animation_18\n  rotate: true\n  xy: 1230, 245\n  size: 305, 241\n  orig: 350, 350\n  offset: 20, 47\n  index: -1\n元寶-animation_19\n  rotate: false\n  xy: 2, 345\n  size: 305, 240\n  orig: 350, 350\n  offset: 20, 47\n  index: -1\n元寶-animation_20\n  rotate: false\n  xy: 309, 344\n  size: 305, 240\n  orig: 350, 350\n  offset: 20, 47\n  index: -1\n元寶-animation_21\n  rotate: false\n  xy: 616, 340\n  size: 305, 240\n  orig: 350, 350\n  offset: 20, 47\n  index: -1\n元寶-animation_22\n  rotate: false\n  xy: 923, 339\n  size: 305, 240\n  orig: 350, 350\n  offset: 20, 47\n  index: -1\n元寶-animation_23\n  rotate: false\n  xy: 2, 103\n  size: 305, 240\n  orig: 350, 350\n  offset: 20, 47\n  index: -1\n元寶-animation_24\n  rotate: false\n  xy: 309, 102\n  size: 305, 240\n  orig: 350, 350\n  offset: 20, 47\n  index: -1\n元寶-animation_25\n  rotate: false\n  xy: 616, 98\n  size: 305, 240\n  orig: 350, 350\n  offset: 20, 47\n  index: -1\n元寶-animation_26\n  rotate: false\n  xy: 2, 587\n  size: 305, 239\n  orig: 350, 350\n  offset: 20, 47\n  index: -1\n元寶-animation_27\n  rotate: false\n  xy: 2, 1260\n  size: 305, 211\n  orig: 350, 350\n  offset: 20, 47\n  index: -1\n元寶-animation_00\n  rotate: false\n  xy: 2, 1260\n  size: 305, 211\n  orig: 350, 350\n  offset: 20, 47\n  index: -1\n",["yuanbao.png"],{"skeleton":{"hash":"lhD9b0vauvl36q+oQVeIdF+3/KU","spine":"3.8.99","images":"./連續圖/","audio":""},"bones":[{"name":"root"}],"slots":[{"name":"元寶-animation_00","bone":"root"}],"skins":[{"name":"default","attachments":{"元寶-animation_00":{"元寶-animation_00":{"width":500,"height":500},"元寶-animation_01":{"width":500,"height":500},"元寶-animation_02":{"width":500,"height":500},"元寶-animation_03":{"width":500,"height":500},"元寶-animation_04":{"width":500,"height":500},"元寶-animation_05":{"width":500,"height":500},"元寶-animation_06":{"width":500,"height":500},"元寶-animation_07":{"width":500,"height":500},"元寶-animation_08":{"width":500,"height":500},"元寶-animation_09":{"width":500,"height":500},"元寶-animation_10":{"width":500,"height":500},"元寶-animation_11":{"width":500,"height":500},"元寶-animation_12":{"width":500,"height":500},"元寶-animation_13":{"width":500,"height":500},"元寶-animation_14":{"width":500,"height":500},"元寶-animation_15":{"width":500,"height":500},"元寶-animation_16":{"width":500,"height":500},"元寶-animation_17":{"width":500,"height":500},"元寶-animation_18":{"width":500,"height":500},"元寶-animation_19":{"width":500,"height":500},"元寶-animation_20":{"width":500,"height":500},"元寶-animation_21":{"width":500,"height":500},"元寶-animation_22":{"width":500,"height":500},"元寶-animation_23":{"width":500,"height":500},"元寶-animation_24":{"width":500,"height":500},"元寶-animation_25":{"width":500,"height":500},"元寶-animation_26":{"width":500,"height":500},"元寶-animation_27":{"width":500,"height":500}}}}],"animations":{"animation":{"slots":{"元寶-animation_00":{"attachment":[{"name":"元寶-animation_00"},{"time":0.0333,"name":"元寶-animation_01"},{"time":0.0667,"name":"元寶-animation_02"},{"time":0.1,"name":"元寶-animation_03"},{"time":0.1333,"name":"元寶-animation_04"},{"time":0.1667,"name":"元寶-animation_05"},{"time":0.2,"name":"元寶-animation_06"},{"time":0.2333,"name":"元寶-animation_07"},{"time":0.2667,"name":"元寶-animation_08"},{"time":0.3,"name":"元寶-animation_09"},{"time":0.3333,"name":"元寶-animation_10"},{"time":0.3667,"name":"元寶-animation_11"},{"time":0.4,"name":"元寶-animation_12"},{"time":0.4333,"name":"元寶-animation_13"},{"time":0.4667,"name":"元寶-animation_14"},{"time":0.5,"name":"元寶-animation_15"},{"time":0.5333,"name":"元寶-animation_16"},{"time":0.5667,"name":"元寶-animation_17"},{"time":0.6,"name":"元寶-animation_18"},{"time":0.6333,"name":"元寶-animation_19"},{"time":0.6667,"name":"元寶-animation_20"},{"time":0.7,"name":"元寶-animation_21"},{"time":0.7333,"name":"元寶-animation_22"},{"time":0.7667,"name":"元寶-animation_23"},{"time":0.8,"name":"元寶-animation_24"},{"time":0.8333,"name":"元寶-animation_25"},{"time":0.8667,"name":"元寶-animation_26"},{"time":0.9,"name":"元寶-animation_27"}]}}}}},[0]]],0,0,[0],[-1],[0]]
