{"importBase":"import","nativeBase":"native","name":"resources","deps":[],"uuids":["05Et3h5SFNIqCj5T0hAXtY","06biWhlXtD+oMHyQxVT9o0","0dXLtiVZhIjYlj7NAnZAWl","0ePRdQbMNNIbRFIkUoZJAU","0e716lQ5NEPru7gxU6MNME","0fTqaWMQ9KSJYgkaT4WUOh","11/kCa/2JHfKVJ6idZmCc/","16avN0KRlKWq2rE6oRgVeK","1aWdnVg2lNVZmfffL2Sn+5","21mJ29sUZCp5l84eSwByLI","23Sa7b8ARB77KqhjXx8ROW","23a4eoPXBPgaLS9FPOKfyh","25jJFO8XhGoptmLppM//zv","25o4zGh2NMvJdffA5oLB9r","33N6DGYcJGGJBhsn24JJy8","343o2JmrVH2bGbRTEUkbcF","3c/MCIu9pOU6JBUQ5RXk+b","3ezh82W91CHpbxpSK8nl6u","3e1P9RuBRDXKqOXwVTe9Rq","3foopU+xxKi6914+0LmZMm","4391OvD0pKFZVEkmRyBLjw","45+7PMEyZDWpsgbLVqsl8t","4abeLNmI5FL5/i54qyJlUI","4fyj+YD1ZMdKuOKzU7h2kY","50k0ns4DFIArB7n6hmMUyW","54dWeVl59FlodtguSLgDuH","5717ZYepFKJ46pqbQ54bg9","5b8RscVcRMKIBZVYMLYusi","5fvp/WqBNEX4xjktBHxadz","60HeaG0OpATpZOpN2XdjT5","60gM8xak5HK6E12U6Jcyom","66Ml4LsR5Nyr6EFUgoD+Kr","704a/vJFZJIJ1mmgdrb8Rf","71wF98AgVBf54dougKwOgT","72a5RXgttO/5UCvfSu2nbZ","79uO3QTEhK+JrzvyVBHi3S","7amt9wjgRCEaHeq1ASqOkc","7cSg3PwspFjZQkXkuQV/U7","83YBIUwFFDZIUwwUgxdtOx","86MNIWwIRGOJF1CF3Z3kZ3","8d474XddFNKoYzn4GIu28G","8fpDDau+JBN6ycKslZZm4P","9eDNdH7EhJ9ZjdgTH7P3pv","a1Krk0cEhPUboYX3e7QpIP","a1cJhNE4FG94Z1GdOCvJJp","a2vc2FBJxNm7CP5C2sUW7p","a3fej1qNNO8rshXw4GXzRV","a3uYhT29xHh78cBP9qxBQj","a4zjjAwdRPW6FKBZcw0yuk","a5ykf2/tJN6YGHsiDdQKFF","abrU17cylBL7ECPxW6uw+A","adXQQXB1ZCAJG4Z2cf/pic","admdE0WoNDTIQoUZQYvPoL","b6ddhi3tlHIaT1MNFx4996","bc1+coX4BFi5ym5/BiKMZ/","bfXGgx7C1K4buCY6zr8Rf6","c0Qzm+VtxESo776GkkjTGX","c357yRjsFHErtJon4Neou6","cbM7ZPl/dO97clkFJvxlIV","d3nK/M+/hLBoRTRLdeFxjB","df5ZnUk/xGmquDO8FUa+51","e0sb9ceDpLeaecn1b0PgOh","e3UzLjCQdKI7CbkHb9m4C1","e5lYGDMMdF/7CzvJCBIcLr","e6Gd8ngrZO/ZnCdM6W4kvt","e9f1zUK0ZClqdg3iRrZ2Wz","eaI3FLvXJC/Z2x27lZ8uhM","eduM5zqvpGGozbwlSJ87a6","f0I7bEsTJKPJN/6IaKZO0k","f1IFwr42tEPqC99Ifz2U5/","f1gSSbwjBJqa3dFKn8no/D","f1io/+KH9JW4LPMBBQR6Ny","f2uAtuCTtFnq6I1xLGWKPk","faZvqHocBDSqPoBPnxNWgg","fenmjOAllBkq9xe8F3DgiR","fe/T+R6EFEkajAjNIxJrQA","05Et3h5SFNIqCj5T0hAXtY@6c48a","05Et3h5SFNIqCj5T0hAXtY@f9941","05bLss+fVHX5kDkmeGjFqV","09xYMV/jFNY7Ex/Pz6wzh9","0d15JVOvlII69icfuUFsGt","0e716lQ5NEPru7gxU6MNME@6c48a","0e716lQ5NEPru7gxU6MNME@f9941","0fTqaWMQ9KSJYgkaT4WUOh@6c48a","0fTqaWMQ9KSJYgkaT4WUOh@f9941","13LZ6I67xDQoX0C9IbgQZk","18HRuRTXdHM6Eh0JkgPy9l","1aWdnVg2lNVZmfffL2Sn+5@6c48a","1aWdnVg2lNVZmfffL2Sn+5@f9941","1erF1igNBNir8ZJJn0NLlj","20YzUl2n9NQ4Wdt4CJXLM7","20g1ukYUVPvKWKBRznAKo+","200w17syhFG6iM4NB6I/0O","23AGmVCA9EvIIKEvEMkkk1","23a4eoPXBPgaLS9FPOKfyh@6c48a","23a4eoPXBPgaLS9FPOKfyh@f9941","289/xsXU9GAqOKzSSMR2zo","299lEq0M5OgaU9FKt4sdUG","311i3L0vxCg5iG+W5ejR0x","3199U5RypOXr+5OEo6+7ZJ","343o2JmrVH2bGbRTEUkbcF@6c48a","343o2JmrVH2bGbRTEUkbcF@f9941","393CdjrXdE/ajrCX8tNcJU","3beSGxGHxKCJHsQPxXsPLZ","4391OvD0pKFZVEkmRyBLjw@6c48a","4391OvD0pKFZVEkmRyBLjw@f9941","44Gl1hxwlF+5fq/2dUKri6","46X03d/45OhYobsVU2IAhT","4cTZo9VBFM8ZBftyPqDvms","4dBnJQI3ZM6I+ZAL1FbzW/","50k0ns4DFIArB7n6hmMUyW@6c48a","50k0ns4DFIArB7n6hmMUyW@f9941","54TknWPwVPqJqeCR+Y/Czo","55+jZHA31BwKl+ljQ2ggxe","5717ZYepFKJ46pqbQ54bg9@6c48a","5717ZYepFKJ46pqbQ54bg9@f9941","60HeaG0OpATpZOpN2XdjT5@6c48a","60HeaG0OpATpZOpN2XdjT5@f9941","60gM8xak5HK6E12U6Jcyom@6c48a","60gM8xak5HK6E12U6Jcyom@f9941","62a0/YvVtGvbNLoz4/r68q","73ilGv9lxAi6q4axIIgLVO","75QAfkVDZKfLSlrz8s3emx","7amt9wjgRCEaHeq1ASqOkc@6c48a","7amt9wjgRCEaHeq1ASqOkc@f9941","7bCou94slGQayxy3AMt1Vq","7bnBLq4kVNjJMzLnQT9iZ/","7dj5uJT9FMn6OrOOx83tfK","81GHAJmdxJhbiPHUO367vz","82RIbtempEFacfwaGkgkLX","83WH5Aq3lFrZpH5LYjX8ki","83YBIUwFFDZIUwwUgxdtOx@6c48a","83YBIUwFFDZIUwwUgxdtOx@f9941","84EaN6DQ9EfptGP3tHe0/u","84MJ9rtFdDYIKtxZd6CPlH","86mCd2mkdA5p2sNxj/NPoL","89CrZF4Q5KiIo9kGvmwt1H","8aLwq2BilETJfIFweT8tgx","8a9/qMv0pDC6aviFzTGzUs","8dDt/hMZVIKYDeEN9xbgyx","8dFzqnhntOUqBU+j3tzXWy","8d474XddFNKoYzn4GIu28G@6c48a","8d474XddFNKoYzn4GIu28G@f9941","8fpDDau+JBN6ycKslZZm4P@6c48a","8fpDDau+JBN6ycKslZZm4P@f9941","94gcMpSqdPIL1e1WUm5AvT","95EkngnxZFbYuFpsqVTaFr","9ah1L1MuZNXqYhBi56Rx3B","a5ykf2/tJN6YGHsiDdQKFF@6c48a","a5ykf2/tJN6YGHsiDdQKFF@f9941","abrU17cylBL7ECPxW6uw+A@6c48a","abrU17cylBL7ECPxW6uw+A@f9941","adV/Mog+dHSrJq3SZ078NP","adXQQXB1ZCAJG4Z2cf/pic@6c48a","adXQQXB1ZCAJG4Z2cf/pic@f9941","aeimHNmDpBCpfAbXwyBiuq","afUBUldcdIoLJqyzHLqYwM","b03r3suUxDnrZmB/PXxcSL","b5GOWFrxBAzahgnLcKY1Yj","bc1+coX4BFi5ym5/BiKMZ/@6c48a","bc1+coX4BFi5ym5/BiKMZ/@f9941","betMMluHtDCargSz7u3lmO","c3Cja1vSVIQaFIkt0AATBL","c3LENQUmdHzK1nqi/H4pI+","c50yd7PeRBMZao4IhDgis5","cbFjVtRzRAYagxLuEvsrBh","d3iUI1ZxdGlqH0VRUrG++k","d4/h544p5Icbs34c6fEeDL","d8amKpby1Cjplqt3RLVbu9","dbEUKT21dNT64vIrRYJKNB","db/Wwdv/5Jaaj9SN9tVsC5","ddF9vkY2hLpIT+IG9ZStbN","det4+VA+pNnILw2KBto15G","e0sb9ceDpLeaecn1b0PgOh@6c48a","e0sb9ceDpLeaecn1b0PgOh@f9941","e3UzLjCQdKI7CbkHb9m4C1@6c48a","e3UzLjCQdKI7CbkHb9m4C1@f9941","e5lYGDMMdF/7CzvJCBIcLr@6c48a","e5lYGDMMdF/7CzvJCBIcLr@f9941","e7vlsR7oVOBo300IniKsoZ","eaI3FLvXJC/Z2x27lZ8uhM@6c48a","eaI3FLvXJC/Z2x27lZ8uhM@f9941","ec2HOZH99FJ44vgKKnseI0","ed/wU4b09CDK8HdPao4Tej","f2g4Etf4BJaq4D9Q3lUVwU","f3ToGmHjhHEKK3peeSkHgB","f3+k5FQx9Eu7A8PbFjQRme","f7J1uPEMlH45fJNvZJpprm","f8iJw0qZxNDLq36ifJhwGV","f8iUYqUAVN5pMZ1H2mKh0p","f9VapoagxOG4MLjAYK/5ZE","faZvqHocBDSqPoBPnxNWgg@6c48a","faZvqHocBDSqPoBPnxNWgg@f9941","fbBlwD9L9JeoP7hR89d0PQ","fcetrL2o5E4JJgU7yr0RBB","fc8lQBsdNIZrESOY8iUDBk","fenmjOAllBkq9xe8F3DgiR@6c48a","fenmjOAllBkq9xe8F3DgiR@f9941","ffrf1ll4pDV6dxPbnGAGVW","030cb5b89","047afb5d3","045CPjxC9PGodZ6o6yOqog","0853d06f7","08b62d2c4","09856c69c","099f9622d","09xYMV/jFNY7Ex/Pz6wzh9@6c48a","09xYMV/jFNY7Ex/Pz6wzh9@f9941","0ae34c180","0d0b9bbe0","0e6d0d015","0f2018594","13LZ6I67xDQoX0C9IbgQZk@6c48a","13LZ6I67xDQoX0C9IbgQZk@f9941","20YzUl2n9NQ4Wdt4CJXLM7@6c48a","20YzUl2n9NQ4Wdt4CJXLM7@f9941","20g1ukYUVPvKWKBRznAKo+@6c48a","20g1ukYUVPvKWKBRznAKo+@f9941","299lEq0M5OgaU9FKt4sdUG@6c48a","299lEq0M5OgaU9FKt4sdUG@f9941","393CdjrXdE/ajrCX8tNcJU@6c48a","393CdjrXdE/ajrCX8tNcJU@f9941","54TknWPwVPqJqeCR+Y/Czo@6c48a","54TknWPwVPqJqeCR+Y/Czo@f9941","55+jZHA31BwKl+ljQ2ggxe@6c48a","55+jZHA31BwKl+ljQ2ggxe@f9941","62a0/YvVtGvbNLoz4/r68q@6c48a","62a0/YvVtGvbNLoz4/r68q@f9941","73ilGv9lxAi6q4axIIgLVO@6c48a","73ilGv9lxAi6q4axIIgLVO@f9941","77U5wiKxpI6YnxV6Lnc1KQ","7bCou94slGQayxy3AMt1Vq@6c48a","7bCou94slGQayxy3AMt1Vq@f9941","7dj5uJT9FMn6OrOOx83tfK@6c48a","7dj5uJT9FMn6OrOOx83tfK@f9941","81GHAJmdxJhbiPHUO367vz@6c48a","81GHAJmdxJhbiPHUO367vz@f9941","82RIbtempEFacfwaGkgkLX@6c48a","82RIbtempEFacfwaGkgkLX@f9941","83WH5Aq3lFrZpH5LYjX8ki@6c48a","83WH5Aq3lFrZpH5LYjX8ki@f9941","89CrZF4Q5KiIo9kGvmwt1H@6c48a","89CrZF4Q5KiIo9kGvmwt1H@f9941","8aLwq2BilETJfIFweT8tgx@6c48a","8aLwq2BilETJfIFweT8tgx@f9941","8a9/qMv0pDC6aviFzTGzUs@6c48a","8a9/qMv0pDC6aviFzTGzUs@f9941","95EkngnxZFbYuFpsqVTaFr@6c48a","95EkngnxZFbYuFpsqVTaFr@f9941","adV/Mog+dHSrJq3SZ078NP@6c48a","adV/Mog+dHSrJq3SZ078NP@f9941","ad1dITTfRMcbJSoHVY6jtS","aeimHNmDpBCpfAbXwyBiuq@6c48a","aeimHNmDpBCpfAbXwyBiuq@f9941","b03r3suUxDnrZmB/PXxcSL@6c48a","b03r3suUxDnrZmB/PXxcSL@f9941","b5GOWFrxBAzahgnLcKY1Yj@6c48a","b5GOWFrxBAzahgnLcKY1Yj@f9941","beELzPbhxOEpxp4RcA6fbZ","d4/h544p5Icbs34c6fEeDL@6c48a","d4/h544p5Icbs34c6fEeDL@f9941","d8amKpby1Cjplqt3RLVbu9@6c48a","d8amKpby1Cjplqt3RLVbu9@f9941","dbEUKT21dNT64vIrRYJKNB@6c48a","dbEUKT21dNT64vIrRYJKNB@f9941","ddF9vkY2hLpIT+IG9ZStbN@6c48a","ddF9vkY2hLpIT+IG9ZStbN@f9941","det4+VA+pNnILw2KBto15G@6c48a","det4+VA+pNnILw2KBto15G@f9941","e7vlsR7oVOBo300IniKsoZ@6c48a","e7vlsR7oVOBo300IniKsoZ@f9941","ed/wU4b09CDK8HdPao4Tej@6c48a","ed/wU4b09CDK8HdPao4Tej@f9941","f2g4Etf4BJaq4D9Q3lUVwU@6c48a","f2g4Etf4BJaq4D9Q3lUVwU@f9941","f3ToGmHjhHEKK3peeSkHgB@6c48a","f3ToGmHjhHEKK3peeSkHgB@f9941","f7J1uPEMlH45fJNvZJpprm@6c48a","f7J1uPEMlH45fJNvZJpprm@f9941","f8iUYqUAVN5pMZ1H2mKh0p@6c48a","f8iUYqUAVN5pMZ1H2mKh0p@f9941","f9VapoagxOG4MLjAYK/5ZE@6c48a","f9VapoagxOG4MLjAYK/5ZE@f9941","fcetrL2o5E4JJgU7yr0RBB@6c48a","fcetrL2o5E4JJgU7yr0RBB@f9941","fc8lQBsdNIZrESOY8iUDBk@6c48a","fc8lQBsdNIZrESOY8iUDBk@f9941"],"paths":{"0":["gift/caishen",2,1],"1":["gift/2025",0,1],"2":["sound/Chips",6,1],"3":["gift/chun",0,1],"4":["gift/daxiaoren",2,1],"5":["gift/huojian",2,1],"6":["gift/jigu",0,1],"7":["gift/caishen",0,1],"8":["gift/jigu",2,1],"9":["gift/feibiao",0,1],"10":["sound/Female/Female_Point_9",6,1],"11":["gift/egg",2,1],"12":["sound/Female/Female_Point_5",6,1],"13":["sound/ClickChips",6,1],"14":["gift/daxiaoren",0,1],"15":["gift/zhishengji",2,1],"16":["sound/Female/Female_Point_4",6,1],"17":["sound/Female/Female_Point_3",6,1],"18":["sound/Female/Female_StartBet",6,1],"19":["sound/Female/Female_PlayerDraw",6,1],"20":["gift/dajidali",2,1],"21":["gift/danjiutao",0,1],"22":["sound/Female/Female_Point_6",6,1],"23":["gift/wushi",0,1],"24":["gift/chuinixiongkou",2,1],"25":["gift/yuanbao",0,1],"26":["gift/feibiao",2,1],"27":["sound/Female/Female_EndBet",6,1],"28":["gift/dajidali",0,1],"29":["gift/bindou",2,1],"30":["gift/bazhang",2,1],"31":["sound/Countdown",6,1],"32":["sound/ClearBet",6,1],"33":["sound/ClickBtn",6,1],"34":["sound/Female/Female_Point_8",6,1],"35":["gift/chuinixiongkou",0,1],"36":["gift/tuoxie",2,1],"37":["sound/Female/Female_Point_0",6,1],"38":["gift/saqian",2,1],"39":["sound/Female/Female_Point_7",6,1],"40":["gift/bangbangtang",2,1],"41":["gift/2025",2,1],"42":["gift/fotiaoqiang",0,1],"43":["sound/Female/Female_Player",6,1],"44":["gift/bangbangtang",0,1],"45":["gift/fudai",0,1],"46":["gift/egg",0,1],"47":["gift/bazhang",0,1],"48":["sound/Female/Female_BankerWin",6,1],"49":["gift/fudai",2,1],"50":["gift/chun",2,1],"51":["gift/paoche",2,1],"52":["gift/paoche",0,1],"53":["sound/Female/Female_Tie",6,1],"54":["gift/hongbao",2,1],"55":["sound/Female/Female_Banker",6,1],"56":["gift/bindou",0,1],"57":["gift/saqian",0,1],"58":["gift/zhadan",0,1],"59":["sound/Female/Female_Point_2",6,1],"60":["gift/tuoxie",0,1],"61":["gift/wushi",2,1],"62":["gift/danjiutao",2,1],"63":["gift/yuanbao",2,1],"64":["gift/zhishengji",0,1],"65":["sound/Female/Female_PlayerWin",6,1],"66":["gift/zhadan",2,1],"67":["sound/ConfirmBet",6,1],"68":["sound/Female/Female_BankerDraws",6,1],"69":["gift/huojian",0,1],"70":["gift/hongbao",0,1],"71":["sound/Female/Female_Point_1",6,1],"72":["sound/BGM-OriginalVolume",6,1],"73":["gift/fotiaoqiang",2,1],"74":["gift/huojian2",2,1],"75":["sound/BGM",6,1],"76":["gift/caishen/texture",3,1],"77":["gift/caishen/spriteFrame",4,1],"78":["gift/bindou",1,1],"80":["gift/daxiaoren",1,1],"81":["gift/daxiaoren/texture",3,1],"82":["gift/daxiaoren/spriteFrame",4,1],"83":["gift/huojian/texture",3,1],"84":["gift/huojian/spriteFrame",4,1],"86":["gift/zhadan",1,1],"87":["gift/jigu/texture",3,1],"88":["gift/jigu/spriteFrame",4,1],"89":["gift/danjiutao",1,1],"92":["gift/fudai",1,1],"93":["gift/hongbao",1,1],"94":["gift/egg/texture",3,1],"95":["gift/egg/spriteFrame",4,1],"96":["gift/bangbangtang",1,1],"98":["prefab/tipPopup",5,1],"99":["gift/2025",1,1],"100":["gift/zhishengji/texture",3,1],"101":["gift/zhishengji/spriteFrame",4,1],"103":["prefab/gameSettingViewPC",5,1],"104":["gift/dajidali/texture",3,1],"105":["gift/dajidali/spriteFrame",4,1],"106":["gift/fotiaoqiang",1,1],"107":["prefab/loadingPopup",5,1],"108":["gift/caishen",1,1],"109":["gift/jigu",1,1],"110":["gift/chuinixiongkou/texture",3,1],"111":["gift/chuinixiongkou/spriteFrame",4,1],"114":["gift/feibiao/texture",3,1],"115":["gift/feibiao/spriteFrame",4,1],"116":["gift/bindou/texture",3,1],"117":["gift/bindou/spriteFrame",4,1],"118":["gift/bazhang/texture",3,1],"119":["gift/bazhang/spriteFrame",4,1],"122":["gift/saqian",1,1],"123":["gift/tuoxie/texture",3,1],"124":["gift/tuoxie/spriteFrame",4,1],"126":["gift/huojian",1,1],"131":["gift/saqian/texture",3,1],"132":["gift/saqian/spriteFrame",4,1],"133":["prefab/enterPasswordTableView",5,1],"134":["prefab/tipPopupPC",5,1],"135":["gift/bazhang",1,1],"139":["prefab/toastPopup",5,1],"140":["gift/egg",1,1],"141":["gift/bangbangtang/texture",3,1],"142":["gift/bangbangtang/spriteFrame",4,1],"143":["gift/2025/texture",3,1],"144":["gift/2025/spriteFrame",4,1],"145":["gift/zhishengji",1,1],"147":["prefab/soundSettingViewPC",5,1],"148":["gift/fudai/texture",3,1],"149":["gift/fudai/spriteFrame",4,1],"150":["gift/chun/texture",3,1],"151":["gift/chun/spriteFrame",4,1],"153":["gift/paoche/texture",3,1],"154":["gift/paoche/spriteFrame",4,1],"156":["prefab/soundSettingView",5,1],"159":["gift/hongbao/texture",3,1],"160":["gift/hongbao/spriteFrame",4,1],"161":["prefab/recordViewPC",5,1],"162":["gift/chuinixiongkou",1,1],"163":["gift/wushi",1,1],"164":["gift/yuanbao",1,1],"165":["gift/chun",1,1],"166":["gift/dajidali",1,1],"170":["gift/feibiao",1,1],"173":["gift/wushi/texture",3,1],"174":["gift/wushi/spriteFrame",4,1],"175":["gift/danjiutao/texture",3,1],"176":["gift/danjiutao/spriteFrame",4,1],"177":["gift/yuanbao/texture",3,1],"178":["gift/yuanbao/spriteFrame",4,1],"180":["gift/zhadan/texture",3,1],"181":["gift/zhadan/spriteFrame",4,1],"182":["prefab/recordView",5,1],"186":["gift/paoche",1,1],"188":["prefab/loadingPopupPC",5,1],"191":["gift/fotiaoqiang/texture",3,1],"192":["gift/fotiaoqiang/spriteFrame",4,1],"193":["prefab/gameSettingView",5,1],"196":["gift/huojian2/texture",3,1],"197":["gift/huojian2/spriteFrame",4,1],"198":["gift/tuoxie",1,1]},"scenes":{},"packs":{"030cb5b89":[215,217,219,221,103,223,246,248,260,272],"047afb5d3":[213,242,147,257],"0853d06f7":[81,83,87,123,231,233,243,245,141,143,206,218,100,220,104,224,114,212,94,76,222,116,226,228,241,118,216,239,110,237,247,214,235,131,148,150,153,249,252,254,256,159,259,261,263,265,267,173,269,175,177,180,271,275,281,277,273,279,191,283,285,196],"08b62d2c4":[207,225,236,133,253,262],"09856c69c":[244,139],"099f9622d":[201,268],"0ae34c180":[98,229,234,276,280],"0d0b9bbe0":[134,255,274,284],"0e6d0d015":[258,182],"0f2018594":[227,230,232,238,240,250,251,161,264,266,270,278,282,286]},"versions":{"import":[199,"e3cec",200,"8ef1e",0,"a2533",77,"290bb",78,"7a0ab",1,"79b79",202,"7765c",203,"5500b",204,"f76a1",205,"6d738",79,"a2533",208,"597c4",209,"5f8ab",2,"bad9f",80,"f47b7",3,"40191",210,"6079e",4,"a2533",82,"3b1a2",211,"a6a22",5,"a2533",84,"bdac7",6,"8f3c6",85,"a2533",7,"bd5b2",86,"45c61",8,"a2533",88,"082d8",89,"d70e2",90,"a2533",91,"a2533",92,"d67c6",9,"3b66f",93,"7e925",10,"b68f5",11,"a2533",95,"2ef00",12,"c8763",13,"73273",96,"1a4c2",97,"a2533",99,"3df06",14,"11e05",15,"a2533",101,"b51ca",102,"a2533",16,"28438",17,"e67d0",18,"76abb",19,"80a32",20,"a2533",105,"90c71",106,"e8d0b",21,"4053f",107,"6ee00",22,"b4aca",108,"e2f7d",109,"ca61d",23,"91a05",24,"a2533",111,"73ae9",112,"a2533",25,"09e9b",113,"a2533",26,"a2533",115,"d105c",27,"8dd42",28,"52d5d",29,"a2533",117,"d6f06",30,"a2533",119,"e85ee",120,"a2533",31,"5820d",32,"cc05a",33,"b4cbf",34,"f0340",121,"a2533",122,"eddd2",35,"290cd",36,"a2533",124,"b0548",125,"a2533",126,"2c4d4",37,"5497d",127,"a2533",128,"a2533",129,"a2533",130,"a2533",38,"a2533",132,"e84bb",39,"bbe9d",135,"7f24b",136,"a2533",137,"a2533",138,"a2533",140,"a03a7",40,"a2533",142,"3596b",41,"a2533",144,"1ddac",145,"3ba1a",146,"a2533",42,"6e50a",43,"6ed26",44,"ad6c8",45,"60442",46,"6204d",47,"a496b",48,"249fd",49,"a2533",149,"b8716",50,"a2533",151,"6ebd9",152,"a2533",51,"a2533",154,"01a1b",52,"51863",155,"a2533",156,"13870",157,"a2533",158,"a2533",53,"53c09",54,"a2533",160,"98d3c",55,"9bb9c",56,"33892",162,"737cd",163,"0ca6e",57,"4f155",164,"662c8",165,"d37c9",58,"f6789",166,"adb6a",59,"ab3e5",167,"a2533",168,"a2533",169,"a2533",170,"aace1",171,"a2533",172,"a2533",60,"125bb",61,"a2533",174,"4840f",62,"a2533",176,"30490",63,"a2533",178,"a48c5",64,"07efa",179,"a2533",65,"79e50",66,"a2533",181,"b9fe2",67,"65679",183,"a2533",68,"4090d",69,"ebb71",70,"852e3",71,"2fcff",184,"a2533",72,"eb91a",185,"a2533",186,"7f05e",187,"a2533",188,"bda92",189,"a2533",190,"a2533",73,"a2533",192,"bb762",193,"3f711",194,"a2533",195,"a2533",74,"a2533",197,"5a543",75,"0de73",198,"840c1"],"native":[0,"6eb7b",1,"237f3",79,"28cc3",2,"bb1b2",3,"ddba2",4,"a6a54",5,"59095",6,"5c5d5",85,"a06d1",7,"90496",8,"fbaa7",90,"27ca2",91,"90cf4",9,"aca45",10,"cc11f",11,"d89a8",12,"21ac7",13,"e5ee9",97,"53818",14,"42a92",15,"53128",102,"8b44f",16,"0185d",17,"70167",18,"e003f",19,"0efc4",20,"cf248",21,"69bd9",22,"c2f79",23,"0f74b",24,"45ffe",112,"83fcc",25,"6d126",113,"27ca2",26,"7293a",27,"92620",28,"c149a",29,"61515",30,"6bbb8",120,"8809c",31,"772f6",32,"e2b2b",33,"515ce",34,"b9686",121,"dcdbc",35,"7d040",36,"2b458",125,"f099c",37,"74733",127,"cea68",128,"3b247",129,"34955",130,"1db36",38,"b6007",39,"d3f26",136,"10347",137,"febd8",138,"dae6a",40,"2f08a",41,"23e85",146,"c06a9",42,"e6813",43,"68cd3",44,"60b73",45,"ae815",46,"d5638",47,"a140f",48,"30a3d",49,"bc0fa",50,"cf593",152,"a45fe",51,"81abd",52,"c64f9",155,"c0d53",157,"fe97e",158,"02e73",53,"d12f1",54,"9a04d",55,"c605f",56,"50154",57,"8ae28",58,"19d5e",59,"52b8d",167,"101fe",168,"4fcba",169,"33d04",171,"697fd",172,"10a6d",60,"8f95f",61,"d5f5f",62,"54a98",63,"cf938",64,"37d44",179,"9e251",65,"ccf35",66,"ff4f0",67,"df51f",183,"e7385",68,"be375",69,"91904",70,"e0a36",71,"c5556",184,"15b2e",72,"f8624",185,"95b8a",187,"fc57a",189,"523ae",190,"5ede1",73,"65bd3",194,"c1c76",195,"8191a",74,"ed11c",75,"17716"]},"redirect":[],"debug":false,"extensionMap":{},"hasPreloadScript":true,"dependencyRelationships":{},"types":["cc.Asset","sp.SkeletonData","cc.ImageAsset","cc.Texture2D","cc.SpriteFrame","cc.Prefab","cc.AudioClip"]}