[1,["20g1ukYUVPvKWKBRznAKo+@f9941","54TknWPwVPqJqeCR+Y/Czo@f9941","95EkngnxZFbYuFpsqVTaFr@f9941","55+jZHA31BwKl+ljQ2ggxe@f9941","ffbD1HaWFF3IUx4Fy7yKHx@f9941","d87ZjnutRCb5QOEHIqtYU5@f9941","94FSNmC+JCvalnQx2/Tmqv@f9941","020gHFCKdBM6jU7J0TpLRB@6c48a","020gHFCKdBM6jU7J0TpLRB@f9941","8apQTOle5LcJVIlJMPE5XQ@f9941","c4QOCIgP1Ir6F4xijRX//d@f9941","5bv2sml19FF5hSyKgxq2/B@f9941","86LOCjLJxFkr7qX2gxF/9p@f9941","16qv4jj+lETaCQhE7hqgIa","3c6VsfalJLfKp1GNReqln6@f9941","5azX0ZC5dG5YC/DQn49CDS@f9941","bf00/YKQ5Ht4nLDd/0zq2Z@f9941","01Jxfo4wRCSrKyk9IoyU+i@f9941","49DfMBAgBOSIQn9DMerM93@f9941","60iBQkxyNKbpqGME9ck7+Z@f9941","a8pG155iFMXrXDguGrU6In@f9941","23yEalyuVO4Z/B1OgMVGKz@f9941","ec5Bt7erhCP73pToGVKx5M@f9941","a5CWOn0opM74izQpkn+Gh1@f9941","62KpCKOn9EcZ8L4op2Gixz@f9941","68KiXUUMhKHYXAziVEqBvS@f9941","460YvnTplPX60b0rX1+Yrg@f9941","106RmgYz1PDL6QwSfhoHDs@f9941","e78lu3ezxDKoro8L97gGFe@f9941","24QxLqQRxN45qGqS3aZdWa@f9941","2dreVSWhNERr0OePeKTn46@f9941","03l0HrdRxMTbEcUr7BMDO7@f9941","aaIPIW975Mv6QOkMabaumf@f9941","31oJhFqC1IWbfkkYpxQjb6@f9941","e4AHZDTOhDhISMc8xv7XUY@f9941","83CPeamIVL1Ys3R6qpM9sR@f9941","7bC/j/1UNFG5q/XVywVeCh@f9941","31XEVCFCVIVLRuoc7buOt7@f9941","6fqoIGdzZNrZcjglG2auP1@f9941","cfrl0fictCuLpeBGFATaHy@f9941","47zrFDEORH25eRd8NiIBT1@f9941","b19jka+7FO+J3whRYYxmku@f9941","ebUp7hkKtLX5XlI0QHPPHs@f9941","67YewG9S1Ls7/F2knnHgX+@f9941","9fMCtKeAdKl4NoAhbMeCtT@f9941","8cGORCCLFBD4yCQhcCXf3e@f9941","39/ekt9XBOK6LUa9dY3ZHZ@f9941","09Hi/e0ZNLYqwkF4amjkzb@f9941","c1EU4AJddDeLNLIypgqAQz@f9941","02kkBvMs5N7KE0jsPKB6BO@f9941","73kWikp3NMYpLKKm9DXk5t@f9941","b2jA19ZjVFY5BQocFlL7Ix@f9941","c7bbZPS+tM9JrWFsjWXnC5@f9941","209sg8RU9DDqFOdOL9ByIz@f9941","03aRBLKilDQZf1qZCvL6IE@f9941","dcc1gWlXlNjaH9wiIbHn43@f9941","46/DqyOlJMKqYfiumDzX2D@f9941","ecexRSviNAVY/v4A/DPSse@f9941","3c0qJBtElDX6XTqyrwoEzQ@f9941","b3mb1mGL9Nq5hbGAXZCEld@f9941","9dz0vvP9VJ3qdoXvtGJXkT@f9941","51aKviL5ZM/rk72UjRdsYk@f9941","c48jbkAJhFrYvuLRLJvo4A@f9941","caHCvFKPNEGpaE5iOheRRZ@f9941","4ctarzMntJKbtB2DaM/xio@f9941","33Q/xC24dMxokVtQa5TRjk@f9941","45t13wflpBCLtrGD7ucc27@f9941","3c6VsfalJLfKp1GNReqln6@6c48a","5bv2sml19FF5hSyKgxq2/B@6c48a","86LOCjLJxFkr7qX2gxF/9p@6c48a","8apQTOle5LcJVIlJMPE5XQ@6c48a","c4QOCIgP1Ir6F4xijRX//d@6c48a","ffbD1HaWFF3IUx4Fy7yKHx@6c48a"],["node","_spriteFrame","_textureSource","_target","_parent","_normalSprite","_hoverSprite","_pressedSprite","_disabledSprite","root","data","arrowNode","cardShowLayout","descriptionNode","_content","_indicator","cardPrafab","orderLabel","cardBackNode"],[["cc.Node",["_name","_layer","_active","_objFlags","_components","_prefab","_lpos","_parent","_children","_lscale"],-1,9,4,5,1,2,5],"cc.SpriteFrame",["cc.Sprite",["_sizeMode","_type","_name","node","__prefab","_spriteFrame","_color"],0,1,4,6,5],["cc.UITransform",["_name","node","__prefab","_contentSize","_anchorPoint"],2,1,4,5,5],["cc.Layout",["_resizeMode","_layoutType","_isAlign","_paddingLeft","_paddingTop","_spacingX","_spacingY","_affectedByScale","node","__prefab"],-5,1,4],["cc.Label",["_string","_actualFontSize","_fontSize","_overflow","_enableWrapText","_lineHeight","_cacheMode","node","__prefab"],-4,1,4],["cc.Button",["_transition","node","__prefab","clickEvents","_normalColor","_target","_normalSprite","_hoverSprite","_pressedSprite","_disabledSprite"],2,1,4,9,5,1,6,6,6,6],["cc.Prefab",["_name"],2],["cc.Node",["_name","_layer","_parent","_components","_prefab","_lpos"],1,1,12,4,5],["cc.CompPrefabInfo",["fileId"],2],["c3dc5GFdoRBKJd8OjVKnW4N",["node","__prefab","descriptionNode","cardShowLayout","arrowNode","cardPrafab"],3,1,4,1,1,1,6],["cc.PrefabInfo",["fileId","instance","targetOverrides","nestedPrefabInstanceRoots","root","asset"],-1,1,1],["cc.ClickEvent",["_componentId","handler","target"],1,1],["cc.ScrollView",["bounceDuration","brake","horizontal","node","__prefab","_content"],0,1,4,1],["cc.Widget",["_alignFlags","_bottom","node","__prefab"],1,1,4],["cc.PageView",["_name","horizontal","node","__prefab","_content","_indicator"],1,1,4,1,1],["cc.Mask",["node","__prefab"],3,1,4],["cc.Graphics",["node","__prefab","_fillColor"],3,1,4,5],["cc.PageViewIndicator",["spacing","node","__prefab","_cellSize"],2,1,4,5],["048920RTgdNDJRPwF4w8/5j",["node","__prefab","cardSpriteFrame","cardBackNode","orderLabel"],3,1,4,3,1,1]],[[9,0,2],[11,0,1,2,3,4,5,5],[3,1,2,3,1],[0,0,1,7,4,5,6,3],[2,3,4,5,1],[0,0,1,7,8,4,5,6,3],[0,0,1,8,4,5,6,3],[5,0,1,2,7,8,4],[0,0,1,7,8,4,5,3],[3,1,2,3,4,1],[2,0,3,4,5,2],[12,0,1,2,3],[7,0,2],[0,0,1,7,4,5,3],[8,0,1,2,3,4,5,3],[2,1,3,4,6,5,2],[6,0,1,2,3,4,5,6,7,8,9,2],[16,0,1,1],[17,0,1,2,1],[0,0,1,7,4,5,6,9,3],[0,0,2,1,7,8,4,5,6,4],[0,0,3,1,7,4,5,6,4],[0,0,1,8,4,5,6,9,3],[3,0,1,2,3,2],[10,0,1,2,3,4,5,1],[2,1,0,3,4,3],[2,2,1,0,3,4,4],[4,0,1,2,8,9,4],[4,0,1,8,9,3],[4,0,1,3,4,5,6,7,8,9,8],[6,1,2,3,4,5,6,7,8,9,1],[13,0,1,2,3,4,5,4],[14,0,1,2,3,3],[15,0,1,2,3,4,5,3],[5,0,1,2,3,4,7,8,6],[5,0,1,2,5,6,7,8,6],[18,0,1,2,3,2],[19,0,1,2,3,4,1]],[[[{"name":"chevron-down","rect":{"x":6,"y":8,"width":12,"height":7},"offset":{"x":0,"y":0.5},"originalSize":{"width":24,"height":24},"rotated":false,"capInsets":[0,0,0,0],"vertices":{"rawPosition":[-6,-3.5,0,6,-3.5,0,-6,3.5,0,6,3.5,0],"indexes":[0,1,2,2,1,3],"uv":[6,16,18,16,6,9,18,9],"nuv":[0.25,0.375,0.75,0.375,0.25,0.6666666666666666,0.75,0.6666666666666666],"minPos":{"x":-6,"y":-3.5,"z":0},"maxPos":{"x":6,"y":3.5,"z":0}},"packable":true,"pixelsToUnit":100,"pivot":{"x":0.5,"y":0.5},"meshType":0}],[1],0,[0],[2],[7]],[[[12,"allCardVerifInfoViewPC"],[6,"allCardVerifInfoViewPC",33554432,[-7],[[2,-2,[0,"56TP/bomdKCaWqw84fCq4L"],[5,484,604]],[24,-6,[0,"b3b4+ptEZOK6AqndCZvU3I"],-5,-4,-3,16]],[1,"e3nSpCectGEbXb1dRLrpoR",null,null,null,-1,0],[1,680.847,154.713,0]],[8,"verify_bg",33554432,1,[-10,-11,-12,-13,-14,-15],[[2,-8,[0,"e8icTsYGpPEoIFl4VP5rRm"],[5,484,604]],[10,0,-9,[0,"9cnADZEzlFRqlWvVPM0BYi"],15]],[1,"f9CrpFGg5KXaWycnDalpZG",null,null,null,1,0]],[6,"content",33554432,[-18,-19,-20],[[9,-16,[0,"db1qrmyMRIhaB4UbOCAFFx"],[5,1452,385],[0,0,0.5]],[27,1,1,true,-17,[0,"a3hubZFYJHSbm4k0/EscRi"]]],[1,"d3rd08aiVPKYOlwkTcFful",null,null,null,1,0],[1,-240.145,0,0]],[5,"verifyDescriptionButton",33554432,2,[-24,-25],[[2,-21,[0,"8bp7bAZ81FO71OixwN5bJd"],[5,300,40]],[30,-23,[0,"c4bVechWpNE5qN/PK6EQO8"],[[11,"c3dc5GFdoRBKJd8OjVKnW4N","showDescriptionBtnClicked",1]],[4,4292269782],-22,7,8,9,10]],[1,"e4tsAztXlDKYxnD+sk2nzv",null,null,null,1,0],[1,0,201.699,0]],[5,"ScrollView",33554432,2,[-31],[[2,-26,[0,"18xUcsi0lLJr5yIzn/HTaA"],[5,484,467]],[25,1,0,-27,[0,"5d8He5chBM+ZW6NS4U9prM"]],[31,0.23,0.75,false,-29,[0,"976YQEoZZF2KJlzSAQkAcW"],-28],[32,4,0.9580000000000055,-30,[0,"50YW09q51LxKWpWc/Aulej"]]],[1,"6b44MdGx1Gur1gboaVF68T",null,null,null,1,0],[1,0,-67.54199999999997,0]],[6,"Layout",33554432,[-34,-35],[[9,-32,[0,"eaFOwpGHNC0oGvIFZmMsE3"],[5,484,65],[0,0.5,1]],[28,1,2,-33,[0,"40gFnIRTZK9KvftWvs8KzC"]]],[1,"f9VUOhbD5Fk4I6/Rvin0Pd",null,null,null,1,0],[1,0,233.5,0]],[6,"PageView",33554432,[-40,-41],[[23,"pageView-horizontal<UITransform>",-36,[0,"b33lGciHhFgL+ktfE9+7i5"],[5,484,385]],[26,"pageView-horizontal<Sprite>",1,0,-37,[0,"f8AT71c09Pp7V7JxqunOKy"]],[33,"pageView-horizontal<PageView>",false,-39,[0,"e2MawdJUBASJ6XaSmLmDuh"],3,-38]],[1,"206kftDDlIP60zkrkiNy+9",null,null,null,1,0],[1,-0.94,0,0]],[3,"closeButton",33554432,2,[[2,-42,[0,"d4Mxgn6xlLb7gFKLtnQPjL"],[5,26,26]],[15,1,-43,[0,"505UdbUfRKLqmtIbGIbWQH"],[4,4292269782],0],[16,1,-45,[0,"1clJVzVzpLn4Xd3NO/J9HJ"],[[11,"c3dc5GFdoRBKJd8OjVKnW4N","hide",1]],[4,4292269782],-44,1,2,3,4]],[1,"f9N+J4W29KEoHT+sS07qis",null,null,null,1,0],[1,215.118,276.672,0]],[8,"view",33554432,5,[6],[[2,-46,[0,"33+3gU4spFBaMAj0zbg22n"],[5,484,467]],[17,-47,[0,"echXe4klZMUIwi7bQG4Cwj"]],[18,-48,[0,"cdv4pVsD1K97MHiIbqNBJl"],[4,16777215]]],[1,"f8EmQBtPhHeaXijctAUYxn",null,null,null,1,0]],[8,"view",33554432,7,[3],[[2,-49,[0,"ccr+jtcKZPHKAvJhozpI6/"],[5,484,385]],[17,-50,[0,"f5Dm/1Wq1Fva9ZrO3CYkYd"]],[18,-51,[0,"1dn1fUHopG5rkcfiU7EbFR"],[4,16777215]]],[1,"f452HJuHVEqq6VDlzGSXre",null,null,null,1,0]],[19,"chevron-down",33554432,4,[[2,-52,[0,"0cYehTklxNP7xVviGiDFBT"],[5,12,7]],[4,-53,[0,"5b9L+qdSVNPoYF+xAySziu"],6]],[1,"8b4qMHtWJLKqPF79WvZFo2",null,null,null,1,0],[1,94.136,0,0],[1,1,-1,1]],[20,"descriptionNode",false,33554432,6,[7],[[2,-54,[0,"f1ZpveBJRFLLTzS4zJO2LQ"],[5,484,385]]],[1,"a6pKujmllF5KPUB4DZjrew",null,null,null,1,0],[1,0,-192.5,0]],[5,"page1",33554432,3,[-56,-57],[[2,-55,[0,"77DZMP4utNRJU5tLNf5A1v"],[5,484,385]]],[1,"bdYqrcOrFL67BXjcf6Bhln",null,null,null,1,0],[1,242,0,0]],[5,"page2",33554432,3,[-59,-60],[[2,-58,[0,"4dujNFpO5IUaVODV/DSJDS"],[5,484,385]]],[1,"36AFpraEhKy46SFOLTAaES",null,null,null,1,0],[1,726,0,0]],[5,"page3",33554432,3,[-62,-63],[[2,-61,[0,"4bgSLLB9NF+IyFi+akKvvx"],[5,484,385]]],[1,"88asz/5JFKzKbbiY+7gpS0",null,null,null,1,0],[1,1210,0,0]],[13,"allCardInfoNode",33554432,6,[[9,-64,[0,"b56RB17xpD06hapkgmM1Qx"],[5,484,65],[0,0.5,1]],[29,1,3,58,65,20,45,true,-65,[0,"96vnBqUL9HW5VrKhY3OKkf"]]],[1,"c0K1d0iExJ2709efDaFxOB",null,null,null,1,0]],[3,"line",33554432,2,[[2,-66,[0,"564sG8bkRGgK1RkADhm0er"],[5,484,2]],[10,0,-67,[0,"84IDoc+zxJarXOTf+t5DtL"],5]],[1,"7fD+WbP3hNAJGKWyD6czhv",null,null,null,1,0],[1,1.089,234.462,0]],[3,"title",33554432,2,[[2,-68,[0,"fbqODEuMxPAIyF/jvpVCHi"],[5,78,50.4]],[7,"整靴牌",26,26,-69,[0,"e7SihlHUJIAZz3tOXRVPZJ"]]],[1,"1fkzv/N5lKgbCGO6+nBJlv",null,null,null,1,0],[1,0,272.234,0]],[21,"Label",512,33554432,4,[[2,-70,[0,"0dUSgaxqVNhblluHoaUw+2"],[5,300,40]],[34,"區塊鏈驗證說明",24.5,24.5,1,false,-71,[0,"faqAhkk7VJNovzI0XeL+D3"]]],[1,"0ciDMXvL1I1JvaR3sMbF+t",null,null,null,1,0],[1,-19.628,0,0]],[3,"line-001",33554432,2,[[2,-72,[0,"84C+/Fhc9FGomhjdaaDh7J"],[5,484,2]],[10,0,-73,[0,"78xk88pVRG6o6h9amjICRF"],11]],[1,"83ToGqn71Gpr/GTl6EQQ9s",null,null,null,1,0],[1,0,167.877,0]],[3,"verify_img1",33554432,13,[[2,-74,[0,"9adw1ki3RC9oCsn1DTbQqs"],[5,300,260]],[4,-75,[0,"cbl51WmIxGfbgPviqnt7qW"],12]],[1,"b9U3pV1YtJ4pLSzm0geLd9",null,null,null,1,0],[1,0,-7,0]],[3,"Label",33554432,13,[[2,-76,[0,"5c33jnYPhLprv5nC1rW7Wm"],[5,447.01171875,50.4]],[7,"1.每靴開始洗牌前，會對每一張牌的點數加密並公開展示",18,18,-77,[0,"70R/b3sbNJ8Lvxecx+gxAO"]]],[1,"1aNFdnT1pKcqr7GcgpKYcP",null,null,null,1,0],[1,0,164.451,0]],[3,"verify_img2",33554432,14,[[2,-78,[0,"08FDt49f5AFYNkkXVkigQa"],[5,406,281]],[4,-79,[0,"1dJVTDuaxNF7zBX0CDkGFC"],13]],[1,"f8lh9gu1JGs4skXmZ4JJ+J",null,null,null,1,0],[1,0,-7,0]],[3,"Label",33554432,14,[[2,-80,[0,"8bgOvakcxLe5iqWK7gRMSo"],[5,447.01171875,50.4]],[7,"2.開牌後，可點擊按鈕驗證或下載驗證工具進行點數驗證",18,18,-81,[0,"2cMj2xe4JFdKR0wMDxqYb9"]]],[1,"4czJchUBRMQYX6ugL8Vz1m",null,null,null,1,0],[1,0,164.451,0]],[3,"verify_img3",33554432,15,[[2,-82,[0,"46H0rBpAFDj481Nn0p1FMx"],[5,406,281]],[4,-83,[0,"86ycJsQKVGJ43WbHjeuEtC"],14]],[1,"61dDAZMT1BC6fdkZEgrCnN",null,null,null,1,0],[1,0,-7,0]],[3,"Label",33554432,15,[[2,-84,[0,"3c8kNjtlVMsJgagfUg6KNt"],[5,375.01171875,50.4]],[7,"3.過程中先發牌，點數加密並公開，隨時可驗證",18,18,-85,[0,"efT3UraWhD3Id270pc/ZyW"]]],[1,"e7/8DROMtKEawca5a7K2yr",null,null,null,1,0],[1,0,164.451,0]],[14,"indicator",33554432,7,[[[2,-86,[0,"81FwPGpxdO+JFrFfcKzd4C"],[5,500,60]],-87],4,1],[1,"83fcj+EPBLQpXXnDcwXXCS",null,null,null,1,0],[1,0,-170.56,0]],[36,10,27,[0,"68eI8aRZZKY5qg280SEaAy"],[5,30,4]]],0,[0,9,1,0,0,1,0,11,11,0,12,16,0,13,12,0,0,1,0,-1,2,0,0,2,0,0,2,0,-1,8,0,-2,17,0,-3,18,0,-4,4,0,-5,20,0,-6,5,0,0,3,0,0,3,0,-1,13,0,-2,14,0,-3,15,0,0,4,0,3,4,0,0,4,0,-1,19,0,-2,11,0,0,5,0,0,5,0,14,6,0,0,5,0,0,5,0,-1,9,0,0,6,0,0,6,0,-1,12,0,-2,16,0,0,7,0,0,7,0,15,28,0,0,7,0,-1,10,0,-2,27,0,0,8,0,0,8,0,3,8,0,0,8,0,0,9,0,0,9,0,0,9,0,0,10,0,0,10,0,0,10,0,0,11,0,0,11,0,0,12,0,0,13,0,-1,21,0,-2,22,0,0,14,0,-1,23,0,-2,24,0,0,15,0,-1,25,0,-2,26,0,0,16,0,0,16,0,0,17,0,0,17,0,0,18,0,0,18,0,0,19,0,0,19,0,0,20,0,0,20,0,0,21,0,0,21,0,0,22,0,0,22,0,0,23,0,0,23,0,0,24,0,0,24,0,0,25,0,0,25,0,0,26,0,0,26,0,0,27,0,-2,28,0,10,1,3,4,10,6,4,9,7,4,12,87],[0,0,0,0,0,0,0,0,0,0,0,0,0,0,0,0,0,28],[1,5,6,7,8,1,1,5,6,7,8,1,1,1,1,1,16,1],[3,3,0,1,2,4,8,0,0,1,2,4,9,10,11,12,13,14]],[[[12,"dVerifyCardItem"],[22,"dVerifyCardItem",33554432,[-7,-8,-9],[[2,-2,[0,"12kHY+oRVHx75YV73zBHr5"],[5,40,56]],[4,-3,[0,"3bN7Y0t+pD9I7NaOWYqAKd"],6],[37,-6,[0,"68uB+axhRD+KqxEPAwlWqw"],[7,8,9,10,11,12,13,14,15,16,17,18,19,20,21,22,23,24,25,26,27,28,29,30,31,32,33,34,35,36,37,38,39,40,41,42,43,44,45,46,47,48,49,50,51,52,53,54,55,56,57,58],-5,-4]],[1,"85qeIxjqhE1K+reJkLx9Vw",null,null,null,-1,0],[1,-122.79,27.628,0],[1,1.5,1.5,1]],[3,"verifyButton",33554432,1,[[2,-10,[0,"3eVv7B7Z5PXIWjvEb15ADD"],[5,20,20]],[15,1,-11,[0,"50OHy25xdHdbs+HuvLnl3g"],[4,4292269782],1],[16,1,-13,[0,"27pHawngZCf55GdhH8W3+9"],[[11,"048920RTgdNDJRPwF4w8/5j","verifyButtonClick",1]],[4,4292269782],-12,2,3,4,5]],[1,"129R1P9w9PKq3oRGSwWcyp",null,null,null,1,0],[1,9.595,-17.546,0]],[13,"back",33554432,1,[[2,-14,[0,"c5bfDZWOxNtavXrCoBrWVZ"],[5,40,56]],[4,-15,[0,"203cosjh9EPKrbTgWDe/tX"],0]],[1,"96yM2UPshBe4vi33xcV5eN",null,null,null,1,0]],[14,"orderLabel",33554432,1,[[[2,-16,[0,"55z4bZNYVK3rsq0KYS/dgb"],[5,30.03,20]],-17],4,1],[1,"85reBAi81JooIoMHL3B2uC",null,null,null,1,0],[1,0,38,0]],[35,"105",18,18,20,2,4,[0,"77wAbZnO9CNa5YiwOOVYnR"]]],0,[0,9,1,0,0,1,0,0,1,0,17,5,0,18,3,0,0,1,0,-1,3,0,-2,2,0,-3,4,0,0,2,0,0,2,0,3,2,0,0,2,0,0,3,0,0,3,0,0,4,0,-2,5,0,10,1,17],[0,0,0,0,0,0,0,0,0,0,0,0,0,0,0,0,0,0,0,0,0,0,0,0,0,0,0,0,0,0,0,0,0,0,0,0,0,0,0,0,0,0,0,0,0,0,0,0,0,0,0,0,0,0,0,0,0,0,0],[1,1,5,6,7,8,1,-1,-2,-3,-4,-5,-6,-7,-8,-9,-10,-11,-12,-13,-14,-15,-16,-17,-18,-19,-20,-21,-22,-23,-24,-25,-26,-27,-28,-29,-30,-31,-32,-33,-34,-35,-36,-37,-38,-39,-40,-41,-42,-43,-44,-45,-46,-47,-48,-49,-50,-51,-52],[15,5,5,0,1,2,6,16,17,18,19,20,21,22,23,24,25,26,27,28,29,30,31,32,33,34,35,36,37,38,39,40,41,42,43,44,45,46,47,48,49,50,51,52,53,54,6,55,56,57,58,59,60,61,62,63,64,65,66]],[[{"name":"img_dot_a","rect":{"x":0,"y":0,"width":30,"height":4},"offset":{"x":0,"y":0},"originalSize":{"width":30,"height":4},"rotated":false,"capInsets":[0,0,0,0],"vertices":{"rawPosition":[-15,-2,0,15,-2,0,-15,2,0,15,2,0],"indexes":[0,1,2,2,1,3],"uv":[0,4,30,4,0,0,30,0],"nuv":[0,0,1,0,0,1,1,1],"minPos":{"x":-15,"y":-2,"z":0},"maxPos":{"x":15,"y":2,"z":0}},"packable":true,"pixelsToUnit":100,"pivot":{"x":0.5,"y":0.5},"meshType":0}],[1],0,[0],[2],[67]],[[{"name":"verify_img3","rect":{"x":1,"y":4,"width":406,"height":281},"offset":{"x":0.5,"y":-2},"originalSize":{"width":407,"height":285},"rotated":false,"capInsets":[0,0,0,0],"vertices":{"rawPosition":[-203,-140.5,0,203,-140.5,0,-203,140.5,0,203,140.5,0],"indexes":[0,1,2,2,1,3],"uv":[1,281,407,281,1,0,407,0],"nuv":[0.002457002457002457,0,1,0,0.002457002457002457,0.9859649122807017,1,0.9859649122807017],"minPos":{"x":-203,"y":-140.5,"z":0},"maxPos":{"x":203,"y":140.5,"z":0}},"packable":true,"pixelsToUnit":100,"pivot":{"x":0.5,"y":0.5},"meshType":0}],[1],0,[0],[2],[68]],[[{"name":"verify_bg","rect":{"x":0,"y":0,"width":720,"height":880},"offset":{"x":0,"y":0},"originalSize":{"width":720,"height":880},"rotated":false,"capInsets":[0,0,0,0],"vertices":{"rawPosition":[-360,-440,0,360,-440,0,-360,440,0,360,440,0],"indexes":[0,1,2,2,1,3],"uv":[0,880,720,880,0,0,720,0],"nuv":[0,0,1,0,0,1,1,1],"minPos":{"x":-360,"y":-440,"z":0},"maxPos":{"x":360,"y":440,"z":0}},"packable":true,"pixelsToUnit":100,"pivot":{"x":0.5,"y":0.5},"meshType":0}],[1],0,[0],[2],[69]],[[{"name":"verify_img1","rect":{"x":0,"y":4,"width":300,"height":260},"offset":{"x":0,"y":-2},"originalSize":{"width":300,"height":264},"rotated":false,"capInsets":[0,0,0,0],"vertices":{"rawPosition":[-150,-130,0,150,-130,0,-150,130,0,150,130,0],"indexes":[0,1,2,2,1,3],"uv":[0,260,300,260,0,0,300,0],"nuv":[0,0,1,0,0,0.9848484848484849,1,0.9848484848484849],"minPos":{"x":-150,"y":-130,"z":0},"maxPos":{"x":150,"y":130,"z":0}},"packable":true,"pixelsToUnit":100,"pivot":{"x":0.5,"y":0.5},"meshType":0}],[1],0,[0],[2],[70]],[[{"name":"verify_img2","rect":{"x":1,"y":4,"width":406,"height":281},"offset":{"x":0.5,"y":-2},"originalSize":{"width":407,"height":285},"rotated":false,"capInsets":[0,0,0,0],"vertices":{"rawPosition":[-203,-140.5,0,203,-140.5,0,-203,140.5,0,203,140.5,0],"indexes":[0,1,2,2,1,3],"uv":[1,281,407,281,1,0,407,0],"nuv":[0.002457002457002457,0,1,0,0.002457002457002457,0.9859649122807017,1,0.9859649122807017],"minPos":{"x":-203,"y":-140.5,"z":0},"maxPos":{"x":203,"y":140.5,"z":0}},"packable":true,"pixelsToUnit":100,"pivot":{"x":0.5,"y":0.5},"meshType":0}],[1],0,[0],[2],[71]],[[{"name":"verify_line","rect":{"x":0,"y":0,"width":720,"height":1},"offset":{"x":0,"y":0},"originalSize":{"width":720,"height":1},"rotated":false,"capInsets":[0,0,0,0],"vertices":{"rawPosition":[-360,-0.5,0,360,-0.5,0,-360,0.5,0,360,0.5,0],"indexes":[0,1,2,2,1,3],"uv":[0,1,720,1,0,0,720,0],"nuv":[0,0,1,0,0,1,1,1],"minPos":{"x":-360,"y":-0.5,"z":0},"maxPos":{"x":360,"y":0.5,"z":0}},"packable":true,"pixelsToUnit":100,"pivot":{"x":0.5,"y":0.5},"meshType":0}],[1],0,[0],[2],[72]]]]
