[1,["20g1ukYUVPvKWKBRznAKo+@f9941","54TknWPwVPqJqeCR+Y/Czo@f9941","95EkngnxZFbYuFpsqVTaFr@f9941","02E8gutvJALbJYvYLpjL33@f9941","36WaK5SMVLoJu9kW2Sef4Q@f9941","det4+VA+pNnILw2KBto15G@f9941","37kIyp6O5PobYAAwhzmEH0@f9941","94FSNmC+JCvalnQx2/Tmqv@f9941","55+jZHA31BwKl+ljQ2ggxe@f9941","11AWvzKr9JorWsQA7m9O9X","02E8gutvJALbJYvYLpjL33@6c48a","5azX0ZC5dG5YC/DQn49CDS@f9941","bf00/YKQ5Ht4nLDd/0zq2Z@f9941","01Jxfo4wRCSrKyk9IoyU+i@f9941","49DfMBAgBOSIQn9DMerM93@f9941","60iBQkxyNKbpqGME9ck7+Z@f9941","a8pG155iFMXrXDguGrU6In@f9941","23yEalyuVO4Z/B1OgMVGKz@f9941","ec5Bt7erhCP73pToGVKx5M@f9941","a5CWOn0opM74izQpkn+Gh1@f9941","62KpCKOn9EcZ8L4op2Gixz@f9941","68KiXUUMhKHYXAziVEqBvS@f9941","460YvnTplPX60b0rX1+Yrg@f9941","106RmgYz1PDL6QwSfhoHDs@f9941","e78lu3ezxDKoro8L97gGFe@f9941","24QxLqQRxN45qGqS3aZdWa@f9941","2dreVSWhNERr0OePeKTn46@f9941","03l0HrdRxMTbEcUr7BMDO7@f9941","aaIPIW975Mv6QOkMabaumf@f9941","31oJhFqC1IWbfkkYpxQjb6@f9941","e4AHZDTOhDhISMc8xv7XUY@f9941","83CPeamIVL1Ys3R6qpM9sR@f9941","7bC/j/1UNFG5q/XVywVeCh@f9941","31XEVCFCVIVLRuoc7buOt7@f9941","6fqoIGdzZNrZcjglG2auP1@f9941","cfrl0fictCuLpeBGFATaHy@f9941","47zrFDEORH25eRd8NiIBT1@f9941","b19jka+7FO+J3whRYYxmku@f9941","ebUp7hkKtLX5XlI0QHPPHs@f9941","67YewG9S1Ls7/F2knnHgX+@f9941","9fMCtKeAdKl4NoAhbMeCtT@f9941","8cGORCCLFBD4yCQhcCXf3e@f9941","39/ekt9XBOK6LUa9dY3ZHZ@f9941","09Hi/e0ZNLYqwkF4amjkzb@f9941","c1EU4AJddDeLNLIypgqAQz@f9941","02kkBvMs5N7KE0jsPKB6BO@f9941","73kWikp3NMYpLKKm9DXk5t@f9941","b2jA19ZjVFY5BQocFlL7Ix@f9941","c7bbZPS+tM9JrWFsjWXnC5@f9941","209sg8RU9DDqFOdOL9ByIz@f9941","03aRBLKilDQZf1qZCvL6IE@f9941","dcc1gWlXlNjaH9wiIbHn43@f9941","46/DqyOlJMKqYfiumDzX2D@f9941","ecexRSviNAVY/v4A/DPSse@f9941","3c0qJBtElDX6XTqyrwoEzQ@f9941","b3mb1mGL9Nq5hbGAXZCEld@f9941","9dz0vvP9VJ3qdoXvtGJXkT@f9941","51aKviL5ZM/rk72UjRdsYk@f9941","c48jbkAJhFrYvuLRLJvo4A@f9941","caHCvFKPNEGpaE5iOheRRZ@f9941","4ctarzMntJKbtB2DaM/xio@f9941","33Q/xC24dMxokVtQa5TRjk@f9941","45t13wflpBCLtrGD7ucc27@f9941","1chMF9cjFBEqDBI6tOuM17@6c48a","36WaK5SMVLoJu9kW2Sef4Q@6c48a","37kIyp6O5PobYAAwhzmEH0@6c48a","7dj5uJT9FMn6OrOOx83tfK@f9941","b6FbiJl4RBBYGdfqzD4kSR@f9941","c37kFUPQ9Bh7jn+nVnxihS@f9941","79503ADb9O+oqVTL0otExM@f9941","1chMF9cjFBEqDBI6tOuM17@f9941","79503ADb9O+oqVTL0otExM@6c48a","b6FbiJl4RBBYGdfqzD4kSR@6c48a","c37kFUPQ9Bh7jn+nVnxihS@6c48a"],["node","_spriteFrame","_target","_normalSprite","_hoverSprite","_pressedSprite","_disabledSprite","_textureSource","root","data","target","source","asset","cardBackNode","varifypointAndPasswordLabel","advanceCardPointCodeLabel","cardPointCardLabel"],[["cc.Node",["_name","_layer","_active","_objFlags","__editorExtras__","_prefab","_components","_parent","_children","_lpos","_lscale"],-2,4,9,1,2,5,5],"cc.SpriteFrame",["cc.Label",["_actualFontSize","_fontSize","_string","_overflow","_horizontalAlign","_lineHeight","_enableWrapText","_verticalAlign","_isUnderline","node","__prefab","_color"],-6,1,4,5],["cc.Sprite",["_type","_sizeMode","node","__prefab","_spriteFrame","_color"],1,1,4,6,5],["cc.UITransform",["node","__prefab","_contentSize","_anchorPoint"],3,1,4,5,5],["cc.Button",["_transition","_interactable","node","__prefab","_normalColor","_target","_normalSprite","_hoverSprite","_pressedSprite","_disabledSprite","clickEvents"],1,1,4,5,1,6,6,6,6,9],["cc.Node",["_name","_layer","_components","_prefab","_children","_parent","_lpos"],1,12,4,2,1,5],["cc.ClickEvent",["_componentId","handler","customEventData","target"],0,1],["cc.Prefab",["_name"],2],["cc.CompPrefabInfo",["fileId"],2],["b03a8vH9P5AaYr0Rl1A+GE9",["node","__prefab","cardSpriteFrame","cardBackNode"],3,1,4,3,1],["cc.PrefabInfo",["fileId","instance","targetOverrides","nestedPrefabInstanceRoots","root","asset"],-1,1,1],["cc.PrefabInfo",["fileId","instance","root","asset","targetOverrides","nestedPrefabInstanceRoots"],1,1,1,9,2],["cc.PrefabInfo",["fileId","targetOverrides","nestedPrefabInstanceRoots","root","instance","asset"],0,1,4,6],["cc.TargetOverrideInfo",["propertyPath","source","target","targetInfo"],2,1,1,4],["cc.TargetInfo",["localID"],2],["cc.BlockInputEvents",["node","__prefab"],3,1,4],["cc.PrefabInstance",["fileId","prefabRootNode","propertyOverrides"],2,1,9],["CCPropertyOverrideInfo",["value","propertyPath","targetInfo"],1,1],["CCPropertyOverrideInfo",["propertyPath","targetInfo","value"],2,1,8],["CCPropertyOverrideInfo",["value","propertyPath","targetInfo"],1,4],["23b7d7+yHBD4bxUJkhpHtvt",["verfyCards","node","__prefab","orderLabels","verifySucNode","copyNodes"],2,1,4,2,1,2]],[[9,0,2],[11,0,1,2,3,4,5,5],[4,0,1,2,1],[0,0,1,7,6,5,9,3],[3,2,3,4,1],[19,0,1,2,2],[4,0,1,2,3,1],[0,0,1,7,6,5,3],[15,0,2],[5,0,2,3,10,4,5,6,7,8,9,2],[7,0,1,2,3,4],[0,0,1,7,8,6,5,9,3],[6,0,1,5,2,3,6,3],[4,0,1,1],[3,0,2,3,5,4,2],[3,0,1,2,3,4,3],[2,2,0,1,9,10,4],[0,0,1,7,8,6,5,9,10,3],[3,2,3,5,4,1],[2,2,0,1,3,6,9,10,6],[8,0,2],[0,3,4,7,5,3],[13,0,1,2,3,4,5,4],[14,0,1,2,3,2],[17,0,1,2,2],[18,0,1,2,3],[20,0,1,2,3],[2,2,4,7,0,1,5,3,9,10,8],[2,2,0,1,5,9,10,5],[0,0,1,8,6,5,9,3],[0,0,1,7,8,6,5,3],[0,0,2,1,7,8,6,5,9,4],[6,0,1,4,2,3,3],[3,1,2,3,5,4,2],[10,0,1,2,3,1],[12,0,1,2,3,4,5,3],[5,1,0,2,3,4,5,6,7,8,9,3],[5,2,3,10,4,5,6,7,8,9,1],[7,0,1,3,3],[16,0,1,1],[2,2,0,1,3,6,8,9,10,11,7],[2,4,0,1,9,10,4],[2,4,7,0,1,5,3,9,10,7],[21,0,1,2,3,4,5,2]],[[[{"name":"copy-right","rect":{"x":6,"y":3,"width":26,"height":30},"offset":{"x":1,"y":0},"originalSize":{"width":36,"height":36},"rotated":false,"capInsets":[0,0,0,0],"vertices":{"rawPosition":[-13,-15,0,13,-15,0,-13,15,0,13,15,0],"indexes":[0,1,2,2,1,3],"uv":[6,33,32,33,6,3,32,3],"nuv":[0.16666666666666666,0.08333333333333333,0.8888888888888888,0.08333333333333333,0.16666666666666666,0.9166666666666666,0.8888888888888888,0.9166666666666666],"minPos":{"x":-13,"y":-15,"z":0},"maxPos":{"x":13,"y":15,"z":0}},"packable":true,"pixelsToUnit":100,"pivot":{"x":0.5,"y":0.5},"meshType":0}],[1],0,[0],[7],[10]],[[[20,"cardItem"],[29,"cardItem",33554432,[-6],[[2,-2,[0,"12kHY+oRVHx75YV73zBHr5"],[5,40,56]],[4,-3,[0,"3bN7Y0t+pD9I7NaOWYqAKd"],1],[34,-5,[0,"65XR7TUtVGoYn4vuf2GzQn"],[2,3,4,5,6,7,8,9,10,11,12,13,14,15,16,17,18,19,20,21,22,23,24,25,26,27,28,29,30,31,32,33,34,35,36,37,38,39,40,41,42,43,44,45,46,47,48,49,50,51,52,53],-4]],[1,"85qeIxjqhE1K+reJkLx9Vw",null,null,null,-1,0],[1,-122.79,27.628,0]],[7,"back",33554432,1,[[2,-7,[0,"c5bfDZWOxNtavXrCoBrWVZ"],[5,40,56]],[4,-8,[0,"203cosjh9EPKrbTgWDe/tX"],0]],[1,"96yM2UPshBe4vi33xcV5eN",null,null,null,1,0]]],0,[0,8,1,0,0,1,0,0,1,0,13,2,0,0,1,0,-1,2,0,0,2,0,0,2,0,9,1,8],[0,0,0,0,0,0,0,0,0,0,0,0,0,0,0,0,0,0,0,0,0,0,0,0,0,0,0,0,0,0,0,0,0,0,0,0,0,0,0,0,0,0,0,0,0,0,0,0,0,0,0,0,0,0],[1,1,-1,-2,-3,-4,-5,-6,-7,-8,-9,-10,-11,-12,-13,-14,-15,-16,-17,-18,-19,-20,-21,-22,-23,-24,-25,-26,-27,-28,-29,-30,-31,-32,-33,-34,-35,-36,-37,-38,-39,-40,-41,-42,-43,-44,-45,-46,-47,-48,-49,-50,-51,-52],[11,7,12,13,14,15,16,17,18,19,20,21,22,23,24,25,26,27,28,29,30,31,32,33,34,35,36,37,38,39,40,41,42,43,44,45,46,47,48,49,50,7,51,52,53,54,55,56,57,58,59,60,61,62]],[[{"name":"blockchain_pop_bg","rect":{"x":0,"y":0,"width":640,"height":1051},"offset":{"x":0,"y":0},"originalSize":{"width":640,"height":1051},"rotated":false,"capInsets":[0,0,0,0],"vertices":{"rawPosition":[-320,-525.5,0,320,-525.5,0,-320,525.5,0,320,525.5,0],"indexes":[0,1,2,2,1,3],"uv":[0,1051,640,1051,0,0,640,0],"nuv":[0,0,1,0,0,1,1,1],"minPos":{"x":-320,"y":-525.5,"z":0},"maxPos":{"x":320,"y":525.5,"z":0}},"packable":true,"pixelsToUnit":100,"pivot":{"x":0.5,"y":0.5},"meshType":0}],[1],0,[0],[7],[63]],[[{"name":"verify_btn","rect":{"x":0,"y":0,"width":144,"height":30},"offset":{"x":0,"y":0},"originalSize":{"width":144,"height":30},"rotated":false,"capInsets":[0,0,0,0],"vertices":{"rawPosition":[-72,-15,0,72,-15,0,-72,15,0,72,15,0],"indexes":[0,1,2,2,1,3],"uv":[0,30,144,30,0,0,144,0],"nuv":[0,0,1,0,0,1,1,1],"minPos":{"x":-72,"y":-15,"z":0},"maxPos":{"x":72,"y":15,"z":0}},"packable":true,"pixelsToUnit":100,"pivot":{"x":0.5,"y":0.5},"meshType":0}],[1],0,[0],[7],[64]],[[{"name":"verify_frame1","rect":{"x":0,"y":0,"width":202,"height":128},"offset":{"x":0,"y":0},"originalSize":{"width":202,"height":128},"rotated":false,"capInsets":[5,5,5,5],"vertices":{"rawPosition":[-101,-64,0,101,-64,0,-101,64,0,101,64,0],"indexes":[0,1,2,2,1,3],"uv":[0,128,202,128,0,0,202,0],"nuv":[0,0,1,0,0,1,1,1],"minPos":{"x":-101,"y":-64,"z":0},"maxPos":{"x":101,"y":64,"z":0}},"packable":true,"pixelsToUnit":100,"pivot":{"x":0.5,"y":0.5},"meshType":0}],[1],0,[0],[7],[65]],[[[20,"cardVerifViewPC"],[32,"cardVerifViewPC",33554432,[-10,-11],[[[2,-8,[0,"b80Jft5SdLzKwAxsZRR3vp"],[5,1920,1080]],-9],4,1],[35,"2cXSQAYE9K4bUEft61K85X",null,-7,0,[[23,["verfyCards","0"],-4,-3,[8,["65XR7TUtVGoYn4vuf2GzQn"]]],[23,["verfyCards","1"],-6,-5,[8,["65XR7TUtVGoYn4vuf2GzQn"]]]],[-1,-2]]],[30,"blockchain_pop_bg",33554432,1,[-14,-15,-16,-17,-18,-19,-20,-21,-22,-23,-24,-25],[[2,-12,[0,"ccdXelBm5AxKA8HhBedHo5"],[5,640,1051]],[4,-13,[0,"e5nvyNV7xG+LD22Q1qfwd/"],53]],[1,"0dtSGx8OlPLZfRrziMA1id",null,null,null,1,0]],[11,"cardPointCodeInfo",33554432,2,[-27,-28,-29,-30,-31,-32,-33],[[13,-26,[0,"7fmPUcoZFJWL6ChxvN3d8z"]]],[1,"43rkys26dKAKZYi5P/7/CJ",null,null,null,1,0],[1,0,196.013,0]],[31,"verifySuccessNode",false,33554432,2,[-35,-36,-37,-38,-39],[[13,-34,[0,"dfoMN1Tw1PtLPGhT5fMxWo"]]],[1,"44MKNEG8hNerDbYqmo1BkD",null,null,null,1,0],[1,0,-299,0]],[11,"advanceCardPointCodeInfo",33554432,2,[-41,-42,-43,-44,-45],[[13,-40,[0,"a0zcyP3YxDQ4v3fQYGxZSg"]]],[1,"98Veh5dzZEX7qDP/wUo8G8",null,null,null,1,0],[1,0.12,-55.657,0]],[3,"copyButton",33554432,3,[[2,-46,[0,"falNbOAuRI9aqZkQtrDY0R"],[5,26,30]],[14,1,-47,[0,"aaw3m7OcBIXKjBp2UGey2J"],[4,4292269782],16],[9,1,-49,[0,"d7eR/Sz9RH3LScApEtsJwU"],[[10,"23b7d7+yHBD4bxUJkhpHtvt","btnClicked","copy1",1]],[4,4292269782],-48,17,18,19,20]],[1,"39Y2kbMVJFHrs4IIM35Zxa",null,null,null,1,0],[1,242.002,-22.124,0]],[3,"copyButton",33554432,5,[[2,-50,[0,"21szlGB6BKQpUO5s0XPpB2"],[5,26,30]],[14,1,-51,[0,"3atkGkCKtGnbvtY426n5qp"],[4,4292269782],24],[9,1,-53,[0,"8b7hpijadHSrxaSp0wRUim"],[[10,"23b7d7+yHBD4bxUJkhpHtvt","btnClicked","copy2",1]],[4,4292269782],-52,25,26,27,28]],[1,"02So1JwTtFaZjzrfwJ/fJm",null,null,null,1,0],[1,242.002,-22.124,0]],[11,"verifyCardPointCodeInfo",33554432,2,[-55,-56,-57,-58],[[13,-54,[0,"93cNm3LJZGP77UVqZauURZ"]]],[1,"c66i9Lx1RJmbo6O+MV7/Af",null,null,null,1,0],[1,0,-299,0]],[17,"verifyButton",33554432,2,[-63],[[2,-59,[0,"4cywYYkaBP/qvm2fv052lt"],[5,144,30]],[18,-60,[0,"12ikLwNy9P5ouuNItWa5xJ"],[4,4292269782],32],[9,1,-62,[0,"6cnROWJmFIaaL+SmmgBa1X"],[[10,"23b7d7+yHBD4bxUJkhpHtvt","btnClicked","verify",1]],[4,4292269782],-61,33,34,35,36]],[1,"50aSGBV/9EnIKuurOSRijd",null,null,null,1,0],[1,0,-458.654,0],[1,1.6,1.6,1]],[3,"copyButton",33554432,4,[[2,-64,[0,"84T9/GMDtMEoEkf8nc6K2m"],[5,26,30]],[14,1,-65,[0,"62zYhpWQNLi5PGGckrs10a"],[4,4292269782],38],[9,1,-67,[0,"a1FmUifdRJ7rIgFb+SdGWm"],[[10,"23b7d7+yHBD4bxUJkhpHtvt","btnClicked","copy3",1]],[4,4292269782],-66,39,40,41,42]],[1,"fa62kBGeJKRbIdT/kqM9vJ",null,null,null,1,0],[1,242.002,-22.124,0]],[17,"verifySuccessButton",33554432,4,[-72],[[2,-68,[0,"33mPXiAzFL9IdVNX9+LAg1"],[5,144,30]],[18,-69,[0,"41Mk+yoGND6ox7Kp1qjFaO"],[4,4286348412],43],[36,false,1,-71,[0,"aefTTiRXlJErQGeivr/wv3"],[4,4292269782],-70,44,45,46,47]],[1,"b5mnU3hjFBCJ81gy4nfGbC",null,null,null,1,0],[1,-134.971,-162.875,0],[1,1.6,1.6,1]],[17,"verifyRestButton",33554432,4,[-77],[[2,-73,[0,"c1YsAIvypJ+LmuobrGYykt"],[5,144,30]],[18,-74,[0,"73FgKq1aZOb4FX8rBxR0OV"],[4,4292269782],48],[9,1,-76,[0,"03X6ifC5BH+L5vxxkaNmXa"],[[10,"23b7d7+yHBD4bxUJkhpHtvt","btnClicked","reset",1]],[4,4292269782],-75,49,50,51,52]],[1,"62Pt2FQtlKUopKelbObh97",null,null,null,1,0],[1,134.971,-162.875,0],[1,1.6,1.6,1]],[3,"closeButton",33554432,2,[[2,-78,[0,"18IaxXPJFN8YFeZg/6JIvg"],[5,26,26]],[14,1,-79,[0,"430IO6vY9CnK806Y5rVQxN"],[4,4292269782],1],[9,1,-81,[0,"8eyFeWtqxM5J5RjwBe2v9j"],[[38,"23b7d7+yHBD4bxUJkhpHtvt","hide",1]],[4,4292269782],-80,2,3,4,5]],[1,"9f+m6mQtxNkZ6erhRqQKes",null,null,null,1,0],[1,280.878,483.543,0]],[11,"cardInfo",33554432,2,[-83,-84,-85],[[2,-82,[0,"39eo3/QhlPg5wvlOlHJ6A+"],[5,100,80]]],[1,"6ftfvivKJB3r++RvPrTgkh",null,null,null,1,0],[1,2.545,383.731,0]],[8,["85qeIxjqhE1K+reJkLx9Vw"]],[11,"lookAllButton",33554432,14,[-89],[[2,-86,[0,"006cpj1kdAcIjsfs2PnA0C"],[5,100,40]],[37,-88,[0,"efIcWEInJAOI7pbyvWM91t"],[[10,"23b7d7+yHBD4bxUJkhpHtvt","btnClicked","lookAll",1]],[4,4292269782],-87,9,10,11,12]],[1,"34PkWkEURDu6PtnN4jljCZ",null,null,null,1,0],[1,66.849,-20.92,0]],[8,["85qeIxjqhE1K+reJkLx9Vw"]],[7,"mask",33554432,1,[[2,-90,[0,"337roznO5FyqWICZ26RPUe"],[5,1920,1080]],[33,0,-91,[0,"8diMp6S8ROL7MzV9sNjJWi"],[4,2013265920],0],[39,-92,[0,"0cMNnRucVLLqjVTVp0zkqL"]]],[1,"68qnwmtbJLE7WICorYptgY",null,null,null,1,0]],[21,0,{},14,[22,"85qeIxjqhE1K+reJkLx9Vw",null,null,-93,[24,"52DEl7gAJKg7/RiBpCxrvz",1,[[25,"cardItem",["_name"],15],[5,["_lpos"],15,[1,-50,0,0]],[5,["_lrot"],15,[3,0,0,0,1]],[5,["_euler"],15,[1,0,0,0]],[26,false,["_active"],[8,["96yM2UPshBe4vi33xcV5eN"]]],[5,["_lscale"],15,[1,1.5,1.5,1]]]],8]],[21,0,{},3,[22,"85qeIxjqhE1K+reJkLx9Vw",null,null,-94,[24,"2eP4iPydNEmr1YpazCHoAX",1,[[25,"cardItem",["_name"],17],[5,["_lpos"],17,[1,-211.121,-37.554,0]],[5,["_lrot"],17,[3,0,0,0,1]],[5,["_euler"],17,[1,0,0,0]],[26,false,["_active"],[8,["96yM2UPshBe4vi33xcV5eN"]]],[5,["_lscale"],17,[1,1.5,1.5,1]]]],15]],[3,"line",33554432,2,[[2,-95,[0,"f0EexylFtD1IY9QP0h6Bi9"],[5,640,1]],[4,-96,[0,"63Cno88txOt5pGIS6KesSM"],6]],[1,"a3ni9cjWZIrKc/30UUUffn",null,null,null,1,0],[1,0,447.841,0]],[3,"title",33554432,2,[[2,-97,[0,"d80OXhjTpOG5NLtpJrDfg0"],[5,104,50.4]],[16,"卡牌驗證",26,26,-98,[0,"f6ce5gIapGbr+BlfjE2PSl"]]],[1,"d4PQt3zslKvoHSFxYsmYaW",null,null,null,1,0],[1,0,489.169,0]],[3,"line-001",33554432,2,[[2,-99,[0,"07rluELMtMW5GmcXRHvFt0"],[5,640,1]],[4,-100,[0,"bfFYX3ipZPIaeH2MYUb7l7"],7]],[1,"8a81hUHXxFa64NryFcLZpL",null,null,null,1,0],[1,0,326.551,0]],[12,"orderLabel",33554432,14,[[[2,-101,[0,"c8dc9OaqlF7aNPdgyEsPq/"],[5,33.369140625,25.2]],-102],4,1],[1,"43ANz0ZtZET4ZoZcMW9fF7",null,null,null,1,0],[1,40,17.722,0]],[7,"Label",33554432,16,[[2,-103,[0,"b2WGcZsuxCL6fgvC/eSEpU"],[5,100,40]],[40,"查看整靴牌",20,20,1,false,true,-104,[0,"59MtFI13lGULqTO4gFmoF4"],[4,4288207359]]],[1,"a8Y9cSl6NF1JAaHTBftJHH",null,null,null,1,0]],[3,"line-002",33554432,2,[[2,-105,[0,"48SfHsKJBJX6qgO5UX0GK5"],[5,640,1]],[4,-106,[0,"74kuy/Y71NEZIYWBEo/n1R"],13]],[1,"7decR1qgBKV5ZApFBcTyua",null,null,null,1,0],[1,0,74.036,0]],[3,"bg",33554432,3,[[2,-107,[0,"75B0Klv3pEBLyUMj+7/mon"],[5,562.97,157.31]],[15,1,0,-108,[0,"93z/K7hhJOeaZwqRJpRh+5"],14]],[1,"c0guRVI4lJxIXBuwlmO7k7",null,null,null,1,0],[1,0,-14.655,0]],[12,"orderLabel",33554432,3,[[[2,-109,[0,"35Ww5AUmxIja90AnnNsBg1"],[5,33.369140625,25.2]],-110],4,1],[1,"f4waPEWLlCNKPUU8IICE7t",null,null,null,1,0],[1,-210.884,26.881,0]],[12,"cardPointCodeLabel",33554432,3,[[[6,-111,[0,"f8dNcyjUVCJLvfpzrJ+rl0"],[5,42.255859375,50.4],[0,0,0.5]],-112],4,1],[1,"a5WRhuXfJJIaJq2nE3n+CG",null,null,null,1,0],[1,-141.499,-20.622,0]],[3,"lock-02",33554432,3,[[2,-113,[0,"94tzwGtH1Hd6YcWpprbahJ"],[5,26,32]],[4,-114,[0,"b33FXjLoVDBZh81Vb1ixP/"],21]],[1,"9esFTZlmlOwZGGJ0HvFHM9",null,null,null,1,0],[1,-262.578,87.702,0]],[3,"Label",33554432,3,[[6,-115,[0,"57EXNgp6FBx6yqxuf5X5MQ"],[5,156,50.4],[0,0,0.5]],[16,"卡牌點數代碼",26,26,-116,[0,"b5ADj19oVPj44E2xBzhmow"]]],[1,"d6bftCgJVBtqD4Lv6UsXgJ",null,null,null,1,0],[1,-243.126,86.117,0]],[3,"line-003",33554432,2,[[2,-117,[0,"b0u8n8I6JGN4aCxZOGNt57"],[5,640,1]],[4,-118,[0,"a6CJ+T03VK76At+Qtny+r2"],22]],[1,"79hJd26kpGaIV3GlUFV7kf",null,null,null,1,0],[1,0,-174.271,0]],[3,"bg",33554432,5,[[2,-119,[0,"a7tENdjQ5HEaZKpKAHaOb0"],[5,562.97,157.31]],[15,1,0,-120,[0,"845Vs5q7FCpbQrIzMIvxf1"],23]],[1,"bdLnvK00BD0KPJxyVa14hp",null,null,null,1,0],[1,0,-14.655,0]],[12,"advanceCardPointCodeLabel",33554432,5,[[[6,-121,[0,"a7i82RccdEvYTUAeKc5mUo"],[5,440,37.8],[0,0,1]],-122],4,1],[1,"cbtsDNeu9KPIqAJ4nC+3p3",null,null,null,1,0],[1,-243.572,31.78,0]],[3,"lock-02",33554432,5,[[2,-123,[0,"12d2siECVMqqYDKAdY1p6n"],[5,32,28]],[4,-124,[0,"df+yo3NQRHC78EHLaB0lWh"],29]],[1,"1aYi6c4VhPZKLcRBP9Kz9x",null,null,null,1,0],[1,-262.578,87.702,0]],[3,"Label",33554432,5,[[6,-125,[0,"bfgrTRPaxDrJDS/5I+F5JI"],[5,286,50.4],[0,0,0.5]],[16,"提前公佈的卡牌點數代碼",26,26,-126,[0,"f4RaNo2R5FWq4emjlMZD1D"]]],[1,"75LvMYVVlOOJXWvfKRDfGB",null,null,null,1,0],[1,-237.283,88.972,0]],[3,"bg",33554432,8,[[2,-127,[0,"0f5poZaL1L5526s4tEB0AV"],[5,562.97,157.31]],[15,1,0,-128,[0,"99vi4GdmhHF6nnt4+KD03R"],30]],[1,"62ZUmdHx5LfqUOF4xtqEWI",null,null,null,1,0],[1,0,-14.655,0]],[3,"varifyLabel",33554432,8,[[6,-129,[0,"eeLn6fYURFt6A4XTmsBgUM"],[5,440,67.8],[0,0,0.5]],[27,"開牌後可點及驗證按鈕核對，確認是否與開牌前點數加密碼數值一致，我們保持絕對的公平公正",0,0,20,20,30,3,-130,[0,"ccAuF7gBpGGqXSO0s3FQkr"]]],[1,"52cslNI5tIQYmKGXZV0xMO",null,null,null,1,0],[1,-252.754,-21.537,0]],[3,"lock-02",33554432,8,[[2,-131,[0,"8ede6lI+hD5oFhMA66IP9y"],[5,26,32]],[4,-132,[0,"74OZR53VlN7b5cCA4darxV"],31]],[1,"55O2zRbbRBqYdc2FF07aB2",null,null,null,1,0],[1,-262.578,87.702,0]],[3,"Label",33554432,8,[[6,-133,[0,"02l7mem1lGM6PAJ0ulo+7D"],[5,286,50.4],[0,0,0.5]],[16,"驗證出的卡牌點數加密碼",26,26,-134,[0,"60q1roRy1OHI7VcXxXly1K"]]],[1,"98rdO8JVdKt4onXRsbAWCJ",null,null,null,1,0],[1,-237.283,88.972,0]],[7,"Label",33554432,9,[[2,-135,[0,"10JbuPTnFJNYqUX0J2aiAf"],[5,100,40]],[19,"驗證",20,20,1,false,-136,[0,"a8lXJAXTdOEJdK9hd6Il9/"]]],[1,"24Tehp9H9PEYuDl/d9Oacp",null,null,null,1,0]],[3,"bg",33554432,4,[[2,-137,[0,"d0rriuPq5Dy5HPL2bl95c1"],[5,562.97,157.31]],[15,1,0,-138,[0,"42whBClJ5DcomqnPbFC2em"],37]],[1,"64rPRvqIpMF76zTlVS78Jj",null,null,null,1,0],[1,0,-14.654999999999973,0]],[12,"varifypointAndPasswordLabel",33554432,4,[[[6,-139,[0,"61vT6TdqZOnJV5vHO8OJ4X"],[5,440,37.8],[0,0,1]],-140],4,1],[1,"efNBAQ/XJLaodAkGeRlOiy",null,null,null,1,0],[1,-243.033,45.576,0]],[7,"Label",33554432,11,[[2,-141,[0,"caJa5wcGNEgbV2eVbMQ1cC"],[5,100,40]],[19,"驗證成功",20,20,1,false,-142,[0,"9fw8omjpNA7qgehmFFlRkX"]]],[1,"ae5QJZkvxKq5TjIZ5lL00d",null,null,null,1,0]],[7,"Label",33554432,12,[[2,-143,[0,"faMJNgRg1AfIELrHX6GMSw"],[5,100,40]],[19,"重置",20,20,1,false,-144,[0,"005aEZs3FFGL7GrZKpsi07"]]],[1,"63LNIUXc5D34o0RVtKKqRg",null,null,null,1,0]],[43,[null,null],1,[0,"2fObmr4NlLFqIRGfQY5dTM"],[-145,-146],4,[6,7,10]],[28,"101",20,20,20,24,[0,"2fHEYuiChI478n0vqEwn8y"]],[28,"101",20,20,20,28,[0,"a5dIimpflB96Bpmb8rp773"]],[41,0,20,20,29,[0,"efMFq4lxpKGrTOdAmWYr8b"]],[42,0,0,20,20,30,3,34,[0,"cetNX9GcNNmKQuvTEaRXpU"]],[27,"dfa",0,0,20,20,30,3,43,[0,"aci7HU4lhCWpIDAW2l+F0E"]]],0,[0,-1,20,0,-2,19,0,10,19,0,11,46,0,10,20,0,11,46,0,8,1,0,0,1,0,-2,46,0,-1,18,0,-2,2,0,0,2,0,0,2,0,-1,13,0,-2,21,0,-3,22,0,-4,23,0,-5,14,0,-6,26,0,-7,3,0,-8,32,0,-9,5,0,-10,8,0,-11,9,0,-12,4,0,0,3,0,-1,27,0,-2,20,0,-3,28,0,-4,29,0,-5,6,0,-6,30,0,-7,31,0,0,4,0,-1,42,0,-2,43,0,-3,10,0,-4,11,0,-5,12,0,0,5,0,-1,33,0,-2,34,0,-3,7,0,-4,35,0,-5,36,0,0,6,0,0,6,0,2,6,0,0,6,0,0,7,0,0,7,0,2,7,0,0,7,0,0,8,0,-1,37,0,-2,38,0,-3,39,0,-4,40,0,0,9,0,0,9,0,2,9,0,0,9,0,-1,41,0,0,10,0,0,10,0,2,10,0,0,10,0,0,11,0,0,11,0,2,11,0,0,11,0,-1,44,0,0,12,0,0,12,0,2,12,0,0,12,0,-1,45,0,0,13,0,0,13,0,2,13,0,0,13,0,0,14,0,-1,19,0,-2,24,0,-3,16,0,0,16,0,2,16,0,0,16,0,-1,25,0,0,18,0,0,18,0,0,18,0,8,19,0,8,20,0,0,21,0,0,21,0,0,22,0,0,22,0,0,23,0,0,23,0,0,24,0,-2,47,0,0,25,0,0,25,0,0,26,0,0,26,0,0,27,0,0,27,0,0,28,0,-2,48,0,0,29,0,-2,49,0,0,30,0,0,30,0,0,31,0,0,31,0,0,32,0,0,32,0,0,33,0,0,33,0,0,34,0,-2,50,0,0,35,0,0,35,0,0,36,0,0,36,0,0,37,0,0,37,0,0,38,0,0,38,0,0,39,0,0,39,0,0,40,0,0,40,0,0,41,0,0,41,0,0,42,0,0,42,0,0,43,0,-2,51,0,0,44,0,0,44,0,0,45,0,0,45,0,-1,47,0,-2,48,0,9,1,46,14,51,46,15,50,46,16,49,146],[0,0,0,0,0,0,0,0,0,0,0,0,0,0,0,0,0,0,0,0,0,0,0,0,0,0,0,0,0,0,0,0,0,0,0,0,0,0,0,0,0,0,0,0,0,0,0,0,0,0,0,0,0,0],[1,1,3,4,5,6,1,1,12,3,4,5,6,1,1,12,1,3,4,5,6,1,1,1,1,3,4,5,6,1,1,1,1,3,4,5,6,1,1,3,4,5,6,1,3,4,5,6,1,3,4,5,6,1],[66,8,8,0,1,2,5,5,9,0,0,1,2,5,6,9,3,3,0,1,2,67,5,6,3,3,0,1,2,68,6,69,4,4,0,1,2,6,3,3,0,1,2,4,4,0,1,2,4,4,0,1,2,70]],[[{"name":"shield-check","rect":{"x":5,"y":2,"width":26,"height":32},"offset":{"x":0,"y":0},"originalSize":{"width":36,"height":36},"rotated":false,"capInsets":[0,0,0,0],"vertices":{"rawPosition":[-13,-16,0,13,-16,0,-13,16,0,13,16,0],"indexes":[0,1,2,2,1,3],"uv":[5,34,31,34,5,2,31,2],"nuv":[0.1388888888888889,0.05555555555555555,0.8611111111111112,0.05555555555555555,0.1388888888888889,0.9444444444444444,0.8611111111111112,0.9444444444444444],"minPos":{"x":-13,"y":-16,"z":0},"maxPos":{"x":13,"y":16,"z":0}},"packable":true,"pixelsToUnit":100,"pivot":{"x":0.5,"y":0.5},"meshType":0}],[1],0,[0],[7],[71]],[[{"name":"lock-02","rect":{"x":5,"y":2,"width":26,"height":32},"offset":{"x":0,"y":0},"originalSize":{"width":36,"height":36},"rotated":false,"capInsets":[0,0,0,0],"vertices":{"rawPosition":[-13,-16,0,13,-16,0,-13,16,0,13,16,0],"indexes":[0,1,2,2,1,3],"uv":[5,34,31,34,5,2,31,2],"nuv":[0.1388888888888889,0.05555555555555555,0.8611111111111112,0.05555555555555555,0.1388888888888889,0.9444444444444444,0.8611111111111112,0.9444444444444444],"minPos":{"x":-13,"y":-16,"z":0},"maxPos":{"x":13,"y":16,"z":0}},"packable":true,"pixelsToUnit":100,"pivot":{"x":0.5,"y":0.5},"meshType":0}],[1],0,[0],[7],[72]],[[{"name":"password-02","rect":{"x":2,"y":4,"width":32,"height":28},"offset":{"x":0,"y":0},"originalSize":{"width":36,"height":36},"rotated":false,"capInsets":[0,0,0,0],"vertices":{"rawPosition":[-16,-14,0,16,-14,0,-16,14,0,16,14,0],"indexes":[0,1,2,2,1,3],"uv":[2,32,34,32,2,4,34,4],"nuv":[0.05555555555555555,0.1111111111111111,0.9444444444444444,0.1111111111111111,0.05555555555555555,0.8888888888888888,0.9444444444444444,0.8888888888888888],"minPos":{"x":-16,"y":-14,"z":0},"maxPos":{"x":16,"y":14,"z":0}},"packable":true,"pixelsToUnit":100,"pivot":{"x":0.5,"y":0.5},"meshType":0}],[1],0,[0],[7],[73]]]]
