[1,["82knXRukhBWbCaWg7GxmIn@6c48a"],["_textureSource"],["cc.SpriteFrame"],0,[{"name":"b_p","rect":{"x":0,"y":0,"width":52,"height":38},"offset":{"x":0,"y":0},"originalSize":{"width":52,"height":38},"rotated":false,"capInsets":[0,0,0,0],"vertices":{"rawPosition":[-26,-19,0,26,-19,0,-26,19,0,26,19,0],"indexes":[0,1,2,2,1,3],"uv":[0,38,52,38,0,0,52,0],"nuv":[0,0,1,0,0,1,1,1],"minPos":{"x":-26,"y":-19,"z":0},"maxPos":{"x":26,"y":19,"z":0}},"packable":true,"pixelsToUnit":100,"pivot":{"x":0.5,"y":0.5},"meshType":0}],[0],0,[0],[0],[0]]
