[1,["12eba46a4@6c48a"],["_textureSource"],["cc.SpriteFrame","cc.SpriteAtlas"],0,[[[{"name":"tj_18","rect":{"x":3,"y":3,"width":153,"height":380},"offset":{"x":0,"y":0},"originalSize":{"width":153,"height":380},"rotated":false,"capInsets":[0,0,0,0],"packable":true,"pixelsToUnit":100,"pivot":{"x":0.5,"y":0.5},"meshType":0}],[0],0,[0],[0],[0]],[[{"name":"tj_7","rect":{"x":3,"y":389,"width":153,"height":380},"offset":{"x":0,"y":0},"originalSize":{"width":153,"height":380},"rotated":true,"capInsets":[0,0,0,0],"packable":true,"pixelsToUnit":100,"pivot":{"x":0.5,"y":0.5},"meshType":0}],[0],0,[0],[0],[0]],[[{"name":"auto-atlas","spriteFrames":["tj_18","13dwQ5RY5N5IiZAIIcU8cV@f9941","tj_7","16mVeAGNpFY620rbu9buI8@f9941","tj_17","32Y+AvTg5O1Y/9P1wMMcwG@f9941","tj_3","34LTkT6t9L+LlsO66MUq14@f9941","tj_6","457fIps6xBnKpJI0z/llgN@f9941","tj_8","4eCTEhr5NHoqddmXwn2BcB@f9941","tj_5","54LS2sRUFJA6vX4K0LhR6y@f9941","tj_11","594LCPZ35INZca5KOkCOVT@f9941","tj_12","61uL901QZC66J1Wl8STux8@f9941","tj_21","67rkG1j6JMKYP3OiCqJBrN@f9941","tj_13","7992RGF2ZMBZOoAsGAyiI3@f9941","tj_19","a3jiIy22JJWqvEpvdNW4L6@f9941","tj_2","aeJbk4/IBACZVl/75uF9qm@f9941","tj_15","ccgRy7udZEFasFP4LFPI/r@f9941","tj_4","dbJA7uyxJGSI0tOBdZAXDV@f9941","tj_10","dc8dpzMHBKIZSxkOK0psm4@f9941","tj_16","deSxtvxSxAs6qBYFtv00f9@f9941","tj_9","e3WzFOkCZN7YKP+PYzP1AX@f9941","tj_14","f1d4qcPsVABrUi/WjjJiaz@f9941","tj_20","17O9OboQdOK7ENMtCRnSeD@f9941","tj_1","78I/z1mgdIhb+l9A92nM2+@f9941","tj_0","edb2MrbPtLz7vyihILya6U@f9941"]}],[1],0,[],[],[]],[[{"name":"tj_17","rect":{"x":162,"y":3,"width":153,"height":380},"offset":{"x":0,"y":0},"originalSize":{"width":153,"height":380},"rotated":true,"capInsets":[0,0,0,0],"packable":true,"pixelsToUnit":100,"pivot":{"x":0.5,"y":0.5},"meshType":0}],[0],0,[0],[0],[0]],[[{"name":"tj_3","rect":{"x":162,"y":162,"width":153,"height":380},"offset":{"x":0,"y":0},"originalSize":{"width":153,"height":380},"rotated":true,"capInsets":[0,0,0,0],"packable":true,"pixelsToUnit":100,"pivot":{"x":0.5,"y":0.5},"meshType":0}],[0],0,[0],[0],[0]],[[{"name":"tj_6","rect":{"x":389,"y":321,"width":153,"height":380},"offset":{"x":0,"y":0},"originalSize":{"width":153,"height":380},"rotated":false,"capInsets":[0,0,0,0],"packable":true,"pixelsToUnit":100,"pivot":{"x":0.5,"y":0.5},"meshType":0}],[0],0,[0],[0],[0]],[[{"name":"tj_8","rect":{"x":3,"y":548,"width":153,"height":380},"offset":{"x":0,"y":0},"originalSize":{"width":153,"height":380},"rotated":false,"capInsets":[0,0,0,0],"packable":true,"pixelsToUnit":100,"pivot":{"x":0.5,"y":0.5},"meshType":0}],[0],0,[0],[0],[0]],[[{"name":"tj_5","rect":{"x":162,"y":548,"width":153,"height":380},"offset":{"x":0,"y":0},"originalSize":{"width":153,"height":380},"rotated":false,"capInsets":[0,0,0,0],"packable":true,"pixelsToUnit":100,"pivot":{"x":0.5,"y":0.5},"meshType":0}],[0],0,[0],[0],[0]],[[{"name":"tj_11","rect":{"x":321,"y":707,"width":153,"height":380},"offset":{"x":0,"y":0},"originalSize":{"width":153,"height":380},"rotated":true,"capInsets":[0,0,0,0],"packable":true,"pixelsToUnit":100,"pivot":{"x":0.5,"y":0.5},"meshType":0}],[0],0,[0],[0],[0]],[[{"name":"tj_12","rect":{"x":321,"y":866,"width":153,"height":380},"offset":{"x":0,"y":0},"originalSize":{"width":153,"height":380},"rotated":true,"capInsets":[0,0,0,0],"packable":true,"pixelsToUnit":100,"pivot":{"x":0.5,"y":0.5},"meshType":0}],[0],0,[0],[0],[0]],[[{"name":"tj_21","rect":{"x":548,"y":3,"width":153,"height":380},"offset":{"x":0,"y":0},"originalSize":{"width":153,"height":380},"rotated":false,"capInsets":[0,0,0,0],"packable":true,"pixelsToUnit":100,"pivot":{"x":0.5,"y":0.5},"meshType":0}],[0],0,[0],[0],[0]],[[{"name":"tj_13","rect":{"x":548,"y":389,"width":153,"height":380},"offset":{"x":0,"y":0},"originalSize":{"width":153,"height":380},"rotated":true,"capInsets":[0,0,0,0],"packable":true,"pixelsToUnit":100,"pivot":{"x":0.5,"y":0.5},"meshType":0}],[0],0,[0],[0],[0]],[[{"name":"tj_19","rect":{"x":548,"y":548,"width":153,"height":380},"offset":{"x":0,"y":0},"originalSize":{"width":153,"height":380},"rotated":true,"capInsets":[0,0,0,0],"packable":true,"pixelsToUnit":100,"pivot":{"x":0.5,"y":0.5},"meshType":0}],[0],0,[0],[0],[0]],[[{"name":"tj_2","rect":{"x":707,"y":3,"width":153,"height":380},"offset":{"x":0,"y":0},"originalSize":{"width":153,"height":380},"rotated":false,"capInsets":[0,0,0,0],"packable":true,"pixelsToUnit":100,"pivot":{"x":0.5,"y":0.5},"meshType":0}],[0],0,[0],[0],[0]],[[{"name":"tj_15","rect":{"x":866,"y":3,"width":153,"height":380},"offset":{"x":0,"y":0},"originalSize":{"width":153,"height":380},"rotated":false,"capInsets":[0,0,0,0],"packable":true,"pixelsToUnit":100,"pivot":{"x":0.5,"y":0.5},"meshType":0}],[0],0,[0],[0],[0]]]]
