[1,["f0BIwQ8D5Ml7nTNQbh1YlS","ecpdLyjvZBwrvm+cedCcQy","e97GVMl6JHh5Ml5qEDdSGa","29FYIk+N1GYaeWH/q1NxQO","1f89cd881","183b2672e","36mxtckJxEhb7syTKge3jg","ec11HcpPJFMppcCx3D25zW","5f5dyqtRNNxaFmVzYns6FZ","d5TYesYHtCfJAVOCntChYl","64oFfvKi5P/K7gDrEXWXcj","14Pav4Tl5ArK9YY57ugFPo","4eDx32JW9J0K1MwtU6Ou51","a0KeKLCjxGOosH3+5jFtMu","d3mJTqMNVDN6V+B1lZZ0Wb","5bLIrD46pOA7+boOALz9MK","71O/aHQXlPJa6wFvCbHOdQ","89BJQgvPJPqJzNPD1lflpY","01QpJKUnhGJZE5zU6RwsM1","efuFYiFcRFPa2XBeU2+T7f","c2Kz//ddBEgoAIHxSAqaZB","c8x4D05WNDaoMDnGhcDBGc","7c7aUmI8BD/rfHvHMLd8wP","1bO1vB54lPSbpC47NBGit2","4cFlzHCclI8JN0Ad0yDXhc","8bmHxLihxPhpI9B+7ZOnX8","5cO7kybDxGj4ipyMYdRYZB","a5aH7TtK9FKqdc2I1lWUlZ","c4HCjXG3NApqw8VYZcW28b"],["node","_spriteFrame","_textureSetter","root","_N$target","_N$normalSprite","_N$pressedSprite","_N$hoverSprite","_N$disabledSprite","_parent","checkMark","target","nodeMsgContent","nodeMsgLabel","data","_scrollView"],["cc.SpriteFrame",["cc.Node",["_name","_objFlags","_active","_components","_prefab","_contentSize","_trs","_children","_parent","_anchorPoint"],0,9,4,5,7,2,1,5],["cc.Sprite",["_type","_sizeMode","_isTrimmedMode","node","_materials","_spriteFrame"],0,1,3,6],["cc.Node",["_name","_objFlags","_active","_components","_prefab","_contentSize","_children","_parent","_trs","_anchorPoint"],0,2,4,5,2,1,7,5],["cc.Button",["zoomScale","_N$transition","node","clickEvents","_N$normalColor","_N$pressedColor","_N$disabledColor","_N$normalSprite","_N$pressedSprite","_N$hoverSprite","_N$disabledSprite","_N$target"],1,1,9,5,5,5,6,6,6,6,1],["cc.ClickEvent",["_componentId","handler","customEventData","target"],0,1],["cc.PrefabInfo",["fileId","root"],2,1],["cc.Layout",["_resize","_N$layoutType","_N$paddingLeft","_N$spacingX","_N$spacingY","node","_layoutSize"],-2,1,5],["cc.Toggle",["_N$isChecked","node","_N$normalColor","_N$target","checkMark"],2,1,5,1,1],["cc.Widget",["_alignFlags","alignMode","_left","_originalHeight","node"],-1,1],["cc.Prefab",["_name"],2],["cc.Node",["_name","_objFlags","_active","_children","_components","_prefab","_contentSize","_anchorPoint","_trs"],0,2,12,4,5,5,7],["e12d4wWW/lNko611D7S28BN",["node","nodeMsgLabel","nodeMsgContent"],3,1,1,1],["dc260WzHhJCNbdTPXKK45bp",["node"],3,1],["cc.ToggleContainer",["node"],3,1],["cc.BlockInputEvents",["node"],3,1],["cc.Mask",["_N$alphaThreshold","node","_materials"],2,1,3],["cc.Label",["_string","_fontSize","_lineHeight","_N$horizontalAlign","_N$verticalAlign","_N$fontFamily","node","_materials"],-3,1,3],["cc.Scrollbar",["_N$direction","node","_N$handle"],2,1,1],["cc.ScrollView",["horizontal","brake","bounceDuration","_N$horizontalScrollBar","node","_N$content","_N$verticalScrollBar"],-1,1,1,1]],[[6,0,1,2],[1,0,1,8,3,4,5,6,3],[1,0,8,7,3,4,5,6,2],[4,0,1,2,3,4,5,6,11,7,8,9,10,3],[5,0,1,2,3,4],[2,0,3,4,5,2],[2,3,4,5,1],[1,0,7,3,4,5,6,2],[2,0,1,3,4,3],[2,3,4,1],[7,0,1,5,6,3],[13,0,1],[9,0,4,2],[10,0,2],[1,0,7,3,4,5,2],[1,0,7,3,4,5,9,6,2],[1,0,2,7,3,4,5,6,3],[1,0,3,4,5,9,6,2],[1,0,8,7,3,4,5,9,6,2],[1,0,8,3,4,5,6,2],[1,0,1,8,7,3,4,5,9,6,3],[1,0,8,3,4,5,9,6,2],[11,0,1,2,3,4,5,6,7,8,4],[3,0,6,3,4,5,8,2],[3,0,1,2,7,6,3,4,5,4],[3,0,1,7,6,3,4,5,3],[3,0,1,7,3,4,5,9,8,3],[4,2,3,1],[4,0,1,2,4,5,6,7,8,9,10,3],[5,0,1,3,3],[12,0,1,2,1],[6,1,1],[2,0,1,3,4,5,3],[2,1,2,3,4,3],[7,0,1,2,3,4,5,6,6],[8,0,1,2,3,4,2],[8,1,2,3,4,1],[14,0,1],[9,1,0,2,3,4,5],[15,0,1],[16,0,1,2,2],[17,0,1,2,3,4,5,6,7,7],[18,0,1,2,2],[19,0,1,2,3,4,5,6,5]],[[[{"name":"emoji_09_han","rect":[97,267,87,75],"offset":[7,2.5],"originalSize":[101,100],"capInsets":[0,0,0,0]}],[0],0,[0],[2],[4]],[[{"name":"emoji_02_dianzan","rect":[3,263,88,75],"offset":[0.5,2.5],"originalSize":[101,100],"capInsets":[0,0,0,0]}],[0],0,[0],[2],[4]],[[{"name":"emoji_14_fahuo","rect":[84,506,81,81],"offset":[4,5.5],"originalSize":[101,100],"capInsets":[0,0,0,0]}],[0],0,[0],[2],[4]],[[{"name":"ui_liaotian_2","rect":[3,3,423,82],"offset":[0,0],"originalSize":[423,82],"capInsets":[0,0,0,0]}],[0],0,[0],[2],[5]],[[{"name":"emoji_15_shangxin","rect":[171,439,81,75],"offset":[4,2.5],"originalSize":[101,100],"capInsets":[0,0,0,0]}],[0],0,[0],[2],[4]],[[{"name":"emoji_03_bixin","rect":[3,344,86,75],"offset":[2.5,2.5],"originalSize":[101,100],"capInsets":[0,0,0,0]}],[0],0,[0],[2],[4]],[[{"name":"emoji_06_money","rect":[3,89,90,82],"offset":[4.5,6],"originalSize":[101,100],"capInsets":[0,0,0,0]}],[0],0,[0],[2],[4]],[[{"name":"emoji_01_se","rect":[105,3,90,92],"offset":[3.5,1],"originalSize":[101,100],"rotated":1,"capInsets":[0,0,0,0]}],[0],0,[0],[2],[4]],[[{"name":"emoji_07_yun","rect":[171,520,81,75],"offset":[4,2.5],"originalSize":[101,100],"capInsets":[0,0,0,0]}],[0],0,[0],[2],[4]],[[{"name":"emoji_13_tuxue","rect":[3,506,82,75],"offset":[4.5,2.5],"originalSize":[101,100],"rotated":1,"capInsets":[0,0,0,0]}],[0],0,[0],[2],[4]],[[{"name":"emoji_08_sleep","rect":[3,3,96,80],"offset":[-2.5,0],"originalSize":[101,100],"capInsets":[0,0,0,0]}],[0],0,[0],[2],[4]],[[{"name":"ui_liaotian_1","rect":[3,277,428,720],"offset":[0,0],"originalSize":[428,720],"capInsets":[0,0,0,0]}],[0],0,[0],[2],[5]],[[{"name":"emoji_04_daxiao","rect":[3,177,90,80],"offset":[2.5,5],"originalSize":[101,100],"capInsets":[0,0,0,0]}],[0],0,[0],[2],[4]],[[{"name":"btn_liaotian1","rect":[3,91,214,87],"offset":[0,0],"originalSize":[214,87],"capInsets":[0,0,0,0]}],[0],0,[0],[2],[5]],[[{"name":"emoji_11_mojing","rect":[3,425,84,75],"offset":[5.5,2.5],"originalSize":[101,100],"capInsets":[0,0,0,0]}],[0],0,[0],[2],[4]],[[{"name":"btn_biaoqing1","rect":[223,91,212,87],"offset":[-1,0],"originalSize":[214,87],"capInsets":[0,0,0,0]}],[0],0,[0],[2],[5]],[[{"name":"emoji_12_xuxu","rect":[99,99,81,90],"offset":[4,-5],"originalSize":[101,100],"rotated":1,"capInsets":[0,0,0,0]}],[0],0,[0],[2],[4]],[[{"name":"emoji_05_kiss","rect":[99,186,90,75],"offset":[5.5,2.5],"originalSize":[101,100],"capInsets":[0,0,0,0]}],[0],0,[0],[2],[4]],[[{"name":"btn_biaoqing2","rect":[3,184,212,87],"offset":[-1,0],"originalSize":[214,87],"capInsets":[0,0,0,0]}],[0],0,[0],[2],[5]],[[[13,"mahjongChatNode"],[14,"mahjongChatNode",[-7],[[27,-3,[[29,"e12d4wWW/lNko611D7S28BN","nodeClicked",-2]]],[30,-6,-5,-4]],[31,-1],[5,1280,720]],[15,"expressionLayout",[-11,-12,-13,-14,-15,-16,-17,-18,-19,-20,-21,-22,-23,-24,-25],[[8,1,0,-9,[108]],[34,1,3,20,35,30,-10,[5,416,620]]],[0,"ffdebfquZOdop98UntwKc+",-8],[5,416,620],[0,0.5,1],[-104,669.392,0,0,0,0,1,1,1,1]],[7,"msgToggle",[-31,-32],[[35,false,-29,[4,4292269782],-28,-27],[11,-30]],[0,"b7gHrsINtJybZmIwlWTEO5",-26],[5,214,87],[-104,0,0,0,0,0,1,1,1,1]],[16,"msgButton",false,[-36,-37],[[28,0.9,3,-34,[4,4293322470],[4,4291348680],[4,3363338360],2,3,4,5],[6,-35,[6],7]],[0,"d9EBOg5RRFm5cEiy9yRdP+",-33],[5,423,82],[-3.657,635.96,0,0,0,0,1,1,1,1]],[7,"expressToggle",[-43,-44],[[36,-41,[4,4292269782],-40,-39],[11,-42]],[0,"519/oCqKxISZRyYgcNaKiG",-38],[5,208,82],[107,0,0,0,0,0,1,1,1,1]],[7,"chatToggleContainer",[4,3,5],[[37,-45],[10,1,1,-46,[5,422,82]],[12,4,-47]],[0,"90WGWFS+NKaabAP8XtXWxA",1],[5,422,82],[0,-679,0,0,0,0,1,1,1,1]],[22,"scrollBar",512,false,[-51],[[-48,[38,0,37,350.07654921020657,237,-49],[32,1,0,-50,[13],14]],1,4,4],[0,"a0gTIKdqdPXauFuao9+U+2",3],[5,12,574],[0,1,0.5],[208,0,0,0,0,0,1,1,1,1]],[17,"msgLayout",[[8,1,0,-52,[12]],[10,1,2,-53,[5,416,820]]],[0,"1eFj7CbB5EoL4f33LNvjSj",3],[5,416,820],[0,0.5,1],[-5.804,4.761,0,0,0,0,1,1,1,1]],[2,"express1",2,[-57],[[3,0.9,3,-56,[[4,"e12d4wWW/lNko611D7S28BN","expressClicked","200",1]],[4,4293322470],[4,4291348680],[4,3363338360],-55,20,21,22,23]],[0,"b61p1JZTJOfYam3NeK3aHF",-54],[5,101,100],[-137.5,-50,0,0,0,0,1,1,1,1]],[2,"express2",2,[-61],[[3,0.9,3,-60,[[4,"e12d4wWW/lNko611D7S28BN","expressClicked","201",1]],[4,4293322470],[4,4291348680],[4,3363338360],-59,26,27,28,29]],[0,"e4TpfOYHxDcK5VpikFf24x",-58],[5,101,100],[-1.5,-50,0,0,0,0,1,1,1,1]],[2,"express3",2,[-65],[[3,0.9,3,-64,[[4,"e12d4wWW/lNko611D7S28BN","expressClicked","202",1]],[4,4293322470],[4,4291348680],[4,3363338360],-63,32,33,34,35]],[0,"6fs14hXqhFfYKmPEd0lCCm",-62],[5,101,100],[134.5,-50,0,0,0,0,1,1,1,1]],[2,"express4",2,[-69],[[3,0.9,3,-68,[[4,"e12d4wWW/lNko611D7S28BN","expressClicked","203",1]],[4,4293322470],[4,4291348680],[4,3363338360],-67,38,39,40,41]],[0,"d2XsVveFlHNq6QByzbd2xW",-66],[5,101,100],[-137.5,-180,0,0,0,0,1,1,1,1]],[2,"express5",2,[-73],[[3,0.9,3,-72,[[4,"e12d4wWW/lNko611D7S28BN","expressClicked","204",1]],[4,4293322470],[4,4291348680],[4,3363338360],-71,44,45,46,47]],[0,"b8Rx7N5kJE5o59oKTNOiix",-70],[5,101,100],[-1.5,-180,0,0,0,0,1,1,1,1]],[2,"express6",2,[-77],[[3,0.9,3,-76,[[4,"e12d4wWW/lNko611D7S28BN","expressClicked","205",1]],[4,4293322470],[4,4291348680],[4,3363338360],-75,50,51,52,53]],[0,"5fwcIEOTJITKkM45hPNyY3",-74],[5,101,100],[134.5,-180,0,0,0,0,1,1,1,1]],[2,"express7",2,[-81],[[3,0.9,3,-80,[[4,"e12d4wWW/lNko611D7S28BN","expressClicked","206",1]],[4,4293322470],[4,4291348680],[4,3363338360],-79,56,57,58,59]],[0,"88OT6aNsNALbuyaBumT9K1",-78],[5,101,100],[-137.5,-310,0,0,0,0,1,1,1,1]],[2,"express8",2,[-85],[[3,0.9,3,-84,[[4,"e12d4wWW/lNko611D7S28BN","expressClicked","207",1]],[4,4293322470],[4,4291348680],[4,3363338360],-83,62,63,64,65]],[0,"721oaJ9ZdBcJ5mKze1KGOj",-82],[5,101,100],[-1.5,-310,0,0,0,0,1,1,1,1]],[2,"express9",2,[-89],[[3,0.9,3,-88,[[4,"e12d4wWW/lNko611D7S28BN","expressClicked","208",1]],[4,4293322470],[4,4291348680],[4,3363338360],-87,68,69,70,71]],[0,"53XnGUkM1Ay5Et+VloVcj1",-86],[5,101,100],[134.5,-310,0,0,0,0,1,1,1,1]],[2,"express10",2,[-93],[[3,0.9,3,-92,[[4,"e12d4wWW/lNko611D7S28BN","expressClicked","209",1]],[4,4293322470],[4,4291348680],[4,3363338360],-91,74,75,76,77]],[0,"9fVxhJ6vBJQonN3yTwLMgr",-90],[5,101,100],[-137.5,-440,0,0,0,0,1,1,1,1]],[2,"express11",2,[-97],[[3,0.9,3,-96,[[4,"e12d4wWW/lNko611D7S28BN","expressClicked","210",1]],[4,4293322470],[4,4291348680],[4,3363338360],-95,80,81,82,83]],[0,"01jgTf4bZPM4nbCBhSU8y2",-94],[5,101,100],[-1.5,-440,0,0,0,0,1,1,1,1]],[2,"express12",2,[-101],[[3,0.9,3,-100,[[4,"e12d4wWW/lNko611D7S28BN","expressClicked","211",1]],[4,4293322470],[4,4291348680],[4,3363338360],-99,86,87,88,89]],[0,"5akb3T7qtJLZw00gNrBaVs",-98],[5,101,100],[134.5,-440,0,0,0,0,1,1,1,1]],[2,"express13",2,[-105],[[3,0.9,3,-104,[[4,"e12d4wWW/lNko611D7S28BN","expressClicked","212",1]],[4,4293322470],[4,4291348680],[4,3363338360],-103,92,93,94,95]],[0,"9b1WW4o7NDt51SzDHfba+G",-102],[5,101,100],[-137.5,-570,0,0,0,0,1,1,1,1]],[2,"express14",2,[-109],[[3,0.9,3,-108,[[4,"e12d4wWW/lNko611D7S28BN","expressClicked","213",1]],[4,4293322470],[4,4291348680],[4,3363338360],-107,98,99,100,101]],[0,"d9Psgwe95Jg4/EpO3KZd7m",-106],[5,101,100],[-1.5,-570,0,0,0,0,1,1,1,1]],[2,"express15",2,[-113],[[3,0.9,3,-112,[[4,"e12d4wWW/lNko611D7S28BN","expressClicked","214",1]],[4,4293322470],[4,4291348680],[4,3363338360],-111,104,105,106,107]],[0,"d6sUY8I11Il65ru2nuOmn1",-110],[5,101,100],[134.5,-570,0,0,0,0,1,1,1,1]],[18,"chatBg",1,[6],[[6,-114,[110],111],[39,-115]],[0,"66XMdSztlDwp/mCetQ+HCx",1],[5,428,720],[0,0.5,1],[432,360,0,0,0,0,1,1,1,1]],[23,"scrollView",[7,-117],[-116],[0,"89UYg8x1BEbo/pmALZrqDa",3],[5,416,635],[106.147,361.199,0,0,0,0,1,1,1,1]],[19,"line",4,[[9,-118,[0]],[12,4,-119]],[0,"e1l417Me9OJZ2T7W7cEghF",4],[5,398,3],[0,-39.5,0,0,0,0,1,1,1,1]],[1,"Background",512,3,[[6,-120,[8],9]],[0,"27JpaU+fdFr6RfABRbWK+1",3],[5,214,87],[0,0,0,0,0,0,1,1,1,0]],[24,"checkmark",512,false,3,[25],[-121],[0,"f3dj9K7kFK362+TweZNqm4",3],[5,214,87]],[20,"view",512,25,[8],[[40,0,-122,[11]]],[0,"a8z+3qE4RK1Y1I/uFPjbkv",3],[5,416,635],[0,0.5,1],[0,311,0,0,0,0,1,1,1,1]],[1,"Background",512,5,[[6,-123,[16],17]],[0,"27JpaU+fdFr6RfABRbWK+1",5],[5,212,87],[0,0,0,0,0,0,1,1,1,0]],[25,"checkmark",512,5,[2],[-124],[0,"f3dj9K7kFK362+TweZNqm4",5],[5,214,87]],[1,"Background",512,9,[[5,1,-125,[18],19]],[0,"df2L2ET/BG7KTot9h5ZcaF",9],[5,90,92],[0,0,0,0,0,0,1,1,1,0]],[1,"Background",512,10,[[5,1,-126,[24],25]],[0,"df2L2ET/BG7KTot9h5ZcaF",10],[5,88,75],[0,0,0,0,0,0,1,1,1,0]],[1,"Background",512,11,[[5,1,-127,[30],31]],[0,"df2L2ET/BG7KTot9h5ZcaF",11],[5,86,75],[0,0,0,0,0,0,1,1,1,0]],[1,"Background",512,12,[[5,1,-128,[36],37]],[0,"df2L2ET/BG7KTot9h5ZcaF",12],[5,90,80],[0,0,0,0,0,0,1,1,1,0]],[1,"Background",512,13,[[5,1,-129,[42],43]],[0,"df2L2ET/BG7KTot9h5ZcaF",13],[5,90,75],[0,0,0,0,0,0,1,1,1,0]],[1,"Background",512,14,[[5,1,-130,[48],49]],[0,"df2L2ET/BG7KTot9h5ZcaF",14],[5,90,82],[0,0,0,0,0,0,1,1,1,0]],[1,"Background",512,15,[[5,1,-131,[54],55]],[0,"df2L2ET/BG7KTot9h5ZcaF",15],[5,81,75],[0,0,0,0,0,0,1,1,1,0]],[1,"Background",512,16,[[5,1,-132,[60],61]],[0,"df2L2ET/BG7KTot9h5ZcaF",16],[5,96,80],[0,0,0,0,0,0,1,1,1,0]],[1,"Background",512,17,[[5,1,-133,[66],67]],[0,"df2L2ET/BG7KTot9h5ZcaF",17],[5,87,75],[0,0,0,0,0,0,1,1,1,0]],[1,"Background",512,18,[[5,1,-134,[72],73]],[0,"df2L2ET/BG7KTot9h5ZcaF",18],[5,85,85],[0,0,0,0,0,0,1,1,1,0]],[1,"Background",512,19,[[5,1,-135,[78],79]],[0,"df2L2ET/BG7KTot9h5ZcaF",19],[5,84,75],[0,0,0,0,0,0,1,1,1,0]],[1,"Background",512,20,[[5,1,-136,[84],85]],[0,"df2L2ET/BG7KTot9h5ZcaF",20],[5,81,90],[0,0,0,0,0,0,1,1,1,0]],[1,"Background",512,21,[[5,1,-137,[90],91]],[0,"df2L2ET/BG7KTot9h5ZcaF",21],[5,82,75],[0,0,0,0,0,0,1,1,1,0]],[1,"Background",512,22,[[5,1,-138,[96],97]],[0,"df2L2ET/BG7KTot9h5ZcaF",22],[5,81,81],[0,0,0,0,0,0,1,1,1,0]],[1,"Background",512,23,[[5,1,-139,[102],103]],[0,"df2L2ET/BG7KTot9h5ZcaF",23],[5,81,75],[0,0,0,0,0,0,1,1,1,0]],[21,"msgLabel",4,[[41,"大家好，很高興見到各位！",26,26,1,1,"黑体",-140,[1]]],[0,"22/nbkp/5I4YzgTxJoTxNo",4],[5,312,32.76],[0,0,0.5],[-178.006,0,0,0,0,0,1,1,1,1]],[26,"bar",512,7,[-141],[0,"2cQYMHmi9CkIZHFgBNA/7t",3],[5,10,108.88501742160278],[0,0,0],[-11,-125,0,0,0,0,1,1,1,1]],[8,1,0,48,[10]],[42,1,7,49],[43,false,0.75,0.23,null,25,8,50],[9,28,[15]],[33,2,false,31,[109]]],0,[0,3,1,0,11,1,0,0,1,0,12,8,0,13,4,0,0,1,0,-1,24,0,3,5,0,0,2,0,0,2,0,-1,9,0,-2,10,0,-3,11,0,-4,12,0,-5,13,0,-6,14,0,-7,15,0,-8,16,0,-9,17,0,-10,18,0,-11,19,0,-12,20,0,-13,21,0,-14,22,0,-15,23,0,3,3,0,10,52,0,4,27,0,0,3,0,0,3,0,-1,27,0,-2,28,0,3,4,0,0,4,0,0,4,0,-1,26,0,-2,47,0,3,5,0,10,53,0,4,30,0,0,5,0,0,5,0,-1,30,0,-2,31,0,0,6,0,0,6,0,0,6,0,-1,50,0,0,7,0,0,7,0,-1,48,0,0,8,0,0,8,0,3,9,0,4,32,0,0,9,0,-1,32,0,3,10,0,4,33,0,0,10,0,-1,33,0,3,11,0,4,34,0,0,11,0,-1,34,0,3,12,0,4,35,0,0,12,0,-1,35,0,3,13,0,4,36,0,0,13,0,-1,36,0,3,14,0,4,37,0,0,14,0,-1,37,0,3,15,0,4,38,0,0,15,0,-1,38,0,3,16,0,4,39,0,0,16,0,-1,39,0,3,17,0,4,40,0,0,17,0,-1,40,0,3,18,0,4,41,0,0,18,0,-1,41,0,3,19,0,4,42,0,0,19,0,-1,42,0,3,20,0,4,43,0,0,20,0,-1,43,0,3,21,0,4,44,0,0,21,0,-1,44,0,3,22,0,4,45,0,0,22,0,-1,45,0,3,23,0,4,46,0,0,23,0,-1,46,0,0,24,0,0,24,0,-1,51,0,-2,29,0,0,26,0,0,26,0,0,27,0,-1,52,0,0,29,0,0,30,0,-1,53,0,0,32,0,0,33,0,0,34,0,0,35,0,0,36,0,0,37,0,0,38,0,0,39,0,0,40,0,0,41,0,0,42,0,0,43,0,0,44,0,0,45,0,0,46,0,0,47,0,-1,49,0,14,1,2,9,31,3,9,6,4,9,6,5,9,6,6,9,24,7,9,25,8,9,29,25,9,28,50,15,51,141],[0,0,0,0,0,0,0,0,0,0,0,0,0,0,0,0,0,0,0,0,0,0,0,0,0,0,0,0,0,0,0,0,0,0,0,0,0,0,0,0,0,0,0,0,0,0,0,0,0,0,0,0,0,0,0,0,0,0,0,0,0,0,0,0,0,0,0,0,0,0,0,0,0,0,0,0,0,0,0,0,0,0,0,0,0,0,0,0,0,0,0,0,0,0,0,0,0,0,0,0,0,0,0,0,0,0,0,0,0,0,0,0,49,52,53],[-1,-1,5,6,7,8,-1,1,-1,1,-1,-1,-1,-1,1,-1,-1,1,-1,1,5,6,7,8,-1,1,5,6,7,8,-1,1,5,6,7,8,-1,1,5,6,7,8,-1,1,5,6,7,8,-1,1,5,6,7,8,-1,1,5,6,7,8,-1,1,5,6,7,8,-1,1,5,6,7,8,-1,1,5,6,7,8,-1,1,5,6,7,8,-1,1,5,6,7,8,-1,1,5,6,7,8,-1,1,5,6,7,8,-1,1,5,6,7,8,-1,-1,-1,1,1,1,1],[1,1,0,2,0,3,1,6,1,7,1,1,1,1,8,1,1,9,1,10,0,2,0,3,1,11,0,2,0,3,1,12,0,2,0,3,1,13,0,2,0,3,1,14,0,2,0,3,1,15,0,2,0,3,1,16,0,2,0,3,1,17,0,2,0,3,1,18,0,2,0,3,1,19,0,2,0,3,1,20,0,2,0,3,1,21,0,2,0,3,1,22,0,2,0,3,1,23,0,2,0,3,1,24,0,2,0,3,1,1,1,25,26,27,28]],[[{"name":"btn_liaotian2","rect":[221,184,214,87],"offset":[0,0],"originalSize":[214,87],"capInsets":[0,0,0,0]}],[0],0,[0],[2],[5]],[[{"name":"emoji_10_wenhao","rect":[95,348,85,85],"offset":[6,7.5],"originalSize":[101,100],"capInsets":[0,0,0,0]}],[0],0,[0],[2],[4]]]]