[1,["det4+VA+pNnILw2KBto15G@f9941","det4+VA+pNnILw2KBto15G@6c48a"],["node","root","resultLabel","betCoinLabel","betTypeLabel","roundAndTimeLabel","gameLabel","data","_spriteFrame","_textureSource"],[["cc.Label",["_string","_actualFontSize","_fontSize","_lineHeight","_horizontalAlign","_overflow","_enableWrapText","node","__prefab","_color"],-4,1,4,5],["cc.Node",["_name","_layer","_components","_prefab","_lpos","_children","_parent"],1,9,4,5,2,1],["cc.UITransform",["node","__prefab","_contentSize","_anchorPoint"],3,1,4,5,5],["cc.Sprite",["_sizeMode","node","__prefab","_spriteFrame"],2,1,4,6],"cc.SpriteFrame",["cc.Prefab",["_name"],2],["cc.Node",["_name","_layer","_parent","_components","_prefab","_lpos"],1,1,12,4,5],["cc.CompPrefabInfo",["fileId"],2],["20617M3o6dLvYhEwm+/Vswu",["node","__prefab","gameLabel","roundAndTimeLabel","betTypeLabel","betCoinLabel","resultLabel"],3,1,4,1,1,1,1,1],["cc.PrefabInfo",["fileId","instance","targetOverrides","nestedPrefabInstanceRoots","root","asset"],-1,1,1],["cc.Widget",["_alignFlags","node","__prefab"],2,1,4]],[[7,0,2],[9,0,1,2,3,4,5,5],[2,0,1,2,1],[6,0,1,2,3,4,5,3],[0,0,1,2,3,7,8,9,5],[5,0,2],[1,0,1,5,2,3,4,3],[1,0,1,6,2,3,4,3],[2,0,1,2,3,1],[3,0,1,2,2],[3,0,1,2,3,2],[8,0,1,2,3,4,5,6,1],[10,0,1,2,2],[0,0,4,1,2,3,7,8,6],[0,0,1,2,3,5,6,7,8,7],[0,0,1,2,3,7,8,5]],[[[[5,"betRecordItem"],[6,"betRecordItem",33554432,[-10,-11,-12,-13,-14,-15],[[2,-2,[0,"4dBBWDbw1LpIxPpOTXIPh7"],[5,600,60]],[9,0,-3,[0,"92rqHgyb9GxLd11p94KVIZ"]],[11,-9,[0,"e4/ACsifFImZzlVS/tRPjE"],-8,-7,-6,-5,-4]],[1,"6brhG6H6tOEJvl+KcqYWrt",null,null,null,-1,0],[1,0,-30,0]],[7,"line",33554432,1,[[2,-16,[0,"55tuYYGDNG/5cTydZWzQZB"],[5,600,1]],[10,0,-17,[0,"949Ng+FphOdKlqip0gudD1"],0],[12,4,-18,[0,"31zTBzR2hF3a7eRRTNQhEg"]]],[1,"d8/tF4MNdLMbi3/aLxz+Dg",null,null,null,1,0],[1,0,-29.5,0]],[3,"gameLabel",33554432,1,[[[8,-19,[0,"28+dp4bMhEOJewGq9+ERWm"],[5,111.201171875,56.49999999999999],[0,0,0.5]],-20],4,1],[1,"dayMWrQr9DhKBGOEu3Lrrx",null,null,null,1,0],[1,-290,0,0]],[3,"roundAndTimeLabel",33554432,1,[[[2,-21,[0,"aayHU2oyJCcpTS4kvyApKT"],[5,106.7578125,45.199999999999996]],-22],4,1],[1,"37U2IDSCZAk4kv23XhnXrz",null,null,null,1,0],[1,-108.358,0,0]],[3,"betTypeLabel",33554432,1,[[[2,-23,[0,"2cxq5QMqFGYba9RiChGpPO"],[5,60,25.2]],-24],4,1],[1,"dbUaMvPT1IJolYCzoeZRiL",null,null,null,1,0],[1,19.535,0,0]],[3,"betCoinLabel",33554432,1,[[[2,-25,[0,"e9JRPZt+NNPoY754968TVi"],[5,64.4921875,25.2]],-26],4,1],[1,"f0bU+cWqhFspNXJ3emX517",null,null,null,1,0],[1,148.644,0,0]],[3,"resultLabel",33554432,1,[[[2,-27,[0,"7bY3xt9blFxZIcjm9g6iQ1"],[5,51.15234375,25.2]],-28],4,1],[1,"44JlRwe3VBfq5JJgq3g4dQ",null,null,null,1,0],[1,258.3948515625,0,0]],[13,"bc_barateee\ndev.001",0,20,20,25,3,[0,"11HozTqnhJ467xUT/kyvUi"]],[14,"123\n04-12 23:55",18,20,25,2,false,4,[0,"6aiDlhK1dPu6gP3MMpStnC"]],[15,"莊免佣",20,20,20,5,[0,"63bW4mZEtJbZJ0RyqOohmC"]],[4,"2，000",20,20,20,6,[0,"b7EBRES7xJbKgTbdhiJGrm"],[4,4286368767]],[4,"-2000",20,20,20,7,[0,"caAOK/E/RKO63cE+wGQTcY"],[4,4278585070]]],0,[0,1,1,0,0,1,0,0,1,0,2,12,0,3,11,0,4,10,0,5,9,0,6,8,0,0,1,0,-1,3,0,-2,4,0,-3,5,0,-4,6,0,-5,7,0,-6,2,0,0,2,0,0,2,0,0,2,0,0,3,0,-2,8,0,0,4,0,-2,9,0,0,5,0,-2,10,0,0,6,0,-2,11,0,0,7,0,-2,12,0,7,1,28],[0],[8],[0]],[[{"name":"line","rect":{"x":0,"y":0,"width":640,"height":1},"offset":{"x":0,"y":0},"originalSize":{"width":640,"height":1},"rotated":false,"capInsets":[0,0,0,0],"vertices":{"rawPosition":[-320,-0.5,0,320,-0.5,0,-320,0.5,0,320,0.5,0],"indexes":[0,1,2,2,1,3],"uv":[0,1,640,1,0,0,640,0],"nuv":[0,0,1,0,0,1,1,1],"minPos":{"x":-320,"y":-0.5,"z":0},"maxPos":{"x":320,"y":0.5,"z":0}},"packable":true,"pixelsToUnit":100,"pivot":{"x":0.5,"y":0.5},"meshType":0}],[4],0,[0],[9],[1]]]]
