[1,["7d8f9b89-4fd1-4c9f-a3ab-38ec7cded7ca@f9941","20633525-da7f-4d43-859d-b780895cb33b@f9941","8af7fa8c-bf4a-430b-a6af-885cd31b352c@f9941","edff0538-6f4f-420c-af07-74f6a8e137a3@f9941","29f6512a-d0ce-4e81-a53d-14ab78b1d506@f9941","d4fe1e78-e29e-4871-bb37-e1ce9f11e0cb@f9941","20633525-da7f-4d43-859d-b780895cb33b@6c48a","20835ba4-6145-4fbc-a58a-051ce700aa3e@6c48a","29f6512a-d0ce-4e81-a53d-14ab78b1d506@6c48a","39dc2763-ad77-44fd-a8eb-097f2d35c254@6c48a","20835ba4-6145-4fbc-a58a-051ce700aa3e@f9941","544e49d6-3f05-4fa8-9a9e-091f98fc2ce8@f9941","951249e0-9f16-456d-8b85-a6ca954da16b@f9941","39dc2763-ad77-44fd-a8eb-097f2d35c254@f9941","544e49d6-3f05-4fa8-9a9e-091f98fc2ce8@6c48a","8af7fa8c-bf4a-430b-a6af-885cd31b352c@6c48a","951249e0-9f16-456d-8b85-a6ca954da16b@6c48a","d4fe1e78-e29e-4871-bb37-e1ce9f11e0cb@6c48a","edff0538-6f4f-420c-af07-74f6a8e137a3@6c48a"],["node","_spriteFrame","_textureSource","root","betToggle","chatToggle","_target","data","_normalSprite","_hoverSprite","_pressedSprite","_disabledSprite"],["cc.SpriteFrame",["cc.Sprite",["_sizeMode","_type","node","__prefab","_spriteFrame","_color"],1,1,4,6,5],["cc.Node",["_name","_layer","_components","_prefab","_parent","_children","_lpos"],1,9,4,1,2,5],["cc.Node",["_name","_layer","_parent","_children","_components","_prefab","_lpos"],1,1,2,12,4,5],["cc.ClickEvent",["_componentId","handler","customEventData","target"],0,1],["cc.Prefab",["_name"],2],["cc.UITransform",["node","__prefab","_contentSize"],3,1,4,5],["cc.CompPrefabInfo",["fileId"],2],["423a9U7qctAe7BVL98KTvYm",["node","__prefab"],3,1,4],["c5ad9dBcuFMKYtKEmfy+GKs",["node","__prefab","chatToggle","betToggle"],3,1,4,1,1],["cc.PrefabInfo",["fileId","instance","targetOverrides","nestedPrefabInstanceRoots","root","asset"],-1,1,1],["cc.Widget",["_alignFlags","node","__prefab"],2,1,4],["cc.Button",["_transition","node","__prefab","clickEvents","_normalColor","_target","_normalSprite","_hoverSprite","_pressedSprite","_disabledSprite"],2,1,4,9,5,1,6,6,6,6],["cc.BlockInputEvents",["node","__prefab"],3,1,4],["cc.Label",["_string","_actualFontSize","_fontSize","node","__prefab"],0,1,4],["cc.Toggle",["node","__prefab","clickEvents","_normalColor","_target","_checkMark"],3,1,4,9,5,1,1]],[[7,0,2],[6,0,1,2,1],[10,0,1,2,3,4,5,5],[2,0,1,4,2,3,6,3],[1,2,3,4,1],[14,0,1,2,3,4,4],[3,0,1,2,3,4,5,6,3],[3,0,1,2,3,4,5,3],[1,0,2,3,5,4,2],[1,2,3,1],[4,0,1,2,3,4],[15,0,1,2,3,4,5,1],[5,0,2],[2,0,1,5,2,3,6,3],[2,0,1,4,5,2,3,3],[2,0,1,4,2,3,3],[8,0,1,1],[9,0,1,2,3,1],[1,1,2,3,5,4,2],[1,0,2,3,4,2],[11,0,1,2,2],[12,0,1,2,3,4,5,6,7,8,9,2],[4,0,1,3,3],[13,0,1,1]],[[[{"name":"x-close","rect":{"x":11,"y":11,"width":26,"height":26},"offset":{"x":0,"y":0},"originalSize":{"width":48,"height":48},"rotated":false,"capInsets":[0,0,0,0],"vertices":{"rawPosition":[-13,-13,0,13,-13,0,-13,13,0,13,13,0],"indexes":[0,1,2,2,1,3],"uv":[11,37,37,37,11,11,37,11],"nuv":[0.22916666666666666,0.22916666666666666,0.7708333333333334,0.22916666666666666,0.22916666666666666,0.7708333333333334,0.7708333333333334,0.7708333333333334],"minPos":{"x":-13,"y":-13,"z":0},"maxPos":{"x":13,"y":13,"z":0}},"packable":true,"pixelsToUnit":100,"pivot":{"x":0.5,"y":0.5},"meshType":0}],[0],0,[0],[2],[6]],[[{"name":"default_btn_normal","rect":{"x":0,"y":0,"width":40,"height":40},"offset":{"x":0,"y":0},"originalSize":{"width":40,"height":40},"rotated":false,"capInsets":[12,12,12,12],"vertices":{"rawPosition":[-20,-20,0,20,-20,0,-20,20,0,20,20,0],"indexes":[0,1,2,2,1,3],"uv":[0,40,40,40,0,0,40,0],"nuv":[0,0,1,0,0,1,1,1],"minPos":{"x":-20,"y":-20,"z":0},"maxPos":{"x":20,"y":20,"z":0}},"packable":true,"pixelsToUnit":100,"pivot":{"x":0.5,"y":0.5},"meshType":0}],[0],0,[0],[2],[7]],[[{"name":"control_bg","rect":{"x":0,"y":0,"width":80,"height":42},"offset":{"x":0,"y":0},"originalSize":{"width":80,"height":42},"rotated":false,"capInsets":[0,0,0,0],"vertices":{"rawPosition":[-40,-21,0,40,-21,0,-40,21,0,40,21,0],"indexes":[0,1,2,2,1,3],"uv":[0,42,80,42,0,0,80,0],"nuv":[0,0,1,0,0,1,1,1],"minPos":{"x":-40,"y":-21,"z":0},"maxPos":{"x":40,"y":21,"z":0}},"packable":true,"pixelsToUnit":100,"pivot":{"x":0.5,"y":0.5},"meshType":0}],[0],0,[0],[2],[8]],[[{"name":"line","rect":{"x":0,"y":0,"width":540,"height":1},"offset":{"x":0,"y":0},"originalSize":{"width":540,"height":1},"rotated":false,"capInsets":[0,0,0,0],"vertices":{"rawPosition":[-270,-0.5,0,270,-0.5,0,-270,0.5,0,270,0.5,0],"indexes":[0,1,2,2,1,3],"uv":[0,1,540,1,0,0,540,0],"nuv":[0,0,1,0,0,1,1,1],"minPos":{"x":-270,"y":-0.5,"z":0},"maxPos":{"x":270,"y":0.5,"z":0}},"packable":true,"pixelsToUnit":100,"pivot":{"x":0.5,"y":0.5},"meshType":0}],[0],0,[0],[2],[9]],[[[12,"gameSettingViewPC"],[13,"gameSettingViewPC",33554432,[-7,-8],[[1,-2,[0,"d1/sTad3FAar6ZKRvbabxr"],[5,500,200]],[16,-3,[0,"d8vjfvrYpLW5bQB/+amZ4E"]],[17,-6,[0,"29CNTd5J1DPZmvCzzV3l+K"],-5,-4]],[2,"63Aa9IaAdFpaG1nqNagls8",null,null,null,-1,0],[1,645.241,352.029,0]],[14,"bg",33554432,1,[-12,-13,-14,-15,-16,-17,-18],[[1,-9,[0,"a3KlNgM0BDyKYZ++MFfT+o"],[5,500,200]],[8,0,-10,[0,"c3okokJtlGsJVl7iVcwqJO"],[4,4279440147],13],[20,32,-11,[0,"d9cTE1n0RE67HUyCqQ9/0C"]]],[2,"fdsvrcc55IlKeJO/v5g/lB",null,null,null,1,0]],[6,"chatToggle",33554432,2,[-22,-23],[[[1,-19,[0,"66k7IUrWlNIZZWmRPPLEUW"],[5,80,42]],[4,-20,[0,"d5bDjrcyhMT7McMDAOe0IP"],9],-21],4,4,1],[2,"8d4qQIYMtEY60EhEpIm2bd",null,null,null,1,0],[1,156.967,4.279,0]],[6,"betToggle",33554432,2,[-27,-28],[[[1,-24,[0,"ea7rg5bRpHerV1hkTmLA+N"],[5,80,42]],[4,-25,[0,"a7M//csjFIKKC6yGe6yUyi"],12],-26],4,4,1],[2,"49uTsH+O9O55iUB6feuEqi",null,null,null,1,0],[1,156.967,-52.007,0]],[3,"closeButton",33554432,2,[[1,-29,[0,"469vD9i6hCpL9eX2clXBjx"],[5,26,26]],[18,1,-30,[0,"cdFCfPmUJBhKM7zlGt6Qhd"],[4,4292269782],1],[21,1,-32,[0,"faFd45PqpAbpfbJJHQ3ci7"],[[22,"c5ad9dBcuFMKYtKEmfy+GKs","close",1]],[4,4292269782],-31,2,3,4,5]],[2,"31SEErTtRImJFvbbNIZ2NV",null,null,null,1,0],[1,217.166,76.937,0]],[15,"mask",33554432,1,[[1,-33,[0,"e0HETdzW5DLo8ARjE8Rbhx"],[5,500,200]],[8,0,-34,[0,"bcJzc4l6JOPJ0gI6huuvV1"],[4,2013265920],0],[23,-35,[0,"a3DM1/4J5GWZkM9xNS53dY"]]],[2,"4crznN/bxHn6yoONBFVkK+",null,null,null,1,0]],[7,"Checkmark",33554432,3,[-38],[[[1,-36,[0,"87PfyoRaZG87FuqqIrht3h"],[5,80,42]],-37],4,1],[2,"4arBgPfZBOzJkJ7O//06Yz",null,null,null,1,0]],[7,"Checkmark",33554432,4,[-41],[[[1,-39,[0,"2bs5qeVt9GtZN+lmiyywCY"],[5,80,42]],-40],4,1],[2,"d66l6TU0lHOp5QT41WHwua",null,null,null,1,0]],[3,"title",33554432,2,[[1,-42,[0,"e03Q5gQD5DnorTcUrW0VVu"],[5,60,50.4]],[5,"設定",30,30,-43,[0,"61aomqZg9DfZwbJAnRaeXU"]]],[2,"76xXwjvP9FAquWoe/ZEKes",null,null,null,1,0],[1,-9.679,78.901,0]],[3,"line",33554432,2,[[1,-44,[0,"b1olju1/1HN6TQZVSbl7ol"],[5,500,1]],[19,0,-45,[0,"39KAO/zMlAnKfB/WGkOGnj"],6]],[2,"51+Nwau5ZMAIhbgL/JOJQ0",null,null,null,1,0],[1,0,48.613,0]],[3,"Label",33554432,2,[[1,-46,[0,"998RLPMpdKVoU0xdrxYGRZ"],[5,192,50.4]],[5,"隱藏其他玩家聊天",24,24,-47,[0,"fdXUI4TydMZIGe1cHIybrs"]]],[2,"7bHx1PQvBOBKQzn9fHONsh",null,null,null,1,0],[1,-130.04300000000012,4.278999999999996,0]],[3,"control_dot",33554432,3,[[1,-48,[0,"72KJnq2l1NzJmkPEgFSi3W"],[5,34,34]],[4,-49,[0,"6abLTH7b5CfIOrKGXaEwcM"],7]],[2,"74qXn8FZVG4L6URNwXEbrv",null,null,null,1,0],[1,-18.79,0,0]],[3,"control_dot_a_2",33554432,7,[[1,-50,[0,"a1He+GhlpHE5Jv1elKf4Ym"],[5,34,34]],[4,-51,[0,"2eHPFLJ/NLk4oCqK039g6m"],8]],[2,"d40Yi8WepG7KrA0mRRdnvS",null,null,null,1,0],[1,18.407,0,0]],[3,"control_dot",33554432,4,[[1,-52,[0,"227Gz5uyRASZYlI5vNubia"],[5,34,34]],[4,-53,[0,"6b+aFPoydGt7UcOAYsoKzs"],10]],[2,"bcsZfgjutFfKHHwVJY3c83",null,null,null,1,0],[1,-18.79,0,0]],[3,"control_dot_a_2",33554432,8,[[1,-54,[0,"76CboSMcBDqaXEDSgvrRF4"],[5,34,34]],[4,-55,[0,"8de4V328hLl5UFBRwEOQzZ"],11]],[2,"79asedqXRN+59iK5zGNgU6",null,null,null,1,0],[1,18.407,0,0]],[3,"Label-001",33554432,2,[[1,-56,[0,"9eX+1baHlPRLXQ+lDkauY6"],[5,144,50.4]],[5,"展示下注統計",24,24,-57,[0,"09aadAeLhG97jrPmxJ4dm/"]]],[2,"62RdIvmjhAn5ViiEX2UHBf",null,null,null,1,0],[1,-154.04300000000012,-52.00699999999995,0]],[9,7,[0,"fdGmizjC1JIZbN6P/4VdkD"]],[11,3,[0,"8dWSGOhWxK07hBfV7lELVF"],[[10,"c5ad9dBcuFMKYtKEmfy+GKs","toggleListener","chatStatus",1]],[4,4292269782],3,17],[9,8,[0,"7dKAz7ANdAxZ7TtltfktQO"]],[11,4,[0,"24Xojl+gVGVofyJve/X6iE"],[[10,"c5ad9dBcuFMKYtKEmfy+GKs","toggleListener","betCount",1]],[4,4292269782],4,19]],0,[0,3,1,0,0,1,0,0,1,0,4,20,0,5,18,0,0,1,0,-1,6,0,-2,2,0,0,2,0,0,2,0,0,2,0,-1,5,0,-2,9,0,-3,10,0,-4,11,0,-5,3,0,-6,4,0,-7,16,0,0,3,0,0,3,0,-3,18,0,-1,12,0,-2,7,0,0,4,0,0,4,0,-3,20,0,-1,14,0,-2,8,0,0,5,0,0,5,0,6,5,0,0,5,0,0,6,0,0,6,0,0,6,0,0,7,0,-2,17,0,-1,13,0,0,8,0,-2,19,0,-1,15,0,0,9,0,0,9,0,0,10,0,0,10,0,0,11,0,0,11,0,0,12,0,0,12,0,0,13,0,0,13,0,0,14,0,0,14,0,0,15,0,0,15,0,0,16,0,0,16,0,7,1,57],[0,0,0,0,0,0,0,0,0,0,0,0,0,0,17,19],[1,1,8,9,10,11,1,1,1,1,1,1,1,1,1,1],[0,1,1,10,11,12,13,2,3,4,2,3,4,0,5,5]],[[{"name":"default_btn_pressed","rect":{"x":0,"y":0,"width":40,"height":40},"offset":{"x":0,"y":0},"originalSize":{"width":40,"height":40},"rotated":false,"capInsets":[12,12,12,12],"vertices":{"rawPosition":[-20,-20,0,20,-20,0,-20,20,0,20,20,0],"indexes":[0,1,2,2,1,3],"uv":[0,40,40,40,0,0,40,0],"nuv":[0,0,1,0,0,1,1,1],"minPos":{"x":-20,"y":-20,"z":0},"maxPos":{"x":20,"y":20,"z":0}},"packable":true,"pixelsToUnit":100,"pivot":{"x":0.5,"y":0.5},"meshType":0}],[0],0,[0],[2],[14]],[[{"name":"control_dot","rect":{"x":0,"y":0,"width":34,"height":34},"offset":{"x":0,"y":0},"originalSize":{"width":34,"height":34},"rotated":false,"capInsets":[0,0,0,0],"vertices":{"rawPosition":[-17,-17,0,17,-17,0,-17,17,0,17,17,0],"indexes":[0,1,2,2,1,3],"uv":[0,34,34,34,0,0,34,0],"nuv":[0,0,1,0,0,1,1,1],"minPos":{"x":-17,"y":-17,"z":0},"maxPos":{"x":17,"y":17,"z":0}},"packable":true,"pixelsToUnit":100,"pivot":{"x":0.5,"y":0.5},"meshType":0}],[0],0,[0],[2],[15]],[[{"name":"default_btn_disabled","rect":{"x":0,"y":0,"width":40,"height":40},"offset":{"x":0,"y":0},"originalSize":{"width":40,"height":40},"rotated":false,"capInsets":[12,12,12,12],"vertices":{"rawPosition":[-20,-20,0,20,-20,0,-20,20,0,20,20,0],"indexes":[0,1,2,2,1,3],"uv":[0,40,40,40,0,0,40,0],"nuv":[0,0,1,0,0,1,1,1],"minPos":{"x":-20,"y":-20,"z":0},"maxPos":{"x":20,"y":20,"z":0}},"packable":true,"pixelsToUnit":100,"pivot":{"x":0.5,"y":0.5},"meshType":0}],[0],0,[0],[2],[16]],[[{"name":"control_bg_a","rect":{"x":0,"y":0,"width":80,"height":42},"offset":{"x":0,"y":0},"originalSize":{"width":80,"height":42},"rotated":false,"capInsets":[0,0,0,0],"vertices":{"rawPosition":[-40,-21,0,40,-21,0,-40,21,0,40,21,0],"indexes":[0,1,2,2,1,3],"uv":[0,42,80,42,0,0,80,0],"nuv":[0,0,1,0,0,1,1,1],"minPos":{"x":-40,"y":-21,"z":0},"maxPos":{"x":40,"y":21,"z":0}},"packable":true,"pixelsToUnit":100,"pivot":{"x":0.5,"y":0.5},"meshType":0}],[0],0,[0],[2],[17]],[[{"name":"control_dot_a","rect":{"x":0,"y":0,"width":34,"height":34},"offset":{"x":0,"y":0},"originalSize":{"width":34,"height":34},"rotated":false,"capInsets":[0,0,0,0],"vertices":{"rawPosition":[-17,-17,0,17,-17,0,-17,17,0,17,17,0],"indexes":[0,1,2,2,1,3],"uv":[0,34,34,34,0,0,34,0],"nuv":[0,0,1,0,0,1,1,1],"minPos":{"x":-17,"y":-17,"z":0},"maxPos":{"x":17,"y":17,"z":0}},"packable":true,"pixelsToUnit":100,"pivot":{"x":0.5,"y":0.5},"meshType":0}],[0],0,[0],[2],[18]]]]
