[1,["24odHCfK5IkorCOCZMcFSA@6c48a","a1jdSkC31BuZIIvG8+YZ0Z@6c48a","24odHCfK5IkorCOCZMcFSA@f9941","a1jdSkC31BuZIIvG8+YZ0Z@f9941"],["node","_textureSource","_spriteFrame","root","clockLabel","clockSprite","data"],["cc.SpriteFrame",["cc.Node",["_name","_layer","_components","_prefab","_children","_lpos","_parent"],1,9,4,2,5,1],["cc.UITransform",["node","__prefab","_contentSize"],3,1,4,5],["cc.Sprite",["_type","_fillType","_fillStart","_fillRange","node","__prefab","_color","_spriteFrame","_fillCenter"],-1,1,4,5,6,5],["cc.Prefab",["_name"],2],["cc.Node",["_name","_layer","_parent","_components","_prefab"],1,1,12,4],["cc.CompPrefabInfo",["fileId"],2],["6da3dmtySNE77IRgVjKqVHU",["node","__prefab","clockSprite","clockLabel"],3,1,4,1,1],["cc.PrefabInfo",["fileId","instance","targetOverrides","nestedPrefabInstanceRoots","root","asset"],-1,1,1],["cc.Label",["_string","_actualFontSize","_fontSize","_isBold","node","__prefab"],-1,1,4]],[[6,0,2],[8,0,1,2,3,4,5,5],[2,0,1,2,1],[5,0,1,2,3,4,3],[4,0,2],[1,0,1,4,2,3,5,3],[1,0,1,6,2,3,3],[2,0,1,1],[7,0,1,2,3,1],[3,4,5,6,7,1],[3,0,1,2,3,4,5,8,5],[9,0,1,2,3,4,5,5]],[[[{"name":"clock_bg","rect":{"x":0,"y":0,"width":95,"height":95},"offset":{"x":0,"y":0},"originalSize":{"width":95,"height":95},"rotated":false,"capInsets":[0,0,0,0],"vertices":{"rawPosition":[-47.5,-47.5,0,47.5,-47.5,0,-47.5,47.5,0,47.5,47.5,0],"indexes":[0,1,2,2,1,3],"uv":[0,95,95,95,0,0,95,0],"nuv":[0,0,1,0,0,1,1,1],"minPos":{"x":-47.5,"y":-47.5,"z":0},"maxPos":{"x":47.5,"y":47.5,"z":0}},"packable":true,"pixelsToUnit":100,"pivot":{"x":0.5,"y":0.5},"meshType":0}],[0],0,[0],[1],[0]],[[{"name":"clock_line","rect":{"x":0,"y":0,"width":95,"height":95},"offset":{"x":0,"y":0},"originalSize":{"width":95,"height":95},"rotated":false,"capInsets":[0,0,0,0],"vertices":{"rawPosition":[-47.5,-47.5,0,47.5,-47.5,0,-47.5,47.5,0,47.5,47.5,0],"indexes":[0,1,2,2,1,3],"uv":[0,95,95,95,0,0,95,0],"nuv":[0,0,1,0,0,1,1,1],"minPos":{"x":-47.5,"y":-47.5,"z":0},"maxPos":{"x":47.5,"y":47.5,"z":0}},"packable":true,"pixelsToUnit":100,"pivot":{"x":0.5,"y":0.5},"meshType":0}],[0],0,[0],[1],[1]],[[[4,"gameClockPC"],[5,"gameClockPC",33554432,[-6,-7,-8],[[7,-2,[0,"72idgGMd9KcaoOo2EjM6jY"]],[8,-5,[0,"a344seHAZJKp06qp7iKSHX"],-4,-3]],[1,"116GXJ4Q1APIzK6olojIp8",null,null,null,-1,0],[1,293.38,475.468,0]],[6,"clockBg",33554432,1,[[2,-9,[0,"e7qvPtKrlIlr6fGnTk7iBw"],[5,95,95]],[9,-10,[0,"5chtTRplZJPZzKrZVSnasK"],[4,1677721600],0]],[1,"8atQ0xz8xOfa524MAKX1+m",null,null,null,1,0]],[3,"clockSprite",33554432,1,[[[2,-11,[0,"9eqPze4WBDELC4A1riKnbK"],[5,95,95]],-12],4,1],[1,"87qcEtCsJIvZvyN3txh+MJ",null,null,null,1,0]],[3,"clockLabel",33554432,1,[[[2,-13,[0,"0aefklRtJESrZZCkETgU6N"],[5,33.369140625,50.4]],-14],4,1],[1,"06usfXbPxI5qL/LKxIiHZ4",null,null,null,1,0]],[10,3,2,0.25,1,3,[0,"6aJ9pCO9RHgrNTU+cucy58"],[0,0.5,0.5]],[11,"10",30,30,true,4,[0,"2e54P5L79BSJgpL6+HgO8k"]]],0,[0,3,1,0,0,1,0,4,6,0,5,5,0,0,1,0,-1,2,0,-2,3,0,-3,4,0,0,2,0,0,2,0,0,3,0,-2,5,0,0,4,0,-2,6,0,6,1,14],[0,5],[2,2],[2,3]]]]
