[1,["75NBmTX/JO9oJYXKkSF18K@f9941","20g1ukYUVPvKWKBRznAKo+@f9941","54TknWPwVPqJqeCR+Y/Czo@f9941","95EkngnxZFbYuFpsqVTaFr@f9941","8fR5pc/95Amr78H0rsZrLG@f9941","10FyAIawFGcYyOCxtXXZqX@6c48a","28R7TECSlFrowTxwrNqcpV@6c48a","67pKv4DlhPXLDK0suB3UYP@6c48a","74riQP1O9PX4fQPDrBRz97@6c48a","75NBmTX/JO9oJYXKkSF18K@6c48a","8fR5pc/95Amr78H0rsZrLG@6c48a","a76+KawstF/5PF1KXX8gy7@6c48a","b0GLkiQdVO84NbiRH6V3Gq@6c48a","b2cDYSX9FO7ZMn3c/050Ao@6c48a","b9FROJUZFFQrDb5dN/JKds@6c48a","b9FROJUZFFQrDb5dN/JKds@f9941","c3uPNgunJCsqQzNoUD+0f5@f9941","10FyAIawFGcYyOCxtXXZqX@f9941","b2cDYSX9FO7ZMn3c/050Ao@f9941","28R7TECSlFrowTxwrNqcpV@f9941","a76+KawstF/5PF1KXX8gy7@f9941","b0GLkiQdVO84NbiRH6V3Gq@f9941","74riQP1O9PX4fQPDrBRz97@f9941","e9lc9EuuNH1Z8nCDgDeSoF@f9941","67pKv4DlhPXLDK0suB3UYP@f9941","c3uPNgunJCsqQzNoUD+0f5@6c48a","e9lc9EuuNH1Z8nCDgDeSoF@6c48a"],["node","_spriteFrame","_textureSource","_target","_normalSprite","_hoverSprite","_pressedSprite","_disabledSprite","root","vidoClose","videoOpen","menuClose","menuOpen","data"],["cc.SpriteFrame",["cc.Node",["_name","_layer","_active","_components","_prefab","_parent","_children","_lpos"],0,9,4,1,2,5],["cc.Sprite",["_type","_sizeMode","node","__prefab","_spriteFrame","_color"],1,1,4,6,5],["cc.Button",["_transition","node","__prefab","clickEvents","_normalColor","_target","_normalSprite","_hoverSprite","_pressedSprite","_disabledSprite"],2,1,4,9,5,1,6,6,6,6],["cc.UITransform",["node","__prefab","_contentSize","_anchorPoint"],3,1,4,5,5],["cc.PrefabInfo",["fileId","instance","nestedPrefabInstanceRoots","targetOverrides","root","asset"],-1,1,1],["cc.Prefab",["_name"],2],["cc.CompPrefabInfo",["fileId"],2],["d5728x68LdNRIOI9Kmj0qQK",["node","__prefab","btnNodeArr","menuOpen","menuClose","videoOpen","vidoClose"],3,1,4,2,1,1,1,1],["cc.Widget",["_alignFlags","node","__prefab"],2,1,4],["cc.ClickEvent",["_componentId","handler","customEventData","target"],0,1]],[[7,0,2],[5,0,1,3,2,4,5,5],[4,0,1,2,1],[2,2,3,4,1],[1,0,1,5,3,4,3],[10,0,1,2,3,4],[1,0,1,5,6,3,4,7,3],[3,1,2,3,4,5,6,7,8,9,1],[4,0,1,2,3,1],[3,1,2,3,4,5,1],[6,0,2],[1,0,1,6,3,4,7,3],[1,0,1,5,6,3,4,3],[1,0,1,5,3,4,7,3],[1,0,2,1,5,3,4,4],[8,0,1,2,3,4,5,6,1],[5,0,1,2,3,4,5,5],[9,0,1,2,2],[2,0,1,2,3,3],[2,0,1,2,3,5,4,3],[3,0,1,2,3,4,5,2]],[[[{"name":"icon_8_a","rect":{"x":8,"y":4,"width":15,"height":26},"offset":{"x":-1.5,"y":0},"originalSize":{"width":34,"height":34},"rotated":false,"capInsets":[0,0,0,0],"vertices":{"rawPosition":[-7.5,-13,0,7.5,-13,0,-7.5,13,0,7.5,13,0],"indexes":[0,1,2,2,1,3],"uv":[8,30,23,30,8,4,23,4],"nuv":[0.23529411764705882,0.11764705882352941,0.6764705882352942,0.11764705882352941,0.23529411764705882,0.8823529411764706,0.6764705882352942,0.8823529411764706],"minPos":{"x":-7.5,"y":-13,"z":0},"maxPos":{"x":7.5,"y":13,"z":0}},"packable":true,"pixelsToUnit":100,"pivot":{"x":0.5,"y":0.5},"meshType":0}],[0],0,[0],[2],[5]],[[{"name":"icon_6","rect":{"x":2,"y":2,"width":30,"height":30},"offset":{"x":0,"y":0},"originalSize":{"width":34,"height":34},"rotated":false,"capInsets":[0,0,0,0],"vertices":{"rawPosition":[-15,-15,0,15,-15,0,-15,15,0,15,15,0],"indexes":[0,1,2,2,1,3],"uv":[2,32,32,32,2,2,32,2],"nuv":[0.058823529411764705,0.058823529411764705,0.9411764705882353,0.058823529411764705,0.058823529411764705,0.9411764705882353,0.9411764705882353,0.9411764705882353],"minPos":{"x":-15,"y":-15,"z":0},"maxPos":{"x":15,"y":15,"z":0}},"packable":true,"pixelsToUnit":100,"pivot":{"x":0.5,"y":0.5},"meshType":0}],[0],0,[0],[2],[6]],[[{"name":"icon_2_a","rect":{"x":2,"y":3,"width":30,"height":29},"offset":{"x":0,"y":-0.5},"originalSize":{"width":34,"height":34},"rotated":false,"capInsets":[0,0,0,0],"vertices":{"rawPosition":[-15,-14.5,0,15,-14.5,0,-15,14.5,0,15,14.5,0],"indexes":[0,1,2,2,1,3],"uv":[2,31,32,31,2,2,32,2],"nuv":[0.058823529411764705,0.058823529411764705,0.9411764705882353,0.058823529411764705,0.058823529411764705,0.9117647058823529,0.9411764705882353,0.9117647058823529],"minPos":{"x":-15,"y":-14.5,"z":0},"maxPos":{"x":15,"y":14.5,"z":0}},"packable":true,"pixelsToUnit":100,"pivot":{"x":0.5,"y":0.5},"meshType":0}],[0],0,[0],[2],[7]],[[{"name":"icon_3","rect":{"x":6,"y":4,"width":23,"height":26},"offset":{"x":0.5,"y":0},"originalSize":{"width":34,"height":34},"rotated":false,"capInsets":[0,0,0,0],"vertices":{"rawPosition":[-11.5,-13,0,11.5,-13,0,-11.5,13,0,11.5,13,0],"indexes":[0,1,2,2,1,3],"uv":[6,30,29,30,6,4,29,4],"nuv":[0.17647058823529413,0.11764705882352941,0.8529411764705882,0.11764705882352941,0.17647058823529413,0.8823529411764706,0.8529411764705882,0.8823529411764706],"minPos":{"x":-11.5,"y":-13,"z":0},"maxPos":{"x":11.5,"y":13,"z":0}},"packable":true,"pixelsToUnit":100,"pivot":{"x":0.5,"y":0.5},"meshType":0}],[0],0,[0],[2],[8]],[[{"name":"icon_bg","rect":{"x":0,"y":0,"width":56,"height":56},"offset":{"x":0,"y":0},"originalSize":{"width":56,"height":56},"rotated":false,"capInsets":[0,0,0,0],"vertices":{"rawPosition":[-28,-28,0,28,-28,0,-28,28,0,28,28,0],"indexes":[0,1,2,2,1,3],"uv":[0,56,56,56,0,0,56,0],"nuv":[0,0,1,0,0,1,1,1],"minPos":{"x":-28,"y":-28,"z":0},"maxPos":{"x":28,"y":28,"z":0}},"packable":true,"pixelsToUnit":100,"pivot":{"x":0.5,"y":0.5},"meshType":0}],[0],0,[0],[2],[9]],[[{"name":"Frame 465","rect":{"x":0,"y":0,"width":56,"height":56},"offset":{"x":0,"y":0},"originalSize":{"width":56,"height":56},"rotated":false,"capInsets":[0,0,0,0],"vertices":{"rawPosition":[-28,-28,0,28,-28,0,-28,28,0,28,28,0],"indexes":[0,1,2,2,1,3],"uv":[0,56,56,56,0,0,56,0],"nuv":[0,0,1,0,0,1,1,1],"minPos":{"x":-28,"y":-28,"z":0},"maxPos":{"x":28,"y":28,"z":0}},"packable":true,"pixelsToUnit":100,"pivot":{"x":0.5,"y":0.5},"meshType":0}],[0],0,[0],[2],[10]],[[{"name":"icon_5","rect":{"x":2,"y":1,"width":30,"height":32},"offset":{"x":0,"y":0},"originalSize":{"width":34,"height":34},"rotated":false,"capInsets":[0,0,0,0],"vertices":{"rawPosition":[-15,-16,0,15,-16,0,-15,16,0,15,16,0],"indexes":[0,1,2,2,1,3],"uv":[2,33,32,33,2,1,32,1],"nuv":[0.058823529411764705,0.029411764705882353,0.9411764705882353,0.029411764705882353,0.058823529411764705,0.9705882352941176,0.9411764705882353,0.9705882352941176],"minPos":{"x":-15,"y":-16,"z":0},"maxPos":{"x":15,"y":16,"z":0}},"packable":true,"pixelsToUnit":100,"pivot":{"x":0.5,"y":0.5},"meshType":0}],[0],0,[0],[2],[11]],[[{"name":"icon_4","rect":{"x":2,"y":1,"width":30,"height":32},"offset":{"x":0,"y":0},"originalSize":{"width":34,"height":34},"rotated":false,"capInsets":[0,0,0,0],"vertices":{"rawPosition":[-15,-16,0,15,-16,0,-15,16,0,15,16,0],"indexes":[0,1,2,2,1,3],"uv":[2,33,32,33,2,1,32,1],"nuv":[0.058823529411764705,0.029411764705882353,0.9411764705882353,0.029411764705882353,0.058823529411764705,0.9705882352941176,0.9411764705882353,0.9705882352941176],"minPos":{"x":-15,"y":-16,"z":0},"maxPos":{"x":15,"y":16,"z":0}},"packable":true,"pixelsToUnit":100,"pivot":{"x":0.5,"y":0.5},"meshType":0}],[0],0,[0],[2],[12]],[[{"name":"icon_7","rect":{"x":5,"y":5,"width":24,"height":24},"offset":{"x":0,"y":0},"originalSize":{"width":34,"height":34},"rotated":false,"capInsets":[0,0,0,0],"vertices":{"rawPosition":[-12,-12,0,12,-12,0,-12,12,0,12,12,0],"indexes":[0,1,2,2,1,3],"uv":[5,29,29,29,5,5,29,5],"nuv":[0.14705882352941177,0.14705882352941177,0.8529411764705882,0.14705882352941177,0.14705882352941177,0.8529411764705882,0.8529411764705882,0.8529411764705882],"minPos":{"x":-12,"y":-12,"z":0},"maxPos":{"x":12,"y":12,"z":0}},"packable":true,"pixelsToUnit":100,"pivot":{"x":0.5,"y":0.5},"meshType":0}],[0],0,[0],[2],[13]],[[{"name":"Frame 46","rect":{"x":0,"y":0,"width":152,"height":48},"offset":{"x":0,"y":0},"originalSize":{"width":152,"height":48},"rotated":false,"capInsets":[0,0,0,0],"vertices":{"rawPosition":[-76,-24,0,76,-24,0,-76,24,0,76,24,0],"indexes":[0,1,2,2,1,3],"uv":[0,48,152,48,0,0,152,0],"nuv":[0,0,1,0,0,1,1,1],"minPos":{"x":-76,"y":-24,"z":0},"maxPos":{"x":76,"y":24,"z":0}},"packable":true,"pixelsToUnit":100,"pivot":{"x":0.5,"y":0.5},"meshType":0}],[0],0,[0],[2],[14]],[[[10,"menuViewPC"],[11,"menuViewPC",33554432,[-15],[[8,-2,[0,"c9SxXsW7BEmY+TEa5dHYi5"],[5,720,100],[0,0.5,1]],[15,-14,[0,"abYFcjtZhA8rFNNZcKfbHX"],[-7,-8,-9,-10,-11,-12,-13],-6,-5,-4,-3]],[16,"289+N2DT9JsKrQTMJqAYGC",null,null,[],-1,0],[1,599.682,540.404,0]],[12,"bg",33554432,1,[-18,-19,-20,-21,-22,-23,-24,-25],[[8,-16,[0,"50GKEza3BEa5uVc92AJPnL"],[5,720,100],[0,0.5,1]],[17,32,-17,[0,"6bQKUIIFlC3aJGAOyrp6Di"]]],[1,"34WDbcNZlOjr8SaD3aqBHi",null,null,null,1,0]],[6,"btn0",33554432,2,[-30,-31,-32],[[2,-26,[0,"4e2tr97mtF972w/N3GR/ik"],[5,56,56]],[3,-27,[0,"adlfeMRhlPn4LXurC+b58p"],4],[9,-29,[0,"3cAQ1DXaJMxa7AGl5tX7OB"],[[5,"d5728x68LdNRIOI9Kmj0qQK","optionBtnClick","menu",1]],[4,4292269782],-28]],[1,"e7vzek6gVMyLMgAlPGGVcu",null,null,null,1,0],[1,312.3409999999999,-50,0]],[6,"btn3",33554432,2,[-37,-38],[[2,-33,[0,"f3TIMN1ptF2YhiqBexiuCn"],[5,56,56]],[18,1,0,-34,[0,"b1lEx4FbdOULellKyzvaOR"]],[9,-36,[0,"1b2nBt64xDbJg87+C3UXeW"],[[5,"d5728x68LdNRIOI9Kmj0qQK","optionBtnClick","record",1]],[4,4292269782],-35]],[1,"870KLLDuRCDJHbOmHCEg2D",null,null,null,1,0],[1,111.79357142857134,-50,0]],[6,"btn6",33554432,2,[-43,-44],[[2,-39,[0,"61r6O2UvFCJKFBKmYtEZZR"],[5,56,56]],[3,-40,[0,"20sVjifgNKHqdOwaM9y0OK"],33],[7,-42,[0,"a5BKLqytFARoDWgvUadu2N"],[[5,"d5728x68LdNRIOI9Kmj0qQK","optionBtnClick","video",1]],[4,4292269782],-41,34,35,36,37]],[1,"d1D/fGhitErKxplJEe5nFz",null,null,null,1,0],[1,-88.75385714285721,-50,0]],[6,"btn1",33554432,2,[-49],[[2,-45,[0,"7b2xwXGiRF6p9sqKYDi/u+"],[5,56,56]],[3,-46,[0,"2cCwU/EdxBjaRQoupzbx/o"],6],[7,-48,[0,"24bc1hgAdN/YVFebfiqDdo"],[[5,"d5728x68LdNRIOI9Kmj0qQK","optionBtnClick","scale",1]],[4,4292269782],-47,7,8,9,10]],[1,"68S5yQtipEIYzbYe42Ku7Y",null,null,null,1,0],[1,245.49185714285704,-50,0]],[6,"btn2",33554432,2,[-54],[[2,-50,[0,"28OVt7MRNKhrM7bW9ZC8e0"],[5,56,56]],[3,-51,[0,"bfq/1BRZpC3rTiTS8wvQQC"],12],[7,-53,[0,"4bdiG4c6lIOa33YM6ZuXI+"],[[5,"d5728x68LdNRIOI9Kmj0qQK","optionBtnClick","url",1]],[4,4292269782],-52,13,14,15,16]],[1,"bd+9KFBcRIlYxvbBWBEcrU",null,null,null,1,0],[1,178.6427142857142,-50,0]],[6,"btn4",33554432,2,[-59],[[2,-55,[0,"84cOlPvJ9H5IK3huihzqUZ"],[5,56,56]],[3,-56,[0,"e6TPzrHBhDyYnxY/7V4xVN"],20],[7,-58,[0,"57ntGgMOJGIb0QohbQLZ70"],[[5,"d5728x68LdNRIOI9Kmj0qQK","optionBtnClick","setting",1]],[4,4292269782],-57,21,22,23,24]],[1,"21as+cRnBGOaF8uX9IPisA",null,null,null,1,0],[1,44.94442857142849,-50,0]],[6,"btn5",33554432,2,[-64],[[2,-60,[0,"06mfMBsuFKO6SIv8poD4mh"],[5,56,56]],[3,-61,[0,"61goruM45LIpYS9jhuRFWl"],26],[7,-63,[0,"82W8TO9wtJIIZ34b/YhTjT"],[[5,"d5728x68LdNRIOI9Kmj0qQK","optionBtnClick","soundSetting",1]],[4,4292269782],-62,27,28,29,30]],[1,"a1GnDeIWdDmJP+kYEXVx+s",null,null,null,1,0],[1,-21.904714285714363,-50,0]],[13,"hallButton",33554432,2,[[2,-65,[0,"57G0ptdHxHWoWleyPI2aKa"],[5,152,48]],[19,1,0,-66,[0,"f0G09jTKBOhIlmAC3kt8UE"],[4,4292269782],0],[20,1,-68,[0,"e7Cmoj/rBAX5fZCKwARih5"],[[5,"d5728x68LdNRIOI9Kmj0qQK","optionBtnClick","hall",1]],[4,4292269782],-67]],[1,"b8EnlEVzBHAZehhW1ymk5r",null,null,null,1,0],[1,253.795,-1033.415,0]],[4,"menuOpen",33554432,3,[[2,-69,[0,"ddOPyNhsZNMpls9X8ZqK3D"],[5,15,26]],[3,-70,[0,"89IwyBSM1Ay4NBDET8bRS8"],2]],[1,"22YD5kVm1P25BUG5ih90jV",null,null,null,1,0]],[14,"menuClose",false,33554432,3,[[2,-71,[0,"38ReEzKsxPsJ7SozOps5om"],[5,15,26]],[3,-72,[0,"ecaiagJkhLNbQLQ/RP/tuh"],3]],[1,"519UOIlhpLCZipN0Kv4a4d",null,null,null,1,0]],[4,"videoOpen",33554432,5,[[2,-73,[0,"86LoyM2bVGYYmQX1k7UEit"],[5,30,22]],[3,-74,[0,"9bbq3/LcREpZWuPkwbMXx9"],31]],[1,"23jGOhkSdGAaVlrb5H3xPj",null,null,null,1,0]],[4,"vidoClose",33554432,5,[[2,-75,[0,"7cmoTGGKBE1oV38UvjKnsY"],[5,30,29]],[3,-76,[0,"1aB+B9Z6lGK6Dxz9tSQxLT"],32]],[1,"b8BBmvMLFLI79eV/q1kQcJ",null,null,null,1,0]],[4,"Sprite",33554432,3,[[2,-77,[0,"12c+FAdiVFuaaUfNGWJW8T"],[5,56,56]],[3,-78,[0,"78wdkEMsxCRJIHODwIO+Ij"],1]],[1,"48rFR4WTJIZZAQV/W65/NZ",null,null,null,1,0]],[4,"icon",33554432,6,[[2,-79,[0,"ff5gxleZtBCpdA/ZOyqdgu"],[5,24,24]],[3,-80,[0,"3bgH19uchOnZyRluqq25+O"],5]],[1,"0fGNuU0ulEGZaZxT2Czq8z",null,null,null,1,0]],[4,"icon",33554432,7,[[2,-81,[0,"1b4Bum2bxBo4bsldfgxqmx"],[5,30,30]],[3,-82,[0,"2fO+ClzrRByopMOu9VBObd"],11]],[1,"84MXI1zT5PT6a3iGbGDazk",null,null,null,1,0]],[4,"Sprite",33554432,4,[[2,-83,[0,"38sKIXvhFHZI1elCtBQJzI"],[5,56,56]],[3,-84,[0,"0bFZfaPf5Osq3BPZ6cI2O9"],17]],[1,"02NPY8kMlNOpuKvSP1GAp0",null,null,null,1,0]],[4,"icon",33554432,4,[[2,-85,[0,"eebkegGhtJFp1Z84Rf7nB4"],[5,30,32]],[3,-86,[0,"eeA5XmlkdF6bmZh7AbiG+w"],18]],[1,"48Rl7tFa9ET4bmpx/9gbno",null,null,null,1,0]],[4,"icon",33554432,8,[[2,-87,[0,"e8besmTxhOvI1SLG9+t3vh"],[5,30,32]],[3,-88,[0,"b6HNPBypZIPrtMZSLn+Rpj"],19]],[1,"e9Od0KuPxKGawyKatiIknK",null,null,null,1,0]],[4,"icon",33554432,9,[[2,-89,[0,"bdiw9WMLNM5I02eupAU+vn"],[5,23,26]],[3,-90,[0,"7cPR7R9ahHb5l9DUAt+SFH"],25]],[1,"efxfEJcEZN6oUjb2d7ne/+",null,null,null,1,0]]],0,[0,8,1,0,0,1,0,9,14,0,10,13,0,11,12,0,12,11,0,-1,3,0,-2,6,0,-3,7,0,-4,4,0,-5,8,0,-6,9,0,-7,5,0,0,1,0,-1,2,0,0,2,0,0,2,0,-1,10,0,-2,3,0,-3,6,0,-4,7,0,-5,4,0,-6,8,0,-7,9,0,-8,5,0,0,3,0,0,3,0,3,3,0,0,3,0,-1,15,0,-2,11,0,-3,12,0,0,4,0,0,4,0,3,4,0,0,4,0,-1,18,0,-2,19,0,0,5,0,0,5,0,3,5,0,0,5,0,-1,13,0,-2,14,0,0,6,0,0,6,0,3,6,0,0,6,0,-1,16,0,0,7,0,0,7,0,3,7,0,0,7,0,-1,17,0,0,8,0,0,8,0,3,8,0,0,8,0,-1,20,0,0,9,0,0,9,0,3,9,0,0,9,0,-1,21,0,0,10,0,0,10,0,3,10,0,0,10,0,0,11,0,0,11,0,0,12,0,0,12,0,0,13,0,0,13,0,0,14,0,0,14,0,0,15,0,0,15,0,0,16,0,0,16,0,0,17,0,0,17,0,0,18,0,0,18,0,0,19,0,0,19,0,0,20,0,0,20,0,0,21,0,0,21,0,13,1,90],[0,0,0,0,0,0,0,0,0,0,0,0,0,0,0,0,0,0,0,0,0,0,0,0,0,0,0,0,0,0,0,0,0,0,0,0,0,0],[1,1,1,1,1,1,1,4,5,6,7,1,1,4,5,6,7,1,1,1,1,4,5,6,7,1,1,4,5,6,7,1,1,1,4,5,6,7],[15,4,16,17,0,18,0,0,1,2,3,19,0,0,1,2,3,4,20,21,0,0,1,2,3,22,0,0,1,2,3,23,24,0,0,1,2,3]],[[{"name":"icon_8","rect":{"x":11,"y":4,"width":15,"height":26},"offset":{"x":1.5,"y":0},"originalSize":{"width":34,"height":34},"rotated":false,"capInsets":[0,0,0,0],"vertices":{"rawPosition":[-7.5,-13,0,7.5,-13,0,-7.5,13,0,7.5,13,0],"indexes":[0,1,2,2,1,3],"uv":[11,30,26,30,11,4,26,4],"nuv":[0.3235294117647059,0.11764705882352941,0.7647058823529411,0.11764705882352941,0.3235294117647059,0.8823529411764706,0.7647058823529411,0.8823529411764706],"minPos":{"x":-7.5,"y":-13,"z":0},"maxPos":{"x":7.5,"y":13,"z":0}},"packable":true,"pixelsToUnit":100,"pivot":{"x":0.5,"y":0.5},"meshType":0}],[0],0,[0],[2],[25]],[[{"name":"icon_2","rect":{"x":2,"y":6,"width":30,"height":22},"offset":{"x":0,"y":0},"originalSize":{"width":34,"height":34},"rotated":false,"capInsets":[0,0,0,0],"vertices":{"rawPosition":[-15,-11,0,15,-11,0,-15,11,0,15,11,0],"indexes":[0,1,2,2,1,3],"uv":[2,28,32,28,2,6,32,6],"nuv":[0.058823529411764705,0.17647058823529413,0.9411764705882353,0.17647058823529413,0.058823529411764705,0.8235294117647058,0.9411764705882353,0.8235294117647058],"minPos":{"x":-15,"y":-11,"z":0},"maxPos":{"x":15,"y":11,"z":0}},"packable":true,"pixelsToUnit":100,"pivot":{"x":0.5,"y":0.5},"meshType":0}],[0],0,[0],[2],[26]]]]
