[1,["20g1ukYUVPvKWKBRznAKo+@f9941","54TknWPwVPqJqeCR+Y/Czo@f9941","95EkngnxZFbYuFpsqVTaFr@f9941","8cyqK/+SBHa4sakbnUaXfd@f9941","8278wBbDRGjIInMMQlPnUU@f9941","75TWwsrNdHQ4hRT6LEN0re@f9941","8cyqK/+SBHa4sakbnUaXfd@6c48a","a5BV8RkgRHS4wfR22ZUoxb@6c48a","a5BV8RkgRHS4wfR22ZUoxb@f9941","c6LwSzBE9EWphfzwku4R27@f9941","2fK+8arSVMMpMIMU7v6kVt@f9941","6colKdavNCCLZZpblYtnz8@f9941","aa5FcRzzpJ6YDXX6I8Qarm@f9941","e28RDkGfxIG4CKPAZgK1+K"],["node","_spriteFrame","_target","_normalSprite","_hoverSprite","_pressedSprite","_disabledSprite","_textureSource","root","giftBtn","giftButton","chatBtn","chatFrameScrollView","msgEditBox","data","_parent","chatMsgNodePrefab"],[["cc.Sprite",["_type","_sizeMode","node","__prefab","_spriteFrame","_color"],1,1,4,6,5],["cc.Node",["_name","_layer","_active","_objFlags","_components","_prefab","_parent","_lpos","_children"],-1,9,4,1,5,2],["cc.Node",["_name","_layer","_active","_parent","_components","_prefab","_lpos","_children"],0,1,12,4,5,2],["cc.Button",["_transition","node","__prefab","clickEvents","_target","_normalColor","_normalSprite","_hoverSprite","_pressedSprite","_disabledSprite"],2,1,4,9,1,5,6,6,6,6],["cc.Widget",["_alignFlags","_right","_originalWidth","_originalHeight","node","__prefab"],-1,1,4],["cc.Label",["_string","_actualFontSize","_fontSize","_overflow","_enableWrapText","_horizontalAlign","node","__prefab","_color"],-3,1,4,5],"cc.SpriteFrame",["cc.UITransform",["node","__prefab","_contentSize","_anchorPoint"],3,1,4,5,5],["cc.Prefab",["_name"],2],["cc.CompPrefabInfo",["fileId"],2],["b82c4KEtO1IHKj0jCigsmjx",["node","__prefab","msgEditBox","chatFrameScrollView","chatBtn","giftButton","giftBtn","chatMsgNodePrefab"],3,1,4,1,1,1,1,1,6],["cc.PrefabInfo",["fileId","instance","targetOverrides","nestedPrefabInstanceRoots","root","asset"],-1,1,1],["cc.ClickEvent",["_componentId","handler","target"],1,1],["cc.Mask",["node","__prefab"],3,1,4],["cc.Graphics",["node","__prefab","_fillColor"],3,1,4,5],["cc.Layout",["_resizeMode","_layoutType","node","__prefab"],1,1,4],["cc.EditBox",["_inputMode","_maxLength","node","__prefab","editingDidBegan","editingDidEnded","_textLabel","_placeholderLabel"],1,1,4,9,9,1,1],["cc.ScrollView",["bounceDuration","brake","horizontal","node","__prefab","_content"],0,1,4,1]],[[9,0,2],[11,0,1,2,3,4,5,5],[7,0,1,2,1],[12,0,1,2,3],[3,0,1,2,3,5,4,6,7,8,9,2],[1,0,2,1,6,8,4,5,7,4],[1,0,1,6,4,5,7,3],[1,0,3,1,6,4,5,4],[7,0,1,2,3,1],[5,0,1,2,3,4,6,7,8,6],[1,0,1,8,4,5,7,3],[1,0,2,1,6,4,5,7,4],[2,0,1,3,7,4,5,6,3],[0,0,1,2,3,4,3],[0,0,1,2,3,5,4,3],[8,0,2],[1,0,1,6,8,4,5,3],[1,0,1,6,4,5,3],[2,0,2,1,3,4,5,6,4],[2,0,1,3,4,5,6,3],[10,0,1,2,3,4,5,6,7,1],[0,2,3,5,4,1],[0,0,1,2,3,3],[0,2,3,5,1],[0,0,2,3,5,4,2],[0,0,2,3,4,2],[0,1,2,3,4,2],[0,2,3,4,1],[3,1,2,3,5,4,1],[3,0,1,2,3,4,6,7,8,9,2],[4,0,1,4,5,3],[4,0,2,3,4,5,4],[4,0,4,5,2],[13,0,1,1],[14,0,1,2,1],[15,0,1,2,3,3],[5,0,5,1,2,3,4,6,7,7],[5,0,5,1,2,3,4,6,7,8,7],[16,0,1,2,3,4,5,6,7,3],[17,0,1,2,3,4,5,4]],[[[{"name":"icon_giftt","rect":{"x":0,"y":0,"width":56,"height":56},"offset":{"x":0,"y":0},"originalSize":{"width":56,"height":56},"rotated":false,"capInsets":[0,0,0,0],"vertices":{"rawPosition":[-28,-28,0,28,-28,0,-28,28,0,28,28,0],"indexes":[0,1,2,2,1,3],"uv":[0,56,56,56,0,0,56,0],"nuv":[0,0,1,0,0,1,1,1],"minPos":{"x":-28,"y":-28,"z":0},"maxPos":{"x":28,"y":28,"z":0}},"packable":true,"pixelsToUnit":100,"pivot":{"x":0.5,"y":0.5},"meshType":0}],[6],0,[0],[7],[6]],[[{"name":"icon_chat","rect":{"x":0,"y":0,"width":56,"height":56},"offset":{"x":0,"y":0},"originalSize":{"width":56,"height":56},"rotated":false,"capInsets":[0,0,0,0],"vertices":{"rawPosition":[-28,-28,0,28,-28,0,-28,28,0,28,28,0],"indexes":[0,1,2,2,1,3],"uv":[0,56,56,56,0,0,56,0],"nuv":[0,0,1,0,0,1,1,1],"minPos":{"x":-28,"y":-28,"z":0},"maxPos":{"x":28,"y":28,"z":0}},"packable":true,"pixelsToUnit":100,"pivot":{"x":0.5,"y":0.5},"meshType":0}],[6],0,[0],[7],[7]],[[[15,"chatViewPC"],[10,"chatViewPC",33554432,[-9,-10,-11,-12,-13,-14,-15,-16],[[2,-2,[0,"450JQD6pJOS5bNWjzGTry5"],[5,477,261]],[20,-8,[0,"a4CyZtlC9Bwb37TA9VMPkd"],-7,-6,-5,-4,-3,33]],[1,"4aoVA3RQZGuLsvF+bnopSB",null,null,null,-1,0],[1,0,270,0]],[5,"giftBtn",false,33554432,1,[-21],[[2,-17,[0,"fcLLCh9vZNKY+veBmsepXj"],[5,56,56]],[21,-18,[0,"51jLLluw5NY5kQCOlQe7+L"],[4,4292269782],15],[4,1,-20,[0,"1fJHZWO89GIJTKwoNjdNZj"],[[3,"b82c4KEtO1IHKj0jCigsmjx","showGiftView",1]],[4,4292269782],-19,16,17,18,19]],[1,"26F4xKFt5Egb7ojnaAgNTg",null,null,null,1,0],[1,-154.00900000000001,-102.274,0]],[12,"EditBox",33554432,1,[-25,-26,-27],[[[2,-22,[0,"89jvbdNh1LmqwGH4DYaK3h"],[5,423,40]],[22,1,0,-23,[0,"33mLpXf8dAfb6Ww6gm4nOO"]],-24],4,4,1],[1,"9cDXcOKllAMbJllikOWhBn",null,null,null,1,0],[1,-26.7,-106.507,0]],[10,"closeButton",33554432,[-33],[[2,-28,[0,"22WjD2FTdGUqXXzms3l/DN"],[5,22,22]],[23,-29,[0,"bfkYKOfnJNUbY76AYuHsMR"],[4,4292269782]],[28,-31,[0,"ebVDY5g4RHOITFzJ7m9Mzu"],[[3,"b82c4KEtO1IHKj0jCigsmjx","hideChatFrame",1]],[4,4292269782],-30],[30,33,6,-32,[0,"c1BB4SK+FMBJZFsUjANNQK"]]],[1,"03Ra3ydGZPD41a0zpXbo5k",null,null,null,1,0],[1,221.5,94.5,0]],[5,"createGroupButton",false,33554432,1,[-38],[[2,-34,[0,"961bUCCRhJfbeomXLuwNlP"],[5,100,40]],[13,1,0,-35,[0,"6e9Z9LWphG6474XeuO7S/7"],0],[4,2,-37,[0,"3bqkI7VKJECr6m1H1EB9Mg"],[[3,"b82c4KEtO1IHKj0jCigsmjx","createGroup",1]],[4,4292269782],-36,1,2,3,4]],[1,"c60bdn5zpF9p6SXQFKPBA5",null,null,null,1,0],[1,0,-5.874000000000024,0]],[5,"joinGroupButton",false,33554432,1,[-43],[[2,-39,[0,"a5YPM7bcBGd6zS6g+/eDWu"],[5,100,40]],[13,1,0,-40,[0,"9cPbNOhKJCMbZr17t5RFdN"],5],[4,2,-42,[0,"4cKtjD9UdDEIm4d7lSq6pq"],[[3,"b82c4KEtO1IHKj0jCigsmjx","joinGroup",1]],[4,4292269782],-41,6,7,8,9]],[1,"8ew/6Xr+lFv6XYkxDB0d2W",null,null,null,1,0],[1,191.873,-5.874000000000024,0]],[11,"chatButton",false,33554432,1,[[2,-44,[0,"20EOzAGXlEXJvKNk84fU1v"],[5,56,56]],[24,1,-45,[0,"432S8vH8VHg71nTRCnK+4+"],[4,4292269782],10],[4,1,-47,[0,"0foVUIx/dEH6p5e6F4eIHS"],[[3,"b82c4KEtO1IHKj0jCigsmjx","showChatFrame",1]],[4,4292269782],-46,11,12,13,14]],[1,"eb5WSMwZtA54p+DqAE5URo",null,null,null,1,0],[1,-209.288,-102.274,0]],[6,"giftButton",33554432,1,[[2,-48,[0,"93uIfpUU5MdJh9yRywGKui"],[5,40,40]],[14,1,0,-49,[0,"4cXrmZg9RPV7C3vUdXCdA4"],[4,4292269782],26],[4,1,-51,[0,"a0/E4v4N9J8rcmdtEN+4aw"],[[3,"b82c4KEtO1IHKj0jCigsmjx","showGiftView",1]],[4,4292269782],-50,27,28,29,30]],[1,"cdJ/zB4QNL7J0Vmz++fV4A",null,null,null,1,0],[1,212.654,-105.592,0]],[12,"talkingBoxesScroll",33554432,1,[-55,4],[[[2,-52,[0,"ccjuoppWRALo8i0DsX5T2y"],[5,477,211]],[14,1,0,-53,[0,"fcxGnEnnhDGbswhLiqj6ne"],[4,4279900701],32],-54],4,4,1],[1,"1fqhGR4NpIEYKgcNyIhAbP",null,null,null,1,0],[1,0,24.739,0]],[16,"view",33554432,9,[-60],[[2,-56,[0,"b3SK488yBMHby7RqysmTpp"],[5,477,211]],[33,-57,[0,"13I+uBVoVGKKBvc68iAbzn"]],[34,-58,[0,"098OWXWmROgZzkB8hfnz+k"],[4,16777215]],[31,45,200,200,-59,[0,"49JLp3JUBJuYAy2h4pDb8j"]]],[1,"33AJbPOPBF0LDjvUfKds78",null,null,null,1,0]],[11,"sendButton",false,33554432,1,[[2,-61,[0,"fbEC7ieehJpLaD25hh/Lrg"],[5,102,48]],[25,1,-62,[0,"29q8c9xPRIO6HhsudLtGVx"],21],[29,1,-64,[0,"36Lnd2er9BwpkT2THKUfMP"],[[3,"b82c4KEtO1IHKj0jCigsmjx","sendMsg",1]],-63,22,23,24,25]],[1,"dcwW9ggrpHELBeM2k3D71q",null,null,null,1,0],[1,293.069,-70,0]],[6,"content",33554432,10,[[8,-65,[0,"dc8cxti5hF2YJ7W4xf/K8s"],[5,300,0],[0,0,1]],[35,1,2,-66,[0,"3cKLclQ0lNJrrf29O++fT0"]],[32,8,-67,[0,"20ETx6DxBCH51/ZUZn9+2C"]]],[1,"aa/NMf5L1Pcb0MNQfEtYQJ",null,null,null,1,0],[1,-238.5,100,0]],[7,"Label",512,33554432,5,[[2,-68,[0,"51DJe5jv5PQqy43PacLviH"],[5,100,40]],[9,"创建",20,20,1,false,-69,[0,"80Mhnp2a9Gdr6pUknHphKY"],[4,4278190080]]],[1,"628FnZ/QRJ/rJVFW6zibmZ",null,null,null,1,0]],[7,"Label",512,33554432,6,[[2,-70,[0,"75SPbsVnFKR5O1BLUw1egx"],[5,100,40]],[9,"加入",20,20,1,false,-71,[0,"d53y9VwbBGmrf8gmwyApN6"],[4,4278190080]]],[1,"7cb6bbmE1KWZsnei4U3QOR",null,null,null,1,0]],[7,"Label",512,33554432,2,[[2,-72,[0,"1czci1Jp1HaoEHAiG/5Etn"],[5,100,40]],[9,"",20,20,1,false,-73,[0,"d2gdM5f6VDzq4h9BNYnfPj"],[4,4278190080]]],[1,"c0HEIX4u1OYbEAHMEW01Vq",null,null,null,1,0]],[6,"chatbar",33554432,3,[[2,-74,[0,"b7bX6K19VPnrYTBMXBDvx/"],[5,477,48]],[26,0,-75,[0,"beUEPBaZBGj7QeCu2mZ4u+"],20]],[1,"43wwtXLbBPLr1J2XzFdIDp",null,null,null,1,0],[1,26.468,0,0]],[18,"TEXT_LABEL",false,33554432,3,[[[8,-76,[0,"6cwqwKNGxFr5FyM5O8byGp"],[5,421,40],[0,0,1]],-77],4,1],[1,"55wHzaKCRGcqGBEcc32Aoz",null,null,null,1,0],[1,-209.5,20,0]],[19,"PLACEHOLDER_LABEL",33554432,3,[[[8,-78,[0,"fajRN2CoZNyZs0Phr6XGzl"],[5,421,40],[0,0,1]],-79],4,1],[1,"67ijQlOQBKTrmS8xLLkapA",null,null,null,1,0],[1,-209.5,20,0]],[17,"chat_close",33554432,4,[[2,-80,[0,"9btRfAsZBDlIttTgcJ4UWR"],[5,22,4]],[27,-81,[0,"4e7flhuddHd5rGXWzv46/a"],31]],[1,"d4hZKNMLJEw74N6gXKJ7vv",null,null,null,1,0]],[36,"",0,40,20,1,false,17,[0,"7eaNHWrlRMQ5XWW6ODVorX"]],[37,"請輸入文字...",0,20,20,1,false,18,[0,"0cakc4uTRE5oK8h/DaOJ0N"],[4,4290493371]],[38,6,30,3,[0,"f2cmZP6SdPkZqvNUAht0fW"],[[3,"b82c4KEtO1IHKj0jCigsmjx","showChatFrame",1]],[[3,"b82c4KEtO1IHKj0jCigsmjx","editboxChange",1]],20,21],[39,0.23,0.75,false,9,[0,"5aaDZhyDpIO4fABqIj6DpC"],12]],0,[0,8,1,0,0,1,0,9,2,0,10,8,0,11,7,0,12,23,0,13,22,0,0,1,0,-1,5,0,-2,6,0,-3,7,0,-4,2,0,-5,3,0,-6,11,0,-7,8,0,-8,9,0,0,2,0,0,2,0,2,2,0,0,2,0,-1,15,0,0,3,0,0,3,0,-3,22,0,-1,16,0,-2,17,0,-3,18,0,0,4,0,0,4,0,2,4,0,0,4,0,0,4,0,-1,19,0,0,5,0,0,5,0,2,5,0,0,5,0,-1,13,0,0,6,0,0,6,0,2,6,0,0,6,0,-1,14,0,0,7,0,0,7,0,2,7,0,0,7,0,0,8,0,0,8,0,2,8,0,0,8,0,0,9,0,0,9,0,-3,23,0,-1,10,0,0,10,0,0,10,0,0,10,0,0,10,0,-1,12,0,0,11,0,0,11,0,2,11,0,0,11,0,0,12,0,0,12,0,0,12,0,0,13,0,0,13,0,0,14,0,0,14,0,0,15,0,0,15,0,0,16,0,0,16,0,0,17,0,-2,20,0,0,18,0,-2,21,0,0,19,0,0,19,0,14,1,4,15,9,81],[0,0,0,0,0,0,0,0,0,0,0,0,0,0,0,0,0,0,0,0,0,0,0,0,0,0,0,0,0,0,0,0,0,0],[1,3,4,5,6,1,3,4,5,6,1,3,4,5,6,1,3,4,5,6,1,1,3,4,5,6,1,3,4,5,6,1,1,16],[0,0,0,1,2,0,0,0,1,2,8,9,0,1,2,3,3,0,1,2,10,4,4,0,1,2,5,5,0,1,2,11,12,13]]]]
