{"skeleton":{"hash":"0aPe2PSPEeCnw0QNHR0ic71RadA","spine":"3.8.99","x":-640,"y":-360,"width":1280,"height":720,"fps":60,"images":"./spine/","audio":""},"bones":[{"name":"root"},{"name":"dice1","parent":"root"},{"name":"dice2","parent":"root"},{"name":"dice3","parent":"root"},{"name":"dice4","parent":"root"},{"name":"dice5","parent":"root"},{"name":"dice6","parent":"root"},{"name":"bg","parent":"root"}],"slots":[{"name":"bg_twmj_beijing01","bone":"bg"},{"name":"dice1/dice1_00","bone":"dice1"},{"name":"dice2/dice2_00","bone":"dice2"},{"name":"dice3/dice3_00","bone":"dice3"},{"name":"dice4/dice4_00","bone":"dice4"},{"name":"dice5/dice5_00","bone":"dice5"},{"name":"dice6/dice6_00","bone":"dice6"}],"skins":[{"name":"default","attachments":{"dice1/dice1_00":{"dice1/dice1_00":{"width":1280,"height":720},"dice1/dice1_01":{"width":1280,"height":720},"dice1/dice1_02":{"width":1280,"height":720},"dice1/dice1_03":{"width":1280,"height":720},"dice1/dice1_04":{"width":1280,"height":720},"dice1/dice1_05":{"width":1280,"height":720},"dice1/dice1_06":{"width":1280,"height":720},"dice1/dice1_07":{"width":1280,"height":720},"dice1/dice1_08":{"width":1280,"height":720},"dice1/dice1_09":{"width":1280,"height":720},"dice1/dice1_10":{"width":1280,"height":720},"dice1/dice1_11":{"width":1280,"height":720},"dice1/dice1_12":{"width":1280,"height":720},"dice1/dice1_13":{"width":1280,"height":720},"dice1/dice1_14":{"width":1280,"height":720},"dice1/dice1_15":{"width":1280,"height":720},"dice1/dice1_16":{"width":1280,"height":720},"dice1/dice1_17":{"width":1280,"height":720},"dice1/dice1_18":{"width":1280,"height":720},"dice1/dice1_19":{"width":1280,"height":720},"dice1/dice1_20":{"width":1280,"height":720}},"dice2/dice2_00":{"dice2/dice2_00":{"width":1280,"height":720},"dice2/dice2_01":{"width":1280,"height":720},"dice2/dice2_02":{"width":1280,"height":720},"dice2/dice2_03":{"width":1280,"height":720},"dice2/dice2_04":{"width":1280,"height":720},"dice2/dice2_05":{"width":1280,"height":720},"dice2/dice2_06":{"width":1280,"height":720},"dice2/dice2_07":{"width":1280,"height":720},"dice2/dice2_08":{"width":1280,"height":720},"dice2/dice2_09":{"width":1280,"height":720},"dice2/dice2_10":{"width":1280,"height":720},"dice2/dice2_11":{"width":1280,"height":720},"dice2/dice2_12":{"width":1280,"height":720},"dice2/dice2_13":{"width":1280,"height":720},"dice2/dice2_14":{"width":1280,"height":720},"dice2/dice2_15":{"width":1280,"height":720},"dice2/dice2_16":{"width":1280,"height":720},"dice2/dice2_17":{"width":1280,"height":720},"dice2/dice2_18":{"width":1280,"height":720},"dice2/dice2_19":{"width":1280,"height":720},"dice2/dice2_20":{"width":1280,"height":720},"dice2/dice2_21":{"width":1280,"height":720},"dice2/dice2_22":{"width":1280,"height":720}},"dice3/dice3_00":{"dice3/dice3_00":{"width":1280,"height":720},"dice3/dice3_01":{"width":1280,"height":720},"dice3/dice3_02":{"width":1280,"height":720},"dice3/dice3_03":{"width":1280,"height":720},"dice3/dice3_04":{"width":1280,"height":720},"dice3/dice3_05":{"width":1280,"height":720},"dice3/dice3_06":{"width":1280,"height":720},"dice3/dice3_07":{"width":1280,"height":720},"dice3/dice3_08":{"width":1280,"height":720},"dice3/dice3_09":{"width":1280,"height":720},"dice3/dice3_10":{"width":1280,"height":720},"dice3/dice3_11":{"width":1280,"height":720},"dice3/dice3_12":{"width":1280,"height":720},"dice3/dice3_13":{"width":1280,"height":720},"dice3/dice3_14":{"width":1280,"height":720},"dice3/dice3_15":{"width":1280,"height":720},"dice3/dice3_16":{"width":1280,"height":720},"dice3/dice3_17":{"width":1280,"height":720},"dice3/dice3_18":{"width":1280,"height":720},"dice3/dice3_19":{"width":1280,"height":720},"dice3/dice3_20":{"width":1280,"height":720},"dice3/dice3_21":{"width":1280,"height":720},"dice3/dice3_22":{"width":1280,"height":720},"dice3/dice3_23":{"width":1280,"height":720},"dice3/dice3_24":{"width":1280,"height":720},"dice3/dice3_25":{"width":1280,"height":720},"dice3/dice3_26":{"width":1280,"height":720},"dice3/dice3_27":{"width":1280,"height":720}},"dice4/dice4_00":{"dice4/dice4_00":{"width":1280,"height":720},"dice4/dice4_01":{"width":1280,"height":720},"dice4/dice4_02":{"width":1280,"height":720},"dice4/dice4_03":{"width":1280,"height":720},"dice4/dice4_04":{"width":1280,"height":720},"dice4/dice4_05":{"width":1280,"height":720},"dice4/dice4_06":{"width":1280,"height":720},"dice4/dice4_07":{"width":1280,"height":720},"dice4/dice4_08":{"width":1280,"height":720},"dice4/dice4_09":{"width":1280,"height":720},"dice4/dice4_10":{"width":1280,"height":720},"dice4/dice4_11":{"width":1280,"height":720},"dice4/dice4_12":{"width":1280,"height":720},"dice4/dice4_13":{"width":1280,"height":720},"dice4/dice4_14":{"width":1280,"height":720},"dice4/dice4_15":{"width":1280,"height":720},"dice4/dice4_16":{"width":1280,"height":720},"dice4/dice4_17":{"width":1280,"height":720},"dice4/dice4_18":{"width":1280,"height":720},"dice4/dice4_19":{"width":1280,"height":720},"dice4/dice4_20":{"width":1280,"height":720},"dice4/dice4_21":{"width":1280,"height":720},"dice4/dice4_22":{"width":1280,"height":720}},"dice5/dice5_00":{"dice5/dice5_00":{"width":1280,"height":720},"dice5/dice5_01":{"width":1280,"height":720},"dice5/dice5_02":{"width":1280,"height":720},"dice5/dice5_03":{"width":1280,"height":720},"dice5/dice5_04":{"width":1280,"height":720},"dice5/dice5_05":{"width":1280,"height":720},"dice5/dice5_06":{"width":1280,"height":720},"dice5/dice5_07":{"width":1280,"height":720},"dice5/dice5_08":{"width":1280,"height":720},"dice5/dice5_09":{"width":1280,"height":720},"dice5/dice5_10":{"width":1280,"height":720},"dice5/dice5_11":{"width":1280,"height":720},"dice5/dice5_12":{"width":1280,"height":720},"dice5/dice5_13":{"width":1280,"height":720},"dice5/dice5_14":{"width":1280,"height":720},"dice5/dice5_15":{"width":1280,"height":720},"dice5/dice5_16":{"width":1280,"height":720},"dice5/dice5_17":{"width":1280,"height":720},"dice5/dice5_18":{"width":1280,"height":720},"dice5/dice5_19":{"width":1280,"height":720},"dice5/dice5_20":{"width":1280,"height":720},"dice5/dice5_21":{"width":1280,"height":720},"dice5/dice5_22":{"width":1280,"height":720},"dice5/dice5_23":{"width":1280,"height":720},"dice5/dice5_24":{"width":1280,"height":720},"dice5/dice5_25":{"width":1280,"height":720}},"dice6/dice6_00":{"dice6/dice6_00":{"width":1280,"height":720},"dice6/dice6_01":{"width":1280,"height":720},"dice6/dice6_02":{"width":1280,"height":720},"dice6/dice6_03":{"width":1280,"height":720},"dice6/dice6_04":{"width":1280,"height":720},"dice6/dice6_05":{"width":1280,"height":720},"dice6/dice6_06":{"width":1280,"height":720},"dice6/dice6_07":{"width":1280,"height":720},"dice6/dice6_08":{"width":1280,"height":720},"dice6/dice6_09":{"width":1280,"height":720},"dice6/dice6_10":{"width":1280,"height":720},"dice6/dice6_11":{"width":1280,"height":720},"dice6/dice6_12":{"width":1280,"height":720},"dice6/dice6_13":{"width":1280,"height":720},"dice6/dice6_14":{"width":1280,"height":720},"dice6/dice6_15":{"width":1280,"height":720},"dice6/dice6_16":{"width":1280,"height":720},"dice6/dice6_17":{"width":1280,"height":720},"dice6/dice6_18":{"width":1280,"height":720},"dice6/dice6_19":{"width":1280,"height":720},"dice6/dice6_20":{"width":1280,"height":720},"dice6/dice6_21":{"width":1280,"height":720},"dice6/dice6_22":{"width":1280,"height":720},"dice6/dice6_23":{"width":1280,"height":720},"dice6/dice6_24":{"width":1280,"height":720}}}}],"animations":{"dice1":{"slots":{"dice1/dice1_00":{"attachment":[{"name":"dice1/dice1_00"},{"time":0.0333,"name":"dice1/dice1_01"},{"time":0.0667,"name":"dice1/dice1_02"},{"time":0.1,"name":"dice1/dice1_03"},{"time":0.1333,"name":"dice1/dice1_04"},{"time":0.1667,"name":"dice1/dice1_05"},{"time":0.2,"name":"dice1/dice1_06"},{"time":0.2333,"name":"dice1/dice1_07"},{"time":0.2667,"name":"dice1/dice1_08"},{"time":0.3,"name":"dice1/dice1_09"},{"time":0.3333,"name":"dice1/dice1_10"},{"time":0.3667,"name":"dice1/dice1_11"},{"time":0.4,"name":"dice1/dice1_12"},{"time":0.4333,"name":"dice1/dice1_13"},{"time":0.4667,"name":"dice1/dice1_14"},{"time":0.5,"name":"dice1/dice1_15"},{"time":0.5333,"name":"dice1/dice1_16"},{"time":0.5667,"name":"dice1/dice1_17"},{"time":0.6,"name":"dice1/dice1_18"},{"time":0.6333,"name":"dice1/dice1_19"},{"time":0.6667,"name":"dice1/dice1_20"},{"time":1,"name":"dice1/dice1_20"}]}},"bones":{"dice1":{"translate":[{"x":67.53,"y":158.27}]}}},"dice2":{"slots":{"dice2/dice2_00":{"attachment":[{"name":"dice2/dice2_00"},{"time":0.0333,"name":"dice2/dice2_01"},{"time":0.0667,"name":"dice2/dice2_02"},{"time":0.1,"name":"dice2/dice2_03"},{"time":0.1333,"name":"dice2/dice2_04"},{"time":0.1667,"name":"dice2/dice2_05"},{"time":0.2,"name":"dice2/dice2_06"},{"time":0.2333,"name":"dice2/dice2_07"},{"time":0.2667,"name":"dice2/dice2_08"},{"time":0.3,"name":"dice2/dice2_09"},{"time":0.3333,"name":"dice2/dice2_10"},{"time":0.3667,"name":"dice2/dice2_11"},{"time":0.4,"name":"dice2/dice2_12"},{"time":0.4333,"name":"dice2/dice2_13"},{"time":0.4667,"name":"dice2/dice2_14"},{"time":0.5,"name":"dice2/dice2_15"},{"time":0.5333,"name":"dice2/dice2_16"},{"time":0.5667,"name":"dice2/dice2_17"},{"time":0.6,"name":"dice2/dice2_18"},{"time":0.6333,"name":"dice2/dice2_19"},{"time":0.6667,"name":"dice2/dice2_20"},{"time":0.7,"name":"dice2/dice2_21"},{"time":0.7333,"name":"dice2/dice2_22"},{"time":1,"name":"dice2/dice2_22"}]}},"bones":{"dice2":{"translate":[{"x":-38.92,"y":155.68}]}}},"dice3":{"slots":{"dice3/dice3_00":{"attachment":[{"name":"dice3/dice3_00"},{"time":0.0333,"name":"dice3/dice3_01"},{"time":0.0667,"name":"dice3/dice3_02"},{"time":0.1,"name":"dice3/dice3_03"},{"time":0.1333,"name":"dice3/dice3_04"},{"time":0.1667,"name":"dice3/dice3_05"},{"time":0.2,"name":"dice3/dice3_06"},{"time":0.2333,"name":"dice3/dice3_07"},{"time":0.2667,"name":"dice3/dice3_08"},{"time":0.3,"name":"dice3/dice3_09"},{"time":0.3333,"name":"dice3/dice3_10"},{"time":0.3667,"name":"dice3/dice3_11"},{"time":0.4,"name":"dice3/dice3_12"},{"time":0.4333,"name":"dice3/dice3_13"},{"time":0.4667,"name":"dice3/dice3_14"},{"time":0.5,"name":"dice3/dice3_15"},{"time":0.5333,"name":"dice3/dice3_16"},{"time":0.5667,"name":"dice3/dice3_17"},{"time":0.6,"name":"dice3/dice3_18"},{"time":0.6333,"name":"dice3/dice3_19"},{"time":0.6667,"name":"dice3/dice3_20"},{"time":0.7,"name":"dice3/dice3_21"},{"time":0.7333,"name":"dice3/dice3_22"},{"time":0.7667,"name":"dice3/dice3_23"},{"time":0.8,"name":"dice3/dice3_24"},{"time":0.8333,"name":"dice3/dice3_25"},{"time":0.8667,"name":"dice3/dice3_26"},{"time":0.9,"name":"dice3/dice3_27"},{"time":1,"name":"dice3/dice3_27"}]}},"bones":{"dice3":{"translate":[{"x":16.54,"y":63.24}]}}},"dice4":{"slots":{"dice4/dice4_00":{"attachment":[{"name":"dice4/dice4_00"},{"time":0.0333,"name":"dice4/dice4_01"},{"time":0.0667,"name":"dice4/dice4_02"},{"time":0.1,"name":"dice4/dice4_03"},{"time":0.1333,"name":"dice4/dice4_04"},{"time":0.1667,"name":"dice4/dice4_05"},{"time":0.2,"name":"dice4/dice4_06"},{"time":0.2333,"name":"dice4/dice4_07"},{"time":0.2667,"name":"dice4/dice4_08"},{"time":0.3,"name":"dice4/dice4_09"},{"time":0.3333,"name":"dice4/dice4_10"},{"time":0.3667,"name":"dice4/dice4_11"},{"time":0.4,"name":"dice4/dice4_12"},{"time":0.4333,"name":"dice4/dice4_13"},{"time":0.4667,"name":"dice4/dice4_14"},{"time":0.5,"name":"dice4/dice4_15"},{"time":0.5333,"name":"dice4/dice4_16"},{"time":0.5667,"name":"dice4/dice4_17"},{"time":0.6,"name":"dice4/dice4_18"},{"time":0.6333,"name":"dice4/dice4_19"},{"time":0.6667,"name":"dice4/dice4_20"},{"time":0.7,"name":"dice4/dice4_21"},{"time":0.7333,"name":"dice4/dice4_22"},{"time":1,"name":"dice4/dice4_22"}]}},"bones":{"dice4":{"translate":[{"x":-99.25,"y":293.07}]}}},"dice5":{"slots":{"dice5/dice5_00":{"attachment":[{"name":"dice5/dice5_00"},{"time":0.0333,"name":"dice5/dice5_01"},{"time":0.0667,"name":"dice5/dice5_02"},{"time":0.1,"name":"dice5/dice5_03"},{"time":0.1333,"name":"dice5/dice5_04"},{"time":0.1667,"name":"dice5/dice5_05"},{"time":0.2,"name":"dice5/dice5_06"},{"time":0.2333,"name":"dice5/dice5_07"},{"time":0.2667,"name":"dice5/dice5_08"},{"time":0.3,"name":"dice5/dice5_09"},{"time":0.3333,"name":"dice5/dice5_10"},{"time":0.3667,"name":"dice5/dice5_11"},{"time":0.4,"name":"dice5/dice5_12"},{"time":0.4333,"name":"dice5/dice5_13"},{"time":0.4667,"name":"dice5/dice5_14"},{"time":0.5,"name":"dice5/dice5_15"},{"time":0.5333,"name":"dice5/dice5_16"},{"time":0.5667,"name":"dice5/dice5_17"},{"time":0.6,"name":"dice5/dice5_18"},{"time":0.6333,"name":"dice5/dice5_19"},{"time":0.6667,"name":"dice5/dice5_20"},{"time":0.7,"name":"dice5/dice5_21"},{"time":0.7333,"name":"dice5/dice5_22"},{"time":0.7667,"name":"dice5/dice5_23"},{"time":0.8,"name":"dice5/dice5_24"},{"time":0.8333,"name":"dice5/dice5_25"},{"time":1,"name":"dice5/dice5_25"}]}},"bones":{"dice5":{"translate":[{"x":-130.45,"y":196.87}]}}},"dice6":{"slots":{"dice6/dice6_00":{"attachment":[{"name":"dice6/dice6_00"},{"time":0.0333,"name":"dice6/dice6_01"},{"time":0.0667,"name":"dice6/dice6_02"},{"time":0.1,"name":"dice6/dice6_03"},{"time":0.1333,"name":"dice6/dice6_04"},{"time":0.1667,"name":"dice6/dice6_05"},{"time":0.2,"name":"dice6/dice6_06"},{"time":0.2333,"name":"dice6/dice6_07"},{"time":0.2667,"name":"dice6/dice6_08"},{"time":0.3,"name":"dice6/dice6_09"},{"time":0.3333,"name":"dice6/dice6_10"},{"time":0.3667,"name":"dice6/dice6_11"},{"time":0.4,"name":"dice6/dice6_12"},{"time":0.4333,"name":"dice6/dice6_13"},{"time":0.4667,"name":"dice6/dice6_14"},{"time":0.5,"name":"dice6/dice6_15"},{"time":0.5333,"name":"dice6/dice6_16"},{"time":0.5667,"name":"dice6/dice6_17"},{"time":0.6,"name":"dice6/dice6_18"},{"time":0.6333,"name":"dice6/dice6_19"},{"time":0.6667,"name":"dice6/dice6_20"},{"time":0.7,"name":"dice6/dice6_21"},{"time":0.7333,"name":"dice6/dice6_22"},{"time":0.7667,"name":"dice6/dice6_23"},{"time":0.8,"name":"dice6/dice6_24"},{"time":1,"name":"dice6/dice6_24"}]}},"bones":{"dice6":{"translate":[{"x":46.57,"y":251.03}]}}}}}