{"skeleton":{"hash":"LMI9uQPYGRqIP11R7KfY3QNTr+w","spine":"3.7.94","width":99.74,"height":100,"images":"","audio":""},"bones":[{"name":"root"},{"name":"bone","parent":"root"},{"name":"bone2","parent":"root","x":-11.98,"y":-6.36},{"name":"bone3","parent":"root","x":-8.55,"y":6.94},{"name":"bone4","parent":"root","x":-3.43,"y":-0.11}],"slots":[{"name":"guan2","bone":"root","attachment":"guan2"},{"name":"guan1","bone":"root","attachment":"guan1"},{"name":"guan3","bone":"bone","attachment":"guan3","blend":"additive"},{"name":"fk1","bone":"bone2","attachment":"fk1"},{"name":"fk2","bone":"bone3","attachment":"fk2","blend":"screen"},{"name":"fk3","bone":"bone4","attachment":"fk3"}],"skins":{"default":{"fk1":{"fk1":{"width":11,"height":11}},"fk2":{"fk2":{"x":-0.14,"y":0.05,"width":6,"height":6}},"fk3":{"fk3":{"x":0.29,"y":-0.86,"width":8,"height":8}},"guan1":{"guan1":{"width":58,"height":100}},"guan2":{"guan2":{"x":-31.49,"width":62,"height":28}},"guan3":{"guan3":{"x":-8.26,"width":91,"height":89}}}},"animations":{"lodingmove":{"slots":{"fk1":{"color":[{"time":0,"color":"ffffff00"},{"time":0.1333,"color":"ffffffff","curve":"stepped"},{"time":0.8667,"color":"ffffffff"},{"time":1.2,"color":"ffffff00"}]},"fk2":{"color":[{"time":0,"color":"ffffff00"},{"time":0.1667,"color":"ffffffff","curve":"stepped"},{"time":1.3333,"color":"ffffffff"},{"time":1.6667,"color":"ffffff00"}]},"fk3":{"color":[{"time":0,"color":"ffffff00","curve":"stepped"},{"time":0.4667,"color":"ffffff00"},{"time":0.7,"color":"ffffffff","curve":"stepped"},{"time":1.6667,"color":"ffffffff"},{"time":2,"color":"ffffff00"}]},"guan3":{"color":[{"time":0,"color":"ffffff83"},{"time":1,"color":"ffffffff"},{"time":2,"color":"ffffff7c"}]}},"bones":{"bone":{"scale":[{"time":0,"x":0.7,"y":0.7},{"time":1,"x":1,"y":1},{"time":2,"x":0.7,"y":0.7}]},"bone2":{"rotate":[{"time":0,"angle":0},{"time":1.2,"angle":120}],"translate":[{"time":0,"x":0,"y":0},{"time":0.5333,"x":-7.97,"y":-8.61},{"time":1.2,"x":-26.8,"y":-17.86}],"scale":[{"time":0,"x":0.6,"y":0.6},{"time":1.2,"x":1,"y":1}]},"bone3":{"rotate":[{"time":0,"angle":0},{"time":1.3333,"angle":-60}],"translate":[{"time":0,"x":0,"y":0},{"time":0.7,"x":-6.93,"y":6.43},{"time":1.6667,"x":-29.14,"y":8.82}],"scale":[{"time":0,"x":1,"y":1},{"time":1.6667,"x":1.3,"y":1.3}]},"bone4":{"rotate":[{"time":0.4667,"angle":0},{"time":2,"angle":130}],"translate":[{"time":0.4667,"x":0,"y":0},{"time":1.1333,"x":-10.86,"y":-0.61},{"time":2,"x":-31.81,"y":-5.81}]}}}}}