{"importBase":"import","nativeBase":"native","name":"resources","deps":[],"uuids":["00tQsYXUxIqoInFeln6Odp","03zHC5QKhASoGHdfbdmdi9","101vMYtk5Ltar9oVn4kRq9","242VDTgHhF2LS3iO75UeBe","28QzCCEIpNuowdyQohL74n","2dRNtDUy1MJZuzHPiPFOT1","37N4XrX/tHHZ7NWWTKKi57","390CF+ZVtD74d4MY+5o1YW","39792QS6lLkq4Dc0tBK7GT","3apwUpjr1PHar0dZQD6/Xx","45Gy+QMR9Bgr1vRf8txMuG","47vRnve/REiYHzD3uMXDb4","52c74tDr5Eg41JRPCiaCdJ","54tLBq00lKaZe2P0/Hx2Cd","58iIjohSJGMpjPabzcbsfZ","66nIefgV1PApDhkzowANca","66ztwpPtFLbbKoFu+x0OmT","661oBZxqlPz4dkzMoBIR4R","69Wz8VzU1IbKGpyC2IFpSE","69lQIKvkhMYJRyIRosAo5O","6cNF//YLxK2J5O0Re4yetn","6dPiF1PUBCuKZFxtqvmY0t","6d6oZnI29GyZa+/G4L0ZcX","6f0HgRbFxODIeoJFbnEEso","74ewyjQi5MW7L+ySNHeuQW","74koM+k35JRYFRjLmsekYx","741jqaoQhCfoy1n5HEHlO3","7cjfCpx1tHFqwe97+YcIH2","7efbQ4zRdLKo0S3Z6jsp1G","84ZEM2GVtFLLRUpZnLY7Kh","85VjcDA+xBbrGycYnwdpsZ","88e0ike7FMl7PlYEnQlJqk","8c2nOtBxlEAqKNXketyCFi","8dGiionPVJiLXWvylruUYQ","8dre+mIDRPcoAKBCPa7y9E","8dt/NG1SJBvrpyMnQY9hVF","8d0nRP2gVJ65Degck3uZSP","8d7sy6do1NgIGZm2srptXl","95qmT2YrNBPKBWHm3zX2+5","96efhpR2hPrr66cHGW59FK","a0A0oXsN1J/L6ssQZPTxt5","a42Duj7JVBRbTb26UNQB3v","ab9w1ILt5DK7y+0nz7kkQT","adoTzwUmhCLYpRLvuGC+CO","baSgpbPHdKMaWmr9xuvB9h","bd3cA8IgRCyJ6W9VgtbrQM","bep4HhKV5BtIoEHcmZYyIj","c3XSuzWoFIFq22oOd2uKSB","c8t8CsEQ1JRoj+T4mH2Guu","c9H1LOQ9BP6bngrZcyx5fe","caZfo57gBIVZi48s5RqqxA","cakax5RTNMnrx8nmlE7+fR","d7uzBvVDNOa5XN6epZAB5O","e6dsWNMghDU5R1M7TmK44/","eeqIr9t6ZNfoZK3Mgv5D85","f9tyiGGf1AbaMNOwO8+GKq","fbstpDSJZBSYwM1PPy8lmS","fbwtlGNONEUb0LoMNDtopP","fdfTN2QFRC25TCgc6cyIFU","ff4C3qKixAP69dqk60lREP","311i3L0vxCg5iG+W5ejR0x","39INc96oRLa6eRHUtfJQTD","6aTBGLDRpDHYLGbissezh1","7dj5uJT9FMn6OrOOx83tfK","8dDt/hMZVIKYDeEN9xbgyx","01c19d924","0998691ae","0eb898bcb","39INc96oRLa6eRHUtfJQTD@6c48a","39INc96oRLa6eRHUtfJQTD@f9941","6aTBGLDRpDHYLGbissezh1@6c48a","6aTBGLDRpDHYLGbissezh1@f9941","7dj5uJT9FMn6OrOOx83tfK@6c48a","7dj5uJT9FMn6OrOOx83tfK@f9941"],"paths":{"0":["sound/normal/Y008",1,1],"1":["sound/sixi/Y011",1,1],"2":["sound/anniu/Y203",1,1],"3":["sound/normal/Y002",1,1],"4":["sound/normal/Y030",1,1],"5":["sound/normal/Y022",1,1],"6":["sound/sixi/Y125",1,1],"7":["sound/khc/Y001-3",1,1],"8":["sound/anniu/Y207",1,1],"9":["sound/tlbb/Y123",1,1],"10":["sound/lucky/Y122",1,1],"11":["sound/tnsh/Y012",1,1],"12":["sound/shuiguo/Y105",1,1],"13":["sound/lukeyShan/Y004",1,1],"14":["sound/lukeyShan/Y003",1,1],"15":["sound/sy/Y115",1,1],"16":["sound/sy/Y114",1,1],"17":["sound/shuiguo/Y103",1,1],"18":["sound/anniu/Y205",1,1],"19":["sound/fail/Y017",1,1],"20":["sound/khc/Y124",1,1],"21":["sound/shuai/Y001",1,1],"22":["sound/tnsh/Y010",1,1],"23":["sound/fail/Y016",1,1],"24":["sound/manguan/Y120",1,1],"25":["sound/shuiguo/Y102",1,1],"26":["sound/3",1,1],"27":["sound/tnsh/Y015",1,1],"28":["sound/sy/3_Result",1,1],"29":["sound/lucky/Y005",1,1],"30":["sound/anniu/Y201",1,1],"31":["sound/anniu/Y208",1,1],"32":["sound/normal/Y024",1,1],"33":["sound/anniu/push_coin",1,1],"34":["sound/shuiguo/Y107",1,1],"35":["sound/shuiguo/Y101",1,1],"36":["sound/khc/Y001-4",1,1],"37":["sound/sixi/Y117",1,1],"38":["sound/anniu/Y206",1,1],"39":["sound/shuiguo/Y106",1,1],"40":["sound/anniu/Y210",1,1],"41":["sound/anniu/Y204",1,1],"42":["sound/khc/Y001-5",1,1],"43":["sound/normal/Y027",1,1],"44":["sound/normal/Y023",1,1],"45":["sound/tnsh/Y013",1,1],"46":["sound/normal/Y026",1,1],"47":["sound/daxiao/Y113",1,1],"48":["sound/normal/Y021",1,1],"49":["sound/normal/Y029",1,1],"50":["sound/normal/Y025",1,1],"51":["sound/shuiguo/Y108",1,1],"52":["sound/shuiguo/Y104",1,1],"53":["sound/anniu/Y202",1,1],"54":["sound/daxiao/Y111",1,1],"55":["sound/lukeyShan/Y009",1,1],"56":["sound/khc/Y019",1,1],"57":["sound/1",1,1],"58":["sound/2",1,1],"59":["sound/normal/Y028",1,1],"60":["prefab/tipPopup",0,1],"64":["prefab/toastPopup",0,1]},"scenes":{},"packs":{"01c19d924":[71,64],"0998691ae":[70,72,68],"0eb898bcb":[60,69,73]},"versions":{"import":[0,"e3338",65,"c9222",1,"0480c",66,"efc52",67,"ee393",2,"a1774",3,"60811",4,"279a7",5,"02554",6,"3b266",61,"a2533",7,"1b96f",8,"7458d",9,"5214b",10,"32f06",11,"6793f",12,"43452",13,"f9dee",14,"4c3f1",15,"8b409",16,"9d32c",17,"3c630",18,"47e31",19,"7b1dd",62,"a2533",20,"b4c24",21,"c9c13",22,"21bff",23,"c9191",24,"c8cc5",25,"76ac0",26,"52992",27,"809ac",63,"a2533",28,"95b2b",29,"43a15",30,"76665",31,"ee8ab",32,"de809",33,"343b1",34,"0f44a",35,"b01ad",36,"bef16",37,"26c92",38,"95217",39,"cb885",40,"98b3a",41,"472ae",42,"455ef",43,"d22b3",44,"08e41",45,"c52cd",46,"d92f1",47,"c5c61",48,"bc4e0",49,"e259d",50,"088c4",51,"4c47c",52,"e482b",53,"d46ab",54,"8feb1",55,"b131b",56,"7b031",57,"4e3f7",58,"38bbd",59,"95186"],"native":[0,"18dd9",1,"a006b",2,"fbff7",3,"d3056",4,"50244",5,"3f6a6",6,"24253",61,"a95e0",7,"bec81",8,"41f1c",9,"dd330",10,"a3a67",11,"1aee6",12,"e6307",13,"3caf1",14,"a62b5",15,"b27be",16,"168ea",17,"85f51",18,"45ffc",19,"7968a",62,"894db",20,"4945a",21,"26e68",22,"1e5d9",23,"82096",24,"ad2cc",25,"81ecd",26,"846ca",27,"59350",63,"cea68",28,"19a32",29,"d2a9b",30,"b3b13",31,"76173",32,"a78cc",33,"80780",34,"f8479",35,"e0125",36,"b9251",37,"1f755",38,"f3795",39,"8694f",40,"65a80",41,"a585f",42,"8f518",43,"d4d1c",44,"94865",45,"5c93c",46,"ae7f8",47,"b052c",48,"a0bce",49,"28e1a",50,"0d6e1",51,"13257",52,"0d75f",53,"9ff93",54,"d636c",55,"6c409",56,"1f7cf",57,"3a796",58,"f80d6",59,"8d597"]},"redirect":[],"debug":false,"extensionMap":{},"hasPreloadScript":true,"dependencyRelationships":{},"types":["cc.Prefab","cc.AudioClip"]}