{"skeleton":{"hash":"TXa08XYy3goQmX8qiOq7GGXnyAQ","spine":"3.8.99","x":-40.97,"y":-34.5,"width":85.4,"height":69,"images":"./images/","audio":"D:/work/工作/魔法表情/05_qinwen/images"},"bones":[{"name":"root","scaleX":0.2,"scaleY":0.2},{"name":"qinwen_bg","parent":"root"},{"name":"saihong","parent":"root","x":-1.97,"y":15.4},{"name":"xin","parent":"root","x":-104.69,"y":-7.88},{"name":"yanjing","parent":"root","x":0.65,"y":76.8},{"name":"zui","parent":"root","x":30,"y":-50.37},{"name":"xin2","parent":"root","x":-104.69,"y":-7.88},{"name":"xin3","parent":"root","x":-104.69,"y":-7.88}],"slots":[{"name":"qinwen","bone":"qinwen_bg","attachment":"qinwen"},{"name":"saihong","bone":"saihong","attachment":"saihong"},{"name":"yanjing","bone":"yanjing","attachment":"yanjing"},{"name":"zui","bone":"zui","attachment":"zui"},{"name":"xin3","bone":"xin","attachment":"xin3"},{"name":"xin4","bone":"xin2","attachment":"xin3"},{"name":"xin5","bone":"xin3","attachment":"xin3"}],"skins":[{"name":"default","attachments":{"qinwen":{"qinwen":{"x":0.17,"y":0.02,"width":374,"height":345}},"saihong":{"saihong":{"x":10.63,"y":-11.38,"width":427,"height":141}},"xin3":{"xin3":{"x":1.86,"y":-2.1,"width":116,"height":103}},"xin4":{"xin3":{"x":1.86,"y":-2.1,"width":116,"height":103}},"xin5":{"xin3":{"x":1.86,"y":-2.1,"width":116,"height":103}},"yanjing":{"yanjing":{"x":-0.48,"y":0.72,"width":282,"height":72}},"zui":{"zui":{"x":-27.84,"y":-4.12,"width":94,"height":144}}}}],"animations":{"kiss":{"slots":{"saihong":{"color":[{"time":0.0667,"color":"ffffff00"},{"time":0.4667,"color":"ffffffff"}],"attachment":[{"name":null},{"time":0.0667,"name":"saihong"}]},"xin3":{"color":[{"color":"ffffff00"},{"time":0.1,"color":"ffffffff","curve":"stepped"},{"time":0.4333,"color":"ffffffff"},{"time":0.5333,"color":"ffffff00"}]},"xin4":{"color":[{"time":0.3333,"color":"ffffff00"},{"time":0.4333,"color":"ffffffff","curve":"stepped"},{"time":0.7667,"color":"ffffffff"},{"time":0.8667,"color":"ffffff00"}],"attachment":[{"name":null},{"time":0.3333,"name":"xin3"}]},"xin5":{"color":[{"time":0.6667,"color":"ffffff00"},{"time":0.7667,"color":"ffffffff","curve":"stepped"},{"time":1.1,"color":"ffffffff"},{"time":1.2,"color":"ffffff00"}],"attachment":[{"name":null},{"time":0.6667,"name":"xin3"}]}},"bones":{"qinwen_bg":{"translate":[{},{"time":0.2,"y":4},{"time":0.4},{"time":0.6,"y":4},{"time":0.8}],"scale":[{},{"time":0.2,"x":1.02},{"time":0.4},{"time":0.6,"x":1.02},{"time":0.8}]},"zui":{"translate":[{"x":-6.78},{"time":0.2,"x":-9.22},{"time":0.4,"x":-6.78},{"time":0.6,"x":-9.22},{"time":0.8,"x":-6.78}],"scale":[{"x":0.6,"y":0.6},{"time":0.2,"x":0.8,"y":0.8},{"time":0.4,"x":0.6,"y":0.6},{"time":0.6,"x":0.8,"y":0.8},{"time":0.8,"x":0.6,"y":0.6}]},"xin":{"translate":[{"x":40.53,"y":-8.53},{"time":0.5333,"x":-106.65,"y":63.99}],"scale":[{"x":0.4,"y":0.4},{"time":0.5333}]},"xin2":{"translate":[{"time":0.3333,"x":40.53,"y":-8.53},{"time":0.8667,"x":-110.92,"y":61.86}],"scale":[{"time":0.3333,"x":0.4,"y":0.4},{"time":0.8667}]},"xin3":{"translate":[{"time":0.6667,"x":40.53,"y":-8.53},{"time":1.2,"x":-110.92,"y":59.72}],"scale":[{"time":0.6667,"x":0.4,"y":0.4},{"time":1.2}]}}}}}