{"skeleton":{"hash":"mYahC9jySGmptGzcZU2miUC7SjM","spine":"3.8.99","x":-43.64,"y":-34.51,"width":85.4,"height":73.6,"images":"./images/","audio":"D:/work/工作/魔法表情/04_daxiao/images"},"bones":[{"name":"root","scaleX":0.2,"scaleY":0.2},{"name":"bone","parent":"root"},{"name":"daxiao_bg","parent":"root"}],"slots":[{"name":"daxiao","bone":"daxiao_bg","attachment":"daxiao"},{"name":"biaoqing","bone":"bone","attachment":"biaoqing"}],"skins":[{"name":"default","attachments":{"biaoqing":{"biaoqing":{"x":-4.71,"y":27.47,"width":427,"height":336}},"daxiao":{"daxiao":{"x":-0.21,"y":-0.03,"width":374,"height":345}}}}],"animations":{"daxiao":{"bones":{"daxiao_bg":{"translate":[{},{"time":0.2,"y":3},{"time":0.4},{"time":0.6,"y":3},{"time":0.8},{"time":1,"y":3},{"time":1.2}],"scale":[{},{"time":0.2,"x":1.01},{"time":0.4},{"time":0.6,"x":1.01},{"time":0.8},{"time":1,"x":1.01},{"time":1.2}]},"bone":{"translate":[{},{"time":0.2,"y":10.56},{"time":0.4},{"time":0.6333,"y":10.56},{"time":0.8333},{"time":1.0333,"y":10.56},{"time":1.2333}]}}}}}