{"skeleton":{"hash":"d3MbQAcKrA18wxBQ9vk2kF5Xdqs","spine":"3.8.99","x":-41.8,"y":-43.7,"width":83.6,"height":84.4,"images":"./images/","audio":"D:/work/工作/魔法表情/psd/images"},"bones":[{"name":"root"},{"name":"se","parent":"root","scaleX":0.2,"scaleY":0.2},{"name":"se2","parent":"se","length":57.99,"rotation":61.93,"x":95.43,"y":75.54},{"name":"se3","parent":"se","length":72.93,"rotation":120.96,"x":-85.35,"y":67.59},{"name":"se4","parent":"se","length":71.64,"rotation":179.09,"x":32.9,"y":22.11},{"name":"se5","parent":"se","length":52.35,"rotation":-87.51,"x":-34.18,"y":19.83},{"name":"koushui","parent":"se","length":75.04,"x":-30.77,"y":-110.92},{"name":"bone2","parent":"koushui","length":60.3,"rotation":-92.16,"x":69.36,"y":-1.14},{"name":"bone3","parent":"bone2","length":40.38,"rotation":11.89,"x":61.48,"y":-1.09},{"name":"bg","parent":"se","x":-1.21,"y":-0.63},{"name":"zui","parent":"se","length":114.86,"rotation":1.13,"x":-53.51,"y":-63.17}],"slots":[{"name":"emoji_bg","bone":"bg","attachment":"emoji_bg"},{"name":"se_zui","bone":"zui","attachment":"se_zui"},{"name":"se_bikong","bone":"se4","attachment":"se_bikong"},{"name":"se_bixie","bone":"se5","attachment":"se_bixie"},{"name":"se_xin1","bone":"se3","attachment":"se_xin1"},{"name":"se_xin2","bone":"se2","attachment":"se_xin2"},{"name":"se_koushui","bone":"bone3","attachment":"se_koushui"}],"skins":[{"name":"default","attachments":{"emoji_bg":{"emoji_bg":{"x":1.21,"y":0.63,"width":374,"height":345}},"se_bikong":{"se_bikong":{"x":33.99,"y":-5.36,"rotation":-179.09,"width":100,"height":35}},"se_bixie":{"se_bixie":{"x":36.83,"y":-0.92,"rotation":87.51,"width":25,"height":85}},"se_koushui":{"se_koushui":{"type":"mesh","uvs":[0,0.08499,0,0.18099,0.05434,0.27399,0.18561,0.31599,0.33929,0.33999,0.49297,0.34599,0.58902,0.33999,0.59542,0.49899,0.5506,0.61599,0.50577,0.84099,0.60503,0.99399,0.75871,1,0.89958,1,0.98602,0.81399,0.9316,0.56499,0.88357,0.46299,0.87076,0.28599,0.95401,0.21999,0.99563,0.18099,1,0.06099,1,0,0.79713,0,0.63384,0.03099,0.50897,0.03099,0.39371,0.03099,0.25604,0.01899,0.176,0,0.02552,0],"triangles":[21,20,19,0,27,26,0,26,25,0,25,24,0,24,23,19,0,23,22,21,19,19,23,22,18,1,0,19,18,0,4,1,5,1,3,2,3,1,4,1,18,6,18,17,6,16,6,17,6,5,1,6,16,15,7,6,15,13,8,14,14,7,15,14,8,7,13,9,8,11,10,9,13,11,9,12,11,13],"vertices":[-85.04,-74.88,-73.02,-76.94,-60.29,-72.56,-52.39,-58.07,-46.3,-40.56,-42.46,-22.66,-41.28,-11.27,-21.25,-13.93,-7.5,-21.7,19.76,-31.78,40.91,-23.42,44.75,-5.53,47.58,11,26.04,25.13,-6.23,24.09,-19.96,20.64,-42.37,22.94,-48.96,34.12,-53,39.84,-67.94,42.92,-75.57,44.23,-79.65,20.44,-79.06,0.62,-81.57,-14.03,-83.88,-27.54,-88.15,-43.43,-92.14,-52.41,-95.17,-70.06],"hull":28,"edges":[0,2,2,4,4,6,6,8,8,10,10,12,14,16,20,22,22,24,28,30,32,34,34,36,36,38,38,40,40,42,42,44,44,46,46,48,48,50,50,52,52,54,0,54,0,38,2,36,18,20,24,26,16,18,26,28,12,14,30,32],"width":119,"height":127}},"se_xin1":{"se_xin1":{"x":46.05,"y":4.03,"rotation":-120.96,"width":193,"height":197}},"se_xin2":{"se_xin2":{"x":34.02,"y":-1.2,"rotation":-61.93,"width":193,"height":197}},"se_zui":{"se_zui":{"x":54.05,"y":1.1,"rotation":-1.13,"width":253,"height":135}}}}],"animations":{"se":{"bones":{"bg":{"translate":[{},{"time":0.2,"y":4.4},{"time":0.4},{"time":0.6,"y":4.4},{"time":0.8}],"scale":[{},{"time":0.2,"x":1.02},{"time":0.4},{"time":0.6,"x":1.02},{"time":0.8}]},"se3":{"scale":[{},{"time":0.4,"x":1.3,"y":1.3},{"time":0.8}]},"se2":{"scale":[{},{"time":0.4,"x":1.3,"y":1.3},{"time":0.8}]},"se5":{"scale":[{"x":0.543},{"time":0.5667,"x":0.902}]}},"deform":{"default":{"se_koushui":{"se_koushui":[{"time":0.0667,"offset":12,"vertices":[-0.67418,0.16233,-18.80936,6.72914,-27.51933,13.32364,-48.34908,20.93669,-63.86505,18.09735,-64.99968,10.31822,-68.20322,2.06923,-51.80185,-7.06659,-29.60956,-5.92176,-20.85056,-2.00658,-3.29659,0.01535]},{"time":0.7333}]}}}}}}