{"skeleton":{"hash":"XvYLkwBMuw2hJlOwQ80omUH453o","spine":"3.8.99","x":-40.56,"y":-34.5,"width":82,"height":69,"images":"./images/","audio":"D:/work/工作/魔法表情/11_mojing/images"},"bones":[{"name":"root","scaleX":0.2,"scaleY":0.2},{"name":"daimojing_bg","parent":"root"},{"name":"meimao","parent":"root","x":0.16,"y":121.02},{"name":"biaoqin7_07","parent":"root","x":-191.76,"y":28.01,"scaleX":3,"scaleY":3.1},{"name":"mojing","parent":"root","x":-0.68,"y":40.93},{"name":"star","parent":"root","x":-16.13,"y":-64.72},{"name":"zui","parent":"root","x":6.91,"y":-96.19}],"slots":[{"name":"daimojing_bg","bone":"daimojing_bg","attachment":"daimojing_bg"},{"name":"saihong","bone":"root","attachment":"saihong"},{"name":"mojing","bone":"mojing","attachment":"mojing"},{"name":"meimao","bone":"meimao","attachment":"meimao"},{"name":"zui","bone":"zui","attachment":"zui"},{"name":"star","bone":"star","attachment":"star"},{"name":"yanjing_zhezhao","bone":"root","attachment":"biaoqin7_zhezhao"},{"name":"biaoqin7_07","bone":"biaoqin7_07","attachment":"biaoqin7_07"}],"skins":[{"name":"default","attachments":{"biaoqin7_07":{"biaoqin7_07":{"x":-11.71,"y":0.5,"width":32,"height":33}},"daimojing_bg":{"daimojing_bg":{"width":374,"height":345}},"meimao":{"meimao":{"x":-1.46,"y":6.34,"width":303,"height":59}},"mojing":{"mojing":{"x":0.45,"y":-11.58,"width":342,"height":101}},"saihong":{"saihong":{"x":2.21,"y":-22.64,"width":410,"height":153}},"star":{"star":{"x":0.84,"y":1.08,"width":65,"height":71}},"yanjing_zhezhao":{"biaoqin7_zhezhao":{"type":"clipping","end":"biaoqin7_07","vertexCount":37,"vertices":[-171.5,75.96,-170.34,70.19,-158.99,42.58,-147.04,23.32,-135.9,9.75,-115.14,-6.49,-99.48,-13.91,-75.58,-20.53,-57.02,-20.87,-38.12,-11.13,-26.28,1.63,-18.63,15.32,-14.8,25.29,-13.18,28.66,-7.61,33.65,-3.08,35.62,4.11,35.04,13.27,28.19,19.85,9.63,29.71,-5.45,42.01,-15.31,56.04,-21.22,74.84,-21.11,96.41,-15.42,118.57,-3.47,134.69,10.1,148.5,26.8,159.52,45.48,165.55,59.86,170.3,72.51,170.54,76.8,128.66,77.49,92.12,79,75.76,79.58,-79.44,79.47,-116.1,78.31,-161.76,76.45],"color":"ce3a3aff"}},"zui":{"zui":{"x":9.8,"y":9.55,"width":125,"height":93}}}}],"animations":{"mojing":{"slots":{"biaoqin7_07":{"attachment":[{"time":0.2667,"name":null},{"time":0.3667,"name":"biaoqin7_07"}]},"star":{"color":[{"time":0.5,"color":"ffffff00"},{"time":0.5667,"color":"ffffffff","curve":"stepped"},{"time":1.0667,"color":"ffffffff"},{"time":1.2,"color":"ffffff00"}],"attachment":[{"name":null},{"time":0.5,"name":"star"}]}},"bones":{"biaoqin7_07":{"translate":[{"x":12.73},{"time":0.2333,"x":402.84},{"time":0.3667,"x":12.73},{"time":0.6,"x":402.84}]},"star":{"rotate":[{"time":0.5},{"time":0.8333,"angle":-150},{"time":1.2,"angle":60}],"scale":[{"time":0.5,"x":0,"y":0},{"time":0.7,"curve":"stepped"},{"time":1.0333},{"time":1.2,"x":0,"y":0}]},"meimao":{"translate":[{"time":0.5667},{"time":0.6667,"y":7.17},{"time":0.7667},{"time":0.8667,"y":7.17},{"time":0.9667}]},"daimojing_bg":{"translate":[{},{"time":0.6,"y":4},{"time":1.2}],"scale":[{},{"time":0.6,"x":1.02},{"time":1.2}]}}}}}