{"skeleton":{"hash":"tlDyjWBBlePvVISxnSfQdsC+2RM","spine":"3.8.99","x":-37.4,"y":-45.5,"width":80.4,"height":80,"images":"./images/","audio":"D:/work/工作/魔法表情/09_han/images"},"bones":[{"name":"root","scaleX":0.2,"scaleY":0.2},{"name":"han_bg","parent":"root"},{"name":"handi","parent":"root","x":175.02,"y":-58.87},{"name":"meimao","parent":"root","x":2.57,"y":101.07},{"name":"shou","parent":"root","x":123.34,"y":-146.45},{"name":"yanbai","parent":"root","x":-77.11,"y":36.87},{"name":"yanzhu","parent":"yanbai","x":-35.9,"y":2.72},{"name":"zui","parent":"root","x":-2.33,"y":-88.79},{"name":"yanbai2","parent":"root","x":79.72,"y":36.87},{"name":"yanzhu2","parent":"yanbai2","x":-35.9,"y":2.72}],"slots":[{"name":"han","bone":"han_bg","attachment":"han"},{"name":"zui","bone":"zui","attachment":"zui"},{"name":"yanbai","bone":"yanbai","attachment":"yanbai"},{"name":"yanbai2","bone":"yanbai2","attachment":"yanbai"},{"name":"yanzhu","bone":"yanzhu","attachment":"yanzhu"},{"name":"yanzhu2","bone":"yanzhu2","attachment":"yanzhu"},{"name":"meimao","bone":"meimao","attachment":"meimao"},{"name":"handi","bone":"handi","attachment":"handi"},{"name":"shou","bone":"shou","attachment":"shou"}],"skins":[{"name":"default","attachments":{"han":{"han":{"y":0.01,"width":374,"height":345}},"handi":{"handi":{"x":-2.54,"y":24.38,"width":85,"height":146}},"meimao":{"meimao":{"x":-2.36,"y":5.94,"width":235,"height":39}},"shou":{"shou":{"x":-22.86,"y":19.46,"width":223,"height":201}},"yanbai":{"yanbai":{"x":-1.74,"y":-5.36,"width":136,"height":76}},"yanbai2":{"yanbai":{"x":-1.74,"y":-5.36,"width":136,"height":76}},"yanzhu":{"yanzhu":{"x":4.09,"y":0.92,"width":54,"height":50}},"yanzhu2":{"yanzhu":{"x":4.09,"y":0.92,"width":54,"height":50}},"zui":{"zui":{"x":2.33,"y":1.41,"width":80,"height":20}}}}],"animations":{"han":{"slots":{"handi":{"color":[{"time":0.7333,"color":"ffffffff"},{"time":0.9,"color":"ffffff00"}]},"shou":{"color":[{"time":0.4,"color":"ffffff00"},{"time":0.4667,"color":"ffffffff","curve":"stepped"},{"time":0.7667,"color":"ffffffff"},{"time":0.9333,"color":"ffffff00"}],"attachment":[{"name":null},{"time":0.4,"name":"shou"}]}},"bones":{"han_bg":{"translate":[{},{"time":0.6,"y":3},{"time":1.2}],"scale":[{},{"time":0.6,"x":1.01},{"time":1.2}]},"handi":{"translate":[{"y":181.02},{"time":0.5667,"y":61.17},{"time":0.9333,"x":119.93,"y":-5.46}],"scale":[{"x":0,"y":0},{"time":0.1333}]},"shou":{"rotate":[{"time":0.4},{"time":0.5333,"angle":-17.46}],"translate":[{"time":0.4},{"time":0.5333,"x":45.1,"y":67.65},{"time":0.9333,"x":210.53,"y":37.6}]},"meimao":{"translate":[{},{"time":0.3,"y":3.08},{"time":0.6},{"time":0.9,"y":3.08},{"time":1.2}]},"yanzhu":{"translate":[{"x":15.8},{"time":0.8,"x":-6.15}]},"yanzhu2":{"translate":[{"x":15.8},{"time":0.8,"x":-6.15}]}}}}}