{"skeleton":{"hash":"HKPo7awALxA9uAYj8i0rSvPqlqg","spine":"3.8.99","x":-37.56,"y":-34.22,"width":79,"height":78.4,"images":"./images/","audio":"D:/work/工作/魔法表情/10_wenhao/images"},"bones":[{"name":"root","scaleX":0.2,"scaleY":0.2},{"name":"wenhao_bg","parent":"root"},{"name":"meimao","parent":"root","x":-0.02,"y":132.96},{"name":"wenhao","parent":"root","x":188.32,"y":45.08},{"name":"yanjing","parent":"root","x":-2.47,"y":46.68},{"name":"zui","parent":"root","x":-0.02,"y":-94.14},{"name":"zui2","parent":"zui","x":1.22,"y":-2.03},{"name":"zui3","parent":"zui","x":1.22,"y":-2.03}],"slots":[{"name":"wenhao_bg","bone":"wenhao_bg","attachment":"wenhao_bg"},{"name":"zhangzui2","bone":"zui3","attachment":"zhangzui2"},{"name":"zhangzui1","bone":"zui2","attachment":"zhangzui1"},{"name":"yanjing","bone":"yanjing","attachment":"yanjingbi"},{"name":"meimao","bone":"meimao","attachment":"meimao"},{"name":"wenhao","bone":"wenhao","attachment":"wenhao"}],"skins":[{"name":"default","attachments":{"meimao":{"meimao":{"x":-2.29,"y":2.43,"width":241,"height":39}},"wenhao":{"wenhao":{"x":-43.14,"y":84.32,"width":124,"height":183}},"wenhao_bg":{"wenhao_bg":{"x":-0.82,"y":1.39,"width":374,"height":345}},"yanjing":{"yanjing":{"x":1.65,"y":-0.79,"width":292,"height":124},"yanjingbi":{"x":1.65,"y":-1.79,"width":288,"height":22}},"zhangzui1":{"zhangzui1":{"x":0.49,"y":0.57,"width":51,"height":51}},"zhangzui2":{"zhangzui2":{"x":0.49,"y":0.57,"width":51,"height":51}}}}],"animations":{"wenhao":{"slots":{"wenhao":{"color":[{"time":0.1667,"color":"ffffff00"},{"time":0.3,"color":"ffffffff"}],"attachment":[{"name":null},{"time":0.1667,"name":"wenhao"}]},"yanjing":{"attachment":[{"time":0.1,"name":"yanjing"}]},"zhangzui2":{"attachment":[{"name":null}]}},"bones":{"wenhao_bg":{"translate":[{},{"time":0.2,"y":4},{"time":0.4},{"time":0.6,"y":4},{"time":0.8}],"scale":[{},{"time":0.2,"x":1.02},{"time":0.4},{"time":0.6,"x":1.02},{"time":0.8}]},"wenhao":{"rotate":[{"time":0.1667,"angle":44.65},{"time":0.3667,"angle":-24.33},{"time":0.4333,"angle":11.45},{"time":0.5,"angle":-9.07},{"time":0.5667,"angle":5.25},{"time":0.6333,"angle":-5.22}]},"meimao":{"translate":[{},{"time":0.6,"y":4.53},{"time":1.2}]},"zui2":{"translate":[{"y":10.3}],"scale":[{"x":0.9,"y":0.9},{"time":0.2667,"x":1.4,"y":1.4}]}}}}}