{"skeleton":{"hash":"/InwTMBDgYDBOiqM7tQcR9LEHvc","spine":"3.8.99","x":-37.4,"y":-34.5,"width":76.18,"height":69,"images":"./images/","audio":"D:/work/工作/魔法表情/13_tuxue/images"},"bones":[{"name":"root","scaleX":0.2,"scaleY":0.2},{"name":"tuxue_bg","parent":"root"},{"name":"biaoqing","parent":"root"},{"name":"meimao","parent":"biaoqing","x":0.1,"y":137.82},{"name":"tuxue1","parent":"biaoqing","x":-1.28,"y":-81.15},{"name":"yanjing","parent":"biaoqing","x":0.1,"y":44.24},{"name":"zui","parent":"biaoqing","x":-8.2,"y":-78.85},{"name":"xuedian","parent":"biaoqing","x":159.15,"y":-129.56},{"name":"xuedian2","parent":"biaoqing","x":159.15,"y":-44.73,"scaleX":0.5,"scaleY":0.5},{"name":"xuedian3","parent":"biaoqing","x":147.62,"y":-83.46,"scaleX":0.4,"scaleY":0.4},{"name":"xuedian4","parent":"biaoqing","x":115.35,"y":-37.36,"scaleX":0.8,"scaleY":0.8},{"name":"xuedian5","parent":"biaoqing","x":108.44,"y":-109.27,"scaleX":0.7,"scaleY":0.7}],"slots":[{"name":"tuxue_bg","bone":"tuxue_bg","attachment":"tuxue_bg"},{"name":"yanjing","bone":"yanjing","attachment":"yanjing"},{"name":"tuxue1","bone":"tuxue1","attachment":"tuxue1"},{"name":"meimao","bone":"meimao","attachment":"meimao"},{"name":"zui","bone":"zui","attachment":"zui"},{"name":"xuedian","bone":"xuedian","attachment":"xuedian"},{"name":"xuedian2","bone":"xuedian2","attachment":"xuedian"},{"name":"xuedian3","bone":"xuedian3","attachment":"xuedian"},{"name":"xuedian4","bone":"xuedian4","attachment":"xuedian"},{"name":"xuedian5","bone":"xuedian5","attachment":"xuedian"}],"skins":[{"name":"default","attachments":{"meimao":{"meimao":{"x":1.31,"y":-2.84,"width":241,"height":39}},"tuxue1":{"tuxue1":{"type":"mesh","uvs":[0.00777,0.20219,2.0E-5,0.40299,0,0.68725,0.32542,0.84111,0.79027,1,0.87162,1,0.63726,0.68464,1,0.48905,0.99945,0.40038,0.67987,0.2387,0.84257,0.00399,0.69536,0.00138,0.30217,0.12135],"triangles":[9,12,11,9,11,10,6,12,9,7,6,9,7,9,8,3,12,6,1,0,12,3,1,12,2,1,3,5,4,6,3,6,4],"vertices":[-9.21,37.7,-10.8,6.98,-10.8,-36.51,56.23,-60.05,151.99,-84.36,168.75,-84.36,120.47,-36.11,195.2,-6.19,195.08,7.38,129.25,32.12,162.76,68.03,132.44,68.43,51.44,50.07],"hull":13,"edges":[0,2,2,4,4,6,6,8,8,10,10,12,12,14,14,16,16,18,18,20,20,22,22,24,0,24],"width":206,"height":153}},"tuxue_bg":{"tuxue_bg":{"width":374,"height":345}},"xuedian":{"xuedian":{"x":0.27,"y":0.54,"width":27,"height":27}},"xuedian2":{"xuedian":{"x":0.27,"y":0.54,"width":27,"height":27}},"xuedian3":{"xuedian":{"x":0.27,"y":0.54,"width":27,"height":27}},"xuedian4":{"xuedian":{"x":0.27,"y":0.54,"width":27,"height":27}},"xuedian5":{"xuedian":{"x":0.27,"y":0.54,"width":27,"height":27}},"yanjing":{"yanjing":{"x":-1.19,"y":2.25,"width":292,"height":124}},"zui":{"zui":{"x":-6.39,"y":-2.17,"width":33,"height":109}}}}],"animations":{"tuxue":{"slots":{"xuedian":{"color":[{"time":0.1667,"color":"ffffffff"},{"time":0.2333,"color":"ffffff00"}],"attachment":[{"name":null},{"time":0.1,"name":"xuedian"}]},"xuedian2":{"color":[{"time":0.1667,"color":"ffffffff"},{"time":0.2667,"color":"ffffff00"}],"attachment":[{"name":null},{"time":0.1,"name":"xuedian"}]},"xuedian3":{"color":[{"time":0.2667,"color":"ffffffff"},{"time":0.3333,"color":"ffffff00"}],"attachment":[{"name":null},{"time":0.1333,"name":"xuedian"}]},"xuedian4":{"color":[{"time":0.2333,"color":"ffffffff"},{"time":0.3,"color":"ffffff00"}],"attachment":[{"name":null},{"time":0.1333,"name":"xuedian"}]},"xuedian5":{"attachment":[{"name":null}]}},"bones":{"tuxue_bg":{"translate":[{},{"time":0.2,"y":4},{"time":0.4},{"time":0.6,"y":4},{"time":0.8},{"time":1,"y":4},{"time":1.2}],"scale":[{},{"time":0.2,"x":1.02},{"time":0.4},{"time":0.6,"x":1.02},{"time":0.8},{"time":1,"x":1.02},{"time":1.2}]},"meimao":{"translate":[{"y":-6.4},{"time":0.3,"y":20.12},{"time":0.6,"y":-6.4},{"time":0.9,"y":20.12},{"time":1.2,"y":-6.4}]},"xuedian":{"rotate":[{"time":0.1,"angle":-12.02}],"translate":[{"time":0.1,"x":-91.51,"y":-15.38},{"time":0.2333,"x":23.15,"y":-34.09}],"scale":[{"time":0.1,"x":0.995,"y":0.654}]},"xuedian2":{"rotate":[{"time":0.1,"angle":9.63}],"translate":[{"time":0.1,"x":-81.62,"y":3.31},{"time":0.2667,"x":23.19,"y":76.06}],"scale":[{"time":0.1,"x":1.894,"y":1.171}]},"xuedian3":{"rotate":[{"time":0.1333,"angle":9.56}],"translate":[{"time":0.1333,"x":-41.74,"y":-28.6},{"time":0.3333,"x":67.25,"y":-47.45}],"scale":[{"time":0.1333,"x":2.176}]},"xuedian4":{"rotate":[{"time":0.1333,"angle":14.38}],"translate":[{"time":0.1333,"x":-34.25,"y":-29.79},{"time":0.3,"x":89.32,"y":-3.34}],"scale":[{"time":0.1333,"x":2.358,"y":1.031}]},"zui":{"translate":[{"x":-15.4},{"time":0.2,"x":19.42}]}},"deform":{"default":{"tuxue1":{"tuxue1":[{"vertices":[-13.39193,-1.75674,-8.2869,-6.61974,-16.27394,-0.43674,-85.21795,20.31824,-185.92395,34.26321,-197.844,38.11324,-146.03598,-0.75274,-210.92493,-4.57372,-210.54388,-0.87372,-146.54697,-12.30071,-181.63693,-38.02773,-152.18094,-34.95967,-75.26889,-13.31972]},{"time":0.0667,"vertices":[-0.98211,-1.75669,4.12292,-6.61969,-3.86412,-0.43669,-72.80813,20.31828,-173.51414,34.26326,-185.43416,38.11329,-133.62614,-0.75269,-198.51512,-4.57367,-198.13405,-0.87367,-134.13716,-12.30067,-169.2271,-38.02768,-139.7711,-34.95963,-62.85907,-13.31967]},{"time":0.1667,"vertices":[15.36363,-1.17104,18.76698,-4.41304,13.44229,-0.29104,-40.59703,8.49194,-99.6577,22.84226,-107.60439,25.40894,-73.0657,-0.50171,-116.32502,-3.04903,-116.07099,-0.58236,-73.40637,-8.20036,-96.79967,-25.3517,-77.16235,-23.30633,-24.85171,-10.48513]},{"time":0.2667,"vertices":[17.44297,0.26918,25.42797,-0.26884,17.71195,1.7E-4,28.37486,-16.26682,16.30887,-30.99863,18.61692,-29.68087,19.42999,-17.87858,40.67883,-4.63217,38.55184,-1.17014,11.59998,5.66867,7.74998,24.45573,22.17497,30.22581,18.29992,10.07645]},{"time":0.4,"vertices":[17.44297,0.26918,25.42797,-0.26884,17.71195,1.7E-4,12.77989,-21.21638,0.7139,-41.72293,3.02195,-40.40517,3.83502,-28.60287,25.08386,-15.35647,22.95687,-11.89444,-3.99499,-5.05563,-7.84499,13.73144,6.58,19.50152,2.70495,5.12688]},{"time":0.5333,"vertices":[17.44297,0.26918,25.42797,-0.26884,17.71195,1.7E-4,28.37486,-16.26682,16.30887,-30.99863,18.61692,-29.68087,19.42999,-17.87858,40.67883,-4.63217,38.55184,-1.17014,11.59998,5.66867,7.74998,24.45573,22.17497,30.22581,18.29992,10.07645]},{"time":0.6667,"vertices":[17.44297,0.26918,25.42797,-0.26884,17.71195,1.7E-4,12.77989,-21.21638,0.7139,-41.72293,3.02195,-40.40517,3.83502,-28.60287,25.08386,-15.35647,22.95687,-11.89444,-3.99499,-5.05563,-7.84499,13.73144,6.58,19.50152,2.70495,5.12688]},{"time":0.8,"vertices":[17.44297,0.26918,25.42797,-0.26884,17.71195,1.7E-4,28.37486,-16.26682,16.30887,-30.99863,18.61692,-29.68087,19.42999,-17.87858,40.67883,-4.63217,38.55184,-1.17014,11.59998,5.66867,7.74998,24.45573,22.17497,30.22581,18.29992,10.07645]},{"time":0.9333,"vertices":[17.44297,0.26918,25.42797,-0.26884,17.71195,1.7E-4,12.77989,-21.21638,0.7139,-41.72293,3.02195,-40.40517,3.83502,-28.60287,25.08386,-15.35647,22.95687,-11.89444,-3.99499,-5.05563,-7.84499,13.73144,6.58,19.50152,2.70495,5.12688]},{"time":1.0667,"vertices":[17.44297,0.26918,25.42797,-0.26884,17.71195,1.7E-4,28.37486,-16.26682,16.30887,-30.99863,18.61692,-29.68087,19.42999,-17.87858,40.67883,-4.63217,38.55184,-1.17014,11.59998,5.66867,7.74998,24.45573,22.17497,30.22581,18.29992,10.07645]},{"time":1.2,"vertices":[17.44297,0.26918,25.42797,-0.26884,17.71195,1.7E-4,12.77989,-21.21638,0.7139,-41.72293,3.02195,-40.40517,3.83502,-28.60287,25.08386,-15.35647,22.95687,-11.89444,-3.99499,-5.05563,-7.84499,13.73144,6.58,19.50152,2.70495,5.12688]}]}}}}}}