{"skeleton":{"hash":"ETNIPu4HNjaQeF33UGoP5HaMoyo","spine":"3.8.99","x":-42.44,"y":-34.5,"width":85.4,"height":77.33,"images":"./images/","audio":"D:/work/工作/魔法表情/06_money/images"},"bones":[{"name":"root","scaleX":0.2,"scaleY":0.2},{"name":"money_bg","parent":"root"},{"name":"yanjing","parent":"root","x":-89.6,"y":86.57},{"name":"meimao","parent":"root","x":-0.66,"y":184.54},{"name":"saihong","parent":"root","x":2.63,"y":5.68},{"name":"zui","parent":"root","x":0.07,"y":-64.23},{"name":"yanjing2","parent":"root","x":82.35,"y":86.57}],"slots":[{"name":"money","bone":"money_bg","attachment":"money"},{"name":"saihong","bone":"saihong","attachment":"saihong"},{"name":"zui","bone":"zui","attachment":"zui"},{"name":"meimao","bone":"meimao","attachment":"meimao"},{"name":"$","bone":"yanjing","attachment":"$"},{"name":"$2","bone":"yanjing2","attachment":"$"}],"skins":[{"name":"default","attachments":{"$":{"$":{"x":1.9,"y":-3.59,"width":161,"height":161}},"$2":{"$":{"x":1.9,"y":-3.59,"width":161,"height":161}},"meimao":{"meimao":{"x":1.96,"y":5.11,"width":255,"height":49}},"money":{"money":{"width":374,"height":345}},"saihong":{"saihong":{"x":-1.33,"y":-0.7,"width":427,"height":141}},"zui":{"zui":{"x":2.73,"y":-0.29,"width":266,"height":128}}}}],"animations":{"money":{"slots":{"saihong":{"color":[{"color":"ffffff00"},{"time":0.3333,"color":"ffffffff"}]}},"bones":{"money_bg":{"scale":[{},{"time":0.2,"x":1.02},{"time":0.4},{"time":0.6,"x":1.02},{"time":0.8},{"time":1,"x":1.02},{"time":1.2}]},"yanjing":{"translate":[{},{"time":0.2,"x":-7.4},{"time":0.4},{"time":0.6,"x":-7.4},{"time":0.8},{"time":1,"x":-7.4},{"time":1.2}],"scale":[{"x":0.9,"y":0.9},{"time":0.2,"x":1.2,"y":1.2},{"time":0.4,"x":0.9,"y":0.9},{"time":0.6,"x":1.2,"y":1.2},{"time":0.8,"x":0.9,"y":0.9},{"time":1,"x":1.2,"y":1.2},{"time":1.2,"x":0.9,"y":0.9}]},"meimao":{"translate":[{},{"time":0.2,"y":15.71},{"time":0.4},{"time":0.6,"y":15.71},{"time":0.8},{"time":1,"y":15.71},{"time":1.2}]},"yanjing2":{"translate":[{},{"time":0.2,"x":7.65},{"time":0.4},{"time":0.6,"x":7.65},{"time":0.8},{"time":1,"x":7.65},{"time":1.2}],"scale":[{"x":0.9,"y":0.9},{"time":0.2,"x":1.2,"y":1.2},{"time":0.4,"x":0.9,"y":0.9},{"time":0.6,"x":1.2,"y":1.2},{"time":0.8,"x":0.9,"y":0.9},{"time":1,"x":1.2,"y":1.2},{"time":1.2,"x":0.9,"y":0.9}]}}}}}