[1,["7fQ0Wqb/tKxbkuc1o30cej@f9941","89Wqux7l9M/7PokgavQWTl@f9941","20g1ukYUVPvKWKBRznAKo+@f9941","54TknWPwVPqJqeCR+Y/Czo@f9941","95EkngnxZFbYuFpsqVTaFr@f9941","55+jZHA31BwKl+ljQ2ggxe@f9941","4f1pZvYYJJXp5baxuRgn/Y@6c48a","7dj5uJT9FMn6OrOOx83tfK@f9941","det4+VA+pNnILw2KBto15G@f9941","b7Y7TvJ1REJpT3ftlu7BSg@f9941","4f1pZvYYJJXp5baxuRgn/Y@f9941","c8fENYK2dKBacq20vcQFOo@f9941","6ad4g5eCxCZqJQiLy2fOq9@f9941","a8ZajNkxlLX5KcZjBjfhnf@f9941","c7tF4hetRHc5wVk0W+vp8X@f9941","81GHAJmdxJhbiPHUO367vz@f9941","6ad4g5eCxCZqJQiLy2fOq9@6c48a","7fQ0Wqb/tKxbkuc1o30cej@6c48a","81GHAJmdxJhbiPHUO367vz@6c48a","89Wqux7l9M/7PokgavQWTl@6c48a","a8ZajNkxlLX5KcZjBjfhnf@6c48a","b7Y7TvJ1REJpT3ftlu7BSg@6c48a","c7tF4hetRHc5wVk0W+vp8X@6c48a","c8fENYK2dKBacq20vcQFOo@6c48a"],["node","_spriteFrame","_textureSource","_backgroundImage","_target","_normalSprite","_hoverSprite","_pressedSprite","_disabledSprite","root","data"],["cc.SpriteFrame",["cc.Node",["_name","_layer","_active","_objFlags","_components","_prefab","_parent","_children","_lpos"],-1,9,4,1,2,5],["cc.Label",["_string","_actualFontSize","_fontSize","_overflow","_enableWrapText","_isBold","_lineHeight","_horizontalAlign","node","__prefab","_color"],-5,1,4,5],["cc.Node",["_name","_layer","_active","_parent","_components","_prefab","_lpos","_children","_lscale"],0,1,12,4,5,2,5],["cc.Sprite",["_type","_sizeMode","node","__prefab","_spriteFrame","_color"],1,1,4,6,5],["cc.UITransform",["node","__prefab","_contentSize","_anchorPoint"],3,1,4,5,5],["cc.Prefab",["_name"],2],["cc.CompPrefabInfo",["fileId"],2],["9f6e69Sc6tCNonuCRRJwujt",["node","__prefab","setChipItems"],3,1,4,2],["cc.PrefabInfo",["fileId","instance","targetOverrides","nestedPrefabInstanceRoots","root","asset"],-1,1,1],["cc.Layout",["_resizeMode","_layoutType","_spacingX","_spacingY","_affectedByScale","node","__prefab"],-2,1,4],["cc.Button",["_transition","node","__prefab","clickEvents","_normalColor","_target","_normalSprite","_hoverSprite","_pressedSprite","_disabledSprite"],2,1,4,9,5,1,6,6,6,6],["cc.ClickEvent",["_componentId","handler","target"],1,1],["cc.BlockInputEvents",["node","__prefab"],3,1,4],["cc.Widget",["_alignFlags","node","__prefab"],2,1,4],["cc.EditBox",["_string","_inputMode","_maxLength","node","__prefab","editingDidBegan","editingDidEnded","_textLabel","_placeholderLabel"],0,1,4,9,9,1,1],["3be548o1udO2a1kzl3qXmfQ",["node","__prefab","chipNumLabel","setEditbox"],3,1,4,1,1]],[[7,0,2],[9,0,1,2,3,4,5,5],[5,0,1,2,1],[12,0,1,2,3],[3,0,1,3,4,5,3],[4,2,3,4,1],[3,0,1,3,7,4,5,6,8,3],[3,0,1,3,7,4,5,6,3],[3,0,2,1,3,4,5,6,4],[5,0,1,2,3,1],[4,0,1,2,3,4,3],[14,0,1,2,2],[2,0,1,2,6,3,5,8,9,10,7],[2,0,1,2,6,3,4,8,9,7],[2,0,7,1,2,3,4,8,9,10,7],[15,0,1,2,3,4,5,6,7,8,4],[16,0,1,2,3,1],[1,0,1,6,4,5,8,3],[1,0,1,6,7,4,5,8,3],[4,0,2,3,5,4,2],[11,0,1,2,3,4,5,6,7,8,9,2],[1,0,3,1,6,4,5,4],[2,0,1,2,3,4,8,9,6],[6,0,2],[1,0,2,1,7,4,5,4],[1,0,1,6,7,4,5,3],[1,0,1,6,4,5,3],[8,0,1,2,1],[4,1,2,3,5,4,2],[10,0,1,2,3,4,5,6,6],[13,0,1,1],[2,0,1,2,5,8,9,5],[2,0,1,2,8,9,4]],[[[{"name":"coin_2_a","rect":{"x":0,"y":0,"width":94,"height":94},"offset":{"x":0,"y":0},"originalSize":{"width":94,"height":94},"rotated":false,"capInsets":[0,0,0,0],"vertices":{"rawPosition":[-47,-47,0,47,-47,0,-47,47,0,47,47,0],"indexes":[0,1,2,2,1,3],"uv":[0,94,94,94,0,0,94,0],"nuv":[0,0,1,0,0,1,1,1],"minPos":{"x":-47,"y":-47,"z":0},"maxPos":{"x":47,"y":47,"z":0}},"packable":true,"pixelsToUnit":100,"pivot":{"x":0.5,"y":0.5},"meshType":0}],[0],0,[0],[2],[6]],[[[23,"chipSettingVIew"],[24,"chipSettingVIew",false,33554432,[-10,-11],[[2,-2,[0,"3f76gnxAhLvZZVUTYaNbuj"],[5,720,1280]],[27,-9,[0,"e8qDB2eW9PJ4LxfLHmQA6B"],[-3,-4,-5,-6,-7,-8]]],[1,"66QGFYcFxOUYmDKCJQA0h0",null,null,null,-1,0]],[25,"pop_bg",33554432,1,[-14,-15,-16,-17,-18,-19,-20],[[2,-12,[0,"b9NwTBFEBIFqXVSqNygKWY"],[5,640,671]],[5,-13,[0,"4aMxZ7lIRGlJwqcpSXSUfG"],29]],[1,"06KN/r7kdCHomx+905jrdW",null,null,null,1,0]],[18,"chipSetLayout",33554432,2,[-23,-24,-25,-26,-27,-28],[[2,-21,[0,"648ZL53ZVM/6/1AYpL71ge"],[5,550,275.6]],[29,1,3,30,50,true,-22,[0,"82Us4dvrtA3bWcBbCfWUcR"]]],[1,"dc847zK+lBT7xVCU1IlcMw",null,null,null,1,0],[1,1.286,48.197,0]],[6,"chipSetItem1",33554432,3,[-32,-33],[[[2,-29,[0,"b84ubMeEJPxafb0ew6wrsr"],[5,94,94]],[5,-30,[0,"4aqcJVDVFMNZtwi+Wnk9ke"],8],-31],4,4,1],[1,"587mQM7X9LPKSu1qDBZE0S",null,null,null,1,0],[1,-218.6,81.4,0],[1,1.2,1.2,1]],[6,"chipSetItem2",33554432,3,[-37,-38],[[[2,-34,[0,"d5NRpMPsVIOLoJ9YldbDgq"],[5,94,94]],[5,-35,[0,"d9oBe7UWNGeIFRO58JKH5i"],10],-36],4,4,1],[1,"64AZ6bumdAjaXWFpXiYMtR",null,null,null,1,0],[1,-75.79999999999998,81.4,0],[1,1.2,1.2,1]],[6,"chipSetItem3",33554432,3,[-42,-43],[[[2,-39,[0,"ea8FZzMsJA0ItfQwuylw8b"],[5,94,94]],[5,-40,[0,"5bQrnh3ClIxo4rAHpnd1jz"],12],-41],4,4,1],[1,"8bA+6MRvpAQbmN4TDHJ1/t",null,null,null,1,0],[1,67.00000000000003,81.4,0],[1,1.2,1.2,1]],[6,"chipSetItem4",33554432,3,[-47,-48],[[[2,-44,[0,"60uax22lRMe4X5dSSp3mkr"],[5,94,94]],[5,-45,[0,"dbz80acxxGc4PiG7bQZHsF"],14],-46],4,4,1],[1,"47s/rDPaNBxK4ss1PuIAOb",null,null,null,1,0],[1,209.80000000000004,81.4,0],[1,1.2,1.2,1]],[6,"chipSetItem5",33554432,3,[-52,-53],[[[2,-49,[0,"41zV3m1zJKjqEL/WRFxCyA"],[5,94,94]],[5,-50,[0,"eeknbjIOdDxKzTsUxN6xMO"],16],-51],4,4,1],[1,"8e4y/EDIpIlo6WeCk+HstK",null,null,null,1,0],[1,-218.6,-81.4,0],[1,1.2,1.2,1]],[6,"chipSetItem6",33554432,3,[-57,-58],[[[2,-54,[0,"36DnepflBCKY1BA7dc4FUv"],[5,94,94]],[5,-55,[0,"2egubm9QRPB6WVcnyytDC0"],18],-56],4,4,1],[1,"11EcNgLEZCJZ/hDzXvFYWf",null,null,null,1,0],[1,-75.79999999999998,-81.4,0],[1,1.2,1.2,1]],[7,"EditBox",33554432,4,[-62,-63],[[[2,-59,[0,"0cR4VK0RNGk4IeP7BRZC6e"],[5,80,26]],[10,1,0,-60,[0,"3f0ammRltKAaqJxLGc2i33"],7],-61],4,4,1],[1,"5buUyxbSVK1o7+385e+JGd",null,null,null,1,0],[1,0,-57.431,0]],[7,"EditBox",33554432,5,[-67,-68],[[[2,-64,[0,"27sobBouxHDoJirqxXj096"],[5,80,26]],[10,1,0,-65,[0,"04+b2vMglLxZpO3sOsIjlb"],9],-66],4,4,1],[1,"08zOWPedRCr5hV8UABk3/A",null,null,null,1,0],[1,0,-57.431,0]],[7,"EditBox",33554432,6,[-72,-73],[[[2,-69,[0,"eagB8Pr5xNtq+O6hGu5XZ2"],[5,80,26]],[10,1,0,-70,[0,"3adVi9kPNHKJ9a09t2DshY"],11],-71],4,4,1],[1,"3fM+9JY0xHBasMTvHpLfeZ",null,null,null,1,0],[1,0,-57.431,0]],[7,"EditBox",33554432,7,[-77,-78],[[[2,-74,[0,"789D4yrqlOEL7L3Rx4s0MJ"],[5,80,26]],[10,1,0,-75,[0,"12ntntdJtDgJbnGKJMpt7M"],13],-76],4,4,1],[1,"e2K1w/0sdKEYOqxHjWpHJo",null,null,null,1,0],[1,0,-57.431,0]],[7,"EditBox",33554432,8,[-82,-83],[[[2,-79,[0,"92uVQ7LEVGxalxpaSqQZ1C"],[5,80,26]],[10,1,0,-80,[0,"16Zu+3Pt5M+ITxS8a0i86w"],15],-81],4,4,1],[1,"e4ZqtM+dlIO592p6FB91Zq",null,null,null,1,0],[1,0,-57.431,0]],[7,"EditBox",33554432,9,[-87,-88],[[[2,-84,[0,"69poDoD4BDg46wniM9kN10"],[5,80,26]],[10,1,0,-85,[0,"0da6gzOgVBvIF2zI+0G20B"],17],-86],4,4,1],[1,"47jV08Zj5KM7LWwtmW7J47",null,null,null,1,0],[1,0,-57.431,0]],[18,"sureButton",33554432,2,[-93],[[2,-89,[0,"feUXExXKRKUKoRSF6Uo1/v"],[5,240,60]],[19,1,-90,[0,"034hF+skdC366+wPnKHkUJ"],[4,4292269782],19],[20,1,-92,[0,"65I0oL5jRBt7tvNPkq0W5v"],[[3,"9f6e69Sc6tCNonuCRRJwujt","sureBet",1]],[4,4292269782],-91,20,21,22,23]],[1,"e0N/IjqMBOQouZA45Abu6F",null,null,null,1,0],[1,-144.13,-230,0]],[18,"cancleButton",33554432,2,[-98],[[2,-94,[0,"19ZBWABA1FpYDdBzSjN467"],[5,240,60]],[19,1,-95,[0,"54yoRfA4RPBb45ezPWqdSQ"],[4,4292269782],24],[20,1,-97,[0,"8fG01M17dHg4eunAF1m5jO"],[[3,"9f6e69Sc6tCNonuCRRJwujt","hide",1]],[4,4292269782],-96,25,26,27,28]],[1,"82/8YCdPZL/JIPWYmrR9/r",null,null,null,1,0],[1,144.33,-230,0]],[17,"closeButton",33554432,2,[[2,-99,[0,"e3WT/bNORIGb1X+oJiqqsU"],[5,26,26]],[19,1,-100,[0,"afT6EmTXRIlq1UYgwMCISb"],[4,4292269782],1],[20,1,-102,[0,"f0Q8kG0MJBgryXu5/6Nayw"],[[3,"9f6e69Sc6tCNonuCRRJwujt","hide",1]],[4,4292269782],-101,2,3,4,5]],[1,"5eDnP0s3JOLZdEgo08TWgC",null,null,null,1,0],[1,288.511,300.704,0]],[26,"mask",33554432,1,[[2,-103,[0,"74wmNeAQlD0LOOwfrOEArd"],[5,720,1280]],[28,0,-104,[0,"8bt9iphMVDvrrpbU5/0YSd"],[4,2013265920],0],[30,-105,[0,"00dNGctkVBj7PmtdaFaesl"]]],[1,"f7xjJNSRNLhqo6KtK7ERnH",null,null,null,1,0]],[4,"TEXT_LABEL",33554432,10,[[[2,-106,[0,"33P6kT3I5KNp1uIQeyuCpZ"],[5,78,26]],-107,[11,18,-108,[0,"94rNrNIItH24fpbpLzQ1S0"]]],4,1,4],[1,"98VufWtLlAe5zh6Tppy3XK",null,null,null,1,0]],[4,"TEXT_LABEL",33554432,11,[[[2,-109,[0,"d6MW51O8xBM6eGzV7UixWB"],[5,78,26]],-110,[11,18,-111,[0,"caPxan0WpEno7qgpAdbUcb"]]],4,1,4],[1,"d2uzgkkABNdLXnA132c2g5",null,null,null,1,0]],[4,"TEXT_LABEL",33554432,12,[[[2,-112,[0,"67TM3Sns9DqK78crEmojK+"],[5,78,26]],-113,[11,18,-114,[0,"2b7izy33JNN5WPWML/XwQR"]]],4,1,4],[1,"1ax9UevNpBu5DS/IEH+bvZ",null,null,null,1,0]],[4,"TEXT_LABEL",33554432,13,[[[2,-115,[0,"d89v9UkwlK47HWDW2Kog96"],[5,78,26]],-116,[11,18,-117,[0,"97pE3Y2ptORbDEb/rUVZRI"]]],4,1,4],[1,"d1QiU04mVG17kKeJYzsFG/",null,null,null,1,0]],[4,"TEXT_LABEL",33554432,14,[[[2,-118,[0,"a0t1nYUDFOxIoOLiWg6Vo0"],[5,78,26]],-119,[11,18,-120,[0,"e6tFafeslEibBo+AXoSiSN"]]],4,1,4],[1,"19wmvtCllIYIFo3QQ4Iu7C",null,null,null,1,0]],[4,"TEXT_LABEL",33554432,15,[[[2,-121,[0,"305WNmMZBPmZiphgYYBvp3"],[5,78,26]],-122,[11,18,-123,[0,"17CxELTC9N6LHvkp9ic1D3"]]],4,1,4],[1,"0c0HDiocFCn5p/RZD6HMKr",null,null,null,1,0]],[17,"line",33554432,2,[[2,-124,[0,"c3Ykjs2zNBgJ3S4dkWtkis"],[5,640,1]],[5,-125,[0,"24cn+07vhJdLSrxUeEAM/b"],6]],[1,"a3cJnYZq5D2L7HwousOI+Q",null,null,null,1,0],[1,0,268.893,0]],[4,"numLabel",33554432,4,[[[2,-126,[0,"f5kCnFuABFLqDlogiqpHYb"],[5,42.255859375,25.2]],-127],4,1],[1,"e6Izv98Z5MdL/BVYSp39wd",null,null,null,1,0]],[8,"PLACEHOLDER_LABEL",false,33554432,10,[[[9,-128,[0,"5d8BqKRYZD+6xI7b0Piwk2"],[5,78,26],[0,0,1]],-129],4,1],[1,"2dqqEhUaNA74NkwWdIXKvq",null,null,null,1,0],[1,-38,13,0]],[4,"numLabel",33554432,5,[[[2,-130,[0,"13Ov2F52NKmKU1q0JrjJss"],[5,42.255859375,25.2]],-131],4,1],[1,"abze/0ZRdCyaFaMlC+cfJL",null,null,null,1,0]],[8,"PLACEHOLDER_LABEL",false,33554432,11,[[[9,-132,[0,"77xGleZ9dJgrgbw44cx7ds"],[5,78,26],[0,0,1]],-133],4,1],[1,"cd/8JihyRNh6qMm7KFhGI/",null,null,null,1,0],[1,-38,13,0]],[4,"numLabel",33554432,6,[[[2,-134,[0,"7dYYCS4BpIFoPMdPxJTevv"],[5,42.255859375,25.2]],-135],4,1],[1,"2eAYWi/jJH7Ll+hOcW2Oyp",null,null,null,1,0]],[8,"PLACEHOLDER_LABEL",false,33554432,12,[[[9,-136,[0,"18KAO/YRdBS7D5ZXybIJPH"],[5,78,26],[0,0,1]],-137],4,1],[1,"f5R/BuJvBHlac//MlaqqkL",null,null,null,1,0],[1,-38,13,0]],[4,"numLabel",33554432,7,[[[2,-138,[0,"93UfAEI41B2ov8Nrj37opq"],[5,42.255859375,25.2]],-139],4,1],[1,"2cjxxQ7p5CJ4nRHihsopv+",null,null,null,1,0]],[8,"PLACEHOLDER_LABEL",false,33554432,13,[[[9,-140,[0,"71bKN6cRVKBLTYrMcphRsT"],[5,78,26],[0,0,1]],-141],4,1],[1,"fcnTuZpYBH7Jg8Mw+9m9my",null,null,null,1,0],[1,-38,13,0]],[4,"numLabel",33554432,8,[[[2,-142,[0,"b8qhpD5R5DMqodv/zd9Ry/"],[5,42.255859375,25.2]],-143],4,1],[1,"14wSx3iZBP2ZNXDsRbf2jA",null,null,null,1,0]],[8,"PLACEHOLDER_LABEL",false,33554432,14,[[[9,-144,[0,"91V0ib519HjK3GVjHxjwyI"],[5,78,26],[0,0,1]],-145],4,1],[1,"a4t6EHUhhLKIOUlSYf1Wt8",null,null,null,1,0],[1,-38,13,0]],[4,"numLabel",33554432,9,[[[2,-146,[0,"fePQ0XVLBDBYbTGX/QMGRL"],[5,42.255859375,25.2]],-147],4,1],[1,"86VeNIWHxFjqbzYi7eUTz0",null,null,null,1,0]],[8,"PLACEHOLDER_LABEL",false,33554432,15,[[[9,-148,[0,"18ApQOs6RF+ZfWM3d3VVKH"],[5,78,26],[0,0,1]],-149],4,1],[1,"ddRlXnW1BB+b1FuGxG4ZFm",null,null,null,1,0],[1,-38,13,0]],[21,"Label",512,33554432,16,[[2,-150,[0,"66Z96MuJtOCLtCSSwJJCbA"],[5,100,40]],[22,"確認",26,26,1,false,-151,[0,"b0TN3zr91Jvrh5bXKLcmwc"]]],[1,"04bD9Ke9tC+7yvd1JHAMQx",null,null,null,1,0]],[21,"Label",512,33554432,17,[[2,-152,[0,"e213yiqLpM2J+gI5RJ4rtQ"],[5,100,40]],[22,"取消",26,26,1,false,-153,[0,"c64Nzd77xASpnnZk4AVL+I"]]],[1,"7dY/CMeShHmrI4WqiCp4tx",null,null,null,1,0]],[17,"title",33554432,2,[[2,-154,[0,"35Ggi7GAZJ97rcNS316JGZ"],[5,150,50.4]],[31,"自定義籌碼",30,30,true,-155,[0,"1firmciMRL+pfeahdPxdxQ"]]],[1,"806OMomBdIpYm984TbN12o",null,null,null,1,0],[1,0,300.045,0]],[17,"Label",33554432,2,[[2,-156,[0,"71juH8T8tM5bG2AxBDiH0z"],[5,180,50.4]],[32,"點擊可修改自定義金額",18,18,-157,[0,"03Qk42+P1F4JnF85Ck8T8Q"]]],[1,"beETDW+c1F8Y8/3rL+dNPz",null,null,null,1,0],[1,0,242.722,0]],[12,"500",25,25,25,2,true,27,[0,"a1Q5PtHdpPWbzHKRJMsido"],[4,4278190080]],[13,"100",20,20,20,2,false,20,[0,"49vu+g9f9J4rckYmbbkeOk"]],[14,"",0,20,20,1,false,28,[0,"8dpiKXGBNDoolmOLJtfDxZ"],[4,4290493371]],[15,"100",2,8,10,[0,"83gftIwp1PA4GgHd9xdEE6"],[[3,"3be548o1udO2a1kzl3qXmfQ","editBeginEvent",4]],[[3,"3be548o1udO2a1kzl3qXmfQ","editEndEvent",4]],44,45],[16,4,[0,"0bv/WV6gdHb7TYEYPaVgsV"],43,46],[12,"500",25,25,25,2,true,29,[0,"f1Tsfz+8ZJZrH0qZy6Kref"],[4,4278190080]],[13,"100",20,20,20,2,false,21,[0,"99EnnXbe5OcayRNgF4i5Lv"]],[14,"",0,20,20,1,false,30,[0,"537DMMqsxK9qMIJuGCchbI"],[4,4290493371]],[15,"100",2,8,11,[0,"9cszzaGN9PPZl3QPfeN7s9"],[[3,"3be548o1udO2a1kzl3qXmfQ","editBeginEvent",5]],[[3,"3be548o1udO2a1kzl3qXmfQ","editEndEvent",5]],49,50],[16,5,[0,"daJTAbJQhMOY5ztV6uiJgf"],48,51],[12,"500",25,25,25,2,true,31,[0,"82MUCkqYtFqr54aB54ggHf"],[4,4278190080]],[13,"100",20,20,20,2,false,22,[0,"b5W1IO6DZBlqHi87/4wYT8"]],[14,"",0,20,20,1,false,32,[0,"d4BtctokxKML9sDBr4ugd4"],[4,4290493371]],[15,"100",2,8,12,[0,"40Gd0p9RZHL7n9zrj2l847"],[[3,"3be548o1udO2a1kzl3qXmfQ","editBeginEvent",6]],[[3,"3be548o1udO2a1kzl3qXmfQ","editEndEvent",6]],54,55],[16,6,[0,"ffXJ3vSIpP9Ye4BMHTrgJ2"],53,56],[12,"500",25,25,25,2,true,33,[0,"b2N1LEv1xPH42BR6UeCrsB"],[4,4278190080]],[13,"100",20,20,20,2,false,23,[0,"805SBPhKxGIozPEpR8NoDP"]],[14,"",0,20,20,1,false,34,[0,"e8ocZ0mX1McI/iQtYAPRd4"],[4,4290493371]],[15,"100",2,8,13,[0,"f93Tg6D9NLXoO6Ic9aVWCo"],[[3,"3be548o1udO2a1kzl3qXmfQ","editBeginEvent",7]],[[3,"3be548o1udO2a1kzl3qXmfQ","editEndEvent",7]],59,60],[16,7,[0,"153sJcei5EjKgTt2S1lMrw"],58,61],[12,"500",25,25,25,2,true,35,[0,"f3BqZkipZDWLLmU5Ze+vAZ"],[4,4278190080]],[13,"100",20,20,20,2,false,24,[0,"d8DNQXZsZOLpNXQqzDIKQK"]],[14,"",0,20,20,1,false,36,[0,"28ZkBFYYlAULAWmV374nQS"],[4,4290493371]],[15,"100",2,8,14,[0,"0eu9vJ3lpPcrUeHKOHA73r"],[[3,"3be548o1udO2a1kzl3qXmfQ","editBeginEvent",8]],[[3,"3be548o1udO2a1kzl3qXmfQ","editEndEvent",8]],64,65],[16,8,[0,"e9Re7YPYlK0qoi5NCLvymk"],63,66],[12,"500",25,25,25,2,true,37,[0,"0flS/MQ/hF7LYVwp84hyWe"],[4,4278190080]],[13,"100",20,20,20,2,false,25,[0,"78m0u/g19GzrHW4vTTrWzt"]],[14,"",0,20,20,1,false,38,[0,"49x/3kjrVM0JWIqSdNaVJJ"],[4,4290493371]],[15,"100",2,8,15,[0,"88H+YJEBpI3pc+X1H2+1EM"],[[3,"3be548o1udO2a1kzl3qXmfQ","editBeginEvent",9]],[[3,"3be548o1udO2a1kzl3qXmfQ","editEndEvent",9]],69,70],[16,9,[0,"0acNWGiT5JXZ2k0nDiOyQ5"],68,71]],0,[0,9,1,0,0,1,0,-1,47,0,-2,52,0,-3,57,0,-4,62,0,-5,67,0,-6,72,0,0,1,0,-1,19,0,-2,2,0,0,2,0,0,2,0,-1,18,0,-2,26,0,-3,3,0,-4,16,0,-5,17,0,-6,41,0,-7,42,0,0,3,0,0,3,0,-1,4,0,-2,5,0,-3,6,0,-4,7,0,-5,8,0,-6,9,0,0,4,0,0,4,0,-3,47,0,-1,27,0,-2,10,0,0,5,0,0,5,0,-3,52,0,-1,29,0,-2,11,0,0,6,0,0,6,0,-3,57,0,-1,31,0,-2,12,0,0,7,0,0,7,0,-3,62,0,-1,33,0,-2,13,0,0,8,0,0,8,0,-3,67,0,-1,35,0,-2,14,0,0,9,0,0,9,0,-3,72,0,-1,37,0,-2,15,0,0,10,0,0,10,0,-3,46,0,-1,20,0,-2,28,0,0,11,0,0,11,0,-3,51,0,-1,21,0,-2,30,0,0,12,0,0,12,0,-3,56,0,-1,22,0,-2,32,0,0,13,0,0,13,0,-3,61,0,-1,23,0,-2,34,0,0,14,0,0,14,0,-3,66,0,-1,24,0,-2,36,0,0,15,0,0,15,0,-3,71,0,-1,25,0,-2,38,0,0,16,0,0,16,0,4,16,0,0,16,0,-1,39,0,0,17,0,0,17,0,4,17,0,0,17,0,-1,40,0,0,18,0,0,18,0,4,18,0,0,18,0,0,19,0,0,19,0,0,19,0,0,20,0,-2,44,0,0,20,0,0,21,0,-2,49,0,0,21,0,0,22,0,-2,54,0,0,22,0,0,23,0,-2,59,0,0,23,0,0,24,0,-2,64,0,0,24,0,0,25,0,-2,69,0,0,25,0,0,26,0,0,26,0,0,27,0,-2,43,0,0,28,0,-2,45,0,0,29,0,-2,48,0,0,30,0,-2,50,0,0,31,0,-2,53,0,0,32,0,-2,55,0,0,33,0,-2,58,0,0,34,0,-2,60,0,0,35,0,-2,63,0,0,36,0,-2,65,0,0,37,0,-2,68,0,0,38,0,-2,70,0,0,39,0,0,39,0,0,40,0,0,40,0,0,41,0,0,41,0,0,42,0,0,42,0,10,1,157],[0,0,0,0,0,0,0,0,0,0,0,0,0,0,0,0,0,0,0,0,0,0,0,0,0,0,0,0,0,0,46,51,56,61,66,71],[1,1,5,6,7,8,1,1,1,1,1,1,1,1,1,1,1,1,1,1,5,6,7,8,1,5,6,7,8,1,3,3,3,3,3,3],[7,5,5,2,3,4,8,0,9,0,10,0,11,0,12,0,13,0,14,1,1,2,3,4,1,1,2,3,4,15,0,0,0,0,0,0]],[[{"name":"coin_4_a","rect":{"x":0,"y":0,"width":94,"height":94},"offset":{"x":0,"y":0},"originalSize":{"width":94,"height":94},"rotated":false,"capInsets":[0,0,0,0],"vertices":{"rawPosition":[-47,-47,0,47,-47,0,-47,47,0,47,47,0],"indexes":[0,1,2,2,1,3],"uv":[0,94,94,94,0,0,94,0],"nuv":[0,0,1,0,0,1,1,1],"minPos":{"x":-47,"y":-47,"z":0},"maxPos":{"x":47,"y":47,"z":0}},"packable":true,"pixelsToUnit":100,"pivot":{"x":0.5,"y":0.5},"meshType":0}],[0],0,[0],[2],[16]],[[{"name":"frame","rect":{"x":0,"y":0,"width":120,"height":36},"offset":{"x":0,"y":0},"originalSize":{"width":120,"height":36},"rotated":false,"capInsets":[0,0,0,0],"vertices":{"rawPosition":[-60,-18,0,60,-18,0,-60,18,0,60,18,0],"indexes":[0,1,2,2,1,3],"uv":[0,36,120,36,0,0,120,0],"nuv":[0,0,1,0,0,1,1,1],"minPos":{"x":-60,"y":-18,"z":0},"maxPos":{"x":60,"y":18,"z":0}},"packable":true,"pixelsToUnit":100,"pivot":{"x":0.5,"y":0.5},"meshType":0}],[0],0,[0],[2],[17]],[[{"name":"pop_bg","rect":{"x":0,"y":0,"width":640,"height":671},"offset":{"x":0,"y":0},"originalSize":{"width":640,"height":671},"rotated":false,"capInsets":[0,0,0,0],"vertices":{"rawPosition":[-320,-335.5,0,320,-335.5,0,-320,335.5,0,320,335.5,0],"indexes":[0,1,2,2,1,3],"uv":[0,671,640,671,0,0,640,0],"nuv":[0,0,1,0,0,1,1,1],"minPos":{"x":-320,"y":-335.5,"z":0},"maxPos":{"x":320,"y":335.5,"z":0}},"packable":true,"pixelsToUnit":100,"pivot":{"x":0.5,"y":0.5},"meshType":0}],[0],0,[0],[2],[18]],[[{"name":"btn_1","rect":{"x":0,"y":0,"width":240,"height":60},"offset":{"x":0,"y":0},"originalSize":{"width":240,"height":60},"rotated":false,"capInsets":[0,0,0,0],"vertices":{"rawPosition":[-120,-30,0,120,-30,0,-120,30,0,120,30,0],"indexes":[0,1,2,2,1,3],"uv":[0,60,240,60,0,0,240,0],"nuv":[0,0,1,0,0,1,1,1],"minPos":{"x":-120,"y":-30,"z":0},"maxPos":{"x":120,"y":30,"z":0}},"packable":true,"pixelsToUnit":100,"pivot":{"x":0.5,"y":0.5},"meshType":0}],[0],0,[0],[2],[19]],[[{"name":"coin_5_a","rect":{"x":0,"y":0,"width":94,"height":94},"offset":{"x":0,"y":0},"originalSize":{"width":94,"height":94},"rotated":false,"capInsets":[0,0,0,0],"vertices":{"rawPosition":[-47,-47,0,47,-47,0,-47,47,0,47,47,0],"indexes":[0,1,2,2,1,3],"uv":[0,94,94,94,0,0,94,0],"nuv":[0,0,1,0,0,1,1,1],"minPos":{"x":-47,"y":-47,"z":0},"maxPos":{"x":47,"y":47,"z":0}},"packable":true,"pixelsToUnit":100,"pivot":{"x":0.5,"y":0.5},"meshType":0}],[0],0,[0],[2],[20]],[[{"name":"coin_1_a","rect":{"x":0,"y":0,"width":94,"height":94},"offset":{"x":0,"y":0},"originalSize":{"width":94,"height":94},"rotated":false,"capInsets":[0,0,0,0],"vertices":{"rawPosition":[-47,-47,0,47,-47,0,-47,47,0,47,47,0],"indexes":[0,1,2,2,1,3],"uv":[0,94,94,94,0,0,94,0],"nuv":[0,0,1,0,0,1,1,1],"minPos":{"x":-47,"y":-47,"z":0},"maxPos":{"x":47,"y":47,"z":0}},"packable":true,"pixelsToUnit":100,"pivot":{"x":0.5,"y":0.5},"meshType":0}],[0],0,[0],[2],[21]],[[{"name":"coin_6_a","rect":{"x":0,"y":0,"width":94,"height":94},"offset":{"x":0,"y":0},"originalSize":{"width":94,"height":94},"rotated":false,"capInsets":[0,0,0,0],"vertices":{"rawPosition":[-47,-47,0,47,-47,0,-47,47,0,47,47,0],"indexes":[0,1,2,2,1,3],"uv":[0,94,94,94,0,0,94,0],"nuv":[0,0,1,0,0,1,1,1],"minPos":{"x":-47,"y":-47,"z":0},"maxPos":{"x":47,"y":47,"z":0}},"packable":true,"pixelsToUnit":100,"pivot":{"x":0.5,"y":0.5},"meshType":0}],[0],0,[0],[2],[22]],[[{"name":"coin_3_a","rect":{"x":0,"y":0,"width":94,"height":94},"offset":{"x":0,"y":0},"originalSize":{"width":94,"height":94},"rotated":false,"capInsets":[0,0,0,0],"vertices":{"rawPosition":[-47,-47,0,47,-47,0,-47,47,0,47,47,0],"indexes":[0,1,2,2,1,3],"uv":[0,94,94,94,0,0,94,0],"nuv":[0,0,1,0,0,1,1,1],"minPos":{"x":-47,"y":-47,"z":0},"maxPos":{"x":47,"y":47,"z":0}},"packable":true,"pixelsToUnit":100,"pivot":{"x":0.5,"y":0.5},"meshType":0}],[0],0,[0],[2],[23]]]]
