[1,["f1GaqneWVG6poCoVILToZV"],0,[["sp.SkeletonData",["_name","_atlasText","textureNames","_skeletonJson","textures"],-1,3]],[[0,0,1,2,3,4,5]],[[0,"hall_icon","\nhall_icon.png\nsize: 922,457\nformat: RGBA4444\nfilter: Linear,Linear\nrepeat: none\ncreateroom_bg0\n  rotate: true\n  xy: 2, 99\n  size: 356, 158\n  orig: 356, 158\n  offset: 0, 0\n  index: -1\ncreateroom_bg1\n  rotate: false\n  xy: 2, 2\n  size: 83, 95\n  orig: 83, 95\n  offset: 0, 0\n  index: -1\ncreateroom_bg2\n  rotate: false\n  xy: 394, 50\n  size: 47, 49\n  orig: 56, 50\n  offset: 1, 1\n  index: -1\njionroom_bg2\n  rotate: false\n  xy: 394, 50\n  size: 47, 49\n  orig: 56, 50\n  offset: 1, 1\n  index: -1\ncreateroom_light1\n  rotate: true\n  xy: 596, 232\n  size: 223, 118\n  orig: 288, 341\n  offset: 36, 115\n  index: -1\ncreateroom_light2\n  rotate: true\n  xy: 459, 215\n  size: 240, 135\n  orig: 294, 341\n  offset: 29, 109\n  index: -1\ncreateroom_mj1\n  rotate: true\n  xy: 287, 15\n  size: 82, 105\n  orig: 127, 114\n  offset: 44, 4\n  index: -1\ncreateroom_mj2\n  rotate: false\n  xy: 722, 3\n  size: 49, 54\n  orig: 109, 70\n  offset: 0, 15\n  index: -1\ncreateroom_mj3\n  rotate: true\n  xy: 394, 9\n  size: 39, 38\n  orig: 39, 38\n  offset: 0, 0\n  index: -1\nfire/fire_01\n  rotate: false\n  xy: 722, 218\n  size: 197, 78\n  orig: 200, 81\n  offset: 1, 2\n  index: -1\nfire/fire_02\n  rotate: false\n  xy: 722, 138\n  size: 197, 78\n  orig: 200, 81\n  offset: 2, 2\n  index: -1\nfire/fire_03\n  rotate: false\n  xy: 722, 377\n  size: 198, 78\n  orig: 200, 81\n  offset: 1, 2\n  index: -1\nfire/fire_04\n  rotate: true\n  xy: 443, 13\n  size: 199, 78\n  orig: 200, 81\n  offset: 1, 3\n  index: -1\nfire/fire_05\n  rotate: true\n  xy: 523, 14\n  size: 199, 77\n  orig: 200, 81\n  offset: 1, 3\n  index: -1\nfire/fire_06\n  rotate: false\n  xy: 722, 59\n  size: 197, 77\n  orig: 200, 81\n  offset: 0, 2\n  index: -1\nfire/fire_07\n  rotate: false\n  xy: 722, 298\n  size: 198, 77\n  orig: 200, 81\n  offset: 1, 2\n  index: -1\nhua1\n  rotate: true\n  xy: 773, 31\n  size: 26, 23\n  orig: 26, 24\n  offset: 0, 1\n  index: -1\nhua2\n  rotate: true\n  xy: 773, 8\n  size: 21, 17\n  orig: 21, 17\n  offset: 0, 0\n  index: -1\nhua3\n  rotate: true\n  xy: 792, 11\n  size: 18, 17\n  orig: 18, 17\n  offset: 0, 0\n  index: -1\njionroom_bg\n  rotate: true\n  xy: 162, 99\n  size: 356, 158\n  orig: 356, 158\n  offset: 0, 0\n  index: -1\njionroom_bg1\n  rotate: true\n  xy: 187, 10\n  size: 87, 98\n  orig: 87, 98\n  offset: 0, 0\n  index: -1\njionroom_light1\n  rotate: true\n  xy: 602, 7\n  size: 223, 118\n  orig: 288, 310\n  offset: 36, 84\n  index: -1\njionroom_light2\n  rotate: true\n  xy: 322, 214\n  size: 241, 135\n  orig: 287, 341\n  offset: 29, 109\n  index: -1\njionroom_zhuangshi1\n  rotate: false\n  xy: 87, 3\n  size: 98, 94\n  orig: 100, 96\n  offset: 1, 1\n  index: -1\njionroom_zhuangshi2\n  rotate: true\n  xy: 322, 101\n  size: 111, 119\n  orig: 113, 119\n  offset: 1, 0\n  index: -1\n",["hall_icon.png"],{"skeleton":{"hash":"5DMVzC5sIuKWmXsxdAJFE51+duY","spine":"3.8.99","x":-640,"y":-360,"width":1280,"height":720,"images":"./images/","audio":"E:/工作/10.19-台湾麻将/animation/logo、icon、弹窗/images"},"bones":[{"name":"root"},{"name":"bg","parent":"root"},{"name":"createroom","parent":"root","y":2},{"name":"createroom_bg0","parent":"createroom"},{"name":"createroom_mj1","parent":"createroom","x":-108.76,"y":21.38},{"name":"createroom_mj2","parent":"createroom","x":-141.75,"y":27.49},{"name":"createroom_mj3","parent":"createroom","x":-142.36,"y":-14.05},{"name":"createroom_bg1","parent":"createroom","x":80.65,"y":29.94},{"name":"createroom_bg2","parent":"createroom","x":-6.72,"y":66.6},{"name":"createroom_light2","parent":"createroom","x":84.32,"y":78.82},{"name":"createroom_light1","parent":"createroom","x":-62.93,"y":-69.04},{"name":"joinroom","parent":"root","x":0.28,"y":-0.48},{"name":"joinroom_bg","parent":"joinroom"},{"name":"joinroom_zhuangshi1","parent":"joinroom","x":-90.43,"y":-18.94},{"name":"joinroom_zhuangshi2","parent":"joinroom","x":-131.98,"y":-32.99},{"name":"joinroom_bg1","parent":"joinroom","x":80.65,"y":29.94},{"name":"joinroom_bg2","parent":"joinroom","x":-6.72,"y":66.6},{"name":"joinroom_light2","parent":"joinroom","x":95.32,"y":81.26},{"name":"joinroom_light1","parent":"joinroom","x":-62.32,"y":-68.43},{"name":"fire","parent":"root"},{"name":"flower","parent":"root"},{"name":"flower1","parent":"flower"},{"name":"flower2","parent":"flower"},{"name":"flower3","parent":"flower"}],"slots":[{"name":"1程序麻将摆牌","bone":"bg"},{"name":"jionroom_bg","bone":"joinroom_bg"},{"name":"createroom_bg0","bone":"createroom_bg0"},{"name":"fire/fire_01","bone":"fire","blend":"additive"},{"name":"jionroom_bg1","bone":"joinroom_bg1"},{"name":"jionroom_bg2","bone":"joinroom_bg2"},{"name":"jionroom_light1","bone":"joinroom_light1","blend":"additive"},{"name":"jionroom_light2","bone":"joinroom_light2","blend":"additive"},{"name":"jionroom_zhuangshi2","bone":"joinroom_zhuangshi2"},{"name":"jionroom_zhuangshi1","bone":"joinroom_zhuangshi1"},{"name":"createroom_bg1","bone":"createroom_bg1"},{"name":"createroom_bg2","bone":"createroom_bg2"},{"name":"createroom_light1","bone":"createroom_light1","blend":"additive"},{"name":"createroom_light2","bone":"createroom_light2","blend":"additive"},{"name":"createroom_mj1","bone":"createroom_mj1"},{"name":"createroom_mj2","bone":"createroom_mj2"},{"name":"createroom_mj3","bone":"createroom_mj3"},{"name":"hua1","bone":"flower1"},{"name":"hua2","bone":"flower2"},{"name":"hua3","bone":"flower3"}],"skins":[{"name":"default","attachments":{"createroom_bg0":{"createroom_bg0":{"x":-9.5,"y":0.09,"width":356,"height":158}},"createroom_bg1":{"createroom_bg1":{"x":1.35,"y":-7.35,"width":83,"height":95}},"createroom_bg2":{"createroom_bg2":{"x":5.22,"y":-3.51,"width":56,"height":50}},"createroom_light1":{"createroom_light1":{"x":-1.57,"y":1.63,"width":288,"height":341}},"createroom_light2":{"createroom_light2":{"x":0.18,"y":1.77,"width":294,"height":341}},"createroom_mj1":{"createroom_mj1":{"x":-0.24,"y":-25.3,"width":127,"height":114}},"createroom_mj2":{"createroom_mj2":{"x":19.75,"y":2.59,"width":109,"height":70}},"createroom_mj3":{"createroom_mj3":{"x":-10.64,"y":-3.86,"width":39,"height":38}},"fire/fire_01":{"fire/fire_01":{"y":0.5,"width":200,"height":81},"fire/fire_02":{"y":0.5,"width":200,"height":81},"fire/fire_03":{"y":0.5,"width":200,"height":81},"fire/fire_04":{"y":0.5,"width":200,"height":81},"fire/fire_05":{"y":0.5,"width":200,"height":81},"fire/fire_06":{"y":0.5,"width":200,"height":81},"fire/fire_07":{"y":0.5,"width":200,"height":81}},"hua1":{"hua1":{"width":26,"height":24}},"hua2":{"hua2":{"x":0.5,"y":0.5,"width":21,"height":17}},"hua3":{"hua3":{"y":0.5,"width":18,"height":17}},"jionroom_bg":{"jionroom_bg":{"x":-9.5,"y":2.55,"width":356,"height":158}},"jionroom_bg1":{"jionroom_bg1":{"x":-5.65,"y":-6.39,"width":87,"height":98}},"jionroom_bg2":{"jionroom_bg2":{"x":-2.78,"y":-4.05,"width":56,"height":50}},"jionroom_light1":{"jionroom_light1":{"x":-2.18,"y":18.98,"width":288,"height":310}},"jionroom_light2":{"jionroom_light2":{"x":-4.32,"y":0.79,"width":287,"height":341}},"jionroom_zhuangshi1":{"jionroom_zhuangshi1":{"x":-0.07,"y":14.49,"width":100,"height":96}},"jionroom_zhuangshi2":{"jionroom_zhuangshi2":{"x":-1.02,"y":44.04,"width":113,"height":119}}}}],"animations":{"create_room":{"slots":{"createroom_bg0":{"attachment":[{"name":"createroom_bg0"}]},"createroom_bg1":{"attachment":[{"name":"createroom_bg1"}]},"createroom_bg2":{"attachment":[{"name":"createroom_bg2"}]},"createroom_light1":{"attachment":[{"name":"createroom_light1"}]},"createroom_light2":{"color":[{"color":"e4b0ffff"}],"attachment":[{"name":"createroom_light2"}]},"createroom_mj1":{"attachment":[{"name":"createroom_mj1"}]},"createroom_mj2":{"attachment":[{"name":"createroom_mj2"}]},"createroom_mj3":{"attachment":[{"name":"createroom_mj3"}]},"fire/fire_01":{"color":[{"color":"75e5ff20"}],"attachment":[{"name":"fire/fire_01"},{"time":0.1,"name":"fire/fire_02"},{"time":0.2,"name":"fire/fire_03"},{"time":0.3,"name":"fire/fire_04"},{"time":0.4,"name":"fire/fire_05"},{"time":0.5,"name":"fire/fire_06"},{"time":0.6,"name":"fire/fire_07"},{"time":0.7,"name":"fire/fire_01"},{"time":0.8,"name":"fire/fire_02"},{"time":0.9,"name":"fire/fire_03"},{"time":1,"name":"fire/fire_04"},{"time":1.1,"name":"fire/fire_05"},{"time":1.2,"name":"fire/fire_06"},{"time":1.3,"name":"fire/fire_07"},{"time":1.4,"name":"fire/fire_01"},{"time":1.5,"name":"fire/fire_02"},{"time":1.6,"name":"fire/fire_03"},{"time":1.7,"name":"fire/fire_04"},{"time":1.8,"name":"fire/fire_05"},{"time":1.9,"name":"fire/fire_06"},{"time":2,"name":"fire/fire_07"},{"time":2.1,"name":"fire/fire_01"},{"time":2.2,"name":"fire/fire_02"},{"time":2.3,"name":"fire/fire_03"},{"time":2.4,"name":"fire/fire_04"},{"time":2.5,"name":"fire/fire_05"},{"time":2.6,"name":"fire/fire_06"},{"time":2.6667,"name":"fire/fire_07"}]}},"bones":{"createroom_bg1":{"rotate":[{"angle":-0.72,"curve":0.375,"c2":0.62,"c3":0.716},{"time":0.2667,"curve":0.25,"c3":0.75},{"time":1.6,"angle":-5.57,"curve":0.243,"c3":0.68,"c4":0.71},{"time":2.6667,"angle":-0.72}],"translate":[{"y":0.83,"curve":0.375,"c2":0.62,"c3":0.716},{"time":0.2667,"curve":0.25,"c3":0.75},{"time":1.6,"y":6.36,"curve":0.243,"c3":0.68,"c4":0.71},{"time":2.6667,"y":0.83}]},"createroom_bg2":{"rotate":[{"angle":-3.85,"curve":0.381,"c2":0.55,"c3":0.742},{"time":0.5333,"curve":0.25,"c3":0.75},{"time":1.8667,"angle":-10.48,"curve":0.245,"c3":0.637,"c4":0.56},{"time":2.6667,"angle":-3.85}],"translate":[{"y":-10.37,"curve":0.381,"c2":0.55,"c3":0.742},{"time":0.5333,"y":-7.16,"curve":0.25,"c3":0.75},{"time":1.8667,"y":-15.9,"curve":0.245,"c3":0.637,"c4":0.56},{"time":2.6667,"y":-10.37}]},"createroom_light2":{"translate":[{"x":-5.56}]},"createroom_mj1":{"rotate":[{"angle":1.4,"curve":0.363,"c2":0.44,"c3":0.755},{"time":0.8,"angle":-7.55,"curve":0.363,"c2":0.44,"c3":0.755},{"time":2.1333,"angle":6.6,"curve":0.258,"c3":0.619,"c4":0.45},{"time":2.6667,"angle":1.4}],"translate":[{"x":9.37,"y":-4.35,"curve":0.363,"c2":0.44,"c3":0.755},{"time":0.8,"x":6.53,"y":-1.51,"curve":0.363,"c2":0.44,"c3":0.755},{"time":2.1333,"x":11.03,"y":-6,"curve":0.258,"c3":0.619,"c4":0.45},{"time":2.6667,"x":9.37,"y":-4.35}],"scale":[{"x":1.012,"y":1.012,"curve":0.363,"c2":0.44,"c3":0.755},{"time":0.8,"curve":0.25,"c3":0.75},{"time":2.1333,"x":1.02,"y":1.02,"curve":0.258,"c3":0.619,"c4":0.45},{"time":2.6667,"x":1.012,"y":1.012}]},"createroom_mj2":{"rotate":[{"angle":4.16,"curve":0.32,"c2":0.29,"c3":0.757},{"time":1.0667,"curve":0.25,"c3":0.75},{"time":2.4,"angle":4.78,"curve":0.284,"c3":0.625,"c4":0.38},{"time":2.6667,"angle":4.16}],"translate":[{"x":-5.53,"y":4.84,"curve":0.32,"c2":0.29,"c3":0.757},{"time":1.0667,"curve":0.25,"c3":0.75},{"time":2.4,"x":-6.36,"y":5.57,"curve":0.284,"c3":0.625,"c4":0.38},{"time":2.6667,"x":-5.53,"y":4.84}],"scale":[{"x":1.084,"y":1.084,"curve":0.32,"c2":0.29,"c3":0.757},{"time":1.0667,"curve":0.25,"c3":0.75},{"time":2.4,"x":1.096,"y":1.096,"curve":0.284,"c3":0.625,"c4":0.38},{"time":2.6667,"x":1.084,"y":1.084}]},"createroom_mj3":{"rotate":[{"angle":-10.07,"curve":0.25,"c3":0.75},{"time":1.3333,"curve":0.25,"c3":0.75},{"time":2.6667,"angle":-10.07}],"translate":[{"x":-8.74,"y":-4.77,"curve":0.25,"c3":0.75},{"time":1.3333,"curve":0.25,"c3":0.75},{"time":2.6667,"x":-8.74,"y":-4.77}],"scale":[{"x":1.077,"y":1.077,"curve":0.25,"c3":0.75},{"time":1.3333,"curve":0.25,"c3":0.75},{"time":2.6667,"x":1.077,"y":1.077}]},"fire":{"rotate":[{"angle":-8.31}],"translate":[{"x":-4.77,"y":3.94}],"scale":[{"x":1.968,"y":2.583}]}}},"join_room":{"slots":{"fire/fire_01":{"color":[{"color":"00ff2f1a"}],"attachment":[{"name":"fire/fire_01"},{"time":0.1,"name":"fire/fire_02"},{"time":0.2,"name":"fire/fire_03"},{"time":0.3,"name":"fire/fire_04"},{"time":0.4,"name":"fire/fire_05"},{"time":0.5,"name":"fire/fire_06"},{"time":0.6,"name":"fire/fire_07"},{"time":0.7,"name":"fire/fire_01"},{"time":0.8,"name":"fire/fire_02"},{"time":0.9,"name":"fire/fire_03"},{"time":1,"name":"fire/fire_04"},{"time":1.1,"name":"fire/fire_05"},{"time":1.2,"name":"fire/fire_06"},{"time":1.3,"name":"fire/fire_07"},{"time":1.4,"name":"fire/fire_01"},{"time":1.5,"name":"fire/fire_02"},{"time":1.6,"name":"fire/fire_03"},{"time":1.7,"name":"fire/fire_04"},{"time":1.8,"name":"fire/fire_05"},{"time":1.9,"name":"fire/fire_06"},{"time":2,"name":"fire/fire_07"},{"time":2.1,"name":"fire/fire_01"},{"time":2.2,"name":"fire/fire_02"},{"time":2.3,"name":"fire/fire_03"},{"time":2.4,"name":"fire/fire_04"},{"time":2.5,"name":"fire/fire_05"},{"time":2.6,"name":"fire/fire_06"},{"time":2.6667,"name":"fire/fire_07"}]},"hua1":{"color":[{"time":0.4,"color":"ffffff00"},{"time":0.9,"color":"ffffffff","curve":"stepped"},{"time":2,"color":"ffffffff"},{"time":2.5,"color":"ffffff00"}],"attachment":[{"time":0.4,"name":"hua1"}]},"hua2":{"color":[{"time":0.5,"color":"ffffff00"},{"time":1,"color":"ffffffff","curve":"stepped"},{"time":2,"color":"ffffffff"},{"time":2.6667,"color":"ffffff00"}],"attachment":[{"time":0.5,"name":"hua2"}]},"hua3":{"color":[{"color":"ffffff00"},{"time":0.3333,"color":"ffffffff","curve":"stepped"},{"time":1.6667,"color":"ffffffff"},{"time":2,"color":"ffffff00"}],"attachment":[{"name":"hua3"}]},"jionroom_bg":{"attachment":[{"name":"jionroom_bg"}]},"jionroom_bg1":{"attachment":[{"name":"jionroom_bg1"}]},"jionroom_bg2":{"attachment":[{"name":"jionroom_bg2"}]},"jionroom_light1":{"attachment":[{"name":"jionroom_light1"}]},"jionroom_light2":{"attachment":[{"name":"jionroom_light2"}]},"jionroom_zhuangshi1":{"attachment":[{"name":"jionroom_zhuangshi1"}]},"jionroom_zhuangshi2":{"attachment":[{"name":"jionroom_zhuangshi2"}]}},"bones":{"joinroom_bg1":{"rotate":[{"angle":-2.77,"curve":0.375,"c2":0.5,"c3":0.75},{"time":0.6667,"angle":-5.27,"curve":0.25,"c3":0.75},{"time":2,"angle":-0.28,"curve":0.25,"c3":0.625,"c4":0.5},{"time":2.6667,"angle":-2.77}],"translate":[{"x":0.96,"y":2.89,"curve":0.375,"c2":0.5,"c3":0.75},{"time":0.6667,"curve":0.25,"c3":0.75},{"time":2,"x":1.93,"y":5.78,"curve":0.25,"c3":0.625,"c4":0.5},{"time":2.6667,"x":0.96,"y":2.89}]},"joinroom_bg2":{"rotate":[{"angle":-2.78,"curve":0.379,"c2":0.6,"c3":0.724},{"time":0.3333,"curve":0.25,"c3":0.75},{"time":1.6667,"angle":-15.09,"curve":0.242,"c3":0.667,"c4":0.67},{"time":2.6667,"angle":-2.78}],"translate":[{"x":0.46,"y":-5.85,"curve":0.379,"c2":0.6,"c3":0.724},{"time":0.3333,"x":1.28,"y":-5.14,"curve":0.25,"c3":0.75},{"time":1.6667,"x":-3.21,"y":-8.99,"curve":0.242,"c3":0.667,"c4":0.67},{"time":2.6667,"x":0.46,"y":-5.85}],"scale":[{"x":1.024,"y":1.024,"curve":0.379,"c2":0.6,"c3":0.724},{"time":0.3333,"curve":0.25,"c3":0.75},{"time":1.6667,"x":1.128,"y":1.128,"curve":0.242,"c3":0.667,"c4":0.67},{"time":2.6667,"x":1.024,"y":1.024}]},"joinroom_zhuangshi2":{"rotate":[{"curve":0.25,"c3":0.75},{"time":1.3333,"angle":8.11,"curve":0.25,"c3":0.75},{"time":2.6667}],"translate":[{"curve":0.25,"c3":0.75},{"time":1.3333,"x":5.25,"y":7.27,"curve":0.25,"c3":0.75},{"time":2.6667}]},"joinroom_zhuangshi1":{"translate":[{"y":-3.23,"curve":0.25,"c3":0.75},{"time":1.3333,"y":8.08,"curve":0.25,"c3":0.75},{"time":2.6667,"y":-3.23}]},"fire":{"rotate":[{"angle":-8.31}],"translate":[{"x":-4.77,"y":3.94}],"scale":[{"x":1.968,"y":2.583}]},"flower1":{"rotate":[{"time":0.4},{"time":2.5,"angle":174.46}],"translate":[{"time":0.4,"x":-147.62,"y":71.15},{"time":2.5,"x":-100.36,"y":-16.46}],"scale":[{"time":0.4,"x":0.531,"y":0.531}]},"flower2":{"rotate":[{"time":0.5},{"time":2.6667,"angle":178.23}],"translate":[{"time":0.5,"x":-170.45,"y":13.81},{"time":2.6667,"x":-106.73,"y":-70.09}],"scale":[{"time":0.5,"x":0.659,"y":0.659}]},"flower3":{"rotate":[{},{"time":2,"angle":-91.13}],"translate":[{"x":-103.54,"y":66.91},{"time":2,"x":-79.12,"y":-51.51}]}}}}},[0]]],0,0,[0],[-1],[0]]