{"importBase":"import","nativeBase":"native","name":"bacTiengowDBundle","deps":["main","resources"],"uuids":["22kcWrOP9OwrK4MzeAII8j","5bVWTwbqZAP6njPqaukcrP","68mklYGH9Ke6hzD+L8slsr","02E8gutvJALbJYvYLpjL33","020gHFCKdBM6jU7J0TpLRB","0425PhImJArpbKLiabiTmF","05FvcGNTdGQ4DYXpJB3/mG","08t95af4ZA2YFK4UGYdLrX","0brOF/2ClHtaxNil/etn4Q","10FyAIawFGcYyOCxtXXZqX","10nkgK8W1KQbMd/PkBAEft","10xnJmL5FMVIOvso5/drZW","11ce53a28","11zoVtRmpIw7hW+WSQgFfb","12KDX0CQVLfaiM1Mn+XSYE","12eba46a4","13ykflF29KwIUhhMCA5Ega","14nLalIPNOB73wBjPFbx3g","17706fd10","18l/1m8uJAzZkV1tSN5U6/","19qDD2uk1Hv4fnrDscDMEB","1chMF9cjFBEqDBI6tOuM17","1fpZc+doFBgJrg3jRtqXkb","20AsYH2lpDnpudT2uHuJr0","20g8DSkb9F9a/2WwWKby3I","22Oq/w4YJFMrXQm1NdLw0g","24odHCfK5IkorCOCZMcFSA","28R7TECSlFrowTxwrNqcpV","28zh2tbaxECZRZTjlAd/Pn","2a9RnmumtH1oZVQJzprKR8","2d0otSAAhJtqoWvn5Q++gr","2erGA6KzJNabWK94nVmKeS","32MSWOFOpJV4hPKsv1Uy/S","33Q0kYFcZAj4M725kePduf","339XHwAp1My4t9ETPNyAkD","35yLWDApNOHaXyxbVzPem/","36WaK5SMVLoJu9kW2Sef4Q","37HP4PjtVEnoMiLeb7TOFs","37XIBsvpVCRp6lqzAJEgId","37kIyp6O5PobYAAwhzmEH0","38IXkC/4xGArxTPHs4x5Wh","3aMhhvOVJPZpXtJ+aloNy+","3c6VsfalJLfKp1GNReqln6","41Ad+BmbpBnIBoG0nmYiMa","41UcqJvtFJQ4FrBT4ARhNU","43fLIOV2pKPKo755Rmf9A3","44x+IzsAFDvZxZ8RULqCCw","45Q7nWX85OtIymAh+M6X7q","48sGjaaupGRrS2qoypclDZ","59k2gDmW5Lp4fTh484CcEz","5bv2sml19FF5hSyKgxq2/B","5cW65jXGRMCKK8iyWtPM2f","62klB70/1NnJ/d2oodSjzT","65Lki1xK1L4bfzX152+sii","67pKv4DlhPXLDK0suB3UYP","6bWaTIdpNNgIGf4lpxkxdy","6es+2ReXlEKJ+sVzes73ox","6faVLl8WVHhJECwJVQAJwN","6fevJMZs9N8qx8DkIsA/I5","6f0huxu1ZNtrsJGsEPblWV","713MDsuhVPiaRal9aCSDRQ","74riQP1O9PX4fQPDrBRz97","75NBmTX/JO9oJYXKkSF18K","76fzQoE2JK8Z4qs7uYCfpP","77rXNItzdCO7xTzfMIREyj","79I20Ox45FcodtFrHKBHBM","79503ADb9O+oqVTL0otExM","7bIdNd9zlOcITv6nRengYo","7bSQ8rfstH/Jl25dxJf6is","7bbXckTGhBWYwmKgXs9Ja6","7cpi8/mn5K76gzBgHfbBfM","7fQ0Wqb/tKxbkuc1o30cej","81C5BPW/JJd4vrPsnxbBYc","822fg5XpBPuZ3fgQ3dVeOj","83SifE2OhEibmM9+R/O5a1","84FObBFxlDIK2/KqLmHZn5","86LOCjLJxFkr7qX2gxF/9p","87lUUJZ3xMHpZskn/18r0b","89Wqux7l9M/7PokgavQWTl","8apQTOle5LcJVIlJMPE5XQ","8cyqK/+SBHa4sakbnUaXfd","8fR5pc/95Amr78H0rsZrLG","90Fmt0+K5LL4o0OtHEa7dW","92Ye42HCJDB7Dr0D6nkv60","928Nll3d1C0IxwFrUuR31M","93EqSj1UBEf4Zs9kqSlH6a","94kGuGpxZDZ4cSTQ3LgVn3","94t30MJhFKL7Njf46TSUOT","9bdPFSUvNMM5V14AEeWDeI","a1jdSkC31BuZIIvG8+YZ0Z","a13QYCnW9MxYUBhILj56RO","a5BV8RkgRHS4wfR22ZUoxb","a5979NIv9BX79BmuHiB0WV","a76QxmXG9G34q4yJXu9VwE","a76+KawstF/5PF1KXX8gy7","a8q7ndzulOJbl353u9frBF","aa1/wv2X1GJqpAyYJzHgBk","ab698JUhNNjY3PPIPsWQ2y","ab+gFJQldAHL1kzpZmsJz1","aeCrvRaghP9pN8o35ykxpE","b0GLkiQdVO84NbiRH6V3Gq","b1q9VCGxZCvpYS5Kkv0mrN","b2cDYSX9FO7ZMn3c/050Ao","b6FbiJl4RBBYGdfqzD4kSR","b7pE9Ynd1K67xCWggfk8um","b7tEaMMt9KaKhC3gp+oF4b","b9FROJUZFFQrDb5dN/JKds","b99E6+PvZII4C6LjWCb3AS","bbEfgLuERLKbz+hDuazczG","bckIKMbN1IQoYbad2Bw5TU","bfMOp2PWdGAo8cEhnE/OOp","bf2lRtjplHFoZsG2Awfch/","c0MKfQQTRLzLFQcBSO9jCJ","c2JEFWPdNNe7/v7JGE3x1t","c3uPNgunJCsqQzNoUD+0f5","c3yNX2ZTJATo/X2+PgafQV","c37kFUPQ9Bh7jn+nVnxihS","c4QOCIgP1Ir6F4xijRX//d","c7jN8mtYdDyJ1962a1BGz0","cbb/xPHTdP/KFy34YT0JDq","cbxW4bDWFITIR2Lr1TlqKN","d3/pXJj/9Goq/5eavfSJ9h","d58I5kyJNHCpQqJDywRlE3","d6Fm2XDHVK45d2a1Pdj76W","d87ZjnutRCb5QOEHIqtYU5","dau35XRcFBPYQn1Mw/jm/U","dcdllgohpGUKuE4CsaNZ9C","dcdqMrq3dBaLDuIyvS33g5","dco0Ym3m9JlpEE6JaMk3px","de4t2fjdZHnptb3mt8iShn","dfg2KQtExB3Ki9OGZT7L2J","e0t2Jb2M5MmI3IFbbh12vO","e2sBk4Qx5KjoAMXB+gfGHx","e85n2aydpHzJifKYkpcp5O","e9lc9EuuNH1Z8nCDgDeSoF","f4DkqsPPpPsoINz/3Yhvlr","f5UL4M2I5OureRqAaimftY","f7kFcPevRAJZbs2B9lyK5G","f80mi07JFG2Z3G9zLmgzsz","faxfdBQ7pGbZ2O0ptyZAMe","fcRAii+l5JV6k2CeV4b+e6","fcXD/6Mp5P2q61/nvHWjmk","fdpcuEaexF7ouacJSi4kDi","feiXYrh5ZA7aCM+4roFnAI","ffbD1HaWFF3IUx4Fy7yKHx","ffuIqPr2JI9I8dPLYGRDpD","02E8gutvJALbJYvYLpjL33@6c48a","02E8gutvJALbJYvYLpjL33@f9941","020gHFCKdBM6jU7J0TpLRB@6c48a","020gHFCKdBM6jU7J0TpLRB@f9941","02de987e7","0425PhImJArpbKLiabiTmF@6c48a","0425PhImJArpbKLiabiTmF@f9941","05FvcGNTdGQ4DYXpJB3/mG@6c48a","05FvcGNTdGQ4DYXpJB3/mG@f9941","062b13243","06xhqwFgtJAYnsBhyhUoug@f9941","071358465","071444f88","08t95af4ZA2YFK4UGYdLrX@6c48a","08t95af4ZA2YFK4UGYdLrX@f9941","08caa59b5","0aEywwGXNC8ZHFZ6NDcmtq@f9941","0a1yumFUFJjLRk9qPMw/z4","0brOF/2ClHtaxNil/etn4Q@6c48a","0brOF/2ClHtaxNil/etn4Q@f9941","0b0xjPWlFAVq0VmFJ5unMQ@f9941","0cKx9+g+VOCZrxoiqT8ZuW","0cdcd6f61","0e0f8185f","0f85479c8","10FyAIawFGcYyOCxtXXZqX@6c48a","10FyAIawFGcYyOCxtXXZqX@f9941","10nkgK8W1KQbMd/PkBAEft@6c48a","10nkgK8W1KQbMd/PkBAEft@f9941","10xnJmL5FMVIOvso5/drZW@6c48a","10xnJmL5FMVIOvso5/drZW@f9941","11Ah31BnlL3aZZFo8vxwA/@f9941","11ce53a28@6c48a","11zoVtRmpIw7hW+WSQgFfb@6c48a","11zoVtRmpIw7hW+WSQgFfb@f9941","12KDX0CQVLfaiM1Mn+XSYE@6c48a","12KDX0CQVLfaiM1Mn+XSYE@f9941","12eba46a4@6c48a","13dwQ5RY5N5IiZAIIcU8cV@f9941","13ykflF29KwIUhhMCA5Ega@6c48a","13ykflF29KwIUhhMCA5Ega@f9941","14nLalIPNOB73wBjPFbx3g@6c48a","14nLalIPNOB73wBjPFbx3g@f9941","16cqyrtcdDFJtCg94+muIV@f9941","16mVeAGNpFY620rbu9buI8@f9941","17O9OboQdOK7ENMtCRnSeD@f9941","17706fd10@6c48a","18l/1m8uJAzZkV1tSN5U6/@6c48a","18l/1m8uJAzZkV1tSN5U6/@f9941","19hfA7J1JHvLbgzM0Z0Bb8@f9941","19qDD2uk1Hv4fnrDscDMEB@6c48a","19qDD2uk1Hv4fnrDscDMEB@f9941","1a800Gf1tNVppDcIIE2Nt3@f9941","1b3sDuiKRDRpF0pmLsYaR+@f9941","1chMF9cjFBEqDBI6tOuM17@6c48a","1chMF9cjFBEqDBI6tOuM17@f9941","1dgcNa5bBAdpuW+b9QYn9E@f9941","1fW58D6zROCa9kVdg1Pqx6@f9941","1fpZc+doFBgJrg3jRtqXkb@6c48a","1fpZc+doFBgJrg3jRtqXkb@f9941","20AsYH2lpDnpudT2uHuJr0@6c48a","20AsYH2lpDnpudT2uHuJr0@f9941","20YzUl2n9NQ4Wdt4CJXLM7@f9941","20g1ukYUVPvKWKBRznAKo+@f9941","20g8DSkb9F9a/2WwWKby3I@6c48a","20g8DSkb9F9a/2WwWKby3I@f9941","22Oq/w4YJFMrXQm1NdLw0g@6c48a","22Oq/w4YJFMrXQm1NdLw0g@f9941","24odHCfK5IkorCOCZMcFSA@6c48a","24odHCfK5IkorCOCZMcFSA@f9941","259WfOS7tHl57GqCSPBjcK@f9941","28R7TECSlFrowTxwrNqcpV@6c48a","28R7TECSlFrowTxwrNqcpV@f9941","28zh2tbaxECZRZTjlAd/Pn@6c48a","28zh2tbaxECZRZTjlAd/Pn@f9941","2a9RnmumtH1oZVQJzprKR8@6c48a","2a9RnmumtH1oZVQJzprKR8@f9941","2d0otSAAhJtqoWvn5Q++gr@6c48a","2d0otSAAhJtqoWvn5Q++gr@f9941","2erGA6KzJNabWK94nVmKeS@6c48a","2erGA6KzJNabWK94nVmKeS@f9941","2fK+8arSVMMpMIMU7v6kVt@f9941","32MSWOFOpJV4hPKsv1Uy/S@6c48a","32MSWOFOpJV4hPKsv1Uy/S@f9941","32Y+AvTg5O1Y/9P1wMMcwG@f9941","33Q0kYFcZAj4M725kePduf@6c48a","33Q0kYFcZAj4M725kePduf@f9941","339XHwAp1My4t9ETPNyAkD@6c48a","339XHwAp1My4t9ETPNyAkD@f9941","34LTkT6t9L+LlsO66MUq14@f9941","35yLWDApNOHaXyxbVzPem/@6c48a","35yLWDApNOHaXyxbVzPem/@f9941","36WaK5SMVLoJu9kW2Sef4Q@6c48a","36WaK5SMVLoJu9kW2Sef4Q@f9941","37HP4PjtVEnoMiLeb7TOFs@6c48a","37HP4PjtVEnoMiLeb7TOFs@f9941","37XIBsvpVCRp6lqzAJEgId@6c48a","37XIBsvpVCRp6lqzAJEgId@f9941","37kIyp6O5PobYAAwhzmEH0@6c48a","37kIyp6O5PobYAAwhzmEH0@f9941","38IXkC/4xGArxTPHs4x5Wh@6c48a","38IXkC/4xGArxTPHs4x5Wh@f9941","38asI6nnRDlbMSeGbjlNe6@f9941","393CdjrXdE/ajrCX8tNcJU@f9941","3aMhhvOVJPZpXtJ+aloNy+@6c48a","3aMhhvOVJPZpXtJ+aloNy+@f9941","3cPqwfEl9LppjICoaFCd7y","3c6VsfalJLfKp1GNReqln6@6c48a","3c6VsfalJLfKp1GNReqln6@f9941","41Ad+BmbpBnIBoG0nmYiMa@6c48a","41Ad+BmbpBnIBoG0nmYiMa@f9941","41UcqJvtFJQ4FrBT4ARhNU@6c48a","41UcqJvtFJQ4FrBT4ARhNU@f9941","43fLIOV2pKPKo755Rmf9A3@6c48a","43fLIOV2pKPKo755Rmf9A3@f9941","44x+IzsAFDvZxZ8RULqCCw@6c48a","44x+IzsAFDvZxZ8RULqCCw@f9941","45Q7nWX85OtIymAh+M6X7q@6c48a","45Q7nWX85OtIymAh+M6X7q@f9941","457fIps6xBnKpJI0z/llgN@f9941","47a6LCXmNH6Zt4bOUlZIJx@f9941","48sGjaaupGRrS2qoypclDZ@6c48a","48sGjaaupGRrS2qoypclDZ@f9941","4eCTEhr5NHoqddmXwn2BcB@f9941","4fBonA28lHZL9Aw/DTt/46@f9941","4f1pZvYYJJXp5baxuRgn/Y@f9941","54LS2sRUFJA6vX4K0LhR6y@f9941","54TknWPwVPqJqeCR+Y/Czo@f9941","55+jZHA31BwKl+ljQ2ggxe@f9941","59k2gDmW5Lp4fTh484CcEz@6c48a","59k2gDmW5Lp4fTh484CcEz@f9941","594LCPZ35INZca5KOkCOVT@f9941","5bv2sml19FF5hSyKgxq2/B@6c48a","5bv2sml19FF5hSyKgxq2/B@f9941","5cW65jXGRMCKK8iyWtPM2f@6c48a","5cW65jXGRMCKK8iyWtPM2f@f9941","5dvk/kGa5IwZWbSv6zrf3E","5engCTpAZDWpvdXibJSl3v","61uL901QZC66J1Wl8STux8@f9941","61xi0TZMpFX49qnP0qd2RV","62klB70/1NnJ/d2oodSjzT@6c48a","62klB70/1NnJ/d2oodSjzT@f9941","65Lki1xK1L4bfzX152+sii@6c48a","65Lki1xK1L4bfzX152+sii@f9941","67pKv4DlhPXLDK0suB3UYP@6c48a","67pKv4DlhPXLDK0suB3UYP@f9941","67rkG1j6JMKYP3OiCqJBrN@f9941","6ad4g5eCxCZqJQiLy2fOq9@f9941","6bWaTIdpNNgIGf4lpxkxdy@6c48a","6bWaTIdpNNgIGf4lpxkxdy@f9941","6by57tF8VK2rGvUOUn0Lxa@f9941","6colKdavNCCLZZpblYtnz8@f9941","6es+2ReXlEKJ+sVzes73ox@6c48a","6es+2ReXlEKJ+sVzes73ox@f9941","6faVLl8WVHhJECwJVQAJwN@6c48a","6faVLl8WVHhJECwJVQAJwN@f9941","6fevJMZs9N8qx8DkIsA/I5@6c48a","6fevJMZs9N8qx8DkIsA/I5@f9941","6f0huxu1ZNtrsJGsEPblWV@6c48a","6f0huxu1ZNtrsJGsEPblWV@f9941","71XiMJfmpInqOg1iYGfM+u@f9941","713MDsuhVPiaRal9aCSDRQ@6c48a","713MDsuhVPiaRal9aCSDRQ@f9941","74riQP1O9PX4fQPDrBRz97@6c48a","74riQP1O9PX4fQPDrBRz97@f9941","74zMsjX3lGj62UKWw3LjuT@f9941","75NBmTX/JO9oJYXKkSF18K@6c48a","75NBmTX/JO9oJYXKkSF18K@f9941","75TWwsrNdHQ4hRT6LEN0re@f9941","75roTOulhB67TwHKV5E9d0@f9941","76fzQoE2JK8Z4qs7uYCfpP@6c48a","76fzQoE2JK8Z4qs7uYCfpP@f9941","77rXNItzdCO7xTzfMIREyj@6c48a","77rXNItzdCO7xTzfMIREyj@f9941","78I/z1mgdIhb+l9A92nM2+@f9941","79I20Ox45FcodtFrHKBHBM@6c48a","79I20Ox45FcodtFrHKBHBM@f9941","79503ADb9O+oqVTL0otExM@6c48a","79503ADb9O+oqVTL0otExM@f9941","7992RGF2ZMBZOoAsGAyiI3@f9941","7aYppUCYpEuJ7uKI7ErZ6a@f9941","7bIdNd9zlOcITv6nRengYo@6c48a","7bIdNd9zlOcITv6nRengYo@f9941","7bL0BEfR1DW7oCPjDD3XmS@f9941","7bSQ8rfstH/Jl25dxJf6is@6c48a","7bSQ8rfstH/Jl25dxJf6is@f9941","7bbXckTGhBWYwmKgXs9Ja6@6c48a","7bbXckTGhBWYwmKgXs9Ja6@f9941","7cpi8/mn5K76gzBgHfbBfM@6c48a","7cpi8/mn5K76gzBgHfbBfM@f9941","7dIdxIi8pNd5P1oFYDyofS@f9941","7dj5uJT9FMn6OrOOx83tfK@f9941","7eK4vv8w5A+YMANtorGQxs","7fQ0Wqb/tKxbkuc1o30cej@6c48a","7fQ0Wqb/tKxbkuc1o30cej@f9941","81C5BPW/JJd4vrPsnxbBYc@6c48a","81C5BPW/JJd4vrPsnxbBYc@f9941","81GHAJmdxJhbiPHUO367vz@f9941","822fg5XpBPuZ3fgQ3dVeOj@6c48a","822fg5XpBPuZ3fgQ3dVeOj@f9941","8278wBbDRGjIInMMQlPnUU@f9941","83SifE2OhEibmM9+R/O5a1@6c48a","83SifE2OhEibmM9+R/O5a1@f9941","84FObBFxlDIK2/KqLmHZn5@6c48a","84FObBFxlDIK2/KqLmHZn5@f9941","86LOCjLJxFkr7qX2gxF/9p@6c48a","86LOCjLJxFkr7qX2gxF/9p@f9941","87R9FFLRxB4YMN+Wg+oQrX","87lUUJZ3xMHpZskn/18r0b@6c48a","87lUUJZ3xMHpZskn/18r0b@f9941","89OqtuCL5PQoj9JFfWXrcR@f9941","89Wqux7l9M/7PokgavQWTl@6c48a","89Wqux7l9M/7PokgavQWTl@f9941","8apQTOle5LcJVIlJMPE5XQ@6c48a","8apQTOle5LcJVIlJMPE5XQ@f9941","8clRQnfNNHCJLZPDZ6e7r8","8cyqK/+SBHa4sakbnUaXfd@6c48a","8cyqK/+SBHa4sakbnUaXfd@f9941","8dcHjukiRMl4pSXcXGiGu5@f9941","8fR5pc/95Amr78H0rsZrLG@6c48a","8fR5pc/95Amr78H0rsZrLG@f9941","8fhQlcCK5DjIwRCEhDG8om@f9941","90Fmt0+K5LL4o0OtHEa7dW@6c48a","90Fmt0+K5LL4o0OtHEa7dW@f9941","92Ye42HCJDB7Dr0D6nkv60@6c48a","92Ye42HCJDB7Dr0D6nkv60@f9941","928Nll3d1C0IxwFrUuR31M@6c48a","928Nll3d1C0IxwFrUuR31M@f9941","94kGuGpxZDZ4cSTQ3LgVn3@6c48a","94kGuGpxZDZ4cSTQ3LgVn3@f9941","94t30MJhFKL7Njf46TSUOT@6c48a","94t30MJhFKL7Njf46TSUOT@f9941","95EkngnxZFbYuFpsqVTaFr@f9941","986ebY8NdH2IipIMHMI8T+","99t+H++RVO3q+lpyS4t8x6","9bdPFSUvNMM5V14AEeWDeI@6c48a","9bdPFSUvNMM5V14AEeWDeI@f9941","9eX0CUPBpHipPSBwTcDij4@f9941","9fYjYN+YlNZoRVgo60+HpC@f9941","a1jdSkC31BuZIIvG8+YZ0Z@6c48a","a1jdSkC31BuZIIvG8+YZ0Z@f9941","a13QYCnW9MxYUBhILj56RO@6c48a","a13QYCnW9MxYUBhILj56RO@f9941","a3jiIy22JJWqvEpvdNW4L6@f9941","a5BV8RkgRHS4wfR22ZUoxb@6c48a","a5BV8RkgRHS4wfR22ZUoxb@f9941","a5979NIv9BX79BmuHiB0WV@6c48a","a5979NIv9BX79BmuHiB0WV@f9941","a76QxmXG9G34q4yJXu9VwE@6c48a","a76QxmXG9G34q4yJXu9VwE@f9941","a76+KawstF/5PF1KXX8gy7@6c48a","a76+KawstF/5PF1KXX8gy7@f9941","a8ZajNkxlLX5KcZjBjfhnf@f9941","a8q7ndzulOJbl353u9frBF@6c48a","a8q7ndzulOJbl353u9frBF@f9941","a9vO2GBWpJgazbBPZiz4tE","aa1/wv2X1GJqpAyYJzHgBk@6c48a","aa1/wv2X1GJqpAyYJzHgBk@f9941","aa5FcRzzpJ6YDXX6I8Qarm@f9941","aa9hMJytxJELgsdkrR+Ly1@f9941","aa+Xl4ZYlN656CxUK6ZLa3","ab698JUhNNjY3PPIPsWQ2y@6c48a","ab698JUhNNjY3PPIPsWQ2y@f9941","ab+gFJQldAHL1kzpZmsJz1@6c48a","ab+gFJQldAHL1kzpZmsJz1@f9941","adV/Mog+dHSrJq3SZ078NP@f9941","aeCrvRaghP9pN8o35ykxpE@6c48a","aeCrvRaghP9pN8o35ykxpE@f9941","aeJbk4/IBACZVl/75uF9qm@f9941","b0GLkiQdVO84NbiRH6V3Gq@6c48a","b0GLkiQdVO84NbiRH6V3Gq@f9941","b1q9VCGxZCvpYS5Kkv0mrN@6c48a","b1q9VCGxZCvpYS5Kkv0mrN@f9941","b2cDYSX9FO7ZMn3c/050Ao@6c48a","b2cDYSX9FO7ZMn3c/050Ao@f9941","b2c0VohzhNI6S3R8n8WHml","b2hvSd+m5Jb5GjavS4tVFt","b6FbiJl4RBBYGdfqzD4kSR@6c48a","b6FbiJl4RBBYGdfqzD4kSR@f9941","b6LlTjsjhJLbZDc455t5TR@f9941","b7Y7TvJ1REJpT3ftlu7BSg@f9941","b7pE9Ynd1K67xCWggfk8um@6c48a","b7pE9Ynd1K67xCWggfk8um@f9941","b7tEaMMt9KaKhC3gp+oF4b@6c48a","b7tEaMMt9KaKhC3gp+oF4b@f9941","b9FROJUZFFQrDb5dN/JKds@6c48a","b9FROJUZFFQrDb5dN/JKds@f9941","b99E6+PvZII4C6LjWCb3AS@6c48a","b99E6+PvZII4C6LjWCb3AS@f9941","bbEfgLuERLKbz+hDuazczG@6c48a","bbEfgLuERLKbz+hDuazczG@f9941","bckIKMbN1IQoYbad2Bw5TU@6c48a","bckIKMbN1IQoYbad2Bw5TU@f9941","bfMOp2PWdGAo8cEhnE/OOp@6c48a","bfMOp2PWdGAo8cEhnE/OOp@f9941","bf2lRtjplHFoZsG2Awfch/@6c48a","bf2lRtjplHFoZsG2Awfch/@f9941","c0MKfQQTRLzLFQcBSO9jCJ@6c48a","c0MKfQQTRLzLFQcBSO9jCJ@f9941","c10aQI9QVCrbx+7I3z1BSE@f9941","c2JEFWPdNNe7/v7JGE3x1t@6c48a","c2JEFWPdNNe7/v7JGE3x1t@f9941","c21N7sFFJLp51I9KKJOXrQ","c3uPNgunJCsqQzNoUD+0f5@6c48a","c3uPNgunJCsqQzNoUD+0f5@f9941","c3yNX2ZTJATo/X2+PgafQV@6c48a","c3yNX2ZTJATo/X2+PgafQV@f9941","c37kFUPQ9Bh7jn+nVnxihS@6c48a","c37kFUPQ9Bh7jn+nVnxihS@f9941","c4QOCIgP1Ir6F4xijRX//d@6c48a","c4QOCIgP1Ir6F4xijRX//d@f9941","c6J/hD3+lPwI6Vjusykbay@f9941","c6LwSzBE9EWphfzwku4R27@f9941","c7tF4hetRHc5wVk0W+vp8X@f9941","c8fENYK2dKBacq20vcQFOo@f9941","cabwPMrelF2rdl7RnzNrpf","cbb/xPHTdP/KFy34YT0JDq@6c48a","cbb/xPHTdP/KFy34YT0JDq@f9941","cbxW4bDWFITIR2Lr1TlqKN@6c48a","cbxW4bDWFITIR2Lr1TlqKN@f9941","ccgRy7udZEFasFP4LFPI/r@f9941","cd+W3oYuRMqKSGCO48Cmvr","d2WlLv9oNJmqxbsV2VBJD8@f9941","d3/pXJj/9Goq/5eavfSJ9h@6c48a","d3/pXJj/9Goq/5eavfSJ9h@f9941","d5Pw1aiZpJs6ZIx6yWba/4@f9941","d58I5kyJNHCpQqJDywRlE3@6c48a","d58I5kyJNHCpQqJDywRlE3@f9941","d6Fm2XDHVK45d2a1Pdj76W@6c48a","d6Fm2XDHVK45d2a1Pdj76W@f9941","d6+YznK2xGB419rCrqJnZ+@f9941","d87ZjnutRCb5QOEHIqtYU5@6c48a","d87ZjnutRCb5QOEHIqtYU5@f9941","d8+MyVYs1BToc1aCbwxZwC@f9941","dau35XRcFBPYQn1Mw/jm/U@6c48a","dau35XRcFBPYQn1Mw/jm/U@f9941","dbJA7uyxJGSI0tOBdZAXDV@f9941","db3SFsTs9ERpwAPuJlX5RH","dcGiMk4yVG1Z17zPD37Ksk@f9941","dcdllgohpGUKuE4CsaNZ9C@6c48a","dcdllgohpGUKuE4CsaNZ9C@f9941","dcdqMrq3dBaLDuIyvS33g5@6c48a","dcdqMrq3dBaLDuIyvS33g5@f9941","dco0Ym3m9JlpEE6JaMk3px@6c48a","dco0Ym3m9JlpEE6JaMk3px@f9941","dc8dpzMHBKIZSxkOK0psm4@f9941","ddOBDwKQ1MAojPCmtgXCnj@f9941","ddPt3CeHdDgKAxW2+pHu2Z","deSxtvxSxAs6qBYFtv00f9@f9941","deaaM7WnNBtpuC3Xo8s1zF","det4+VA+pNnILw2KBto15G@f9941","de4t2fjdZHnptb3mt8iShn@6c48a","de4t2fjdZHnptb3mt8iShn@f9941","dfIR5itY9CHLBZnPWx47bp@f9941","dfg2KQtExB3Ki9OGZT7L2J@6c48a","dfg2KQtExB3Ki9OGZT7L2J@f9941","e0CofzVjRC/YB7cqyAJ2um@f9941","e0t2Jb2M5MmI3IFbbh12vO@6c48a","e0t2Jb2M5MmI3IFbbh12vO@f9941","e2sBk4Qx5KjoAMXB+gfGHx@6c48a","e2sBk4Qx5KjoAMXB+gfGHx@f9941","e28RDkGfxIG4CKPAZgK1+K","e3WzFOkCZN7YKP+PYzP1AX@f9941","e7vlsR7oVOBo300IniKsoZ@f9941","e85n2aydpHzJifKYkpcp5O@6c48a","e85n2aydpHzJifKYkpcp5O@f9941","e9lc9EuuNH1Z8nCDgDeSoF@6c48a","e9lc9EuuNH1Z8nCDgDeSoF@f9941","edb2MrbPtLz7vyihILya6U@f9941","eetFN/z+VK0IaFzEVk3TXI","efGBqlUhVLcaJyGzgHDCvp@f9941","f1d4qcPsVABrUi/WjjJiaz@f9941","f2BvzbovtI0JJ6N8bVxfoM@f9941","f4DkqsPPpPsoINz/3Yhvlr@6c48a","f4DkqsPPpPsoINz/3Yhvlr@f9941","f5UL4M2I5OureRqAaimftY@6c48a","f5UL4M2I5OureRqAaimftY@f9941","f7J1uPEMlH45fJNvZJpprm@f9941","f7kFcPevRAJZbs2B9lyK5G@6c48a","f7kFcPevRAJZbs2B9lyK5G@f9941","f8L9RW34BBQJ6DLbag33RF@f9941","f80mi07JFG2Z3G9zLmgzsz@6c48a","f80mi07JFG2Z3G9zLmgzsz@f9941","f8+uDEOF1Au4sjvSNbwZcK","f9Siz+/y5GUKHHf0o647b2@f9941","faxfdBQ7pGbZ2O0ptyZAMe@6c48a","faxfdBQ7pGbZ2O0ptyZAMe@f9941","fbgeA0VGBBBKyV2nPRkvZp","fcRAii+l5JV6k2CeV4b+e6@6c48a","fcRAii+l5JV6k2CeV4b+e6@f9941","fcXD/6Mp5P2q61/nvHWjmk@6c48a","fcXD/6Mp5P2q61/nvHWjmk@f9941","fcrXRPl7dLfqIW/XJ7VrXL","fcv7g6OR9DsK5JhBDPw1zk@f9941","fdpcuEaexF7ouacJSi4kDi@6c48a","fdpcuEaexF7ouacJSi4kDi@f9941","feiXYrh5ZA7aCM+4roFnAI@6c48a","feiXYrh5ZA7aCM+4roFnAI@f9941","ffbD1HaWFF3IUx4Fy7yKHx@6c48a","ffbD1HaWFF3IUx4Fy7yKHx@f9941","ffuIqPr2JI9I8dPLYGRDpD@6c48a","ffuIqPr2JI9I8dPLYGRDpD@f9941"],"paths":{"1":["bacTiengowDGameScene",0,1],"2":["bacTiengowDGameScenePC",0,1]},"scenes":{"db://assets/games/bacTiengowD/bacTiengowDGameScene.scene":1,"db://assets/games/bacTiengowD/bacTiengowDGameScenePC.scene":2},"packs":{"02de987e7":[147,149,152,176,182,188,194,201,207,213,0,220,222,226,229,232,237,239,245,247,254,260,262,264,268,1,279,281,282,283,285,295,299,301,305,308,319,322,324,331,333,335,338,340,342,345,348,352,355,358,360,369,373,379,388,400,403,408,410,418,424,428,430,436,438,447,452,454,456,118,463,465,467,470,473,475,478,481,483,486,488,490,498,504,511,515,520,522,525,528,529,532,533,535,537,538,541,545],"062b13243":[184,190,0,230,235,265,269,272,277,284,292,325,389,414,466],"071358465":[191,0,320,482,491,494,508,514,517],"071444f88":[160,165,172,174,180,186,197,205,211,215,218,224,234,241,243,251,256,258,276,287,289,291,2,303,310,313,328,350,353,363,366,371,375,377,382,386,391,393,395,397,401,413,416,420,421,432,434,440,442,444,448,450,461,495,501,506,513,543,547],"08caa59b5":[156,177,199,248,270,118,530],"0cdcd6f61":[154,167],"0e0f8185f":[164,200,204,221,148,223,225,250,253,151,278,280,294,298,302,300,304,332,327,330,334,339,359,159,362,365,381,175,178,179,183,185,196,214,219,233,236,261,267,290,307,309,318,323,344,372,376,173,187,146,212,240,242,259,153,288,316,341,347,351,357,193,206,210,217,238,255,257,263,349,370,192,244,321,368,374,181,228,286,171,231,246,275,312,354,387,392,394,396,399,385,390,402,407,409,412,417,427,429,433,415,423,419,431,435,437,439,441,449,451,453,443,455,446,462,464,469,472,477,474,480,487,485,489,497,500,503,505,510,512,527,519,521,524,531,536,534,540,542,544,546],"0f85479c8":[163,252,317]},"versions":{"import":[3,"a2533",4,"a2533",150,"145f8",5,"a2533",6,"a2533",155,"d2bd9",157,"50fed",158,"5536d",7,"a2533",161,"9fa8d",8,"a2533",168,"a0046",169,"0badc",170,"7b6a2",9,"a2533",10,"a2533",11,"a2533",12,"c1514",13,"a2533",14,"a2533",15,"22f7e",16,"a2533",17,"a2533",18,"10f4f",19,"a2533",20,"a2533",21,"a2533",22,"a2533",23,"a2533",24,"a2533",25,"a2533",26,"a2533",27,"a2533",28,"a2533",29,"a2533",30,"a2533",31,"a2533",32,"a2533",33,"a2533",34,"a2533",35,"a2533",36,"a2533",37,"a2533",38,"a2533",39,"a2533",40,"a2533",41,"a2533",42,"a2533",43,"a2533",44,"a2533",45,"a2533",46,"a2533",47,"a2533",48,"a2533",49,"a2533",50,"a2533",51,"a2533",52,"a2533",53,"a2533",54,"a2533",55,"a2533",56,"a2533",57,"a2533",58,"a2533",59,"a2533",60,"a2533",61,"a2533",62,"a2533",63,"a2533",64,"a2533",65,"a2533",66,"a2533",67,"a2533",68,"a2533",69,"a2533",70,"a2533",71,"a2533",72,"a2533",73,"a2533",74,"a2533",75,"a2533",76,"a2533",77,"a2533",78,"a2533",79,"a2533",80,"a2533",81,"a2533",82,"a2533",83,"a2533",84,"a2533",86,"a2533",87,"a2533",88,"a2533",89,"a2533",90,"a2533",91,"a2533",92,"a2533",93,"a2533",94,"a2533",95,"a2533",96,"a2533",97,"a2533",98,"a2533",99,"a2533",100,"a2533",101,"a2533",102,"a2533",103,"a2533",104,"a2533",105,"a2533",106,"a2533",107,"a2533",108,"a2533",109,"a2533",110,"a2533",111,"a2533",112,"a2533",113,"a2533",114,"a2533",115,"a2533",116,"a2533",117,"a2533",119,"a2533",120,"a2533",121,"a2533",122,"a2533",123,"a2533",124,"a2533",125,"a2533",126,"a2533",127,"a2533",128,"a2533",129,"a2533",130,"a2533",131,"a2533",132,"a2533",133,"a2533",134,"a2533",135,"a2533",136,"a2533",137,"a2533",138,"a2533",139,"a2533",140,"a2533",141,"a2533",142,"a2533",143,"a2533",144,"a2533",145,"a2533"],"native":[3,"de7ab",4,"f5aea",5,"cbed1",6,"338df",7,"4412a",8,"440c4",9,"2ed4a",10,"a291e",11,"c9691",12,"a2aeb",13,"12aef",14,"effac",15,"1ba40",16,"8cb5e",17,"8f78e",18,"097ca",19,"196c4",20,"2cbb2",21,"12b1b",22,"cfe7d",23,"e96e3",24,"b4a25",25,"f21ca",26,"6ba03",27,"0f3fc",28,"af79b",29,"d4496",30,"f6a0a",31,"6a001",32,"4218e",33,"fe425",34,"581d8",35,"85e6a",36,"afd53",37,"00e93",38,"b1978",39,"7c998",40,"3b642",41,"83bdf",42,"86514",43,"14d73",44,"672ee",45,"6d792",46,"3ee22",47,"d7b2b",48,"27ca2",49,"0ea76",50,"b9b08",51,"bc5d7",52,"2e117",53,"c7d36",54,"66176",55,"2e31e",56,"f17c5",57,"28bc9",58,"fe571",59,"0792e",60,"9be18",61,"829bb",62,"a2b7f",63,"73f40",64,"6d792",65,"e84b9",66,"1edba",67,"8f4bc",68,"9f0cb",69,"6de88",70,"2cfe1",71,"70d56",72,"d6dc2",73,"781eb",74,"b070b",75,"a4257",76,"88489",77,"0a5df",78,"ad921",79,"33181",80,"53ebe",81,"6cef2",82,"44782",83,"b7fd3",84,"81fac",86,"25d5d",87,"ac927",88,"82a7d",89,"5098c",90,"411fb",91,"a3590",92,"9a431",93,"4617a",94,"9e086",95,"83e56",96,"050cf",97,"2106a",98,"af79b",99,"1d6a5",100,"26764",101,"dbe4f",102,"5470a",103,"b58b8",104,"6de88",105,"b070b",106,"8c337",107,"90126",108,"494e2",109,"f768b",110,"f1f93",111,"610b6",112,"f3164",113,"654a1",114,"28e5b",115,"9bf84",116,"7a6ff",117,"a70a9",119,"857a7",120,"9db1f",121,"fbfba",122,"ddc89",123,"543b5",124,"6af93",125,"0677e",126,"93d21",127,"c3a1f",128,"1cf6c",129,"125cd",130,"d86ae",131,"d6c97",132,"8ebdc",133,"a5ea9",134,"e0076",135,"c45ce",136,"283e7",137,"00ecb",138,"90be7",139,"f9aae",140,"80fee",141,"c1608",142,"18a4c",143,"ec6cc",144,"f6d44",145,"6d707"]},"redirect":[162,"0",166,"0",189,"0",195,"0",198,"0",202,"0",203,"0",208,"1",209,"1",216,"0",227,"0",249,"1",266,"0",271,"0",273,"1",274,"1",293,"0",296,"0",297,"0",306,"0",311,"0",314,"0",315,"0",326,"0",329,"0",336,"0",337,"1",343,"1",346,"0",356,"0",361,"0",364,"0",367,"0",85,"0",378,"1",380,"0",383,"0",384,"0",398,"0",404,"0",405,"0",406,"0",411,"1",422,"0",425,"0",426,"0",445,"0",457,"0",458,"0",459,"0",460,"0",468,"0",471,"0",476,"0",479,"0",484,"0",492,"0",493,"0",496,"1",499,"0",502,"0",507,"0",509,"1",516,"0",518,"0",523,"1",526,"0",539,"0"],"debug":false,"extensionMap":{".cconb":[85]},"hasPreloadScript":true,"dependencyRelationships":{},"types":["cc.SceneAsset"]}