[1,["faxfdBQ7pGbZ2O0ptyZAMe@f9941","aa1/wv2X1GJqpAyYJzHgBk@f9941","14nLalIPNOB73wBjPFbx3g@6c48a","20AsYH2lpDnpudT2uHuJr0@6c48a","2erGA6KzJNabWK94nVmKeS@6c48a","33Q0kYFcZAj4M725kePduf@6c48a","35yLWDApNOHaXyxbVzPem/@6c48a","38IXkC/4xGArxTPHs4x5Wh@6c48a","44x+IzsAFDvZxZ8RULqCCw@6c48a","5cW65jXGRMCKK8iyWtPM2f@6c48a","6es+2ReXlEKJ+sVzes73ox@6c48a","6faVLl8WVHhJECwJVQAJwN@6c48a","713MDsuhVPiaRal9aCSDRQ@6c48a","713MDsuhVPiaRal9aCSDRQ@f9941","f4DkqsPPpPsoINz/3Yhvlr@f9941","20g1ukYUVPvKWKBRznAKo+@f9941","54TknWPwVPqJqeCR+Y/Czo@f9941","95EkngnxZFbYuFpsqVTaFr@f9941","cbb/xPHTdP/KFy34YT0JDq@f9941","f7kFcPevRAJZbs2B9lyK5G@f9941","44x+IzsAFDvZxZ8RULqCCw@f9941","dco0Ym3m9JlpEE6JaMk3px@f9941","33Q0kYFcZAj4M725kePduf@f9941","d6Fm2XDHVK45d2a1Pdj76W@f9941","38IXkC/4xGArxTPHs4x5Wh@f9941","5cW65jXGRMCKK8iyWtPM2f@f9941","6es+2ReXlEKJ+sVzes73ox@f9941","de4t2fjdZHnptb3mt8iShn@f9941","a13QYCnW9MxYUBhILj56RO@f9941","87lUUJZ3xMHpZskn/18r0b@f9941","bbEfgLuERLKbz+hDuazczG@f9941","2erGA6KzJNabWK94nVmKeS@f9941","35yLWDApNOHaXyxbVzPem/@f9941","822fg5XpBPuZ3fgQ3dVeOj@f9941","fcRAii+l5JV6k2CeV4b+e6@f9941","a8q7ndzulOJbl353u9frBF@f9941","14nLalIPNOB73wBjPFbx3g@f9941","d3/pXJj/9Goq/5eavfSJ9h@f9941","6faVLl8WVHhJECwJVQAJwN@f9941","cbxW4bDWFITIR2Lr1TlqKN@f9941","20AsYH2lpDnpudT2uHuJr0@f9941","822fg5XpBPuZ3fgQ3dVeOj@6c48a","87lUUJZ3xMHpZskn/18r0b@6c48a","a13QYCnW9MxYUBhILj56RO@6c48a","a8q7ndzulOJbl353u9frBF@6c48a","aa1/wv2X1GJqpAyYJzHgBk@6c48a","bbEfgLuERLKbz+hDuazczG@6c48a","cbb/xPHTdP/KFy34YT0JDq@6c48a","cbxW4bDWFITIR2Lr1TlqKN@6c48a","d3/pXJj/9Goq/5eavfSJ9h@6c48a","d6Fm2XDHVK45d2a1Pdj76W@6c48a","dco0Ym3m9JlpEE6JaMk3px@6c48a","de4t2fjdZHnptb3mt8iShn@6c48a","f4DkqsPPpPsoINz/3Yhvlr@6c48a","f7kFcPevRAJZbs2B9lyK5G@6c48a","faxfdBQ7pGbZ2O0ptyZAMe@6c48a","fcRAii+l5JV6k2CeV4b+e6@6c48a"],["_textureSource","node","_spriteFrame","root","selectBtn","coinLabel","nameLabel","giftIcon","_target","data","_normalSprite","_hoverSprite","_pressedSprite","_disabledSprite"],["cc.SpriteFrame",["cc.Node",["_name","_layer","_active","_components","_prefab","_children","_parent","_lpos"],0,9,4,2,1,5],["cc.Sprite",["_sizeMode","_type","_isTrimmedMode","node","__prefab","_spriteFrame","_color"],0,1,4,6,5],["cc.Node",["_name","_layer","_parent","_components","_prefab","_lpos"],1,1,12,4,5],["7d795ek4Y9IBaP3eFUt53yg",["node","__prefab","giftIcon","nameLabel","coinLabel","selectBtn","iconSpriteFrames"],3,1,4,1,1,1,1,3],["cc.Button",["_transition","node","__prefab","clickEvents","_normalColor","_target","_normalSprite","_hoverSprite","_pressedSprite","_disabledSprite"],2,1,4,9,5,1,6,6,6,6],["cc.Label",["_string","_actualFontSize","_fontSize","_lineHeight","_cacheMode","node","__prefab","_color"],-2,1,4,5],["cc.Prefab",["_name"],2],["cc.UITransform",["node","__prefab","_contentSize"],3,1,4,5],["cc.CompPrefabInfo",["fileId"],2],["cc.PrefabInfo",["fileId","instance","targetOverrides","nestedPrefabInstanceRoots","root","asset"],-1,1,1],["cc.ClickEvent",["_componentId","handler","target"],1,1]],[[9,0,2],[8,0,1,2,1],[10,0,1,2,3,4,5,5],[1,0,1,6,3,4,7,3],[3,0,1,2,3,4,5,3],[11,0,1,2,3],[6,0,1,2,3,4,5,6,6],[7,0,2],[1,0,1,5,3,4,7,3],[1,0,2,1,6,5,3,4,4],[1,0,1,6,5,3,4,3],[3,0,1,2,3,4,3],[4,0,1,2,3,4,5,6,1],[4,0,1,1],[2,1,0,3,4,6,5,3],[2,0,3,4,5,2],[2,3,4,5,1],[2,0,2,3,4,3],[5,0,1,2,3,4,5,6,7,8,9,2],[5,1,2,3,1],[6,0,1,2,3,4,5,6,7,6]],[[[{"name":"gift3","rect":{"x":16,"y":3,"width":41,"height":69},"offset":{"x":0,"y":-1},"originalSize":{"width":73,"height":73},"rotated":false,"capInsets":[0,0,0,0],"vertices":{"rawPosition":[-20.5,-34.5,0,20.5,-34.5,0,-20.5,34.5,0,20.5,34.5,0],"indexes":[0,1,2,2,1,3],"uv":[16,70,57,70,16,1,57,1],"nuv":[0.2191780821917808,0.0136986301369863,0.7808219178082192,0.0136986301369863,0.2191780821917808,0.958904109589041,0.7808219178082192,0.958904109589041],"minPos":{"x":-20.5,"y":-34.5,"z":0},"maxPos":{"x":20.5,"y":34.5,"z":0}},"packable":true,"pixelsToUnit":100,"pivot":{"x":0.5,"y":0.5},"meshType":0}],[0],0,[0],[0],[2]],[[{"name":"gift8","rect":{"x":6,"y":16,"width":62,"height":51},"offset":{"x":0.5,"y":-5},"originalSize":{"width":73,"height":73},"rotated":false,"capInsets":[0,0,0,0],"vertices":{"rawPosition":[-31,-25.5,0,31,-25.5,0,-31,25.5,0,31,25.5,0],"indexes":[0,1,2,2,1,3],"uv":[6,57,68,57,6,6,68,6],"nuv":[0.0821917808219178,0.0821917808219178,0.9315068493150684,0.0821917808219178,0.0821917808219178,0.7808219178082192,0.9315068493150684,0.7808219178082192],"minPos":{"x":-31,"y":-25.5,"z":0},"maxPos":{"x":31,"y":25.5,"z":0}},"packable":true,"pixelsToUnit":100,"pivot":{"x":0.5,"y":0.5},"meshType":0}],[0],0,[0],[0],[3]],[[{"name":"gift14","rect":{"x":20,"y":20,"width":53,"height":53},"offset":{"x":10,"y":-10},"originalSize":{"width":73,"height":73},"rotated":false,"capInsets":[0,0,0,0],"vertices":{"rawPosition":[-26.5,-26.5,0,26.5,-26.5,0,-26.5,26.5,0,26.5,26.5,0],"indexes":[0,1,2,2,1,3],"uv":[20,53,73,53,20,0,73,0],"nuv":[0.273972602739726,0,1,0,0.273972602739726,0.726027397260274,1,0.726027397260274],"minPos":{"x":-26.5,"y":-26.5,"z":0},"maxPos":{"x":26.5,"y":26.5,"z":0}},"packable":true,"pixelsToUnit":100,"pivot":{"x":0.5,"y":0.5},"meshType":0}],[0],0,[0],[0],[4]],[[{"name":"gift21","rect":{"x":4,"y":9,"width":63,"height":60},"offset":{"x":-1,"y":-2.5},"originalSize":{"width":73,"height":73},"rotated":false,"capInsets":[0,0,0,0],"vertices":{"rawPosition":[-31.5,-30,0,31.5,-30,0,-31.5,30,0,31.5,30,0],"indexes":[0,1,2,2,1,3],"uv":[4,64,67,64,4,4,67,4],"nuv":[0.0547945205479452,0.0547945205479452,0.9178082191780822,0.0547945205479452,0.0547945205479452,0.8767123287671232,0.9178082191780822,0.8767123287671232],"minPos":{"x":-31.5,"y":-30,"z":0},"maxPos":{"x":31.5,"y":30,"z":0}},"packable":true,"pixelsToUnit":100,"pivot":{"x":0.5,"y":0.5},"meshType":0}],[0],0,[0],[0],[5]],[[{"name":"gift15","rect":{"x":1,"y":11,"width":70,"height":54},"offset":{"x":-0.5,"y":-1.5},"originalSize":{"width":73,"height":73},"rotated":false,"capInsets":[0,0,0,0],"vertices":{"rawPosition":[-35,-27,0,35,-27,0,-35,27,0,35,27,0],"indexes":[0,1,2,2,1,3],"uv":[1,62,71,62,1,8,71,8],"nuv":[0.0136986301369863,0.1095890410958904,0.9726027397260274,0.1095890410958904,0.0136986301369863,0.8493150684931506,0.9726027397260274,0.8493150684931506],"minPos":{"x":-35,"y":-27,"z":0},"maxPos":{"x":35,"y":27,"z":0}},"packable":true,"pixelsToUnit":100,"pivot":{"x":0.5,"y":0.5},"meshType":0}],[0],0,[0],[0],[6]],[[{"name":"gift23","rect":{"x":10,"y":6,"width":59,"height":63},"offset":{"x":3,"y":-1},"originalSize":{"width":73,"height":73},"rotated":false,"capInsets":[0,0,0,0],"vertices":{"rawPosition":[-29.5,-31.5,0,29.5,-31.5,0,-29.5,31.5,0,29.5,31.5,0],"indexes":[0,1,2,2,1,3],"uv":[10,67,69,67,10,4,69,4],"nuv":[0.136986301369863,0.0547945205479452,0.9452054794520548,0.0547945205479452,0.136986301369863,0.9178082191780822,0.9452054794520548,0.9178082191780822],"minPos":{"x":-29.5,"y":-31.5,"z":0},"maxPos":{"x":29.5,"y":31.5,"z":0}},"packable":true,"pixelsToUnit":100,"pivot":{"x":0.5,"y":0.5},"meshType":0}],[0],0,[0],[0],[7]],[[{"name":"gift19","rect":{"x":0,"y":9,"width":73,"height":64},"offset":{"x":0,"y":-4.5},"originalSize":{"width":73,"height":73},"rotated":false,"capInsets":[0,0,0,0],"vertices":{"rawPosition":[-36.5,-32,0,36.5,-32,0,-36.5,32,0,36.5,32,0],"indexes":[0,1,2,2,1,3],"uv":[0,64,73,64,0,0,73,0],"nuv":[0,0,1,0,0,0.8767123287671232,1,0.8767123287671232],"minPos":{"x":-36.5,"y":-32,"z":0},"maxPos":{"x":36.5,"y":32,"z":0}},"packable":true,"pixelsToUnit":100,"pivot":{"x":0.5,"y":0.5},"meshType":0}],[0],0,[0],[0],[8]],[[{"name":"gift24","rect":{"x":7,"y":0,"width":55,"height":72},"offset":{"x":-2,"y":0.5},"originalSize":{"width":73,"height":73},"rotated":false,"capInsets":[0,0,0,0],"vertices":{"rawPosition":[-27.5,-36,0,27.5,-36,0,-27.5,36,0,27.5,36,0],"indexes":[0,1,2,2,1,3],"uv":[7,73,62,73,7,1,62,1],"nuv":[0.0958904109589041,0.0136986301369863,0.8493150684931506,0.0136986301369863,0.0958904109589041,1,0.8493150684931506,1],"minPos":{"x":-27.5,"y":-36,"z":0},"maxPos":{"x":27.5,"y":36,"z":0}},"packable":true,"pixelsToUnit":100,"pivot":{"x":0.5,"y":0.5},"meshType":0}],[0],0,[0],[0],[9]],[[{"name":"gift9","rect":{"x":6,"y":1,"width":57,"height":71},"offset":{"x":-2,"y":0},"originalSize":{"width":73,"height":73},"rotated":false,"capInsets":[0,0,0,0],"vertices":{"rawPosition":[-28.5,-35.5,0,28.5,-35.5,0,-28.5,35.5,0,28.5,35.5,0],"indexes":[0,1,2,2,1,3],"uv":[6,72,63,72,6,1,63,1],"nuv":[0.0821917808219178,0.0136986301369863,0.863013698630137,0.0136986301369863,0.0821917808219178,0.9863013698630136,0.863013698630137,0.9863013698630136],"minPos":{"x":-28.5,"y":-35.5,"z":0},"maxPos":{"x":28.5,"y":35.5,"z":0}},"packable":true,"pixelsToUnit":100,"pivot":{"x":0.5,"y":0.5},"meshType":0}],[0],0,[0],[0],[10]],[[{"name":"gift5","rect":{"x":1,"y":2,"width":69,"height":71},"offset":{"x":-1,"y":-1},"originalSize":{"width":73,"height":73},"rotated":false,"capInsets":[0,0,0,0],"vertices":{"rawPosition":[-34.5,-35.5,0,34.5,-35.5,0,-34.5,35.5,0,34.5,35.5,0],"indexes":[0,1,2,2,1,3],"uv":[1,71,70,71,1,0,70,0],"nuv":[0.0136986301369863,0,0.958904109589041,0,0.0136986301369863,0.9726027397260274,0.958904109589041,0.9726027397260274],"minPos":{"x":-34.5,"y":-35.5,"z":0},"maxPos":{"x":34.5,"y":35.5,"z":0}},"packable":true,"pixelsToUnit":100,"pivot":{"x":0.5,"y":0.5},"meshType":0}],[0],0,[0],[0],[11]],[[{"name":"Frame 560","rect":{"x":0,"y":0,"width":110,"height":110},"offset":{"x":0,"y":0},"originalSize":{"width":110,"height":110},"rotated":false,"capInsets":[0,0,0,0],"vertices":{"rawPosition":[-55,-55,0,55,-55,0,-55,55,0,55,55,0],"indexes":[0,1,2,2,1,3],"uv":[0,110,110,110,0,0,110,0],"nuv":[0,0,1,0,0,1,1,1],"minPos":{"x":-55,"y":-55,"z":0},"maxPos":{"x":55,"y":55,"z":0}},"packable":true,"pixelsToUnit":100,"pivot":{"x":0.5,"y":0.5},"meshType":0}],[0],0,[0],[0],[12]],[[[7,"giftItem"],[8,"giftItem",33554432,[-8,-9,-10,-11],[[1,-2,[0,"63Vhr5sSlJ1oIxIirjt4Hh"],[5,90,90]],[12,-7,[0,"59XdFNdZRK3pZ46ig4Yn9V"],-6,-5,-4,-3,[7,8,9,10,11,12,13,14,15,16,17,18,19,20,21,22,23,24,25,26,27,28,29,30]]],[2,"05CvGSUWJPaq/wvPi3M/o2",null,null,null,-1,0],[1,-255,5,0]],[9,"selectButton",false,33554432,1,[-16,-17],[[1,-12,[0,"2b4Ju6/FtFlZQmykZxMHk3"],[5,90,90]],[14,1,0,-13,[0,"0345fQLKJKKo/j21wMLE0u"],[4,4292269782],2],[18,1,-15,[0,"c9LaQyXkVCMpLEw/s3GH9R"],[[5,"7d795ek4Y9IBaP3eFUt53yg","sendGiftBtnClicked",1]],[4,4292269782],-14,3,4,5,6]],[2,"43j+EokJRAYrfpYT+uyi65",null,null,null,1,0]],[10,"giftBg",33554432,1,[-21],[[1,-18,[0,"5eCt9QlIpJt5N6P+m3/Wvq"],[5,90,90]],[15,0,-19,[0,"eaqrWsf/JMjIDRDLUkKehO"],0],[19,-20,[0,"38xvau8AFF1aUe6iOi1Ruh"],[[5,"7d795ek4Y9IBaP3eFUt53yg","selectBtnClicked",1]]]],[2,"59OHO5InlG0ayjWsegTtMt",null,null,null,1,0]],[3,"Label",33554432,2,[[1,-22,[0,"780kOkbjhFqaHFF5kTWKYK"],[5,40,20]],[6,"贈禮",20,20,20,2,-23,[0,"2agJiYC+xEEocYubagW9OJ"]],[13,-24,[0,"6eqmNCgSNAV4ivRI7Scz/A"]]],[2,"24B1PIl6VAUotnZUZjOdKm",null,null,null,1,0],[1,0,-24.83,0]],[11,"gift",33554432,3,[[[1,-25,[0,"39PVxF0spPDa7lGDu/mVLr"],[5,73,73]],-26],4,1],[2,"adr+RQFdZO5adzkNJOigIc",null,null,null,1,0]],[4,"nameLabel",33554432,1,[[[1,-27,[0,"edTCvw001HdK9Htr1w3Jvh"],[5,32.24,20]],-28],4,1],[2,"5ciZqf5epPNrP4enK1LMO8",null,null,null,1,0],[1,0,-55.442,0]],[4,"coinLabel",33554432,1,[[[1,-29,[0,"dbAdJIv8BAsJDq+W96K+uQ"],[5,44.48,20]],-30],4,1],[2,"034aX0vUhId6N73yW4iyvC",null,null,null,1,0],[1,-0.732,-76.72,0]],[3,"Frame 104",33554432,2,[[1,-31,[0,"eb0CgBT81G9q5p+QG9mGXb"],[5,74,30]],[16,-32,[0,"bdV3FLVw9IJr4e/yLtcjms"],1]],[2,"00IdLW+RtAvLigtarR/FuE",null,null,null,1,0],[1,0,-25.284,0]],[17,2,false,5,[0,"727sM74uBJlZ1w7k5MmhP8"]],[6,"test",20,20,20,2,6,[0,"c28w9HcVhP/pn/j/sQudzT"]],[20,"1000",20,20,20,2,7,[0,"c9/Da25LxBfqsZ0U9HRTkC"],[4,4286368767]]],0,[0,3,1,0,1,1,0,4,2,0,5,11,0,6,10,0,7,9,0,1,1,0,-1,3,0,-2,6,0,-3,7,0,-4,2,0,1,2,0,1,2,0,8,2,0,1,2,0,-1,8,0,-2,4,0,1,3,0,1,3,0,1,3,0,-1,5,0,1,4,0,1,4,0,1,4,0,1,5,0,-2,9,0,1,6,0,-2,10,0,1,7,0,-2,11,0,1,8,0,1,8,0,9,1,32],[0,0,0,0,0,0,0,0,0,0,0,0,0,0,0,0,0,0,0,0,0,0,0,0,0,0,0,0,0,0,0,9],[2,2,2,10,11,12,13,-1,-2,-3,-4,-5,-6,-7,-8,-9,-10,-11,-12,-13,-14,-15,-16,-17,-18,-19,-20,-21,-22,-23,-24,2],[13,14,0,0,15,16,17,18,19,20,21,22,23,24,25,26,27,28,29,30,31,32,33,34,35,36,37,38,1,39,40,1]],[[{"name":"gift16","rect":{"x":3,"y":2,"width":65,"height":70},"offset":{"x":-1,"y":-0.5},"originalSize":{"width":73,"height":73},"rotated":false,"capInsets":[0,0,0,0],"vertices":{"rawPosition":[-32.5,-35,0,32.5,-35,0,-32.5,35,0,32.5,35,0],"indexes":[0,1,2,2,1,3],"uv":[3,71,68,71,3,1,68,1],"nuv":[0.0410958904109589,0.0136986301369863,0.9315068493150684,0.0136986301369863,0.0410958904109589,0.9726027397260274,0.9315068493150684,0.9726027397260274],"minPos":{"x":-32.5,"y":-35,"z":0},"maxPos":{"x":32.5,"y":35,"z":0}},"packable":true,"pixelsToUnit":100,"pivot":{"x":0.5,"y":0.5},"meshType":0}],[0],0,[0],[0],[41]],[[{"name":"gift12","rect":{"x":4,"y":1,"width":68,"height":70},"offset":{"x":1.5,"y":0.5},"originalSize":{"width":73,"height":73},"rotated":false,"capInsets":[0,0,0,0],"vertices":{"rawPosition":[-34,-35,0,34,-35,0,-34,35,0,34,35,0],"indexes":[0,1,2,2,1,3],"uv":[4,72,72,72,4,2,72,2],"nuv":[0.0547945205479452,0.0273972602739726,0.9863013698630136,0.0273972602739726,0.0547945205479452,0.9863013698630136,0.9863013698630136,0.9863013698630136],"minPos":{"x":-34,"y":-35,"z":0},"maxPos":{"x":34,"y":35,"z":0}},"packable":true,"pixelsToUnit":100,"pivot":{"x":0.5,"y":0.5},"meshType":0}],[0],0,[0],[0],[42]],[[{"name":"gift11","rect":{"x":1,"y":10,"width":71,"height":53},"offset":{"x":0,"y":0},"originalSize":{"width":73,"height":73},"rotated":false,"capInsets":[0,0,0,0],"vertices":{"rawPosition":[-35.5,-26.5,0,35.5,-26.5,0,-35.5,26.5,0,35.5,26.5,0],"indexes":[0,1,2,2,1,3],"uv":[1,63,72,63,1,10,72,10],"nuv":[0.0136986301369863,0.136986301369863,0.9863013698630136,0.136986301369863,0.0136986301369863,0.863013698630137,0.9863013698630136,0.863013698630137],"minPos":{"x":-35.5,"y":-26.5,"z":0},"maxPos":{"x":35.5,"y":26.5,"z":0}},"packable":true,"pixelsToUnit":100,"pivot":{"x":0.5,"y":0.5},"meshType":0}],[0],0,[0],[0],[43]],[[{"name":"gift2","rect":{"x":12,"y":8,"width":53,"height":62},"offset":{"x":2,"y":-2.5},"originalSize":{"width":73,"height":73},"rotated":false,"capInsets":[0,0,0,0],"vertices":{"rawPosition":[-26.5,-31,0,26.5,-31,0,-26.5,31,0,26.5,31,0],"indexes":[0,1,2,2,1,3],"uv":[12,65,65,65,12,3,65,3],"nuv":[0.1643835616438356,0.0410958904109589,0.8904109589041096,0.0410958904109589,0.1643835616438356,0.8904109589041096,0.8904109589041096,0.8904109589041096],"minPos":{"x":-26.5,"y":-31,"z":0},"maxPos":{"x":26.5,"y":31,"z":0}},"packable":true,"pixelsToUnit":100,"pivot":{"x":0.5,"y":0.5},"meshType":0}],[0],0,[0],[0],[44]],[[{"name":"gift6","rect":{"x":11,"y":2,"width":51,"height":70},"offset":{"x":0,"y":-0.5},"originalSize":{"width":73,"height":73},"rotated":false,"capInsets":[0,0,0,0],"vertices":{"rawPosition":[-25.5,-35,0,25.5,-35,0,-25.5,35,0,25.5,35,0],"indexes":[0,1,2,2,1,3],"uv":[11,71,62,71,11,1,62,1],"nuv":[0.1506849315068493,0.0136986301369863,0.8493150684931506,0.0136986301369863,0.1506849315068493,0.9726027397260274,0.8493150684931506,0.9726027397260274],"minPos":{"x":-25.5,"y":-35,"z":0},"maxPos":{"x":25.5,"y":35,"z":0}},"packable":true,"pixelsToUnit":100,"pivot":{"x":0.5,"y":0.5},"meshType":0}],[0],0,[0],[0],[45]],[[{"name":"gift13","rect":{"x":8,"y":2,"width":61,"height":71},"offset":{"x":2,"y":-1},"originalSize":{"width":73,"height":73},"rotated":false,"capInsets":[0,0,0,0],"vertices":{"rawPosition":[-30.5,-35.5,0,30.5,-35.5,0,-30.5,35.5,0,30.5,35.5,0],"indexes":[0,1,2,2,1,3],"uv":[8,71,69,71,8,0,69,0],"nuv":[0.1095890410958904,0,0.9452054794520548,0,0.1095890410958904,0.9726027397260274,0.9452054794520548,0.9726027397260274],"minPos":{"x":-30.5,"y":-35.5,"z":0},"maxPos":{"x":30.5,"y":35.5,"z":0}},"packable":true,"pixelsToUnit":100,"pivot":{"x":0.5,"y":0.5},"meshType":0}],[0],0,[0],[0],[46]],[[{"name":"gift17","rect":{"x":3,"y":1,"width":68,"height":70},"offset":{"x":0.5,"y":0.5},"originalSize":{"width":73,"height":73},"rotated":false,"capInsets":[0,0,0,0],"vertices":{"rawPosition":[-34,-35,0,34,-35,0,-34,35,0,34,35,0],"indexes":[0,1,2,2,1,3],"uv":[3,72,71,72,3,2,71,2],"nuv":[0.0410958904109589,0.0273972602739726,0.9726027397260274,0.0273972602739726,0.0410958904109589,0.9863013698630136,0.9726027397260274,0.9863013698630136],"minPos":{"x":-34,"y":-35,"z":0},"maxPos":{"x":34,"y":35,"z":0}},"packable":true,"pixelsToUnit":100,"pivot":{"x":0.5,"y":0.5},"meshType":0}],[0],0,[0],[0],[47]],[[{"name":"gift7","rect":{"x":9,"y":5,"width":55,"height":68},"offset":{"x":0,"y":-2.5},"originalSize":{"width":73,"height":73},"rotated":false,"capInsets":[0,0,0,0],"vertices":{"rawPosition":[-27.5,-34,0,27.5,-34,0,-27.5,34,0,27.5,34,0],"indexes":[0,1,2,2,1,3],"uv":[9,68,64,68,9,0,64,0],"nuv":[0.1232876712328767,0,0.8767123287671232,0,0.1232876712328767,0.9315068493150684,0.8767123287671232,0.9315068493150684],"minPos":{"x":-27.5,"y":-34,"z":0},"maxPos":{"x":27.5,"y":34,"z":0}},"packable":true,"pixelsToUnit":100,"pivot":{"x":0.5,"y":0.5},"meshType":0}],[0],0,[0],[0],[48]],[[{"name":"gift4","rect":{"x":9,"y":8,"width":58,"height":57},"offset":{"x":1.5,"y":0},"originalSize":{"width":73,"height":73},"rotated":false,"capInsets":[0,0,0,0],"vertices":{"rawPosition":[-29,-28.5,0,29,-28.5,0,-29,28.5,0,29,28.5,0],"indexes":[0,1,2,2,1,3],"uv":[9,65,67,65,9,8,67,8],"nuv":[0.1232876712328767,0.1095890410958904,0.9178082191780822,0.1095890410958904,0.1232876712328767,0.8904109589041096,0.9178082191780822,0.8904109589041096],"minPos":{"x":-29,"y":-28.5,"z":0},"maxPos":{"x":29,"y":28.5,"z":0}},"packable":true,"pixelsToUnit":100,"pivot":{"x":0.5,"y":0.5},"meshType":0}],[0],0,[0],[0],[49]],[[{"name":"gift22","rect":{"x":2,"y":0,"width":71,"height":68},"offset":{"x":1,"y":2.5},"originalSize":{"width":73,"height":73},"rotated":false,"capInsets":[0,0,0,0],"vertices":{"rawPosition":[-35.5,-34,0,35.5,-34,0,-35.5,34,0,35.5,34,0],"indexes":[0,1,2,2,1,3],"uv":[2,73,73,73,2,5,73,5],"nuv":[0.0273972602739726,0.0684931506849315,1,0.0684931506849315,0.0273972602739726,1,1,1],"minPos":{"x":-35.5,"y":-34,"z":0},"maxPos":{"x":35.5,"y":34,"z":0}},"packable":true,"pixelsToUnit":100,"pivot":{"x":0.5,"y":0.5},"meshType":0}],[0],0,[0],[0],[50]],[[{"name":"gift20","rect":{"x":4,"y":14,"width":65,"height":52},"offset":{"x":0,"y":-3.5},"originalSize":{"width":73,"height":73},"rotated":false,"capInsets":[0,0,0,0],"vertices":{"rawPosition":[-32.5,-26,0,32.5,-26,0,-32.5,26,0,32.5,26,0],"indexes":[0,1,2,2,1,3],"uv":[4,59,69,59,4,7,69,7],"nuv":[0.0547945205479452,0.0958904109589041,0.9452054794520548,0.0958904109589041,0.0547945205479452,0.8082191780821918,0.9452054794520548,0.8082191780821918],"minPos":{"x":-32.5,"y":-26,"z":0},"maxPos":{"x":32.5,"y":26,"z":0}},"packable":true,"pixelsToUnit":100,"pivot":{"x":0.5,"y":0.5},"meshType":0}],[0],0,[0],[0],[51]],[[{"name":"gift10","rect":{"x":1,"y":9,"width":69,"height":55},"offset":{"x":-1,"y":0},"originalSize":{"width":73,"height":73},"rotated":false,"capInsets":[0,0,0,0],"vertices":{"rawPosition":[-34.5,-27.5,0,34.5,-27.5,0,-34.5,27.5,0,34.5,27.5,0],"indexes":[0,1,2,2,1,3],"uv":[1,64,70,64,1,9,70,9],"nuv":[0.0136986301369863,0.1232876712328767,0.958904109589041,0.1232876712328767,0.0136986301369863,0.8767123287671232,0.958904109589041,0.8767123287671232],"minPos":{"x":-34.5,"y":-27.5,"z":0},"maxPos":{"x":34.5,"y":27.5,"z":0}},"packable":true,"pixelsToUnit":100,"pivot":{"x":0.5,"y":0.5},"meshType":0}],[0],0,[0],[0],[52]],[[{"name":"Frame 104","rect":{"x":0,"y":0,"width":74,"height":30},"offset":{"x":0,"y":0},"originalSize":{"width":74,"height":30},"rotated":false,"capInsets":[0,0,0,0],"vertices":{"rawPosition":[-37,-15,0,37,-15,0,-37,15,0,37,15,0],"indexes":[0,1,2,2,1,3],"uv":[0,30,74,30,0,0,74,0],"nuv":[0,0,1,0,0,1,1,1],"minPos":{"x":-37,"y":-15,"z":0},"maxPos":{"x":37,"y":15,"z":0}},"packable":true,"pixelsToUnit":100,"pivot":{"x":0.5,"y":0.5},"meshType":0}],[0],0,[0],[0],[53]],[[{"name":"gift18","rect":{"x":5,"y":16,"width":68,"height":56},"offset":{"x":2.5,"y":-7.5},"originalSize":{"width":73,"height":73},"rotated":false,"capInsets":[0,0,0,0],"vertices":{"rawPosition":[-34,-28,0,34,-28,0,-34,28,0,34,28,0],"indexes":[0,1,2,2,1,3],"uv":[5,57,73,57,5,1,73,1],"nuv":[0.0684931506849315,0.0136986301369863,1,0.0136986301369863,0.0684931506849315,0.7808219178082192,1,0.7808219178082192],"minPos":{"x":-34,"y":-28,"z":0},"maxPos":{"x":34,"y":28,"z":0}},"packable":true,"pixelsToUnit":100,"pivot":{"x":0.5,"y":0.5},"meshType":0}],[0],0,[0],[0],[54]],[[{"name":"Frame 555","rect":{"x":0,"y":0,"width":110,"height":110},"offset":{"x":0,"y":0},"originalSize":{"width":110,"height":110},"rotated":false,"capInsets":[0,0,0,0],"vertices":{"rawPosition":[-55,-55,0,55,-55,0,-55,55,0,55,55,0],"indexes":[0,1,2,2,1,3],"uv":[0,110,110,110,0,0,110,0],"nuv":[0,0,1,0,0,1,1,1],"minPos":{"x":-55,"y":-55,"z":0},"maxPos":{"x":55,"y":55,"z":0}},"packable":true,"pixelsToUnit":100,"pivot":{"x":0.5,"y":0.5},"meshType":0}],[0],0,[0],[0],[55]],[[{"name":"gift1","rect":{"x":4,"y":19,"width":68,"height":53},"offset":{"x":1.5,"y":-9},"originalSize":{"width":73,"height":73},"rotated":false,"capInsets":[0,0,0,0],"vertices":{"rawPosition":[-34,-26.5,0,34,-26.5,0,-34,26.5,0,34,26.5,0],"indexes":[0,1,2,2,1,3],"uv":[4,54,72,54,4,1,72,1],"nuv":[0.0547945205479452,0.0136986301369863,0.9863013698630136,0.0136986301369863,0.0547945205479452,0.7397260273972602,0.9863013698630136,0.7397260273972602],"minPos":{"x":-34,"y":-26.5,"z":0},"maxPos":{"x":34,"y":26.5,"z":0}},"packable":true,"pixelsToUnit":100,"pivot":{"x":0.5,"y":0.5},"meshType":0}],[0],0,[0],[0],[56]]]]
