{"importBase":"import","nativeBase":"native","name":"bacNiuniuSBundle","deps":["main","resources"],"uuids":["28zh2tbaxECZRZTjlAd/Pn","3492T8rcpMsovAO4RwyVfC","3b7z5RspFJnZMp/84M3mBX","41T/DB2xRCsoTxxAvI8gK9","43fLIOV2pKPKo755Rmf9A3","94Cj8bcexCqZZbm2bUEZVO","b7pE9Ynd1K67xCWggfk8um","b7tEaMMt9KaKhC3gp+oF4b","c6yM1waZFJCZgNp0uSuM/D","e52Cs4nrFJY4AGDlZVSQJN","005UCUyyRFNotZ6ZnSO/Dj","01Jxfo4wRCSrKyk9IoyU+i","02E8gutvJALbJYvYLpjL33","02kkBvMs5N7KE0jsPKB6BO","020gHFCKdBM6jU7J0TpLRB","03aRBLKilDQZf1qZCvL6IE","03l0HrdRxMTbEcUr7BMDO7","0425PhImJArpbKLiabiTmF","05FvcGNTdGQ4DYXpJB3/mG","08t95af4ZA2YFK4UGYdLrX","09Hi/e0ZNLYqwkF4amjkzb","09O5jzpg9BCbjPIHiZw3Da","0brOF/2ClHtaxNil/etn4Q","10FyAIawFGcYyOCxtXXZqX","10nkgK8W1KQbMd/PkBAEft","10xnJmL5FMVIOvso5/drZW","106RmgYz1PDL6QwSfhoHDs","11OgrGIT1HlbpH70ksAk2V","11zoVtRmpIw7hW+WSQgFfb","12KDX0CQVLfaiM1Mn+XSYE","13ykflF29KwIUhhMCA5Ega","14g2ZE0olLHpm7TWZ7e+cV","14nLalIPNOB73wBjPFbx3g","19qDD2uk1Hv4fnrDscDMEB","1bq7yxfGlAJIBrqH4f01C+","1bwvEj/CJIQ6RnYmxgsekg","1chMF9cjFBEqDBI6tOuM17","1fpZc+doFBgJrg3jRtqXkb","20AsYH2lpDnpudT2uHuJr0","20g8DSkb9F9a/2WwWKby3I","209sg8RU9DDqFOdOL9ByIz","23V4984klG+IyKiqt8Fni2","23yEalyuVO4Z/B1OgMVGKz","24QxLqQRxN45qGqS3aZdWa","24gH2D5eFLJ6k+f2GLMxuG","24odHCfK5IkorCOCZMcFSA","25Lfe096tN8oe6MWenADYM","28R7TECSlFrowTxwrNqcpV","28zh2tbaxECZRZTjlAd/Pn@6c48a","28zh2tbaxECZRZTjlAd/Pn@f9941","2aDM7BVTlGmY6MO8/n/8As","2a9RnmumtH1oZVQJzprKR8","2dreVSWhNERr0OePeKTn46","2d0otSAAhJtqoWvn5Q++gr","2erGA6KzJNabWK94nVmKeS","31HLAtqJxIcKuElQxK66Yq","31XEVCFCVIVLRuoc7buOt7","31oJhFqC1IWbfkkYpxQjb6","32MSWOFOpJV4hPKsv1Uy/S","33Q0kYFcZAj4M725kePduf","33Q/xC24dMxokVtQa5TRjk","339XHwAp1My4t9ETPNyAkD","3492T8rcpMsovAO4RwyVfC@6c48a","3492T8rcpMsovAO4RwyVfC@f9941","35yLWDApNOHaXyxbVzPem/","36J0l9KjFKPqvbcKf+5pIz","36WaK5SMVLoJu9kW2Sef4Q","37XIBsvpVCRp6lqzAJEgId","37kIyp6O5PobYAAwhzmEH0","38IXkC/4xGArxTPHs4x5Wh","38tcJ2KCRGOqSog4rNldqC","38ygr1ygRC5ogbFnQEQXlV","39/ekt9XBOK6LUa9dY3ZHZ","3aMhhvOVJPZpXtJ+aloNy+","3b7z5RspFJnZMp/84M3mBX@6c48a","3b7z5RspFJnZMp/84M3mBX@f9941","3cGlRjtrZFzpVJGrYWN/+Z","3c0qJBtElDX6XTqyrwoEzQ","3c6VsfalJLfKp1GNReqln6","41Ad+BmbpBnIBoG0nmYiMa","41T/DB2xRCsoTxxAvI8gK9@6c48a","41T/DB2xRCsoTxxAvI8gK9@f9941","41UcqJvtFJQ4FrBT4ARhNU","42Jt6o5FdMtbvS3iegz3Zx","43fLIOV2pKPKo755Rmf9A3@6c48a","43fLIOV2pKPKo755Rmf9A3@f9941","435e77r81Ls4HIahrnoOv1","44x+IzsAFDvZxZ8RULqCCw","45t13wflpBCLtrGD7ucc27","460YvnTplPX60b0rX1+Yrg","46/DqyOlJMKqYfiumDzX2D","47zrFDEORH25eRd8NiIBT1","48sGjaaupGRrS2qoypclDZ","49DfMBAgBOSIQn9DMerM93","4cWFIboJlMdrrBDKq5OhB1","4ctarzMntJKbtB2DaM/xio","4dKwDP/qNPgq8crbNwsfxN","4fRtWiMAVFWZsRmfNwboKN","4f850dcwJJKbiH2CvChA+w","51aKviL5ZM/rk72UjRdsYk","52x9HEs/dAOIwR49hhRPVp","53F7YyYr5JQq0FzycgdjDj","54SQaKynJI2Jgztmi9KBqR","55LbaxtLlGYYHDl1a+9B4b","59k2gDmW5Lp4fTh484CcEz","5azX0ZC5dG5YC/DQn49CDS","5bRicLCYVGXoIQNpZD+rt/","5bv2sml19FF5hSyKgxq2/B","5cW65jXGRMCKK8iyWtPM2f","5eR224NGROiogkOCU6xLX1","5fcZV57QBH76hV5kPozWs4","60iBQkxyNKbpqGME9ck7+Z","62KpCKOn9EcZ8L4op2Gixz","640P626thDfaOdlH3bkSon","65Lki1xK1L4bfzX152+sii","67YewG9S1Ls7/F2knnHgX+","67pKv4DlhPXLDK0suB3UYP","68KiXUUMhKHYXAziVEqBvS","6ayisYMdRIr55uu0Wo9e/m","6es+2ReXlEKJ+sVzes73ox","6faVLl8WVHhJECwJVQAJwN","6fevJMZs9N8qx8DkIsA/I5","6fqoIGdzZNrZcjglG2auP1","71aexCqFFABKIQt1HOUWqy","713MDsuhVPiaRal9aCSDRQ","71/nzIxvlOZrPDSSplrZjX","73kWikp3NMYpLKKm9DXk5t","74ctquamJLa4ANntp1TL60","74riQP1O9PX4fQPDrBRz97","75NBmTX/JO9oJYXKkSF18K","78NmKQ06tJj76KGki1a2iF","79I20Ox45FcodtFrHKBHBM","79503ADb9O+oqVTL0otExM","7bC/j/1UNFG5q/XVywVeCh","7bIdNd9zlOcITv6nRengYo","7bMI7QaFRK/pVTxz79kz2w","7fQ0Wqb/tKxbkuc1o30cej","822fg5XpBPuZ3fgQ3dVeOj","83CPeamIVL1Ys3R6qpM9sR","84FObBFxlDIK2/KqLmHZn5","84Nup2cPdAWIZFOhuvb3We","86LOCjLJxFkr7qX2gxF/9p","87lUUJZ3xMHpZskn/18r0b","89Wqux7l9M/7PokgavQWTl","8apQTOle5LcJVIlJMPE5XQ","8cGORCCLFBD4yCQhcCXf3e","8cyqK/+SBHa4sakbnUaXfd","8fR5pc/95Amr78H0rsZrLG","90Fmt0+K5LL4o0OtHEa7dW","928Nll3d1C0IxwFrUuR31M","93EqSj1UBEf4Zs9kqSlH6a","94FSNmC+JCvalnQx2/Tmqv","94kGuGpxZDZ4cSTQ3LgVn3","94t30MJhFKL7Njf46TSUOT","95XLWIuuhFvbb7vD0pJ+Ah","99mVQGGcdKr6FiD3BikvOQ","9bX1tBhvZPELQI/mMwuQJQ","9dLqGRhgtM14mp3+iJ+Ad8","9dz0vvP9VJ3qdoXvtGJXkT","9fMCtKeAdKl4NoAhbMeCtT","a1jdSkC31BuZIIvG8+YZ0Z","a13QYCnW9MxYUBhILj56RO","a5BV8RkgRHS4wfR22ZUoxb","a5CWOn0opM74izQpkn+Gh1","a76QxmXG9G34q4yJXu9VwE","a76+KawstF/5PF1KXX8gy7","a8pG155iFMXrXDguGrU6In","a8q7ndzulOJbl353u9frBF","aaIPIW975Mv6QOkMabaumf","aa1/wv2X1GJqpAyYJzHgBk","b0GLkiQdVO84NbiRH6V3Gq","b19jka+7FO+J3whRYYxmku","b2HjDsWT5MUL59n+Ib/jh4","b2cDYSX9FO7ZMn3c/050Ao","b2jA19ZjVFY5BQocFlL7Ix","b3mb1mGL9Nq5hbGAXZCEld","b6FbiJl4RBBYGdfqzD4kSR","b7pE9Ynd1K67xCWggfk8um@6c48a","b7pE9Ynd1K67xCWggfk8um@f9941","b7tEaMMt9KaKhC3gp+oF4b@6c48a","b7tEaMMt9KaKhC3gp+oF4b@f9941","b7xGD0yiRCRYIJzyijn6XZ","b72vWdQHFGDLhBqb8gkXyF","b9FROJUZFFQrDb5dN/JKds","bbEfgLuERLKbz+hDuazczG","bcStKZwhFNMIwtAbUIgdcx","bfMOp2PWdGAo8cEhnE/OOp","bfWzzmWu1NpoYuhL2E0oHB","bf00/YKQ5Ht4nLDd/0zq2Z","c0ICSjtSRAJ44dtn0a2xHF","c0MKfQQTRLzLFQcBSO9jCJ","c1EU4AJddDeLNLIypgqAQz","c2JEFWPdNNe7/v7JGE3x1t","c3uPNgunJCsqQzNoUD+0f5","c3yNX2ZTJATo/X2+PgafQV","c37kFUPQ9Bh7jn+nVnxihS","c4QOCIgP1Ir6F4xijRX//d","c48jbkAJhFrYvuLRLJvo4A","c5ukk6V+xOnrXPAaXs+iUR","c6yM1waZFJCZgNp0uSuM/D@6c48a","c6yM1waZFJCZgNp0uSuM/D@f9941","c7bbZPS+tM9JrWFsjWXnC5","c8QeWafXpME7mEoI+OV8Tz","caHCvFKPNEGpaE5iOheRRZ","cbb/xPHTdP/KFy34YT0JDq","cbxW4bDWFITIR2Lr1TlqKN","cdZuva+/RL4LdMhkwj71a1","ce6KxuyhVNqKc2JEC7PAxD","cfrl0fictCuLpeBGFATaHy","d3/pXJj/9Goq/5eavfSJ9h","d58I5kyJNHCpQqJDywRlE3","d6Fm2XDHVK45d2a1Pdj76W","d87ZjnutRCb5QOEHIqtYU5","damuslejpH7YiL+YDnoWzO","dau35XRcFBPYQn1Mw/jm/U","dcPvI0BYJAQry6+efJ1a2B","dcc1gWlXlNjaH9wiIbHn43","dcdllgohpGUKuE4CsaNZ9C","dco0Ym3m9JlpEE6JaMk3px","de4t2fjdZHnptb3mt8iShn","dfg2KQtExB3Ki9OGZT7L2J","e0Qn5YDidFwL6EyQDL3Bmp","e0t2Jb2M5MmI3IFbbh12vO","e0y2FFtYFGboP2W7MLIkSS","e15dyVAzNF242aUncH37Y0","e4AHZDTOhDhISMc8xv7XUY","e5XVDCPF5IM5wcgsXfau/R","e78lu3ezxDKoro8L97gGFe","e8uPuM0EdNgZYenPju9Pdy","e85n2aydpHzJifKYkpcp5O","e9lc9EuuNH1Z8nCDgDeSoF","ebUp7hkKtLX5XlI0QHPPHs","ebwiWi52xHj5HDt8mCHWjm","ecexRSviNAVY/v4A/DPSse","ec5Bt7erhCP73pToGVKx5M","eeuW4AnP9HE7DIRN8yDpcy","ee60J504tIr7JbLyla3DFs","f1vy851PdMh7E1gjiB1DU4","f3SzoyrIJGTo6+k8bIHPJL","f4DkqsPPpPsoINz/3Yhvlr","f5UL4M2I5OureRqAaimftY","f7kFcPevRAJZbs2B9lyK5G","faYN3F9LJAZKFDXhq/0lGX","faxfdBQ7pGbZ2O0ptyZAMe","fcRAii+l5JV6k2CeV4b+e6","ffbD1HaWFF3IUx4Fy7yKHx","ffuIqPr2JI9I8dPLYGRDpD","005UCUyyRFNotZ6ZnSO/Dj@6c48a","005UCUyyRFNotZ6ZnSO/Dj@f9941","01Jxfo4wRCSrKyk9IoyU+i@6c48a","01Jxfo4wRCSrKyk9IoyU+i@f9941","02E8gutvJALbJYvYLpjL33@6c48a","02E8gutvJALbJYvYLpjL33@f9941","02kkBvMs5N7KE0jsPKB6BO@6c48a","02kkBvMs5N7KE0jsPKB6BO@f9941","020gHFCKdBM6jU7J0TpLRB@6c48a","020gHFCKdBM6jU7J0TpLRB@f9941","027OFhmglBoIv7w+jzf2Zc","02/5lydMRA8oJSutUzIbQf@f9941","03aRBLKilDQZf1qZCvL6IE@6c48a","03aRBLKilDQZf1qZCvL6IE@f9941","03l0HrdRxMTbEcUr7BMDO7@6c48a","03l0HrdRxMTbEcUr7BMDO7@f9941","03df3e5c5","0425PhImJArpbKLiabiTmF@6c48a","0425PhImJArpbKLiabiTmF@f9941","05FvcGNTdGQ4DYXpJB3/mG@6c48a","05FvcGNTdGQ4DYXpJB3/mG@f9941","05dfa0994","074b78b6c","0793ffdce","08t95af4ZA2YFK4UGYdLrX@6c48a","08t95af4ZA2YFK4UGYdLrX@f9941","09Hi/e0ZNLYqwkF4amjkzb@6c48a","09Hi/e0ZNLYqwkF4amjkzb@f9941","09O5jzpg9BCbjPIHiZw3Da@6c48a","09O5jzpg9BCbjPIHiZw3Da@f9941","0aEywwGXNC8ZHFZ6NDcmtq@f9941","0a33f9f7a","0brOF/2ClHtaxNil/etn4Q@6c48a","0brOF/2ClHtaxNil/etn4Q@f9941","0b0xjPWlFAVq0VmFJ5unMQ@f9941","0cKx9+g+VOCZrxoiqT8ZuW","0c41d2076","0c959485a","0cdcd6f61","0cde47f9b","0e260cfa5","0e38d1acc","0e50a439a","0e9c01062","10FyAIawFGcYyOCxtXXZqX@6c48a","10FyAIawFGcYyOCxtXXZqX@f9941","10nkgK8W1KQbMd/PkBAEft@6c48a","10nkgK8W1KQbMd/PkBAEft@f9941","10xnJmL5FMVIOvso5/drZW@6c48a","10xnJmL5FMVIOvso5/drZW@f9941","106RmgYz1PDL6QwSfhoHDs@6c48a","106RmgYz1PDL6QwSfhoHDs@f9941","11AWvzKr9JorWsQA7m9O9X","11OgrGIT1HlbpH70ksAk2V@6c48a","11OgrGIT1HlbpH70ksAk2V@f9941","11of0WRCFPabcdjyCpDEW1","11zoVtRmpIw7hW+WSQgFfb@6c48a","11zoVtRmpIw7hW+WSQgFfb@f9941","12KDX0CQVLfaiM1Mn+XSYE@6c48a","12KDX0CQVLfaiM1Mn+XSYE@f9941","13ykflF29KwIUhhMCA5Ega@6c48a","13ykflF29KwIUhhMCA5Ega@f9941","14g2ZE0olLHpm7TWZ7e+cV@6c48a","14g2ZE0olLHpm7TWZ7e+cV@f9941","14nLalIPNOB73wBjPFbx3g@6c48a","14nLalIPNOB73wBjPFbx3g@f9941","16cqyrtcdDFJtCg94+muIV@f9941","16qv4jj+lETaCQhE7hqgIa","170faPuu1MzrnPC+zw9NKt@f9941","19hfA7J1JHvLbgzM0Z0Bb8@f9941","19qDD2uk1Hv4fnrDscDMEB@6c48a","19qDD2uk1Hv4fnrDscDMEB@f9941","1a800Gf1tNVppDcIIE2Nt3@f9941","1bq7yxfGlAJIBrqH4f01C+@6c48a","1bq7yxfGlAJIBrqH4f01C+@f9941","1bwvEj/CJIQ6RnYmxgsekg@6c48a","1bwvEj/CJIQ6RnYmxgsekg@f9941","1chMF9cjFBEqDBI6tOuM17@6c48a","1chMF9cjFBEqDBI6tOuM17@f9941","1dgcNa5bBAdpuW+b9QYn9E@f9941","1fpZc+doFBgJrg3jRtqXkb@6c48a","1fpZc+doFBgJrg3jRtqXkb@f9941","20AsYH2lpDnpudT2uHuJr0@6c48a","20AsYH2lpDnpudT2uHuJr0@f9941","20YzUl2n9NQ4Wdt4CJXLM7@f9941","20g1ukYUVPvKWKBRznAKo+@f9941","20g8DSkb9F9a/2WwWKby3I@6c48a","20g8DSkb9F9a/2WwWKby3I@f9941","209sg8RU9DDqFOdOL9ByIz@6c48a","209sg8RU9DDqFOdOL9ByIz@f9941","23V4984klG+IyKiqt8Fni2@6c48a","23V4984klG+IyKiqt8Fni2@f9941","23yEalyuVO4Z/B1OgMVGKz@6c48a","23yEalyuVO4Z/B1OgMVGKz@f9941","24QxLqQRxN45qGqS3aZdWa@6c48a","24QxLqQRxN45qGqS3aZdWa@f9941","24gH2D5eFLJ6k+f2GLMxuG@6c48a","24gH2D5eFLJ6k+f2GLMxuG@f9941","24odHCfK5IkorCOCZMcFSA@6c48a","24odHCfK5IkorCOCZMcFSA@f9941","25Lfe096tN8oe6MWenADYM@6c48a","25Lfe096tN8oe6MWenADYM@f9941","259WfOS7tHl57GqCSPBjcK@f9941","28R7TECSlFrowTxwrNqcpV@6c48a","28R7TECSlFrowTxwrNqcpV@f9941","293ULKSQBNPaG0dqivhZAD@f9941","2aDM7BVTlGmY6MO8/n/8As@6c48a","2aDM7BVTlGmY6MO8/n/8As@f9941","2a9RnmumtH1oZVQJzprKR8@6c48a","2a9RnmumtH1oZVQJzprKR8@f9941","2byDUhRw5E56UJje3uOKCo","2dreVSWhNERr0OePeKTn46@6c48a","2dreVSWhNERr0OePeKTn46@f9941","2d0otSAAhJtqoWvn5Q++gr@6c48a","2d0otSAAhJtqoWvn5Q++gr@f9941","2erGA6KzJNabWK94nVmKeS@6c48a","2erGA6KzJNabWK94nVmKeS@f9941","2fK+8arSVMMpMIMU7v6kVt@f9941","31HLAtqJxIcKuElQxK66Yq@6c48a","31HLAtqJxIcKuElQxK66Yq@f9941","31XEVCFCVIVLRuoc7buOt7@6c48a","31XEVCFCVIVLRuoc7buOt7@f9941","31oJhFqC1IWbfkkYpxQjb6@6c48a","31oJhFqC1IWbfkkYpxQjb6@f9941","32MSWOFOpJV4hPKsv1Uy/S@6c48a","32MSWOFOpJV4hPKsv1Uy/S@f9941","33Q0kYFcZAj4M725kePduf@6c48a","33Q0kYFcZAj4M725kePduf@f9941","33Q/xC24dMxokVtQa5TRjk@6c48a","33Q/xC24dMxokVtQa5TRjk@f9941","339XHwAp1My4t9ETPNyAkD@6c48a","339XHwAp1My4t9ETPNyAkD@f9941","35yLWDApNOHaXyxbVzPem/@6c48a","35yLWDApNOHaXyxbVzPem/@f9941","36J0l9KjFKPqvbcKf+5pIz@6c48a","36J0l9KjFKPqvbcKf+5pIz@f9941","36WaK5SMVLoJu9kW2Sef4Q@6c48a","36WaK5SMVLoJu9kW2Sef4Q@f9941","37XIBsvpVCRp6lqzAJEgId@6c48a","37XIBsvpVCRp6lqzAJEgId@f9941","37kIyp6O5PobYAAwhzmEH0@6c48a","37kIyp6O5PobYAAwhzmEH0@f9941","38IXkC/4xGArxTPHs4x5Wh@6c48a","38IXkC/4xGArxTPHs4x5Wh@f9941","38tcJ2KCRGOqSog4rNldqC@6c48a","38tcJ2KCRGOqSog4rNldqC@f9941","38ygr1ygRC5ogbFnQEQXlV@6c48a","38ygr1ygRC5ogbFnQEQXlV@f9941","393CdjrXdE/ajrCX8tNcJU@f9941","39/ekt9XBOK6LUa9dY3ZHZ@6c48a","39/ekt9XBOK6LUa9dY3ZHZ@f9941","3aMhhvOVJPZpXtJ+aloNy+@6c48a","3aMhhvOVJPZpXtJ+aloNy+@f9941","3b9fmq7BlG5as5JWWX2m0A","3cGlRjtrZFzpVJGrYWN/+Z@6c48a","3cGlRjtrZFzpVJGrYWN/+Z@f9941","3c0qJBtElDX6XTqyrwoEzQ@6c48a","3c0qJBtElDX6XTqyrwoEzQ@f9941","3c6VsfalJLfKp1GNReqln6@6c48a","3c6VsfalJLfKp1GNReqln6@f9941","41Ad+BmbpBnIBoG0nmYiMa@6c48a","41Ad+BmbpBnIBoG0nmYiMa@f9941","41UcqJvtFJQ4FrBT4ARhNU@6c48a","41UcqJvtFJQ4FrBT4ARhNU@f9941","41ygQxVj5LQaGo4wZLVbx+","42Jt6o5FdMtbvS3iegz3Zx@6c48a","42Jt6o5FdMtbvS3iegz3Zx@f9941","435e77r81Ls4HIahrnoOv1@6c48a","435e77r81Ls4HIahrnoOv1@f9941","44x+IzsAFDvZxZ8RULqCCw@6c48a","44x+IzsAFDvZxZ8RULqCCw@f9941","45t13wflpBCLtrGD7ucc27@6c48a","45t13wflpBCLtrGD7ucc27@f9941","460YvnTplPX60b0rX1+Yrg@6c48a","460YvnTplPX60b0rX1+Yrg@f9941","46/DqyOlJMKqYfiumDzX2D@6c48a","46/DqyOlJMKqYfiumDzX2D@f9941","47a6LCXmNH6Zt4bOUlZIJx@f9941","47zrFDEORH25eRd8NiIBT1@6c48a","47zrFDEORH25eRd8NiIBT1@f9941","48sGjaaupGRrS2qoypclDZ@6c48a","48sGjaaupGRrS2qoypclDZ@f9941","49DfMBAgBOSIQn9DMerM93@6c48a","49DfMBAgBOSIQn9DMerM93@f9941","4cWFIboJlMdrrBDKq5OhB1@6c48a","4cWFIboJlMdrrBDKq5OhB1@f9941","4ctarzMntJKbtB2DaM/xio@6c48a","4ctarzMntJKbtB2DaM/xio@f9941","4dFd4I3x5FkqhVYucQ/07+","4dKwDP/qNPgq8crbNwsfxN@6c48a","4dKwDP/qNPgq8crbNwsfxN@f9941","4dvmVnSfpNQLBCf6eVnNZA","4fRtWiMAVFWZsRmfNwboKN@6c48a","4fRtWiMAVFWZsRmfNwboKN@f9941","4f1pZvYYJJXp5baxuRgn/Y@f9941","4f850dcwJJKbiH2CvChA+w@6c48a","4f850dcwJJKbiH2CvChA+w@f9941","51aKviL5ZM/rk72UjRdsYk@6c48a","51aKviL5ZM/rk72UjRdsYk@f9941","52x9HEs/dAOIwR49hhRPVp@6c48a","52x9HEs/dAOIwR49hhRPVp@f9941","53F7YyYr5JQq0FzycgdjDj@6c48a","53F7YyYr5JQq0FzycgdjDj@f9941","54SQaKynJI2Jgztmi9KBqR@6c48a","54SQaKynJI2Jgztmi9KBqR@f9941","54TknWPwVPqJqeCR+Y/Czo@f9941","55LbaxtLlGYYHDl1a+9B4b@6c48a","55LbaxtLlGYYHDl1a+9B4b@f9941","55+jZHA31BwKl+ljQ2ggxe@f9941","59k2gDmW5Lp4fTh484CcEz@6c48a","59k2gDmW5Lp4fTh484CcEz@f9941","5azX0ZC5dG5YC/DQn49CDS@6c48a","5azX0ZC5dG5YC/DQn49CDS@f9941","5bRicLCYVGXoIQNpZD+rt/@6c48a","5bRicLCYVGXoIQNpZD+rt/@f9941","5bv2sml19FF5hSyKgxq2/B@6c48a","5bv2sml19FF5hSyKgxq2/B@f9941","5cBnF0VatMdYWZtUlynvWf@f9941","5cW65jXGRMCKK8iyWtPM2f@6c48a","5cW65jXGRMCKK8iyWtPM2f@f9941","5eR224NGROiogkOCU6xLX1@6c48a","5eR224NGROiogkOCU6xLX1@f9941","5eYqIg585C/KMBHGyUyRiG","5engCTpAZDWpvdXibJSl3v","5fcZV57QBH76hV5kPozWs4@6c48a","5fcZV57QBH76hV5kPozWs4@f9941","60iBQkxyNKbpqGME9ck7+Z@6c48a","60iBQkxyNKbpqGME9ck7+Z@f9941","62KpCKOn9EcZ8L4op2Gixz@6c48a","62KpCKOn9EcZ8L4op2Gixz@f9941","640P626thDfaOdlH3bkSon@6c48a","640P626thDfaOdlH3bkSon@f9941","65Lki1xK1L4bfzX152+sii@6c48a","65Lki1xK1L4bfzX152+sii@f9941","67YewG9S1Ls7/F2knnHgX+@6c48a","67YewG9S1Ls7/F2knnHgX+@f9941","67pKv4DlhPXLDK0suB3UYP@6c48a","67pKv4DlhPXLDK0suB3UYP@f9941","68KiXUUMhKHYXAziVEqBvS@6c48a","68KiXUUMhKHYXAziVEqBvS@f9941","6ad4g5eCxCZqJQiLy2fOq9@f9941","6ayisYMdRIr55uu0Wo9e/m@6c48a","6ayisYMdRIr55uu0Wo9e/m@f9941","6by57tF8VK2rGvUOUn0Lxa@f9941","6colKdavNCCLZZpblYtnz8@f9941","6dCt2tBbpG8r3QgVCx4qpF@f9941","6es+2ReXlEKJ+sVzes73ox@6c48a","6es+2ReXlEKJ+sVzes73ox@f9941","6faVLl8WVHhJECwJVQAJwN@6c48a","6faVLl8WVHhJECwJVQAJwN@f9941","6fevJMZs9N8qx8DkIsA/I5@6c48a","6fevJMZs9N8qx8DkIsA/I5@f9941","6fqoIGdzZNrZcjglG2auP1@6c48a","6fqoIGdzZNrZcjglG2auP1@f9941","71XiMJfmpInqOg1iYGfM+u@f9941","71aexCqFFABKIQt1HOUWqy@6c48a","71aexCqFFABKIQt1HOUWqy@f9941","713MDsuhVPiaRal9aCSDRQ@6c48a","713MDsuhVPiaRal9aCSDRQ@f9941","71/nzIxvlOZrPDSSplrZjX@6c48a","71/nzIxvlOZrPDSSplrZjX@f9941","73kWikp3NMYpLKKm9DXk5t@6c48a","73kWikp3NMYpLKKm9DXk5t@f9941","74ctquamJLa4ANntp1TL60@6c48a","74ctquamJLa4ANntp1TL60@f9941","74riQP1O9PX4fQPDrBRz97@6c48a","74riQP1O9PX4fQPDrBRz97@f9941","74zMsjX3lGj62UKWw3LjuT@f9941","75NBmTX/JO9oJYXKkSF18K@6c48a","75NBmTX/JO9oJYXKkSF18K@f9941","75TWwsrNdHQ4hRT6LEN0re@f9941","75roTOulhB67TwHKV5E9d0@f9941","76WT/ZYcFGu6J1iC03wYNl@f9941","78NmKQ06tJj76KGki1a2iF@6c48a","78NmKQ06tJj76KGki1a2iF@f9941","79I20Ox45FcodtFrHKBHBM@6c48a","79I20Ox45FcodtFrHKBHBM@f9941","79503ADb9O+oqVTL0otExM@6c48a","79503ADb9O+oqVTL0otExM@f9941","7aYppUCYpEuJ7uKI7ErZ6a@f9941","7bC/j/1UNFG5q/XVywVeCh@6c48a","7bC/j/1UNFG5q/XVywVeCh@f9941","7bIdNd9zlOcITv6nRengYo@6c48a","7bIdNd9zlOcITv6nRengYo@f9941","7bL0BEfR1DW7oCPjDD3XmS@f9941","7bMI7QaFRK/pVTxz79kz2w@6c48a","7bMI7QaFRK/pVTxz79kz2w@f9941","7dIdxIi8pNd5P1oFYDyofS@f9941","7dj5uJT9FMn6OrOOx83tfK@f9941","7eK4vv8w5A+YMANtorGQxs","7fQ0Wqb/tKxbkuc1o30cej@6c48a","7fQ0Wqb/tKxbkuc1o30cej@f9941","81GHAJmdxJhbiPHUO367vz@f9941","822fg5XpBPuZ3fgQ3dVeOj@6c48a","822fg5XpBPuZ3fgQ3dVeOj@f9941","8278wBbDRGjIInMMQlPnUU@f9941","83CPeamIVL1Ys3R6qpM9sR@6c48a","83CPeamIVL1Ys3R6qpM9sR@f9941","84FObBFxlDIK2/KqLmHZn5@6c48a","84FObBFxlDIK2/KqLmHZn5@f9941","84Nup2cPdAWIZFOhuvb3We@6c48a","84Nup2cPdAWIZFOhuvb3We@f9941","86LOCjLJxFkr7qX2gxF/9p@6c48a","86LOCjLJxFkr7qX2gxF/9p@f9941","87R9FFLRxB4YMN+Wg+oQrX","87lUUJZ3xMHpZskn/18r0b@6c48a","87lUUJZ3xMHpZskn/18r0b@f9941","89OqtuCL5PQoj9JFfWXrcR@f9941","89Wqux7l9M/7PokgavQWTl@6c48a","89Wqux7l9M/7PokgavQWTl@f9941","8apQTOle5LcJVIlJMPE5XQ@6c48a","8apQTOle5LcJVIlJMPE5XQ@f9941","8cGORCCLFBD4yCQhcCXf3e@6c48a","8cGORCCLFBD4yCQhcCXf3e@f9941","8clRQnfNNHCJLZPDZ6e7r8","8cyqK/+SBHa4sakbnUaXfd@6c48a","8cyqK/+SBHa4sakbnUaXfd@f9941","8dcHjukiRMl4pSXcXGiGu5@f9941","8fR5pc/95Amr78H0rsZrLG@6c48a","8fR5pc/95Amr78H0rsZrLG@f9941","8fhQlcCK5DjIwRCEhDG8om@f9941","90Fmt0+K5LL4o0OtHEa7dW@6c48a","90Fmt0+K5LL4o0OtHEa7dW@f9941","928Nll3d1C0IxwFrUuR31M@6c48a","928Nll3d1C0IxwFrUuR31M@f9941","94FSNmC+JCvalnQx2/Tmqv@6c48a","94FSNmC+JCvalnQx2/Tmqv@f9941","94kGuGpxZDZ4cSTQ3LgVn3@6c48a","94kGuGpxZDZ4cSTQ3LgVn3@f9941","94t30MJhFKL7Njf46TSUOT@6c48a","94t30MJhFKL7Njf46TSUOT@f9941","95EkngnxZFbYuFpsqVTaFr@f9941","95XLWIuuhFvbb7vD0pJ+Ah@6c48a","95XLWIuuhFvbb7vD0pJ+Ah@f9941","986ebY8NdH2IipIMHMI8T+","99mVQGGcdKr6FiD3BikvOQ@6c48a","99mVQGGcdKr6FiD3BikvOQ@f9941","99t+H++RVO3q+lpyS4t8x6","9bX1tBhvZPELQI/mMwuQJQ@6c48a","9bX1tBhvZPELQI/mMwuQJQ@f9941","9dLqGRhgtM14mp3+iJ+Ad8@6c48a","9dLqGRhgtM14mp3+iJ+Ad8@f9941","9dz0vvP9VJ3qdoXvtGJXkT@6c48a","9dz0vvP9VJ3qdoXvtGJXkT@f9941","9eX0CUPBpHipPSBwTcDij4@f9941","9fMCtKeAdKl4NoAhbMeCtT@6c48a","9fMCtKeAdKl4NoAhbMeCtT@f9941","a1jdSkC31BuZIIvG8+YZ0Z@6c48a","a1jdSkC31BuZIIvG8+YZ0Z@f9941","a13QYCnW9MxYUBhILj56RO@6c48a","a13QYCnW9MxYUBhILj56RO@f9941","a5BV8RkgRHS4wfR22ZUoxb@6c48a","a5BV8RkgRHS4wfR22ZUoxb@f9941","a5CWOn0opM74izQpkn+Gh1@6c48a","a5CWOn0opM74izQpkn+Gh1@f9941","a76QxmXG9G34q4yJXu9VwE@6c48a","a76QxmXG9G34q4yJXu9VwE@f9941","a76+KawstF/5PF1KXX8gy7@6c48a","a76+KawstF/5PF1KXX8gy7@f9941","a8ZajNkxlLX5KcZjBjfhnf@f9941","a8pG155iFMXrXDguGrU6In@6c48a","a8pG155iFMXrXDguGrU6In@f9941","a8q7ndzulOJbl353u9frBF@6c48a","a8q7ndzulOJbl353u9frBF@f9941","a9vO2GBWpJgazbBPZiz4tE","aaIPIW975Mv6QOkMabaumf@6c48a","aaIPIW975Mv6QOkMabaumf@f9941","aa1/wv2X1GJqpAyYJzHgBk@6c48a","aa1/wv2X1GJqpAyYJzHgBk@f9941","aa5FcRzzpJ6YDXX6I8Qarm@f9941","aa9hMJytxJELgsdkrR+Ly1@f9941","aa+Xl4ZYlN656CxUK6ZLa3","adV/Mog+dHSrJq3SZ078NP@f9941","b0GLkiQdVO84NbiRH6V3Gq@6c48a","b0GLkiQdVO84NbiRH6V3Gq@f9941","b19jka+7FO+J3whRYYxmku@6c48a","b19jka+7FO+J3whRYYxmku@f9941","b2HjDsWT5MUL59n+Ib/jh4@6c48a","b2HjDsWT5MUL59n+Ib/jh4@f9941","b2cDYSX9FO7ZMn3c/050Ao@6c48a","b2cDYSX9FO7ZMn3c/050Ao@f9941","b2c0VohzhNI6S3R8n8WHml","b2hvSd+m5Jb5GjavS4tVFt","b2jA19ZjVFY5BQocFlL7Ix@6c48a","b2jA19ZjVFY5BQocFlL7Ix@f9941","b3mb1mGL9Nq5hbGAXZCEld@6c48a","b3mb1mGL9Nq5hbGAXZCEld@f9941","b6FbiJl4RBBYGdfqzD4kSR@6c48a","b6FbiJl4RBBYGdfqzD4kSR@f9941","b6LlTjsjhJLbZDc455t5TR@f9941","b7Y7TvJ1REJpT3ftlu7BSg@f9941","b7xGD0yiRCRYIJzyijn6XZ@6c48a","b7xGD0yiRCRYIJzyijn6XZ@f9941","b72vWdQHFGDLhBqb8gkXyF@6c48a","b72vWdQHFGDLhBqb8gkXyF@f9941","b9FROJUZFFQrDb5dN/JKds@6c48a","b9FROJUZFFQrDb5dN/JKds@f9941","bbEfgLuERLKbz+hDuazczG@6c48a","bbEfgLuERLKbz+hDuazczG@f9941","bcStKZwhFNMIwtAbUIgdcx@6c48a","bcStKZwhFNMIwtAbUIgdcx@f9941","bfMOp2PWdGAo8cEhnE/OOp@6c48a","bfMOp2PWdGAo8cEhnE/OOp@f9941","bfWzzmWu1NpoYuhL2E0oHB@6c48a","bfWzzmWu1NpoYuhL2E0oHB@f9941","bf00/YKQ5Ht4nLDd/0zq2Z@6c48a","bf00/YKQ5Ht4nLDd/0zq2Z@f9941","c0ICSjtSRAJ44dtn0a2xHF@6c48a","c0ICSjtSRAJ44dtn0a2xHF@f9941","c0MKfQQTRLzLFQcBSO9jCJ@6c48a","c0MKfQQTRLzLFQcBSO9jCJ@f9941","c1EU4AJddDeLNLIypgqAQz@6c48a","c1EU4AJddDeLNLIypgqAQz@f9941","c10aQI9QVCrbx+7I3z1BSE@f9941","c2JEFWPdNNe7/v7JGE3x1t@6c48a","c2JEFWPdNNe7/v7JGE3x1t@f9941","c21N7sFFJLp51I9KKJOXrQ","c3uPNgunJCsqQzNoUD+0f5@6c48a","c3uPNgunJCsqQzNoUD+0f5@f9941","c3yNX2ZTJATo/X2+PgafQV@6c48a","c3yNX2ZTJATo/X2+PgafQV@f9941","c37kFUPQ9Bh7jn+nVnxihS@6c48a","c37kFUPQ9Bh7jn+nVnxihS@f9941","c3/2H2yiVF2ZYXtK06xsPj","c4QOCIgP1Ir6F4xijRX//d@6c48a","c4QOCIgP1Ir6F4xijRX//d@f9941","c48jbkAJhFrYvuLRLJvo4A@6c48a","c48jbkAJhFrYvuLRLJvo4A@f9941","c5ukk6V+xOnrXPAaXs+iUR@6c48a","c5ukk6V+xOnrXPAaXs+iUR@f9941","c6J/hD3+lPwI6Vjusykbay@f9941","c6LwSzBE9EWphfzwku4R27@f9941","c7bbZPS+tM9JrWFsjWXnC5@6c48a","c7bbZPS+tM9JrWFsjWXnC5@f9941","c7tF4hetRHc5wVk0W+vp8X@f9941","c8QeWafXpME7mEoI+OV8Tz@6c48a","c8QeWafXpME7mEoI+OV8Tz@f9941","c8fENYK2dKBacq20vcQFOo@f9941","caHCvFKPNEGpaE5iOheRRZ@6c48a","caHCvFKPNEGpaE5iOheRRZ@f9941","cabwPMrelF2rdl7RnzNrpf","cbb/xPHTdP/KFy34YT0JDq@6c48a","cbb/xPHTdP/KFy34YT0JDq@f9941","cbxW4bDWFITIR2Lr1TlqKN@6c48a","cbxW4bDWFITIR2Lr1TlqKN@f9941","cdZuva+/RL4LdMhkwj71a1@6c48a","cdZuva+/RL4LdMhkwj71a1@f9941","ce6KxuyhVNqKc2JEC7PAxD@6c48a","ce6KxuyhVNqKc2JEC7PAxD@f9941","cfrl0fictCuLpeBGFATaHy@6c48a","cfrl0fictCuLpeBGFATaHy@f9941","d2WlLv9oNJmqxbsV2VBJD8@f9941","d3/pXJj/9Goq/5eavfSJ9h@6c48a","d3/pXJj/9Goq/5eavfSJ9h@f9941","d5Pw1aiZpJs6ZIx6yWba/4@f9941","d58I5kyJNHCpQqJDywRlE3@6c48a","d58I5kyJNHCpQqJDywRlE3@f9941","d6Fm2XDHVK45d2a1Pdj76W@6c48a","d6Fm2XDHVK45d2a1Pdj76W@f9941","d6+YznK2xGB419rCrqJnZ+@f9941","d87ZjnutRCb5QOEHIqtYU5@6c48a","d87ZjnutRCb5QOEHIqtYU5@f9941","d8+MyVYs1BToc1aCbwxZwC@f9941","damuslejpH7YiL+YDnoWzO@6c48a","damuslejpH7YiL+YDnoWzO@f9941","dau35XRcFBPYQn1Mw/jm/U@6c48a","dau35XRcFBPYQn1Mw/jm/U@f9941","dcGiMk4yVG1Z17zPD37Ksk@f9941","dcPvI0BYJAQry6+efJ1a2B@6c48a","dcPvI0BYJAQry6+efJ1a2B@f9941","dcc1gWlXlNjaH9wiIbHn43@6c48a","dcc1gWlXlNjaH9wiIbHn43@f9941","dcdllgohpGUKuE4CsaNZ9C@6c48a","dcdllgohpGUKuE4CsaNZ9C@f9941","dco0Ym3m9JlpEE6JaMk3px@6c48a","dco0Ym3m9JlpEE6JaMk3px@f9941","ddOBDwKQ1MAojPCmtgXCnj@f9941","ddPt3CeHdDgKAxW2+pHu2Z","ddn4e1bZNHKpXvhzcxBrZs","deaaM7WnNBtpuC3Xo8s1zF","det4+VA+pNnILw2KBto15G@f9941","de4t2fjdZHnptb3mt8iShn@6c48a","de4t2fjdZHnptb3mt8iShn@f9941","dfIR5itY9CHLBZnPWx47bp@f9941","dfg2KQtExB3Ki9OGZT7L2J@6c48a","dfg2KQtExB3Ki9OGZT7L2J@f9941","e0CofzVjRC/YB7cqyAJ2um@f9941","e0Qn5YDidFwL6EyQDL3Bmp@6c48a","e0Qn5YDidFwL6EyQDL3Bmp@f9941","e0t2Jb2M5MmI3IFbbh12vO@6c48a","e0t2Jb2M5MmI3IFbbh12vO@f9941","e0y2FFtYFGboP2W7MLIkSS@6c48a","e0y2FFtYFGboP2W7MLIkSS@f9941","e15dyVAzNF242aUncH37Y0@6c48a","e15dyVAzNF242aUncH37Y0@f9941","e28RDkGfxIG4CKPAZgK1+K","e4AHZDTOhDhISMc8xv7XUY@6c48a","e4AHZDTOhDhISMc8xv7XUY@f9941","e5XVDCPF5IM5wcgsXfau/R@6c48a","e5XVDCPF5IM5wcgsXfau/R@f9941","e7Y4ycydREAoio4XnnVWLD","e7vlsR7oVOBo300IniKsoZ@f9941","e78lu3ezxDKoro8L97gGFe@6c48a","e78lu3ezxDKoro8L97gGFe@f9941","e8uPuM0EdNgZYenPju9Pdy@6c48a","e8uPuM0EdNgZYenPju9Pdy@f9941","e85n2aydpHzJifKYkpcp5O@6c48a","e85n2aydpHzJifKYkpcp5O@f9941","e9lc9EuuNH1Z8nCDgDeSoF@6c48a","e9lc9EuuNH1Z8nCDgDeSoF@f9941","ebUp7hkKtLX5XlI0QHPPHs@6c48a","ebUp7hkKtLX5XlI0QHPPHs@f9941","ebwiWi52xHj5HDt8mCHWjm@6c48a","ebwiWi52xHj5HDt8mCHWjm@f9941","ecexRSviNAVY/v4A/DPSse@6c48a","ecexRSviNAVY/v4A/DPSse@f9941","ec5Bt7erhCP73pToGVKx5M@6c48a","ec5Bt7erhCP73pToGVKx5M@f9941","eeuW4AnP9HE7DIRN8yDpcy@6c48a","eeuW4AnP9HE7DIRN8yDpcy@f9941","ee60J504tIr7JbLyla3DFs@6c48a","ee60J504tIr7JbLyla3DFs@f9941","efGBqlUhVLcaJyGzgHDCvp@f9941","f1vy851PdMh7E1gjiB1DU4@6c48a","f1vy851PdMh7E1gjiB1DU4@f9941","f2BvzbovtI0JJ6N8bVxfoM@f9941","f3SzoyrIJGTo6+k8bIHPJL@6c48a","f3SzoyrIJGTo6+k8bIHPJL@f9941","f4DkqsPPpPsoINz/3Yhvlr@6c48a","f4DkqsPPpPsoINz/3Yhvlr@f9941","f5UL4M2I5OureRqAaimftY@6c48a","f5UL4M2I5OureRqAaimftY@f9941","f7J1uPEMlH45fJNvZJpprm@f9941","f7kFcPevRAJZbs2B9lyK5G@6c48a","f7kFcPevRAJZbs2B9lyK5G@f9941","f8L9RW34BBQJ6DLbag33RF@f9941","f8iCCwiEVJmoC9s83vtTky","f8+uDEOF1Au4sjvSNbwZcK","faYN3F9LJAZKFDXhq/0lGX@6c48a","faYN3F9LJAZKFDXhq/0lGX@f9941","faxfdBQ7pGbZ2O0ptyZAMe@6c48a","faxfdBQ7pGbZ2O0ptyZAMe@f9941","fbgeA0VGBBBKyV2nPRkvZp","fcRAii+l5JV6k2CeV4b+e6@6c48a","fcRAii+l5JV6k2CeV4b+e6@f9941","fcv7g6OR9DsK5JhBDPw1zk@f9941","ffbD1HaWFF3IUx4Fy7yKHx@6c48a","ffbD1HaWFF3IUx4Fy7yKHx@f9941","ffuIqPr2JI9I8dPLYGRDpD@6c48a","ffuIqPr2JI9I8dPLYGRDpD@f9941"],"paths":{"0":["res/texture/banker_b",1,1],"1":["res/controlNIUPC/banker_b_a_pc",1,1],"2":["res/controlNIUPC/banker_b_pc",1,1],"3":["res/controlNIUPC/player_b_pc",1,1],"4":["res/texture/banker_b_a",1,1],"5":["bacNiuNiuSGameScene",0,1],"6":["res/texture/player_b_a",1,1],"7":["res/texture/player_b",1,1],"8":["res/controlNIUPC/player_b_a_pc",1,1],"9":["bacNiuNiuSGameScenePC",0,1],"48":["res/texture/banker_b/texture",2,1],"49":["res/texture/banker_b/spriteFrame",3,1],"62":["res/controlNIUPC/banker_b_a_pc/texture",2,1],"63":["res/controlNIUPC/banker_b_a_pc/spriteFrame",3,1],"74":["res/controlNIUPC/banker_b_pc/texture",2,1],"75":["res/controlNIUPC/banker_b_pc/spriteFrame",3,1],"80":["res/controlNIUPC/player_b_pc/texture",2,1],"81":["res/controlNIUPC/player_b_pc/spriteFrame",3,1],"84":["res/texture/banker_b_a/texture",2,1],"85":["res/texture/banker_b_a/spriteFrame",3,1],"177":["res/texture/player_b_a/texture",2,1],"178":["res/texture/player_b_a/spriteFrame",3,1],"179":["res/texture/player_b/texture",2,1],"180":["res/texture/player_b/spriteFrame",3,1],"199":["res/controlNIUPC/player_b_a_pc/texture",2,1],"200":["res/controlNIUPC/player_b_a_pc/spriteFrame",3,1]},"scenes":{"db://assets/games/bacNiuniuS/bacNiuNiuSGameScene.scene":5,"db://assets/games/bacNiuniuS/bacNiuNiuSGameScenePC.scene":9},"packs":{"03df3e5c5":[265,296,306,323,49,356,372,400,85,428,432,523,569,571,5,581,583,178,180,662,667,703,713,720,725,737,754,778,783,784,789],"05dfa0994":[470,538,556],"074b78b6c":[292,351,408,484,513,516,566,605,621,627,643,663,665,756],"0793ffdce":[250,254,256,257,260,262,274,298,314,336,340,342,359,368,370,376,397,404,406,419,421,423,426,430,434,445,459,463,474,476,482,486,500,509,528,544,550,558,560,573,590,593,601,608,613,623,631,633,653,659,672,674,680,686,697,708,718,744,750,758,762,764,794],"0a33f9f7a":[563,599,687],"0c41d2076":[272,280,294,304,308,318,328,334,361,378,63,386,399,75,81,410,457,480,489,498,530,546,551,575,577,603,649,657,200,683,711,739,9],"0c959485a":[279,247,320,322,324,327,353,355,255,358,360,362,398,74,401,403,405,431,433,436,264,439,442,458,460,462,465,467,471,488,493,497,495,499,527,529,532,537,557,271,559,562,565,585,587,589,592,295,297,303,307,317,335,339,345,48,369,377,62,379,391,393,396,414,416,418,420,422,425,427,446,477,483,504,506,512,524,540,273,570,275,576,293,300,311,251,347,365,367,385,80,84,429,266,453,475,479,485,549,555,579,329,333,350,375,383,407,409,412,444,448,481,502,510,543,545,547,249,337,343,387,261,522,568,574,305,341,253,259,508,371,381,450,291,309,373,389,456,473,515,520,552,572,582,596,602,604,607,609,594,598,600,612,614,622,177,179,638,640,620,624,630,632,634,626,642,644,646,650,648,652,664,666,668,673,675,199,656,679,671,682,658,654,661,685,688,690,692,694,696,699,702,707,704,710,712,715,717,719,721,728,731,736,738,740,749,751,753,745,734,755,743,757,759,761,763,765,767,770,773,775,777,780,785,787,790,793,795],"0cdcd6f61":[267,282],"0cde47f9b":[252,299,325,384,388,469,525,635,669],"0e260cfa5":[611,628,732,796],"0e38d1acc":[248,276,301,302,310,321,338,344,348,354,366,382,392,394,402,413,415,437,438,440,443,447,449,451,454,461,468,472,478,503,507,511,521,533,548,580,586,588,625,639,641,647,651,655,676,693,695,716,735,741,746,752,760,766,768,771,774,786],"0e50a439a":[312,330,363,374,380,390,417,466,494,496,505,536,541,553,597,610,615,645,689,691,700,705,722,729,776,781,788,791],"0e9c01062":[346,595,726]},"versions":{"import":[10,"a2533",11,"a2533",12,"a2533",13,"a2533",14,"a2533",15,"a2533",16,"a2533",263,"556c4",17,"a2533",18,"a2533",268,"691e7",269,"629af",270,"8cb09",19,"a2533",20,"a2533",21,"a2533",278,"54fbc",22,"a2533",283,"071bc",284,"9cb81",285,"a0046",286,"0739c",287,"93c4d",288,"1af83",289,"27e1b",290,"7b483",23,"a2533",24,"a2533",25,"a2533",26,"a2533",27,"a2533",28,"a2533",29,"a2533",30,"a2533",31,"a2533",32,"a2533",33,"a2533",34,"a2533",35,"a2533",36,"a2533",37,"a2533",38,"a2533",39,"a2533",40,"a2533",41,"a2533",42,"a2533",43,"a2533",44,"a2533",45,"a2533",46,"a2533",47,"a2533",0,"a2533",50,"a2533",51,"a2533",52,"a2533",53,"a2533",54,"a2533",55,"a2533",56,"a2533",57,"a2533",58,"a2533",59,"a2533",60,"a2533",61,"a2533",1,"a2533",64,"a2533",65,"a2533",66,"a2533",67,"a2533",68,"a2533",69,"a2533",70,"a2533",71,"a2533",72,"a2533",73,"a2533",2,"a2533",76,"a2533",77,"a2533",78,"a2533",79,"a2533",3,"a2533",82,"a2533",83,"a2533",4,"a2533",86,"a2533",87,"a2533",88,"a2533",89,"a2533",90,"a2533",91,"a2533",92,"a2533",93,"a2533",94,"a2533",95,"a2533",96,"a2533",97,"a2533",98,"a2533",99,"a2533",100,"a2533",101,"a2533",102,"a2533",103,"a2533",104,"a2533",105,"a2533",106,"a2533",107,"a2533",108,"a2533",109,"a2533",110,"a2533",111,"a2533",112,"a2533",113,"a2533",114,"a2533",115,"a2533",116,"a2533",117,"a2533",118,"a2533",119,"a2533",120,"a2533",121,"a2533",122,"a2533",123,"a2533",124,"a2533",125,"a2533",126,"a2533",127,"a2533",128,"a2533",129,"a2533",130,"a2533",131,"a2533",132,"a2533",133,"a2533",134,"a2533",135,"a2533",136,"a2533",137,"a2533",138,"a2533",139,"a2533",140,"a2533",141,"a2533",142,"a2533",143,"a2533",144,"a2533",145,"a2533",146,"a2533",147,"a2533",148,"a2533",149,"a2533",151,"a2533",152,"a2533",153,"a2533",154,"a2533",155,"a2533",156,"a2533",157,"a2533",158,"a2533",159,"a2533",160,"a2533",161,"a2533",162,"a2533",163,"a2533",164,"a2533",165,"a2533",166,"a2533",167,"a2533",168,"a2533",169,"a2533",170,"a2533",171,"a2533",172,"a2533",173,"a2533",174,"a2533",175,"a2533",176,"a2533",6,"a2533",7,"a2533",181,"a2533",182,"a2533",183,"a2533",184,"a2533",185,"a2533",186,"a2533",187,"a2533",188,"a2533",189,"a2533",190,"a2533",191,"a2533",192,"a2533",193,"a2533",194,"a2533",195,"a2533",196,"a2533",197,"a2533",198,"a2533",8,"a2533",201,"a2533",202,"a2533",203,"a2533",204,"a2533",205,"a2533",206,"a2533",207,"a2533",208,"a2533",209,"a2533",210,"a2533",211,"a2533",212,"a2533",213,"a2533",214,"a2533",215,"a2533",216,"a2533",217,"a2533",218,"a2533",219,"a2533",220,"a2533",221,"a2533",222,"a2533",223,"a2533",224,"a2533",225,"a2533",226,"a2533",227,"a2533",228,"a2533",229,"a2533",230,"a2533",231,"a2533",232,"a2533",233,"a2533",234,"a2533",235,"a2533",236,"a2533",237,"a2533",238,"a2533",239,"a2533",240,"a2533",241,"a2533",242,"a2533",243,"a2533",244,"a2533",245,"a2533",246,"a2533"],"native":[10,"d967c",11,"2562b",12,"de7ab",13,"650da",14,"f5aea",15,"5c6d8",16,"57aaf",17,"cbed1",18,"338df",19,"4412a",20,"ed677",21,"e1173",22,"440c4",23,"2ed4a",24,"a291e",25,"c9691",26,"407e6",27,"ca30d",28,"12aef",29,"effac",30,"8cb5e",31,"4f34c",32,"8f78e",33,"2cbb2",34,"1b604",35,"85395",36,"12b1b",37,"cfe7d",38,"e96e3",39,"b4a25",40,"bf0a8",41,"faa12",42,"43507",43,"51736",44,"ffa42",45,"6ba03",46,"f13b3",47,"0f3fc",0,"af79b",50,"203fa",51,"d4496",52,"69602",53,"f6a0a",54,"6a001",55,"31fcb",56,"4eb32",57,"29d78",58,"4218e",59,"fe425",60,"8363e",61,"581d8",1,"ec6cc",64,"85e6a",65,"2ef38",66,"afd53",67,"b1978",68,"7c998",69,"3b642",70,"54038",71,"2d821",72,"3425d",73,"83bdf",2,"9a431",76,"6a460",77,"4214d",78,"86514",79,"14d73",3,"2e117",82,"672ee",83,"b1b86",4,"6d792",86,"8d293",87,"3ee22",88,"a8ead",89,"8b119",90,"44836",91,"81a0c",92,"27ca2",93,"9a800",94,"58ee9",95,"5d2f3",96,"3bd9f",97,"3af54",98,"86eaa",99,"225dd",100,"da7f9",101,"692c0",102,"e34fc",103,"bb781",104,"0ea76",105,"2248a",106,"cb4ce",107,"b9b08",108,"bc5d7",109,"f8b53",110,"65b9f",111,"3f68c",112,"31ffb",113,"ccb8a",114,"c7d36",115,"819a3",116,"66176",117,"01826",118,"bffc4",119,"f17c5",120,"28bc9",121,"fe571",122,"1460f",123,"2aa9c",124,"9be18",125,"88ae6",126,"9d854",127,"77cee",128,"829bb",129,"a2b7f",130,"82572",131,"e84b9",132,"1edba",133,"e6f13",134,"8f4bc",135,"c463e",136,"70d56",137,"781eb",138,"cc824",139,"a4257",140,"abb9f",141,"88489",142,"0a5df",143,"ad921",144,"33181",145,"8904b",146,"53ebe",147,"6cef2",148,"44782",149,"81fac",151,"cb991",152,"25d5d",153,"ac927",154,"d1400",155,"8bc93",156,"59af6",157,"e45e4",158,"e8075",159,"6a3c8",160,"5098c",161,"411fb",162,"a3590",163,"49343",164,"4617a",165,"9e086",166,"1ad6b",167,"83e56",168,"cffd1",169,"050cf",170,"26764",171,"3fe2e",172,"c53b0",173,"5470a",174,"a19aa",175,"94e5b",176,"b58b8",6,"6de88",7,"b070b",181,"df0b3",182,"bc7e3",183,"8c337",184,"494e2",185,"2c67a",186,"f1f93",187,"0b8ac",188,"f56d5",189,"bb608",190,"f3164",191,"2b64b",192,"654a1",193,"28e5b",194,"9bf84",195,"7a6ff",196,"a70a9",197,"72688",198,"17db0",8,"90126",201,"f95ed",202,"7a7d1",203,"5ed33",204,"857a7",205,"9db1f",206,"aa060",207,"282f8",208,"6f8d0",209,"fbfba",210,"ddc89",211,"543b5",212,"6af93",213,"1f4a7",214,"0677e",215,"35ed4",216,"aa9eb",217,"93d21",218,"1cf6c",219,"125cd",220,"d86ae",221,"fa662",222,"d6c97",223,"1941a",224,"2a88a",225,"a7b58",226,"8740e",227,"7adde",228,"06b3c",229,"a5ea9",230,"e0076",231,"b2613",232,"62528",233,"58588",234,"1b338",235,"090fc",236,"06f29",237,"753a6",238,"e12b8",239,"c45ce",240,"283e7",241,"00ecb",242,"ec621",243,"f9aae",244,"80fee",245,"f6d44",246,"6d707"]},"redirect":[258,"0",277,"0",281,"0",313,"0",315,"0",316,"0",319,"0",326,"0",331,"1",332,"1",349,"0",352,"0",357,"0",364,"0",395,"1",411,"0",424,"0",435,"0",441,"0",452,"1",455,"1",464,"0",487,"0",490,"0",491,"0",492,"0",501,"0",514,"0",517,"0",518,"0",519,"0",526,"0",531,"0",534,"0",535,"1",539,"1",542,"0",554,"0",561,"0",564,"0",567,"0",150,"0",578,"1",584,"0",591,"0",606,"0",616,"0",617,"0",618,"0",619,"1",629,"0",636,"0",637,"0",660,"0",670,"0",677,"0",678,"0",681,"0",684,"0",698,"0",701,"0",706,"0",709,"0",714,"0",723,"0",724,"0",727,"1",730,"0",733,"0",742,"0",747,"0",748,"1",769,"0",772,"0",779,"1",782,"0",792,"0"],"debug":false,"extensionMap":{".cconb":[150]},"hasPreloadScript":true,"dependencyRelationships":{},"types":["cc.SceneAsset","cc.ImageAsset","cc.Texture2D","cc.SpriteFrame"]}