[1,["147e0b29-d194-4562-96bf-af768249f0d7@6c48a"],["_textureSource"],["cc.SpriteFrame"],0,[{"name":"rode_bg","rect":{"x":0,"y":0,"width":395,"height":395},"offset":{"x":0,"y":0},"originalSize":{"width":395,"height":395},"rotated":false,"capInsets":[0,0,0,0],"vertices":{"rawPosition":[-197.5,-197.5,0,197.5,-197.5,0,-197.5,197.5,0,197.5,197.5,0],"indexes":[0,1,2,2,1,3],"uv":[0,395,395,395,0,0,395,0],"nuv":[0,0,1,0,0,1,1,1],"minPos":{"x":-197.5,"y":-197.5,"z":0},"maxPos":{"x":197.5,"y":197.5,"z":0}},"packable":true,"pixelsToUnit":100,"pivot":{"x":0.5,"y":0.5},"meshType":0}],[0],0,[0],[0],[0]]
