[1,["5ccf0f51-c52c-4bc1-a83e-f6c4515938d1@6c48a"],["_textureSource"],["cc.SpriteFrame"],0,[{"name":"line_2","rect":{"x":0,"y":0,"width":640,"height":1},"offset":{"x":0,"y":0},"originalSize":{"width":640,"height":1},"rotated":false,"capInsets":[0,0,0,0],"vertices":{"rawPosition":[-320,-0.5,0,320,-0.5,0,-320,0.5,0,320,0.5,0],"indexes":[0,1,2,2,1,3],"uv":[0,1,640,1,0,0,640,0],"nuv":[0,0,1,0,0,1,1,1],"minPos":{"x":-320,"y":-0.5,"z":0},"maxPos":{"x":320,"y":0.5,"z":0}},"packable":true,"pixelsToUnit":100,"pivot":{"x":0.5,"y":0.5},"meshType":0}],[0],0,[0],[0],[0]]
