{"importBase":"import","nativeBase":"native","name":"main","deps":["resources"],"uuids":["2e8NqqQINPuKPjvrWn0FXb","54T7HpaidGRqiUmh/yfCzz","78v+n272lFN7uADQ7ZpT3y","18A2MX1a1Hp7wO7HiUN0cP","1f066ecc9","1fl1b4vW5Ip7mIFDmZ+k7l","27QNLUhwNKoJt76Bn9OpWH","34CF5VWehJGLJSAmhwyi/g","6by57tF8VK2rGvUOUn0Lxa","74zMsjX3lGj62UKWw3LjuT","7dIdxIi8pNd5P1oFYDyofS","93EqSj1UBEf4Zs9kqSlH6a","98jtmH1fJP17HpgEEBu0NQ","a4iLj8KK1EeIWiZ2EvEPjo","baIUdvKGZPgZxNbjWTFuRI","bcJk2cPo5PIYVLNh7XxuQv","c5Lg62VOBMh5ghpcjr4ROQ","c6J/hD3+lPwI6Vjusykbay","d8+MyVYs1BToc1aCbwxZwC","ddOBDwKQ1MAojPCmtgXCnj","dfIR5itY9CHLBZnPWx47bp","eesKUHy91PCI186CxpMqTt","f1KiPEuSRDIqJgPZgkKPHo","f8Xt7q5ONFZZuH4JjcIEst","fdjsU2o1RKF5x0TziDw3jI","02/5lydMRA8oJSutUzIbQf@f9941","03264eab8","03c2720a5","06537f95d","09c56b884","0a9f053d6","0dacebb21","0f48dcf9d","127W1fMB9JN5lPIu9PPOuj@f9941","170faPuu1MzrnPC+zw9NKt@f9941","18A2MX1a1Hp7wO7HiUN0cP@6c48a","18A2MX1a1Hp7wO7HiUN0cP@f9941","18mC/+QB5MOI63e0fq1OvR","1eEb7gFpRJRqNzLECy3g4M@f9941","1f066ecc9@6c48a","20YzUl2n9NQ4Wdt4CJXLM7@f9941","20g1ukYUVPvKWKBRznAKo+@f9941","27QNLUhwNKoJt76Bn9OpWH@6c48a","27QNLUhwNKoJt76Bn9OpWH@f9941","28x+RWRCBPrJuQZHBQslY2@f9941","293ULKSQBNPaG0dqivhZAD@f9941","2aEE8H8UdGBJucCQi/18nu@f9941","2byDUhRw5E56UJje3uOKCo","32PZN4MlFEN7KY+w15Dmbw@f9941","34CF5VWehJGLJSAmhwyi/g@6c48a","34CF5VWehJGLJSAmhwyi/g@f9941","39V2W6UTdN0pSQHJVY9bun","393CdjrXdE/ajrCX8tNcJU@f9941","41ygQxVj5LQaGo4wZLVbx+","4dFd4I3x5FkqhVYucQ/07+","4fBpuML2lNLJtnEo2XLs/c@f9941","52Cv77UspApoAxQHMLLeiP@f9941","54TknWPwVPqJqeCR+Y/Czo@f9941","5cBnF0VatMdYWZtUlynvWf@f9941","6by57tF8VK2rGvUOUn0Lxa@6c48a","6by57tF8VK2rGvUOUn0Lxa@f9941","6dCt2tBbpG8r3QgVCx4qpF@f9941","6de8S0ehhMp7Gr8pL/9Mtb@f9941","731sprJ6VEqq2SKt7CtmCj@f9941","74zMsjX3lGj62UKWw3LjuT@6c48a","74zMsjX3lGj62UKWw3LjuT@f9941","76WT/ZYcFGu6J1iC03wYNl@f9941","7dIdxIi8pNd5P1oFYDyofS@6c48a","7dIdxIi8pNd5P1oFYDyofS@f9941","7dj5uJT9FMn6OrOOx83tfK@f9941","7fl1VTfI9IRpBOjaYIhdJI@f9941","84gyRG/EZKi4kvLmwGVGmu@f9941","95EkngnxZFbYuFpsqVTaFr@f9941","98jtmH1fJP17HpgEEBu0NQ@6c48a","98jtmH1fJP17HpgEEBu0NQ@f9941","9cEFLMJxJER6IbyCPzGdnm@f9941","a4iLj8KK1EeIWiZ2EvEPjo@6c48a","a4iLj8KK1EeIWiZ2EvEPjo@f9941","b8vSL7yWdGz47P/IPerYBM@f9941","bcJk2cPo5PIYVLNh7XxuQv@6c48a","bcJk2cPo5PIYVLNh7XxuQv@f9941","c3lne2d0pGCIXBYkIM9CDm@f9941","c3/2H2yiVF2ZYXtK06xsPj","c4T1HLHZFG051D4PLN7CAW@f9941","c5Lg62VOBMh5ghpcjr4ROQ@6c48a","c5Lg62VOBMh5ghpcjr4ROQ@f9941","c6AH+GFrxO94nt8pfiu/4Q@f9941","c6J/hD3+lPwI6Vjusykbay@6c48a","c6J/hD3+lPwI6Vjusykbay@f9941","c7Z6vdUSxF1JiKEqaQP8Dx@f9941","d8+MyVYs1BToc1aCbwxZwC@6c48a","d8+MyVYs1BToc1aCbwxZwC@f9941","d9v3fnufhEJ6SBKSOoAG68@f9941","dbacvYFRdH67iztMvefFO8","ddOBDwKQ1MAojPCmtgXCnj@6c48a","ddOBDwKQ1MAojPCmtgXCnj@f9941","ddPt3CeHdDgKAxW2+pHu2Z","dfCTgVompDwZZgKD9B2LAY@f9941","dfIR5itY9CHLBZnPWx47bp@6c48a","dfIR5itY9CHLBZnPWx47bp@f9941","e11lqAoYlB6Y4n3umww3wK@f9941","e2Y4zNzHRF/b5LWdLVt36+@f9941","e7Y4ycydREAoio4XnnVWLD","efGBqlUhVLcaJyGzgHDCvp@f9941","f1KiPEuSRDIqJgPZgkKPHo@6c48a","f1KiPEuSRDIqJgPZgkKPHo@f9941","f4U4QQEyBOmqlFREphs8ox@f9941","f5EXhgHW9Eqbyrx+MZJiyS@f9941","f8Xt7q5ONFZZuH4JjcIEst@6c48a","f8Xt7q5ONFZZuH4JjcIEst@f9941"],"paths":{"0":["db:/assets/load/loadScene",0,1],"1":["db:/assets/lobby/lobbyScene",0,1],"2":["db:/assets/launcher/launcherScene",0,1],"14":["db:/internal/physics/default-physics-material",2,1],"24":["db:/internal/default_renderpipeline/builtin-forward",1,1]},"scenes":{"db://assets/launcher/launcherScene.scene":2,"db://assets/load/loadScene.scene":0,"db://assets/lobby/lobbyScene.scene":1},"packs":{"03264eab8":[0,60,91,99],"03c2720a5":[39,59,67,64,73,42,49,35,76,79,84,87,90,94,98,104,108],"06537f95d":[51,109],"09c56b884":[25,33,34,38,5,44,45,46,48,55,56,58,61,62,63,66,70,71,75,78,81,83,86,89,92,97,100,101,103,106,107],"0a9f053d6":[37,68,88,95],"0dacebb21":[2,21],"0f48dcf9d":[36,5,43,50,1,65,74,77,80,82,85,93,96,102,105]},"versions":{"import":[26,"368be",27,"7b7e1",28,"f8a81",29,"494b9",30,"fa176",31,"cd7f8",32,"29f58",3,"a2533",4,"fddc3",6,"a2533",47,"e3acd",7,"a2533",53,"0f679",54,"c6b09",8,"a2533",9,"a2533",10,"a2533",11,"8a2aa",12,"a2533",13,"a2533",14,"8bce7",15,"a2533",16,"a2533",17,"a2533",18,"a2533",19,"a2533",20,"a2533",22,"a2533",23,"a2533",24,"731f4"],"native":[3,"e66af",4,"94df2",6,"92f9b",7,"10ac2",8,"a734a",9,"99492",10,"e5061",12,"5c86c",13,"9f37e",15,"fb049",16,"4886b",17,"1e9ce",18,"3316f",19,"6864f",20,"88eed",21,"90dab",22,"5f1d9",23,"39c80"]},"redirect":[40,"0",41,"0",52,"0",57,"0",69,"0",72,"0"],"debug":false,"extensionMap":{".cconb":[11]},"hasPreloadScript":true,"dependencyRelationships":{},"types":["cc.SceneAsset","cc.RenderPipeline","cc.PhysicsMaterial"]}