[1,["179ec9289@6c48a"],["_textureSource"],["cc.SpriteFrame"],0,[[[{"name":"12","rect":{"x":536,"y":3,"width":369,"height":245},"offset":{"x":0,"y":0},"originalSize":{"width":793,"height":245},"rotated":false,"capInsets":[0,0,0,0],"packable":true,"pixelsToUnit":100,"pivot":{"x":0.5,"y":0.5},"meshType":0}],[0],0,[0],[0],[0]],[[{"name":"38","rect":{"x":618,"y":629,"width":338,"height":245},"offset":{"x":6.5,"y":0},"originalSize":{"width":793,"height":245},"rotated":true,"capInsets":[0,0,0,0],"packable":true,"pixelsToUnit":100,"pivot":{"x":0.5,"y":0.5},"meshType":0}],[0],0,[0],[0],[0]],[[{"name":"37","rect":{"x":254,"y":505,"width":358,"height":245},"offset":{"x":16.5,"y":0},"originalSize":{"width":793,"height":245},"rotated":false,"capInsets":[0,0,0,0],"packable":true,"pixelsToUnit":100,"pivot":{"x":0.5,"y":0.5},"meshType":0}],[0],0,[0],[0],[0]],[[{"name":"8","rect":{"x":3,"y":254,"width":369,"height":245},"offset":{"x":0,"y":0},"originalSize":{"width":793,"height":245},"rotated":true,"capInsets":[0,0,0,0],"packable":true,"pixelsToUnit":100,"pivot":{"x":0.5,"y":0.5},"meshType":0}],[0],0,[0],[0],[0]],[[{"name":"20","rect":{"x":3,"y":629,"width":369,"height":245},"offset":{"x":0,"y":0},"originalSize":{"width":793,"height":245},"rotated":true,"capInsets":[0,0,0,0],"packable":true,"pixelsToUnit":100,"pivot":{"x":0.5,"y":0.5},"meshType":0}],[0],0,[0],[0],[0]],[[{"name":"24","rect":{"x":254,"y":254,"width":369,"height":245},"offset":{"x":0,"y":0},"originalSize":{"width":793,"height":245},"rotated":false,"capInsets":[0,0,0,0],"packable":true,"pixelsToUnit":100,"pivot":{"x":0.5,"y":0.5},"meshType":0}],[0],0,[0],[0],[0]],[[{"name":"18","rect":{"x":629,"y":254,"width":369,"height":245},"offset":{"x":0,"y":0},"originalSize":{"width":793,"height":245},"rotated":true,"capInsets":[0,0,0,0],"packable":true,"pixelsToUnit":100,"pivot":{"x":0.5,"y":0.5},"meshType":0}],[0],0,[0],[0],[0]],[[{"name":"40","rect":{"x":254,"y":756,"width":326,"height":245},"offset":{"x":0.5,"y":0},"originalSize":{"width":793,"height":245},"rotated":false,"capInsets":[0,0,0,0],"packable":true,"pixelsToUnit":100,"pivot":{"x":0.5,"y":0.5},"meshType":0}],[0],0,[0],[0],[0]],[[{"name":"31","rect":{"x":3,"y":3,"width":527,"height":245},"offset":{"x":101,"y":0},"originalSize":{"width":793,"height":245},"rotated":false,"capInsets":[0,0,0,0],"packable":true,"pixelsToUnit":100,"pivot":{"x":0.5,"y":0.5},"meshType":0}],[0],0,[0],[0],[0]]]]
