[1,["abd88dbe-3099-41b5-a6e3-7ed3f633a577@6c48a"],["_textureSource"],["cc.SpriteFrame"],0,[{"name":"mode4_b_132_a","rect":{"x":0,"y":0,"width":132,"height":130},"offset":{"x":0,"y":0},"originalSize":{"width":132,"height":130},"rotated":false,"capInsets":[0,0,0,0],"vertices":{"rawPosition":[-66,-65,0,66,-65,0,-66,65,0,66,65,0],"indexes":[0,1,2,2,1,3],"uv":[0,130,132,130,0,0,132,0],"nuv":[0,0,1,0,0,1,1,1],"minPos":{"x":-66,"y":-65,"z":0},"maxPos":{"x":66,"y":65,"z":0}},"packable":true,"pixelsToUnit":100,"pivot":{"x":0.5,"y":0.5},"meshType":0}],[0],0,[0],[0],[0]]
