{"importBase":"import","nativeBase":"native","name":"bacPusherTBundle","deps":["main","resources"],"uuids":["0fx/3E4ntFTI6c8LdQ9Efx","5curayVuxFb6SzKKoEnQ3/","5eCBdIyUpDcJz3svbrtTuI","62klB70/1NnJ/d2oodSjzT","6f0huxu1ZNtrsJGsEPblWV","75x+1SBQdF2KHQhOyzwSJp","77rXNItzdCO7xTzfMIREyj","7bbXckTGhBWYwmKgXs9Ja6","7cpi8/mn5K76gzBgHfbBfM","83SifE2OhEibmM9+R/O5a1","878QxQQphNk6cn6FZO6OT2","a5979NIv9BX79BmuHiB0WV","aaNJjuRqVFrL6/AJ3SyVDH","ab+gFJQldAHL1kzpZmsJz1","b1q9VCGxZCvpYS5Kkv0mrN","b7sVhyiqdKDr1O3syD1aLi","b99E6+PvZII4C6LjWCb3AS","c7jN8mtYdDyJ1962a1BGz0","cbIoup4YBNkaLNSolfZIn8","dcdqMrq3dBaLDuIyvS33g5","efcSFnTTtGHL5Fpxc3v748","feiXYrh5ZA7aCM+4roFnAI","01Jxfo4wRCSrKyk9IoyU+i","02E8gutvJALbJYvYLpjL33","02kkBvMs5N7KE0jsPKB6BO","020gHFCKdBM6jU7J0TpLRB","03aRBLKilDQZf1qZCvL6IE","03l0HrdRxMTbEcUr7BMDO7","0425PhImJArpbKLiabiTmF","05FvcGNTdGQ4DYXpJB3/mG","06xhqwFgtJAYnsBhyhUoug@f9941","08t95af4ZA2YFK4UGYdLrX","09Hi/e0ZNLYqwkF4amjkzb","0brOF/2ClHtaxNil/etn4Q","0fx/3E4ntFTI6c8LdQ9Efx@6c48a","0fx/3E4ntFTI6c8LdQ9Efx@f9941","10FyAIawFGcYyOCxtXXZqX","10nkgK8W1KQbMd/PkBAEft","10xnJmL5FMVIOvso5/drZW","106RmgYz1PDL6QwSfhoHDs","11Ah31BnlL3aZZFo8vxwA/@f9941","11zoVtRmpIw7hW+WSQgFfb","12KDX0CQVLfaiM1Mn+XSYE","13ykflF29KwIUhhMCA5Ega","14nLalIPNOB73wBjPFbx3g","16cqyrtcdDFJtCg94+muIV","17706fd10","19qDD2uk1Hv4fnrDscDMEB","1b3sDuiKRDRpF0pmLsYaR+@f9941","1chMF9cjFBEqDBI6tOuM17","1e1e315fb","1fpZc+doFBgJrg3jRtqXkb","20AsYH2lpDnpudT2uHuJr0","20g8DSkb9F9a/2WwWKby3I","209sg8RU9DDqFOdOL9ByIz","23yEalyuVO4Z/B1OgMVGKz","24QxLqQRxN45qGqS3aZdWa","24odHCfK5IkorCOCZMcFSA","28R7TECSlFrowTxwrNqcpV","28zh2tbaxECZRZTjlAd/Pn","2a9RnmumtH1oZVQJzprKR8","2dreVSWhNERr0OePeKTn46","2d0otSAAhJtqoWvn5Q++gr","2erGA6KzJNabWK94nVmKeS","31XEVCFCVIVLRuoc7buOt7","31oJhFqC1IWbfkkYpxQjb6","32MSWOFOpJV4hPKsv1Uy/S","33Q0kYFcZAj4M725kePduf","33Q/xC24dMxokVtQa5TRjk","339XHwAp1My4t9ETPNyAkD","35yLWDApNOHaXyxbVzPem/","36WaK5SMVLoJu9kW2Sef4Q","37XIBsvpVCRp6lqzAJEgId","37kIyp6O5PobYAAwhzmEH0","38IXkC/4xGArxTPHs4x5Wh","38asI6nnRDlbMSeGbjlNe6@f9941","39/ekt9XBOK6LUa9dY3ZHZ","3aMhhvOVJPZpXtJ+aloNy+","3c0qJBtElDX6XTqyrwoEzQ","3c6VsfalJLfKp1GNReqln6","41Ad+BmbpBnIBoG0nmYiMa","41UcqJvtFJQ4FrBT4ARhNU","43fLIOV2pKPKo755Rmf9A3","44x+IzsAFDvZxZ8RULqCCw","45t13wflpBCLtrGD7ucc27","460YvnTplPX60b0rX1+Yrg","46/DqyOlJMKqYfiumDzX2D","47zrFDEORH25eRd8NiIBT1","48sGjaaupGRrS2qoypclDZ","49DfMBAgBOSIQn9DMerM93","4ctarzMntJKbtB2DaM/xio","4fBonA28lHZL9Aw/DTt/46@f9941","51aKviL5ZM/rk72UjRdsYk","59k2gDmW5Lp4fTh484CcEz","5azX0ZC5dG5YC/DQn49CDS","5bv2sml19FF5hSyKgxq2/B","5cW65jXGRMCKK8iyWtPM2f","5curayVuxFb6SzKKoEnQ3/@6c48a","5curayVuxFb6SzKKoEnQ3/@f9941","5eCBdIyUpDcJz3svbrtTuI@6c48a","5eCBdIyUpDcJz3svbrtTuI@f9941","60iBQkxyNKbpqGME9ck7+Z","62KpCKOn9EcZ8L4op2Gixz","62klB70/1NnJ/d2oodSjzT@6c48a","62klB70/1NnJ/d2oodSjzT@f9941","65Lki1xK1L4bfzX152+sii","67YewG9S1Ls7/F2knnHgX+","67pKv4DlhPXLDK0suB3UYP","68KiXUUMhKHYXAziVEqBvS","6es+2ReXlEKJ+sVzes73ox","6faVLl8WVHhJECwJVQAJwN","6fevJMZs9N8qx8DkIsA/I5","6fqoIGdzZNrZcjglG2auP1","6f0huxu1ZNtrsJGsEPblWV@6c48a","6f0huxu1ZNtrsJGsEPblWV@f9941","713MDsuhVPiaRal9aCSDRQ","73kWikp3NMYpLKKm9DXk5t","74riQP1O9PX4fQPDrBRz97","75NBmTX/JO9oJYXKkSF18K","75x+1SBQdF2KHQhOyzwSJp@6c48a","75x+1SBQdF2KHQhOyzwSJp@f9941","77rXNItzdCO7xTzfMIREyj@6c48a","77rXNItzdCO7xTzfMIREyj@f9941","79I20Ox45FcodtFrHKBHBM","79503ADb9O+oqVTL0otExM","7bC/j/1UNFG5q/XVywVeCh","7bIdNd9zlOcITv6nRengYo","7bbXckTGhBWYwmKgXs9Ja6@6c48a","7bbXckTGhBWYwmKgXs9Ja6@f9941","7cpi8/mn5K76gzBgHfbBfM@6c48a","7cpi8/mn5K76gzBgHfbBfM@f9941","7fQ0Wqb/tKxbkuc1o30cej","822fg5XpBPuZ3fgQ3dVeOj","83CPeamIVL1Ys3R6qpM9sR","83SifE2OhEibmM9+R/O5a1@6c48a","83SifE2OhEibmM9+R/O5a1@f9941","84FObBFxlDIK2/KqLmHZn5","86LOCjLJxFkr7qX2gxF/9p","87lUUJZ3xMHpZskn/18r0b","89Wqux7l9M/7PokgavQWTl","8apQTOle5LcJVIlJMPE5XQ","8cGORCCLFBD4yCQhcCXf3e","8cyqK/+SBHa4sakbnUaXfd","8fR5pc/95Amr78H0rsZrLG","90Fmt0+K5LL4o0OtHEa7dW","928Nll3d1C0IxwFrUuR31M","93EqSj1UBEf4Zs9kqSlH6a","94FSNmC+JCvalnQx2/Tmqv","94kGuGpxZDZ4cSTQ3LgVn3","94t30MJhFKL7Njf46TSUOT","9dz0vvP9VJ3qdoXvtGJXkT","9fMCtKeAdKl4NoAhbMeCtT","a1jdSkC31BuZIIvG8+YZ0Z","a13QYCnW9MxYUBhILj56RO","a5BV8RkgRHS4wfR22ZUoxb","a5CWOn0opM74izQpkn+Gh1","a5979NIv9BX79BmuHiB0WV@6c48a","a5979NIv9BX79BmuHiB0WV@f9941","a76QxmXG9G34q4yJXu9VwE","a76+KawstF/5PF1KXX8gy7","a8pG155iFMXrXDguGrU6In","a8q7ndzulOJbl353u9frBF","aaIPIW975Mv6QOkMabaumf","aaNJjuRqVFrL6/AJ3SyVDH@6c48a","aaNJjuRqVFrL6/AJ3SyVDH@f9941","aa1/wv2X1GJqpAyYJzHgBk","ab+gFJQldAHL1kzpZmsJz1@6c48a","ab+gFJQldAHL1kzpZmsJz1@f9941","b0GLkiQdVO84NbiRH6V3Gq","b1q9VCGxZCvpYS5Kkv0mrN@6c48a","b1q9VCGxZCvpYS5Kkv0mrN@f9941","b19jka+7FO+J3whRYYxmku","b2cDYSX9FO7ZMn3c/050Ao","b2jA19ZjVFY5BQocFlL7Ix","b3mb1mGL9Nq5hbGAXZCEld","b6FbiJl4RBBYGdfqzD4kSR","b7pE9Ynd1K67xCWggfk8um","b7sVhyiqdKDr1O3syD1aLi@6c48a","b7sVhyiqdKDr1O3syD1aLi@f9941","b7tEaMMt9KaKhC3gp+oF4b","b9FROJUZFFQrDb5dN/JKds","b99E6+PvZII4C6LjWCb3AS@6c48a","b99E6+PvZII4C6LjWCb3AS@f9941","bbEfgLuERLKbz+hDuazczG","bfMOp2PWdGAo8cEhnE/OOp","bf00/YKQ5Ht4nLDd/0zq2Z","c0HWL3lJZBS4gRex8EtRQ0","c0MKfQQTRLzLFQcBSO9jCJ","c1EU4AJddDeLNLIypgqAQz","c2JEFWPdNNe7/v7JGE3x1t","c3uPNgunJCsqQzNoUD+0f5","c3yNX2ZTJATo/X2+PgafQV","c37kFUPQ9Bh7jn+nVnxihS","c4QOCIgP1Ir6F4xijRX//d","c48jbkAJhFrYvuLRLJvo4A","c7bbZPS+tM9JrWFsjWXnC5","caHCvFKPNEGpaE5iOheRRZ","cbb/xPHTdP/KFy34YT0JDq","cbxW4bDWFITIR2Lr1TlqKN","cfrl0fictCuLpeBGFATaHy","d3/pXJj/9Goq/5eavfSJ9h","d58I5kyJNHCpQqJDywRlE3","d6Fm2XDHVK45d2a1Pdj76W","d87ZjnutRCb5QOEHIqtYU5","dau35XRcFBPYQn1Mw/jm/U","dcc1gWlXlNjaH9wiIbHn43","dcdllgohpGUKuE4CsaNZ9C","dcdqMrq3dBaLDuIyvS33g5@6c48a","dcdqMrq3dBaLDuIyvS33g5@f9941","dco0Ym3m9JlpEE6JaMk3px","de4t2fjdZHnptb3mt8iShn","dfg2KQtExB3Ki9OGZT7L2J","e0t2Jb2M5MmI3IFbbh12vO","e4AHZDTOhDhISMc8xv7XUY","e78lu3ezxDKoro8L97gGFe","e85n2aydpHzJifKYkpcp5O","e9lc9EuuNH1Z8nCDgDeSoF","ebUp7hkKtLX5XlI0QHPPHs","ecexRSviNAVY/v4A/DPSse","ec5Bt7erhCP73pToGVKx5M","efcSFnTTtGHL5Fpxc3v748@6c48a","efcSFnTTtGHL5Fpxc3v748@f9941","f4DkqsPPpPsoINz/3Yhvlr","f5UL4M2I5OureRqAaimftY","f7kFcPevRAJZbs2B9lyK5G","f9Siz+/y5GUKHHf0o647b2@f9941","faxfdBQ7pGbZ2O0ptyZAMe","fcRAii+l5JV6k2CeV4b+e6","fdpcuEaexF7ouacJSi4kDi","feiXYrh5ZA7aCM+4roFnAI@6c48a","feiXYrh5ZA7aCM+4roFnAI@f9941","ffbD1HaWFF3IUx4Fy7yKHx","ffuIqPr2JI9I8dPLYGRDpD","01Jxfo4wRCSrKyk9IoyU+i@6c48a","01Jxfo4wRCSrKyk9IoyU+i@f9941","01ePBeg71Hy4YClDsHC0Jp@f9941","02E8gutvJALbJYvYLpjL33@6c48a","02E8gutvJALbJYvYLpjL33@f9941","027a78870","02kkBvMs5N7KE0jsPKB6BO@6c48a","02kkBvMs5N7KE0jsPKB6BO@f9941","02c12f57e","020gHFCKdBM6jU7J0TpLRB@6c48a","020gHFCKdBM6jU7J0TpLRB@f9941","027OFhmglBoIv7w+jzf2Zc","03aRBLKilDQZf1qZCvL6IE@6c48a","03aRBLKilDQZf1qZCvL6IE@f9941","03l0HrdRxMTbEcUr7BMDO7@6c48a","03l0HrdRxMTbEcUr7BMDO7@f9941","03d1a52b6","0425PhImJArpbKLiabiTmF@6c48a","0425PhImJArpbKLiabiTmF@f9941","05FvcGNTdGQ4DYXpJB3/mG@6c48a","05FvcGNTdGQ4DYXpJB3/mG@f9941","05dfa0994","0793ffdce","08t95af4ZA2YFK4UGYdLrX@6c48a","08t95af4ZA2YFK4UGYdLrX@f9941","08caa59b5","09Hi/e0ZNLYqwkF4amjkzb@6c48a","09Hi/e0ZNLYqwkF4amjkzb@f9941","0aEywwGXNC8ZHFZ6NDcmtq@f9941","0a4e49406","0aed37080","0b8f3c2c5","0brOF/2ClHtaxNil/etn4Q@6c48a","0brOF/2ClHtaxNil/etn4Q@f9941","0b0xjPWlFAVq0VmFJ5unMQ@f9941","0cKx9+g+VOCZrxoiqT8ZuW","0de199f9b","0e50a439a","10FyAIawFGcYyOCxtXXZqX@6c48a","10FyAIawFGcYyOCxtXXZqX@f9941","10nkgK8W1KQbMd/PkBAEft@6c48a","10nkgK8W1KQbMd/PkBAEft@f9941","10xnJmL5FMVIOvso5/drZW@6c48a","10xnJmL5FMVIOvso5/drZW@f9941","106RmgYz1PDL6QwSfhoHDs@6c48a","106RmgYz1PDL6QwSfhoHDs@f9941","11zoVtRmpIw7hW+WSQgFfb@6c48a","11zoVtRmpIw7hW+WSQgFfb@f9941","12KDX0CQVLfaiM1Mn+XSYE@6c48a","12KDX0CQVLfaiM1Mn+XSYE@f9941","13ykflF29KwIUhhMCA5Ega@6c48a","13ykflF29KwIUhhMCA5Ega@f9941","14nLalIPNOB73wBjPFbx3g@6c48a","14nLalIPNOB73wBjPFbx3g@f9941","16cqyrtcdDFJtCg94+muIV@6c48a","16cqyrtcdDFJtCg94+muIV@f9941","16qv4jj+lETaCQhE7hqgIa","17706fd10@6c48a","19hfA7J1JHvLbgzM0Z0Bb8@f9941","19qDD2uk1Hv4fnrDscDMEB@6c48a","19qDD2uk1Hv4fnrDscDMEB@f9941","1a800Gf1tNVppDcIIE2Nt3@f9941","1chMF9cjFBEqDBI6tOuM17@6c48a","1chMF9cjFBEqDBI6tOuM17@f9941","1dgcNa5bBAdpuW+b9QYn9E@f9941","1e1e315fb@6c48a","1fpZc+doFBgJrg3jRtqXkb@6c48a","1fpZc+doFBgJrg3jRtqXkb@f9941","20AsYH2lpDnpudT2uHuJr0@6c48a","20AsYH2lpDnpudT2uHuJr0@f9941","20YzUl2n9NQ4Wdt4CJXLM7@f9941","20g1ukYUVPvKWKBRznAKo+@f9941","20g8DSkb9F9a/2WwWKby3I@6c48a","20g8DSkb9F9a/2WwWKby3I@f9941","209sg8RU9DDqFOdOL9ByIz@6c48a","209sg8RU9DDqFOdOL9ByIz@f9941","23yEalyuVO4Z/B1OgMVGKz@6c48a","23yEalyuVO4Z/B1OgMVGKz@f9941","24QxLqQRxN45qGqS3aZdWa@6c48a","24QxLqQRxN45qGqS3aZdWa@f9941","24odHCfK5IkorCOCZMcFSA@6c48a","24odHCfK5IkorCOCZMcFSA@f9941","259WfOS7tHl57GqCSPBjcK@f9941","28R7TECSlFrowTxwrNqcpV@6c48a","28R7TECSlFrowTxwrNqcpV@f9941","28zh2tbaxECZRZTjlAd/Pn@6c48a","28zh2tbaxECZRZTjlAd/Pn@f9941","2a9RnmumtH1oZVQJzprKR8@6c48a","2a9RnmumtH1oZVQJzprKR8@f9941","2dreVSWhNERr0OePeKTn46@6c48a","2dreVSWhNERr0OePeKTn46@f9941","2d0otSAAhJtqoWvn5Q++gr@6c48a","2d0otSAAhJtqoWvn5Q++gr@f9941","2erGA6KzJNabWK94nVmKeS@6c48a","2erGA6KzJNabWK94nVmKeS@f9941","2fK+8arSVMMpMIMU7v6kVt@f9941","31XEVCFCVIVLRuoc7buOt7@6c48a","31XEVCFCVIVLRuoc7buOt7@f9941","31oJhFqC1IWbfkkYpxQjb6@6c48a","31oJhFqC1IWbfkkYpxQjb6@f9941","32MSWOFOpJV4hPKsv1Uy/S@6c48a","32MSWOFOpJV4hPKsv1Uy/S@f9941","33Q0kYFcZAj4M725kePduf@6c48a","33Q0kYFcZAj4M725kePduf@f9941","33Q/xC24dMxokVtQa5TRjk@6c48a","33Q/xC24dMxokVtQa5TRjk@f9941","339XHwAp1My4t9ETPNyAkD@6c48a","339XHwAp1My4t9ETPNyAkD@f9941","35yLWDApNOHaXyxbVzPem/@6c48a","35yLWDApNOHaXyxbVzPem/@f9941","36WaK5SMVLoJu9kW2Sef4Q@6c48a","36WaK5SMVLoJu9kW2Sef4Q@f9941","37XIBsvpVCRp6lqzAJEgId@6c48a","37XIBsvpVCRp6lqzAJEgId@f9941","37kIyp6O5PobYAAwhzmEH0@6c48a","37kIyp6O5PobYAAwhzmEH0@f9941","38IXkC/4xGArxTPHs4x5Wh@6c48a","38IXkC/4xGArxTPHs4x5Wh@f9941","393CdjrXdE/ajrCX8tNcJU@f9941","39/ekt9XBOK6LUa9dY3ZHZ@6c48a","39/ekt9XBOK6LUa9dY3ZHZ@f9941","3aMhhvOVJPZpXtJ+aloNy+@6c48a","3aMhhvOVJPZpXtJ+aloNy+@f9941","3c0qJBtElDX6XTqyrwoEzQ@6c48a","3c0qJBtElDX6XTqyrwoEzQ@f9941","3c6VsfalJLfKp1GNReqln6@6c48a","3c6VsfalJLfKp1GNReqln6@f9941","3dOqHpOcJNb48lP/aVL2hx","41Ad+BmbpBnIBoG0nmYiMa@6c48a","41Ad+BmbpBnIBoG0nmYiMa@f9941","41UcqJvtFJQ4FrBT4ARhNU@6c48a","41UcqJvtFJQ4FrBT4ARhNU@f9941","41gNWCigdA3oaUpSnEuDNE","43fLIOV2pKPKo755Rmf9A3@6c48a","43fLIOV2pKPKo755Rmf9A3@f9941","44x+IzsAFDvZxZ8RULqCCw@6c48a","44x+IzsAFDvZxZ8RULqCCw@f9941","45t13wflpBCLtrGD7ucc27@6c48a","45t13wflpBCLtrGD7ucc27@f9941","460YvnTplPX60b0rX1+Yrg@6c48a","460YvnTplPX60b0rX1+Yrg@f9941","46/DqyOlJMKqYfiumDzX2D@6c48a","46/DqyOlJMKqYfiumDzX2D@f9941","47a6LCXmNH6Zt4bOUlZIJx@f9941","47zrFDEORH25eRd8NiIBT1@6c48a","47zrFDEORH25eRd8NiIBT1@f9941","48sGjaaupGRrS2qoypclDZ@6c48a","48sGjaaupGRrS2qoypclDZ@f9941","49DfMBAgBOSIQn9DMerM93@6c48a","49DfMBAgBOSIQn9DMerM93@f9941","49pGfVVspBiZUB4fjdoYLR@f9941","4ctarzMntJKbtB2DaM/xio@6c48a","4ctarzMntJKbtB2DaM/xio@f9941","4f1pZvYYJJXp5baxuRgn/Y@f9941","51aKviL5ZM/rk72UjRdsYk@6c48a","51aKviL5ZM/rk72UjRdsYk@f9941","54TknWPwVPqJqeCR+Y/Czo@f9941","55+jZHA31BwKl+ljQ2ggxe@f9941","59k2gDmW5Lp4fTh484CcEz@6c48a","59k2gDmW5Lp4fTh484CcEz@f9941","5azX0ZC5dG5YC/DQn49CDS@6c48a","5azX0ZC5dG5YC/DQn49CDS@f9941","5bv2sml19FF5hSyKgxq2/B@6c48a","5bv2sml19FF5hSyKgxq2/B@f9941","5cW65jXGRMCKK8iyWtPM2f@6c48a","5cW65jXGRMCKK8iyWtPM2f@f9941","5dvk/kGa5IwZWbSv6zrf3E","5engCTpAZDWpvdXibJSl3v","60iBQkxyNKbpqGME9ck7+Z@6c48a","60iBQkxyNKbpqGME9ck7+Z@f9941","62KpCKOn9EcZ8L4op2Gixz@6c48a","62KpCKOn9EcZ8L4op2Gixz@f9941","65Lki1xK1L4bfzX152+sii@6c48a","65Lki1xK1L4bfzX152+sii@f9941","67YewG9S1Ls7/F2knnHgX+@6c48a","67YewG9S1Ls7/F2knnHgX+@f9941","67pKv4DlhPXLDK0suB3UYP@6c48a","67pKv4DlhPXLDK0suB3UYP@f9941","68KiXUUMhKHYXAziVEqBvS@6c48a","68KiXUUMhKHYXAziVEqBvS@f9941","6ad4g5eCxCZqJQiLy2fOq9@f9941","6by57tF8VK2rGvUOUn0Lxa@f9941","6colKdavNCCLZZpblYtnz8@f9941","6es+2ReXlEKJ+sVzes73ox@6c48a","6es+2ReXlEKJ+sVzes73ox@f9941","6faVLl8WVHhJECwJVQAJwN@6c48a","6faVLl8WVHhJECwJVQAJwN@f9941","6fevJMZs9N8qx8DkIsA/I5@6c48a","6fevJMZs9N8qx8DkIsA/I5@f9941","6fqoIGdzZNrZcjglG2auP1@6c48a","6fqoIGdzZNrZcjglG2auP1@f9941","70bP4soLNKFZWTzSBParwY@f9941","71XiMJfmpInqOg1iYGfM+u@f9941","713MDsuhVPiaRal9aCSDRQ@6c48a","713MDsuhVPiaRal9aCSDRQ@f9941","72e/E8okxHl5slP2e7PLO3@f9941","73kWikp3NMYpLKKm9DXk5t@6c48a","73kWikp3NMYpLKKm9DXk5t@f9941","74riQP1O9PX4fQPDrBRz97@6c48a","74riQP1O9PX4fQPDrBRz97@f9941","74zMsjX3lGj62UKWw3LjuT@f9941","75NBmTX/JO9oJYXKkSF18K@6c48a","75NBmTX/JO9oJYXKkSF18K@f9941","75TWwsrNdHQ4hRT6LEN0re@f9941","75roTOulhB67TwHKV5E9d0@f9941","79I20Ox45FcodtFrHKBHBM@6c48a","79I20Ox45FcodtFrHKBHBM@f9941","79503ADb9O+oqVTL0otExM@6c48a","79503ADb9O+oqVTL0otExM@f9941","7aYppUCYpEuJ7uKI7ErZ6a@f9941","7bC/j/1UNFG5q/XVywVeCh@6c48a","7bC/j/1UNFG5q/XVywVeCh@f9941","7bIdNd9zlOcITv6nRengYo@6c48a","7bIdNd9zlOcITv6nRengYo@f9941","7bL0BEfR1DW7oCPjDD3XmS@f9941","7dIdxIi8pNd5P1oFYDyofS@f9941","7dj5uJT9FMn6OrOOx83tfK@f9941","7eK4vv8w5A+YMANtorGQxs","7fQ0Wqb/tKxbkuc1o30cej@6c48a","7fQ0Wqb/tKxbkuc1o30cej@f9941","7fUD8F/v9IAb7boNV8eccv@f9941","81GHAJmdxJhbiPHUO367vz@f9941","822fg5XpBPuZ3fgQ3dVeOj@6c48a","822fg5XpBPuZ3fgQ3dVeOj@f9941","8278wBbDRGjIInMMQlPnUU@f9941","83CPeamIVL1Ys3R6qpM9sR@6c48a","83CPeamIVL1Ys3R6qpM9sR@f9941","84FObBFxlDIK2/KqLmHZn5@6c48a","84FObBFxlDIK2/KqLmHZn5@f9941","86LOCjLJxFkr7qX2gxF/9p@6c48a","86LOCjLJxFkr7qX2gxF/9p@f9941","87R9FFLRxB4YMN+Wg+oQrX","87lUUJZ3xMHpZskn/18r0b@6c48a","87lUUJZ3xMHpZskn/18r0b@f9941","89OqtuCL5PQoj9JFfWXrcR@f9941","89Wqux7l9M/7PokgavQWTl@6c48a","89Wqux7l9M/7PokgavQWTl@f9941","8apQTOle5LcJVIlJMPE5XQ@6c48a","8apQTOle5LcJVIlJMPE5XQ@f9941","8cGORCCLFBD4yCQhcCXf3e@6c48a","8cGORCCLFBD4yCQhcCXf3e@f9941","8clRQnfNNHCJLZPDZ6e7r8","8cyqK/+SBHa4sakbnUaXfd@6c48a","8cyqK/+SBHa4sakbnUaXfd@f9941","8dcHjukiRMl4pSXcXGiGu5@f9941","8fR5pc/95Amr78H0rsZrLG@6c48a","8fR5pc/95Amr78H0rsZrLG@f9941","8fhQlcCK5DjIwRCEhDG8om@f9941","90Fmt0+K5LL4o0OtHEa7dW@6c48a","90Fmt0+K5LL4o0OtHEa7dW@f9941","91z1TEQoJEiLV52xXfIiTh@f9941","928Nll3d1C0IxwFrUuR31M@6c48a","928Nll3d1C0IxwFrUuR31M@f9941","94FSNmC+JCvalnQx2/Tmqv@6c48a","94FSNmC+JCvalnQx2/Tmqv@f9941","94kGuGpxZDZ4cSTQ3LgVn3@6c48a","94kGuGpxZDZ4cSTQ3LgVn3@f9941","94t30MJhFKL7Njf46TSUOT@6c48a","94t30MJhFKL7Njf46TSUOT@f9941","95EkngnxZFbYuFpsqVTaFr@f9941","96tNowfuJAQoUUDA29GTBb@f9941","986ebY8NdH2IipIMHMI8T+","99t+H++RVO3q+lpyS4t8x6","9cyKZfV5pLfoNzcb6Lluro","9dz0vvP9VJ3qdoXvtGJXkT@6c48a","9dz0vvP9VJ3qdoXvtGJXkT@f9941","9eX0CUPBpHipPSBwTcDij4@f9941","9fMCtKeAdKl4NoAhbMeCtT@6c48a","9fMCtKeAdKl4NoAhbMeCtT@f9941","a1jdSkC31BuZIIvG8+YZ0Z@6c48a","a1jdSkC31BuZIIvG8+YZ0Z@f9941","a13QYCnW9MxYUBhILj56RO@6c48a","a13QYCnW9MxYUBhILj56RO@f9941","a5BV8RkgRHS4wfR22ZUoxb@6c48a","a5BV8RkgRHS4wfR22ZUoxb@f9941","a5CWOn0opM74izQpkn+Gh1@6c48a","a5CWOn0opM74izQpkn+Gh1@f9941","a76QxmXG9G34q4yJXu9VwE@6c48a","a76QxmXG9G34q4yJXu9VwE@f9941","a76+KawstF/5PF1KXX8gy7@6c48a","a76+KawstF/5PF1KXX8gy7@f9941","a8ZajNkxlLX5KcZjBjfhnf@f9941","a8pG155iFMXrXDguGrU6In@6c48a","a8pG155iFMXrXDguGrU6In@f9941","a8q7ndzulOJbl353u9frBF@6c48a","a8q7ndzulOJbl353u9frBF@f9941","a9vO2GBWpJgazbBPZiz4tE","aaIPIW975Mv6QOkMabaumf@6c48a","aaIPIW975Mv6QOkMabaumf@f9941","aa1/wv2X1GJqpAyYJzHgBk@6c48a","aa1/wv2X1GJqpAyYJzHgBk@f9941","aa5FcRzzpJ6YDXX6I8Qarm@f9941","aa9hMJytxJELgsdkrR+Ly1@f9941","aa+Xl4ZYlN656CxUK6ZLa3","adV/Mog+dHSrJq3SZ078NP@f9941","b0GLkiQdVO84NbiRH6V3Gq@6c48a","b0GLkiQdVO84NbiRH6V3Gq@f9941","b19jka+7FO+J3whRYYxmku@6c48a","b19jka+7FO+J3whRYYxmku@f9941","b2cDYSX9FO7ZMn3c/050Ao@6c48a","b2cDYSX9FO7ZMn3c/050Ao@f9941","b2c0VohzhNI6S3R8n8WHml","b2hvSd+m5Jb5GjavS4tVFt","b2jA19ZjVFY5BQocFlL7Ix@6c48a","b2jA19ZjVFY5BQocFlL7Ix@f9941","b3mb1mGL9Nq5hbGAXZCEld@6c48a","b3mb1mGL9Nq5hbGAXZCEld@f9941","b6FbiJl4RBBYGdfqzD4kSR@6c48a","b6FbiJl4RBBYGdfqzD4kSR@f9941","b6LlTjsjhJLbZDc455t5TR@f9941","b7Y7TvJ1REJpT3ftlu7BSg@f9941","b7pE9Ynd1K67xCWggfk8um@6c48a","b7pE9Ynd1K67xCWggfk8um@f9941","b7tEaMMt9KaKhC3gp+oF4b@6c48a","b7tEaMMt9KaKhC3gp+oF4b@f9941","b9FROJUZFFQrDb5dN/JKds@6c48a","b9FROJUZFFQrDb5dN/JKds@f9941","bbEfgLuERLKbz+hDuazczG@6c48a","bbEfgLuERLKbz+hDuazczG@f9941","bcA5VLEb9K/YhymdsbRsTO@f9941","bfMOp2PWdGAo8cEhnE/OOp@6c48a","bfMOp2PWdGAo8cEhnE/OOp@f9941","bf00/YKQ5Ht4nLDd/0zq2Z@6c48a","bf00/YKQ5Ht4nLDd/0zq2Z@f9941","c0MKfQQTRLzLFQcBSO9jCJ@6c48a","c0MKfQQTRLzLFQcBSO9jCJ@f9941","c1EU4AJddDeLNLIypgqAQz@6c48a","c1EU4AJddDeLNLIypgqAQz@f9941","c10aQI9QVCrbx+7I3z1BSE@f9941","c2JEFWPdNNe7/v7JGE3x1t@6c48a","c2JEFWPdNNe7/v7JGE3x1t@f9941","c21N7sFFJLp51I9KKJOXrQ","c3uPNgunJCsqQzNoUD+0f5@6c48a","c3uPNgunJCsqQzNoUD+0f5@f9941","c3yNX2ZTJATo/X2+PgafQV@6c48a","c3yNX2ZTJATo/X2+PgafQV@f9941","c37kFUPQ9Bh7jn+nVnxihS@6c48a","c37kFUPQ9Bh7jn+nVnxihS@f9941","c4QOCIgP1Ir6F4xijRX//d@6c48a","c4QOCIgP1Ir6F4xijRX//d@f9941","c48jbkAJhFrYvuLRLJvo4A@6c48a","c48jbkAJhFrYvuLRLJvo4A@f9941","c6J/hD3+lPwI6Vjusykbay@f9941","c6LwSzBE9EWphfzwku4R27@f9941","c7bbZPS+tM9JrWFsjWXnC5@6c48a","c7bbZPS+tM9JrWFsjWXnC5@f9941","c7tF4hetRHc5wVk0W+vp8X@f9941","c8fENYK2dKBacq20vcQFOo@f9941","caHCvFKPNEGpaE5iOheRRZ@6c48a","caHCvFKPNEGpaE5iOheRRZ@f9941","cabwPMrelF2rdl7RnzNrpf","cbb/xPHTdP/KFy34YT0JDq@6c48a","cbb/xPHTdP/KFy34YT0JDq@f9941","cbxW4bDWFITIR2Lr1TlqKN@6c48a","cbxW4bDWFITIR2Lr1TlqKN@f9941","cb3HeT2c5HJZQzgeHu2tA1@f9941","cfrl0fictCuLpeBGFATaHy@6c48a","cfrl0fictCuLpeBGFATaHy@f9941","d2WlLv9oNJmqxbsV2VBJD8@f9941","d3/pXJj/9Goq/5eavfSJ9h@6c48a","d3/pXJj/9Goq/5eavfSJ9h@f9941","d5Pw1aiZpJs6ZIx6yWba/4@f9941","d58I5kyJNHCpQqJDywRlE3@6c48a","d58I5kyJNHCpQqJDywRlE3@f9941","d6Fm2XDHVK45d2a1Pdj76W@6c48a","d6Fm2XDHVK45d2a1Pdj76W@f9941","d6+YznK2xGB419rCrqJnZ+@f9941","d87ZjnutRCb5QOEHIqtYU5@6c48a","d87ZjnutRCb5QOEHIqtYU5@f9941","d8+MyVYs1BToc1aCbwxZwC@f9941","dau35XRcFBPYQn1Mw/jm/U@6c48a","dau35XRcFBPYQn1Mw/jm/U@f9941","dbptaQcXRPIbXC45Baip58","dcGiMk4yVG1Z17zPD37Ksk@f9941","dcc1gWlXlNjaH9wiIbHn43@6c48a","dcc1gWlXlNjaH9wiIbHn43@f9941","dcdllgohpGUKuE4CsaNZ9C@6c48a","dcdllgohpGUKuE4CsaNZ9C@f9941","dco0Ym3m9JlpEE6JaMk3px@6c48a","dco0Ym3m9JlpEE6JaMk3px@f9941","ddOBDwKQ1MAojPCmtgXCnj@f9941","ddPt3CeHdDgKAxW2+pHu2Z","deaaM7WnNBtpuC3Xo8s1zF","det4+VA+pNnILw2KBto15G@f9941","de4t2fjdZHnptb3mt8iShn@6c48a","de4t2fjdZHnptb3mt8iShn@f9941","dfIR5itY9CHLBZnPWx47bp@f9941","dfg2KQtExB3Ki9OGZT7L2J@6c48a","dfg2KQtExB3Ki9OGZT7L2J@f9941","e0CofzVjRC/YB7cqyAJ2um@f9941","e0t2Jb2M5MmI3IFbbh12vO@6c48a","e0t2Jb2M5MmI3IFbbh12vO@f9941","e28RDkGfxIG4CKPAZgK1+K","e4AHZDTOhDhISMc8xv7XUY@6c48a","e4AHZDTOhDhISMc8xv7XUY@f9941","e7vlsR7oVOBo300IniKsoZ@f9941","e78lu3ezxDKoro8L97gGFe@6c48a","e78lu3ezxDKoro8L97gGFe@f9941","e85n2aydpHzJifKYkpcp5O@6c48a","e85n2aydpHzJifKYkpcp5O@f9941","e9lc9EuuNH1Z8nCDgDeSoF@6c48a","e9lc9EuuNH1Z8nCDgDeSoF@f9941","ea44LViGhBrJnQakqUInLP@f9941","ebUp7hkKtLX5XlI0QHPPHs@6c48a","ebUp7hkKtLX5XlI0QHPPHs@f9941","ecexRSviNAVY/v4A/DPSse@6c48a","ecexRSviNAVY/v4A/DPSse@f9941","ec5Bt7erhCP73pToGVKx5M@6c48a","ec5Bt7erhCP73pToGVKx5M@f9941","efGBqlUhVLcaJyGzgHDCvp@f9941","f2BvzbovtI0JJ6N8bVxfoM@f9941","f4DkqsPPpPsoINz/3Yhvlr@6c48a","f4DkqsPPpPsoINz/3Yhvlr@f9941","f5UL4M2I5OureRqAaimftY@6c48a","f5UL4M2I5OureRqAaimftY@f9941","f7J1uPEMlH45fJNvZJpprm@f9941","f7kFcPevRAJZbs2B9lyK5G@6c48a","f7kFcPevRAJZbs2B9lyK5G@f9941","f8L9RW34BBQJ6DLbag33RF@f9941","f8iCCwiEVJmoC9s83vtTky","f8+uDEOF1Au4sjvSNbwZcK","faxfdBQ7pGbZ2O0ptyZAMe@6c48a","faxfdBQ7pGbZ2O0ptyZAMe@f9941","fbgeA0VGBBBKyV2nPRkvZp","fcRAii+l5JV6k2CeV4b+e6@6c48a","fcRAii+l5JV6k2CeV4b+e6@f9941","fcv7g6OR9DsK5JhBDPw1zk@f9941","fdpcuEaexF7ouacJSi4kDi@6c48a","fdpcuEaexF7ouacJSi4kDi@f9941","ffBy5GR8tKpLoNw+VJXIYY","ffbD1HaWFF3IUx4Fy7yKHx@6c48a","ffbD1HaWFF3IUx4Fy7yKHx@f9941","ffuIqPr2JI9I8dPLYGRDpD@6c48a","ffuIqPr2JI9I8dPLYGRDpD@f9941"],"paths":{"0":["res/texture/pc/road_b_pc",1,1],"1":["res/texture/common/label_p",1,1],"2":["res/texture/common/label_b",1,1],"3":["res/texture/pc/player_b_pc",1,1],"4":["res/texture/common/down_frame",1,1],"5":["res/texture/common/point_p",1,1],"6":["res/texture/mobile/banker_b_a",1,1],"7":["res/texture/mobile/player_b_a",1,1],"8":["res/texture/common/result_b",1,1],"9":["res/texture/mobile/player_b",1,1],"10":["bacPusherTGameScenePC",0,1],"11":["res/texture/pc/banker_b_pc",1,1],"12":["res/texture/common/point_b",1,1],"13":["res/texture/mobile/banker_b",1,1],"14":["res/texture/common/down_a",1,1],"15":["res/texture/pc/label_p_pc",1,1],"16":["res/texture/pc/player_b_a_pc",1,1],"17":["res/texture/dice/auto-atlas",4,1],"18":["bacPusherTGameScene",0,1],"19":["res/texture/common/bet_type_bg",1,1],"20":["res/texture/pc/label_b_pc",1,1],"21":["res/texture/pc/banker_b_a_pc",1,1],"30":["res/texture/dice/dice_5/spriteFrame",3,1],"34":["res/texture/pc/road_b_pc/texture",2,1],"35":["res/texture/pc/road_b_pc/spriteFrame",3,1],"40":["res/texture/dice/dice_6/spriteFrame",3,1],"48":["res/texture/dice/dice_4/spriteFrame",3,1],"75":["res/texture/dice/dice_2/spriteFrame",3,1],"91":["res/texture/dice/dice_1/spriteFrame",3,1],"97":["res/texture/common/label_p/texture",2,1],"98":["res/texture/common/label_p/spriteFrame",3,1],"99":["res/texture/common/label_b/texture",2,1],"100":["res/texture/common/label_b/spriteFrame",3,1],"103":["res/texture/pc/player_b_pc/texture",2,1],"104":["res/texture/pc/player_b_pc/spriteFrame",3,1],"113":["res/texture/common/down_frame/texture",2,1],"114":["res/texture/common/down_frame/spriteFrame",3,1],"119":["res/texture/common/point_p/texture",2,1],"120":["res/texture/common/point_p/spriteFrame",3,1],"121":["res/texture/mobile/banker_b_a/texture",2,1],"122":["res/texture/mobile/banker_b_a/spriteFrame",3,1],"127":["res/texture/mobile/player_b_a/texture",2,1],"128":["res/texture/mobile/player_b_a/spriteFrame",3,1],"129":["res/texture/common/result_b/texture",2,1],"130":["res/texture/common/result_b/spriteFrame",3,1],"134":["res/texture/mobile/player_b/texture",2,1],"135":["res/texture/mobile/player_b/spriteFrame",3,1],"156":["res/texture/pc/banker_b_pc/texture",2,1],"157":["res/texture/pc/banker_b_pc/spriteFrame",3,1],"163":["res/texture/common/point_b/texture",2,1],"164":["res/texture/common/point_b/spriteFrame",3,1],"166":["res/texture/mobile/banker_b/texture",2,1],"167":["res/texture/mobile/banker_b/spriteFrame",3,1],"169":["res/texture/common/down_a/texture",2,1],"170":["res/texture/common/down_a/spriteFrame",3,1],"177":["res/texture/pc/label_p_pc/texture",2,1],"178":["res/texture/pc/label_p_pc/spriteFrame",3,1],"181":["res/texture/pc/player_b_a_pc/texture",2,1],"182":["res/texture/pc/player_b_a_pc/spriteFrame",3,1],"207":["res/texture/common/bet_type_bg/texture",2,1],"208":["res/texture/common/bet_type_bg/spriteFrame",3,1],"220":["res/texture/pc/label_b_pc/texture",2,1],"221":["res/texture/pc/label_b_pc/spriteFrame",3,1],"225":["res/texture/dice/dice_3/spriteFrame",3,1],"229":["res/texture/pc/banker_b_a_pc/texture",2,1],"230":["res/texture/pc/banker_b_a_pc/spriteFrame",3,1]},"scenes":{"db://assets/games/bacPusherT/bacPusherTGameScene.scene":18,"db://assets/games/bacPusherT/bacPusherTGameScenePC.scene":10},"packs":{"027a78870":[399,17],"02c12f57e":[237,251,257,266,272,274,276,280,284,293,296,300,306,314,317,321,325,334,340,344,346,348,355,362,364,380,392,104,406,410,421,114,432,435,120,441,446,130,461,464,10,476,479,482,485,489,491,494,496,503,507,157,511,513,519,164,529,170,533,534,541,178,549,182,554,558,564,566,568,570,583,596,605,610,208,615,621,634,221,647,661,230,666],"03d1a52b6":[282,319,367,98,100,122,439,128,135,167,545,547,563,18,604,624,632,652,653,656],"05dfa0994":[400,452,469],"0793ffdce":[234,240,243,244,246,248,260,278,289,308,310,312,323,330,332,338,353,357,359,371,373,375,378,382,385,388,394,396,402,404,408,412,423,430,444,459,463,471,473,487,498,501,509,516,521,531,537,539,556,560,572,574,578,582,590,601,608,627,630,637,639,641,664],"08caa59b5":[30,40,48,75,91,17,225],"0a4e49406":[360,186],"0aed37080":[235,383,424,428,453,483,493,552,186,588,635],"0b8f3c2c5":[265,34,295,298,299,320,242,322,324,326,354,356,358,384,250,393,395,397,97,99,416,420,418,422,113,443,127,445,129,451,470,256,472,475,478,497,500,275,277,279,283,292,307,309,313,318,331,339,341,352,368,370,372,374,377,379,409,426,431,119,121,440,455,259,484,490,273,285,236,329,345,366,381,252,403,405,411,134,462,468,287,301,305,316,337,343,361,363,387,407,458,460,233,290,347,247,438,481,488,281,311,239,245,429,333,103,271,335,349,391,401,434,465,486,504,156,510,512,515,517,502,506,508,520,163,522,166,169,530,544,546,177,181,528,536,538,540,532,548,550,553,555,565,567,569,573,557,577,571,559,562,581,584,586,589,592,595,600,597,603,207,607,609,611,617,620,623,629,631,633,626,636,638,640,220,644,646,649,654,657,660,229,663,665],"0de199f9b":[253,268,288],"0e50a439a":[286,302,327,336,342,350,369,398,417,419,427,450,456,466,505,518,523,551,585,587,593,598,612,618,645,650,655,658]},"versions":{"import":[22,"a2533",23,"a2533",238,"024f4",24,"a2533",241,"8b16b",25,"a2533",26,"a2533",27,"a2533",249,"ecb90",28,"a2533",29,"a2533",254,"691e7",255,"612fe",31,"a2533",258,"9fa8d",32,"a2533",262,"a57be",263,"b7416",264,"3239a",33,"a2533",269,"b7136",270,"1f6e3",0,"a2533",35,"7de88",36,"a2533",37,"a2533",38,"a2533",39,"a2533",41,"a2533",42,"a2533",43,"a2533",44,"a2533",45,"a2533",46,"10f4f",47,"a2533",49,"a2533",50,"13d4e",51,"a2533",52,"a2533",53,"a2533",54,"a2533",55,"a2533",56,"a2533",57,"a2533",58,"a2533",59,"a2533",60,"a2533",61,"a2533",62,"a2533",63,"a2533",64,"a2533",65,"a2533",66,"a2533",67,"a2533",68,"a2533",69,"a2533",70,"a2533",71,"a2533",72,"a2533",73,"a2533",74,"a2533",76,"a2533",77,"a2533",78,"a2533",79,"a2533",80,"a2533",81,"a2533",82,"a2533",83,"a2533",84,"a2533",85,"a2533",86,"a2533",87,"a2533",88,"a2533",89,"a2533",90,"a2533",92,"a2533",93,"a2533",94,"a2533",95,"a2533",96,"a2533",1,"a2533",2,"a2533",101,"a2533",102,"a2533",3,"a2533",105,"a2533",106,"a2533",107,"a2533",108,"a2533",109,"a2533",110,"a2533",111,"a2533",112,"a2533",4,"a2533",115,"a2533",116,"a2533",117,"a2533",118,"a2533",5,"a2533",6,"a2533",123,"a2533",124,"a2533",125,"a2533",126,"a2533",7,"a2533",8,"a2533",131,"a2533",132,"a2533",133,"a2533",9,"a2533",136,"a2533",137,"a2533",138,"a2533",139,"a2533",140,"a2533",141,"a2533",142,"a2533",143,"a2533",144,"a2533",145,"a2533",147,"a2533",148,"a2533",149,"a2533",150,"a2533",151,"a2533",152,"a2533",153,"a2533",154,"a2533",155,"a2533",11,"a2533",158,"a2533",159,"a2533",160,"a2533",161,"a2533",162,"a2533",12,"a2533",165,"a2533",13,"a2533",168,"a2533",14,"a2533",171,"a2533",172,"a2533",173,"a2533",174,"a2533",175,"a2533",176,"a2533",15,"a2533",179,"a2533",180,"a2533",16,"a2533",183,"a2533",184,"a2533",185,"a2533",187,"a2533",188,"a2533",189,"a2533",190,"a2533",191,"a2533",192,"a2533",193,"a2533",194,"a2533",195,"a2533",196,"a2533",197,"a2533",198,"a2533",199,"a2533",200,"a2533",201,"a2533",202,"a2533",203,"a2533",204,"a2533",205,"a2533",206,"a2533",19,"a2533",209,"a2533",210,"a2533",211,"a2533",212,"a2533",213,"a2533",214,"a2533",215,"a2533",216,"a2533",217,"a2533",218,"a2533",219,"a2533",20,"a2533",222,"a2533",223,"a2533",224,"a2533",226,"a2533",227,"a2533",228,"a2533",21,"a2533",231,"a2533",232,"a2533"],"native":[22,"2562b",23,"de7ab",24,"650da",25,"f5aea",26,"5c6d8",27,"57aaf",28,"cbed1",29,"338df",31,"4412a",32,"ed677",33,"440c4",0,"0d659",36,"2ed4a",37,"a291e",38,"c9691",39,"407e6",41,"12aef",42,"effac",43,"8cb5e",44,"8f78e",45,"92d87",46,"097ca",47,"2cbb2",49,"12b1b",50,"a6acf",51,"cfe7d",52,"e96e3",53,"b4a25",54,"bf0a8",55,"43507",56,"51736",57,"6ba03",58,"0f3fc",59,"af79b",60,"d4496",61,"69602",62,"f6a0a",63,"6a001",64,"4eb32",65,"29d78",66,"4218e",67,"fe425",68,"8363e",69,"581d8",70,"85e6a",71,"afd53",72,"b1978",73,"7c998",74,"3b642",76,"3425d",77,"83bdf",78,"4214d",79,"86514",80,"14d73",81,"672ee",82,"6d792",83,"3ee22",84,"a8ead",85,"8b119",86,"44836",87,"81a0c",88,"27ca2",89,"9a800",90,"5d2f3",92,"225dd",93,"0ea76",94,"2248a",95,"b9b08",96,"bc5d7",1,"bc0ca",2,"c4503",101,"3f68c",102,"31ffb",3,"2e117",105,"c7d36",106,"819a3",107,"66176",108,"01826",109,"f17c5",110,"28bc9",111,"fe571",112,"1460f",4,"0792e",115,"9be18",116,"9d854",117,"829bb",118,"a2b7f",5,"d47e6",6,"6d792",123,"e84b9",124,"1edba",125,"e6f13",126,"8f4bc",7,"6de88",8,"2cfe1",131,"70d56",132,"781eb",133,"cc824",9,"b070b",136,"a4257",137,"88489",138,"0a5df",139,"ad921",140,"33181",141,"8904b",142,"53ebe",143,"6cef2",144,"44782",145,"81fac",147,"cb991",148,"25d5d",149,"ac927",150,"e8075",151,"6a3c8",152,"5098c",153,"411fb",154,"a3590",155,"49343",11,"9a431",158,"4617a",159,"9e086",160,"1ad6b",161,"83e56",162,"cffd1",12,"dc83a",165,"050cf",13,"af79b",168,"26764",14,"dbe4f",171,"3fe2e",172,"5470a",173,"a19aa",174,"94e5b",175,"b58b8",176,"6de88",15,"461b3",179,"b070b",180,"8c337",16,"90126",183,"494e2",184,"f1f93",185,"f56d5",187,"f3164",188,"2b64b",189,"654a1",190,"28e5b",191,"9bf84",192,"7a6ff",193,"a70a9",194,"72688",195,"f95ed",196,"5ed33",197,"857a7",198,"9db1f",199,"6f8d0",200,"fbfba",201,"ddc89",202,"543b5",203,"6af93",204,"0677e",205,"aa9eb",206,"93d21",19,"c3a1f",209,"1cf6c",210,"125cd",211,"d86ae",212,"d6c97",213,"a7b58",214,"7adde",215,"a5ea9",216,"e0076",217,"b2613",218,"58588",219,"1b338",20,"e318e",222,"c45ce",223,"283e7",224,"00ecb",226,"f9aae",227,"80fee",228,"18a4c",21,"ec6cc",231,"f6d44",232,"6d707"]},"redirect":[261,"0",267,"0",291,"0",294,"0",297,"0",303,"1",304,"1",315,"0",328,"0",351,"1",365,"0",376,"0",386,"0",389,"1",390,"1",413,"0",414,"0",415,"0",425,"0",433,"0",436,"0",437,"0",442,"0",447,"0",448,"0",449,"1",454,"1",457,"0",467,"0",474,"0",477,"0",480,"0",146,"0",492,"1",495,"0",499,"0",514,"0",524,"0",525,"0",526,"0",527,"1",535,"0",542,"0",543,"0",561,"0",575,"0",576,"0",579,"0",580,"0",591,"0",594,"0",599,"0",602,"0",606,"0",613,"0",614,"0",616,"1",619,"0",622,"0",625,"0",628,"1",642,"0",643,"0",648,"1",651,"0",659,"0",662,"0"],"debug":false,"extensionMap":{".cconb":[146]},"hasPreloadScript":true,"dependencyRelationships":{},"types":["cc.SceneAsset","cc.ImageAsset","cc.Texture2D","cc.SpriteFrame","cc.SpriteAtlas"]}