{"importBase":"import","nativeBase":"native","name":"bacTiengowFBundle","deps":["main","resources"],"uuids":["18l/1m8uJAzZkV1tSN5U6/","22Oq/w4YJFMrXQm1NdLw0g","22kcWrOP9OwrK4MzeAII8j","37HP4PjtVEnoMiLeb7TOFs","45Q7nWX85OtIymAh+M6X7q","49GggiGfdFfIG3bJd+OshK","52Rc94vYNNHKzlIRUFc4Oc","6bWaTIdpNNgIGf4lpxkxdy","76fzQoE2JK8Z4qs7uYCfpP","7bSQ8rfstH/Jl25dxJf6is","81C5BPW/JJd4vrPsnxbBYc","82knXRukhBWbCaWg7GxmIn","87kLMUittFErj7L2OIgSMU","90HSFR8+xCqYKY2Dud9iec","90fodFniNHy57QXYfoA309","92Ye42HCJDB7Dr0D6nkv60","9bdPFSUvNMM5V14AEeWDeI","ab698JUhNNjY3PPIPsWQ2y","aeCrvRaghP9pN8o35ykxpE","bckIKMbN1IQoYbad2Bw5TU","bf2lRtjplHFoZsG2Awfch/","c5cFGrzKNOb5jYtGlszPJV","cb6rp655FFpLE1ae9lOSO4","e2sBk4Qx5KjoAMXB+gfGHx","f80mi07JFG2Z3G9zLmgzsz","fcXD/6Mp5P2q61/nvHWjmk","02E8gutvJALbJYvYLpjL33","020gHFCKdBM6jU7J0TpLRB","0425PhImJArpbKLiabiTmF","05FvcGNTdGQ4DYXpJB3/mG","08fthutJ1OsZOI/E5lLoIg","08fthutJ1OsZOI/E5lLoIg@6c48a","08fthutJ1OsZOI/E5lLoIg@f9941","08t95af4ZA2YFK4UGYdLrX","0brOF/2ClHtaxNil/etn4Q","10FyAIawFGcYyOCxtXXZqX","10nkgK8W1KQbMd/PkBAEft","10xnJmL5FMVIOvso5/drZW","11ce53a28","11zoVtRmpIw7hW+WSQgFfb","12KDX0CQVLfaiM1Mn+XSYE","12eba46a4","13ykflF29KwIUhhMCA5Ega","14nLalIPNOB73wBjPFbx3g","16cqyrtcdDFJtCg94+muIV","17706fd10","18l/1m8uJAzZkV1tSN5U6/@6c48a","18l/1m8uJAzZkV1tSN5U6/@f9941","19qDD2uk1Hv4fnrDscDMEB","1chMF9cjFBEqDBI6tOuM17","1fW58D6zROCa9kVdg1Pqx6","1fW58D6zROCa9kVdg1Pqx6@6c48a","1fW58D6zROCa9kVdg1Pqx6@f9941","1fpZc+doFBgJrg3jRtqXkb","20AsYH2lpDnpudT2uHuJr0","20g8DSkb9F9a/2WwWKby3I","22Oq/w4YJFMrXQm1NdLw0g@6c48a","22Oq/w4YJFMrXQm1NdLw0g@f9941","24odHCfK5IkorCOCZMcFSA","28R7TECSlFrowTxwrNqcpV","28zh2tbaxECZRZTjlAd/Pn","2a9RnmumtH1oZVQJzprKR8","2d0otSAAhJtqoWvn5Q++gr","2erGA6KzJNabWK94nVmKeS","32MSWOFOpJV4hPKsv1Uy/S","33Q0kYFcZAj4M725kePduf","339XHwAp1My4t9ETPNyAkD","35yLWDApNOHaXyxbVzPem/","36WaK5SMVLoJu9kW2Sef4Q","37HP4PjtVEnoMiLeb7TOFs@6c48a","37HP4PjtVEnoMiLeb7TOFs@f9941","37XIBsvpVCRp6lqzAJEgId","37kIyp6O5PobYAAwhzmEH0","38IXkC/4xGArxTPHs4x5Wh","3aMhhvOVJPZpXtJ+aloNy+","3c6VsfalJLfKp1GNReqln6","41Ad+BmbpBnIBoG0nmYiMa","41UcqJvtFJQ4FrBT4ARhNU","43fLIOV2pKPKo755Rmf9A3","44x+IzsAFDvZxZ8RULqCCw","45Q7nWX85OtIymAh+M6X7q@6c48a","45Q7nWX85OtIymAh+M6X7q@f9941","48sGjaaupGRrS2qoypclDZ","49GggiGfdFfIG3bJd+OshK@6c48a","49GggiGfdFfIG3bJd+OshK@f9941","52Rc94vYNNHKzlIRUFc4Oc@6c48a","52Rc94vYNNHKzlIRUFc4Oc@f9941","59k2gDmW5Lp4fTh484CcEz","5bv2sml19FF5hSyKgxq2/B","5cW65jXGRMCKK8iyWtPM2f","60HtkygrFFKLkhlwJ2rr34","60HtkygrFFKLkhlwJ2rr34@6c48a","60HtkygrFFKLkhlwJ2rr34@f9941","62klB70/1NnJ/d2oodSjzT","65Lki1xK1L4bfzX152+sii","67pKv4DlhPXLDK0suB3UYP","6bWaTIdpNNgIGf4lpxkxdy@6c48a","6bWaTIdpNNgIGf4lpxkxdy@f9941","6es+2ReXlEKJ+sVzes73ox","6faVLl8WVHhJECwJVQAJwN","6fevJMZs9N8qx8DkIsA/I5","6f0huxu1ZNtrsJGsEPblWV","713MDsuhVPiaRal9aCSDRQ","74riQP1O9PX4fQPDrBRz97","75NBmTX/JO9oJYXKkSF18K","76fzQoE2JK8Z4qs7uYCfpP@6c48a","76fzQoE2JK8Z4qs7uYCfpP@f9941","77rXNItzdCO7xTzfMIREyj","79I20Ox45FcodtFrHKBHBM","79503ADb9O+oqVTL0otExM","7bIdNd9zlOcITv6nRengYo","7bSQ8rfstH/Jl25dxJf6is@6c48a","7bSQ8rfstH/Jl25dxJf6is@f9941","7bbXckTGhBWYwmKgXs9Ja6","7cpi8/mn5K76gzBgHfbBfM","7fQ0Wqb/tKxbkuc1o30cej","81C5BPW/JJd4vrPsnxbBYc@6c48a","81C5BPW/JJd4vrPsnxbBYc@f9941","82knXRukhBWbCaWg7GxmIn@6c48a","82knXRukhBWbCaWg7GxmIn@f9941","822fg5XpBPuZ3fgQ3dVeOj","83SifE2OhEibmM9+R/O5a1","84FObBFxlDIK2/KqLmHZn5","86LOCjLJxFkr7qX2gxF/9p","87kLMUittFErj7L2OIgSMU@6c48a","87kLMUittFErj7L2OIgSMU@f9941","87lUUJZ3xMHpZskn/18r0b","89Wqux7l9M/7PokgavQWTl","8apQTOle5LcJVIlJMPE5XQ","8cyqK/+SBHa4sakbnUaXfd","8fNXiE0nZHWJ9OSuxfVMIX","8fNXiE0nZHWJ9OSuxfVMIX@6c48a","8fNXiE0nZHWJ9OSuxfVMIX@f9941","8fR5pc/95Amr78H0rsZrLG","90Fmt0+K5LL4o0OtHEa7dW","90HSFR8+xCqYKY2Dud9iec@6c48a","90HSFR8+xCqYKY2Dud9iec@f9941","90fodFniNHy57QXYfoA309@6c48a","90fodFniNHy57QXYfoA309@f9941","92Ye42HCJDB7Dr0D6nkv60@6c48a","92Ye42HCJDB7Dr0D6nkv60@f9941","928Nll3d1C0IxwFrUuR31M","93EqSj1UBEf4Zs9kqSlH6a","94kGuGpxZDZ4cSTQ3LgVn3","94t30MJhFKL7Njf46TSUOT","9bdPFSUvNMM5V14AEeWDeI@6c48a","9bdPFSUvNMM5V14AEeWDeI@f9941","9fYjYN+YlNZoRVgo60+HpC","9fYjYN+YlNZoRVgo60+HpC@6c48a","9fYjYN+YlNZoRVgo60+HpC@f9941","a1jdSkC31BuZIIvG8+YZ0Z","a13QYCnW9MxYUBhILj56RO","a5BV8RkgRHS4wfR22ZUoxb","a5979NIv9BX79BmuHiB0WV","a76QxmXG9G34q4yJXu9VwE","a76+KawstF/5PF1KXX8gy7","a8q7ndzulOJbl353u9frBF","aa1/wv2X1GJqpAyYJzHgBk","ab698JUhNNjY3PPIPsWQ2y@6c48a","ab698JUhNNjY3PPIPsWQ2y@f9941","ab+gFJQldAHL1kzpZmsJz1","aeCrvRaghP9pN8o35ykxpE@6c48a","aeCrvRaghP9pN8o35ykxpE@f9941","b0GLkiQdVO84NbiRH6V3Gq","b1q9VCGxZCvpYS5Kkv0mrN","b2cDYSX9FO7ZMn3c/050Ao","b6FbiJl4RBBYGdfqzD4kSR","b7pE9Ynd1K67xCWggfk8um","b7tEaMMt9KaKhC3gp+oF4b","b9FROJUZFFQrDb5dN/JKds","b99E6+PvZII4C6LjWCb3AS","bbEfgLuERLKbz+hDuazczG","bckIKMbN1IQoYbad2Bw5TU@6c48a","bckIKMbN1IQoYbad2Bw5TU@f9941","bfMOp2PWdGAo8cEhnE/OOp","bf2lRtjplHFoZsG2Awfch/@6c48a","bf2lRtjplHFoZsG2Awfch/@f9941","c0MKfQQTRLzLFQcBSO9jCJ","c2JEFWPdNNe7/v7JGE3x1t","c3uPNgunJCsqQzNoUD+0f5","c3yNX2ZTJATo/X2+PgafQV","c37kFUPQ9Bh7jn+nVnxihS","c4QOCIgP1Ir6F4xijRX//d","c7jN8mtYdDyJ1962a1BGz0","cbb/xPHTdP/KFy34YT0JDq","cbxW4bDWFITIR2Lr1TlqKN","d3/pXJj/9Goq/5eavfSJ9h","d5gJoyiTNOSawV0bPLQG+m","d5gJoyiTNOSawV0bPLQG+m@6c48a","d5gJoyiTNOSawV0bPLQG+m@f9941","d58I5kyJNHCpQqJDywRlE3","d6Fm2XDHVK45d2a1Pdj76W","d87ZjnutRCb5QOEHIqtYU5","dau35XRcFBPYQn1Mw/jm/U","dcdllgohpGUKuE4CsaNZ9C","dcdqMrq3dBaLDuIyvS33g5","dco0Ym3m9JlpEE6JaMk3px","de4t2fjdZHnptb3mt8iShn","dfg2KQtExB3Ki9OGZT7L2J","e0t2Jb2M5MmI3IFbbh12vO","e2sBk4Qx5KjoAMXB+gfGHx@6c48a","e2sBk4Qx5KjoAMXB+gfGHx@f9941","e85n2aydpHzJifKYkpcp5O","e9lc9EuuNH1Z8nCDgDeSoF","f4DkqsPPpPsoINz/3Yhvlr","f5UL4M2I5OureRqAaimftY","f7kFcPevRAJZbs2B9lyK5G","f80mi07JFG2Z3G9zLmgzsz@6c48a","f80mi07JFG2Z3G9zLmgzsz@f9941","faxfdBQ7pGbZ2O0ptyZAMe","fcRAii+l5JV6k2CeV4b+e6","fcXD/6Mp5P2q61/nvHWjmk@6c48a","fcXD/6Mp5P2q61/nvHWjmk@f9941","fdpcuEaexF7ouacJSi4kDi","feiXYrh5ZA7aCM+4roFnAI","ffbD1HaWFF3IUx4Fy7yKHx","ffuIqPr2JI9I8dPLYGRDpD","02E8gutvJALbJYvYLpjL33@6c48a","02E8gutvJALbJYvYLpjL33@f9941","027a78870","020gHFCKdBM6jU7J0TpLRB@6c48a","020gHFCKdBM6jU7J0TpLRB@f9941","0425PhImJArpbKLiabiTmF@6c48a","0425PhImJArpbKLiabiTmF@f9941","05FvcGNTdGQ4DYXpJB3/mG@6c48a","05FvcGNTdGQ4DYXpJB3/mG@f9941","0574931e5","05dfa0994","062b13243","06xhqwFgtJAYnsBhyhUoug@f9941","071358465","074b78b6c","07aa4376d","0831e11da","08t95af4ZA2YFK4UGYdLrX@6c48a","08t95af4ZA2YFK4UGYdLrX@f9941","08caa59b5","0aEywwGXNC8ZHFZ6NDcmtq@f9941","0a49bc239","0a1yumFUFJjLRk9qPMw/z4","0brOF/2ClHtaxNil/etn4Q@6c48a","0brOF/2ClHtaxNil/etn4Q@f9941","0b0xjPWlFAVq0VmFJ5unMQ@f9941","0cKx9+g+VOCZrxoiqT8ZuW","0de199f9b","0dee69ee4","0e50a439a","0ea474e66","0f85479c8","10FyAIawFGcYyOCxtXXZqX@6c48a","10FyAIawFGcYyOCxtXXZqX@f9941","10nkgK8W1KQbMd/PkBAEft@6c48a","10nkgK8W1KQbMd/PkBAEft@f9941","10xnJmL5FMVIOvso5/drZW@6c48a","10xnJmL5FMVIOvso5/drZW@f9941","11Ah31BnlL3aZZFo8vxwA/@f9941","11ce53a28@6c48a","11zoVtRmpIw7hW+WSQgFfb@6c48a","11zoVtRmpIw7hW+WSQgFfb@f9941","12KDX0CQVLfaiM1Mn+XSYE@6c48a","12KDX0CQVLfaiM1Mn+XSYE@f9941","12eba46a4@6c48a","13dwQ5RY5N5IiZAIIcU8cV@f9941","13ykflF29KwIUhhMCA5Ega@6c48a","13ykflF29KwIUhhMCA5Ega@f9941","14nLalIPNOB73wBjPFbx3g@6c48a","14nLalIPNOB73wBjPFbx3g@f9941","16cqyrtcdDFJtCg94+muIV@6c48a","16cqyrtcdDFJtCg94+muIV@f9941","16mVeAGNpFY620rbu9buI8@f9941","17O9OboQdOK7ENMtCRnSeD@f9941","17706fd10@6c48a","19hfA7J1JHvLbgzM0Z0Bb8@f9941","19qDD2uk1Hv4fnrDscDMEB@6c48a","19qDD2uk1Hv4fnrDscDMEB@f9941","1a800Gf1tNVppDcIIE2Nt3@f9941","1b3sDuiKRDRpF0pmLsYaR+@f9941","1chMF9cjFBEqDBI6tOuM17@6c48a","1chMF9cjFBEqDBI6tOuM17@f9941","1dgcNa5bBAdpuW+b9QYn9E@f9941","1fpZc+doFBgJrg3jRtqXkb@6c48a","1fpZc+doFBgJrg3jRtqXkb@f9941","20AsYH2lpDnpudT2uHuJr0@6c48a","20AsYH2lpDnpudT2uHuJr0@f9941","20YzUl2n9NQ4Wdt4CJXLM7@f9941","20g1ukYUVPvKWKBRznAKo+@f9941","20g8DSkb9F9a/2WwWKby3I@6c48a","20g8DSkb9F9a/2WwWKby3I@f9941","24odHCfK5IkorCOCZMcFSA@6c48a","24odHCfK5IkorCOCZMcFSA@f9941","259WfOS7tHl57GqCSPBjcK@f9941","28R7TECSlFrowTxwrNqcpV@6c48a","28R7TECSlFrowTxwrNqcpV@f9941","28zh2tbaxECZRZTjlAd/Pn@6c48a","28zh2tbaxECZRZTjlAd/Pn@f9941","2a9RnmumtH1oZVQJzprKR8@6c48a","2a9RnmumtH1oZVQJzprKR8@f9941","2d0otSAAhJtqoWvn5Q++gr@6c48a","2d0otSAAhJtqoWvn5Q++gr@f9941","2erGA6KzJNabWK94nVmKeS@6c48a","2erGA6KzJNabWK94nVmKeS@f9941","2fK+8arSVMMpMIMU7v6kVt@f9941","32MSWOFOpJV4hPKsv1Uy/S@6c48a","32MSWOFOpJV4hPKsv1Uy/S@f9941","32Y+AvTg5O1Y/9P1wMMcwG@f9941","33Q0kYFcZAj4M725kePduf@6c48a","33Q0kYFcZAj4M725kePduf@f9941","339XHwAp1My4t9ETPNyAkD@6c48a","339XHwAp1My4t9ETPNyAkD@f9941","34LTkT6t9L+LlsO66MUq14@f9941","35yLWDApNOHaXyxbVzPem/@6c48a","35yLWDApNOHaXyxbVzPem/@f9941","36WaK5SMVLoJu9kW2Sef4Q@6c48a","36WaK5SMVLoJu9kW2Sef4Q@f9941","37XIBsvpVCRp6lqzAJEgId@6c48a","37XIBsvpVCRp6lqzAJEgId@f9941","37kIyp6O5PobYAAwhzmEH0@6c48a","37kIyp6O5PobYAAwhzmEH0@f9941","38IXkC/4xGArxTPHs4x5Wh@6c48a","38IXkC/4xGArxTPHs4x5Wh@f9941","38asI6nnRDlbMSeGbjlNe6@f9941","393CdjrXdE/ajrCX8tNcJU@f9941","3aMhhvOVJPZpXtJ+aloNy+@6c48a","3aMhhvOVJPZpXtJ+aloNy+@f9941","3cPqwfEl9LppjICoaFCd7y","3c6VsfalJLfKp1GNReqln6@6c48a","3c6VsfalJLfKp1GNReqln6@f9941","41Ad+BmbpBnIBoG0nmYiMa@6c48a","41Ad+BmbpBnIBoG0nmYiMa@f9941","41UcqJvtFJQ4FrBT4ARhNU@6c48a","41UcqJvtFJQ4FrBT4ARhNU@f9941","43fLIOV2pKPKo755Rmf9A3@6c48a","43fLIOV2pKPKo755Rmf9A3@f9941","44x+IzsAFDvZxZ8RULqCCw@6c48a","44x+IzsAFDvZxZ8RULqCCw@f9941","457fIps6xBnKpJI0z/llgN@f9941","47a6LCXmNH6Zt4bOUlZIJx@f9941","48sGjaaupGRrS2qoypclDZ@6c48a","48sGjaaupGRrS2qoypclDZ@f9941","4eCTEhr5NHoqddmXwn2BcB@f9941","4fBonA28lHZL9Aw/DTt/46@f9941","4f1pZvYYJJXp5baxuRgn/Y@f9941","54LS2sRUFJA6vX4K0LhR6y@f9941","54TknWPwVPqJqeCR+Y/Czo@f9941","55+jZHA31BwKl+ljQ2ggxe@f9941","59k2gDmW5Lp4fTh484CcEz@6c48a","59k2gDmW5Lp4fTh484CcEz@f9941","594LCPZ35INZca5KOkCOVT@f9941","5bv2sml19FF5hSyKgxq2/B@6c48a","5bv2sml19FF5hSyKgxq2/B@f9941","5cW65jXGRMCKK8iyWtPM2f@6c48a","5cW65jXGRMCKK8iyWtPM2f@f9941","5dvk/kGa5IwZWbSv6zrf3E","5engCTpAZDWpvdXibJSl3v","61uL901QZC66J1Wl8STux8@f9941","61xi0TZMpFX49qnP0qd2RV","62klB70/1NnJ/d2oodSjzT@6c48a","62klB70/1NnJ/d2oodSjzT@f9941","65Lki1xK1L4bfzX152+sii@6c48a","65Lki1xK1L4bfzX152+sii@f9941","67pKv4DlhPXLDK0suB3UYP@6c48a","67pKv4DlhPXLDK0suB3UYP@f9941","67rkG1j6JMKYP3OiCqJBrN@f9941","6ad4g5eCxCZqJQiLy2fOq9@f9941","6by57tF8VK2rGvUOUn0Lxa@f9941","6colKdavNCCLZZpblYtnz8@f9941","6es+2ReXlEKJ+sVzes73ox@6c48a","6es+2ReXlEKJ+sVzes73ox@f9941","6faVLl8WVHhJECwJVQAJwN@6c48a","6faVLl8WVHhJECwJVQAJwN@f9941","6fevJMZs9N8qx8DkIsA/I5@6c48a","6fevJMZs9N8qx8DkIsA/I5@f9941","6f0huxu1ZNtrsJGsEPblWV@6c48a","6f0huxu1ZNtrsJGsEPblWV@f9941","71XiMJfmpInqOg1iYGfM+u@f9941","713MDsuhVPiaRal9aCSDRQ@6c48a","713MDsuhVPiaRal9aCSDRQ@f9941","74riQP1O9PX4fQPDrBRz97@6c48a","74riQP1O9PX4fQPDrBRz97@f9941","74zMsjX3lGj62UKWw3LjuT@f9941","75NBmTX/JO9oJYXKkSF18K@6c48a","75NBmTX/JO9oJYXKkSF18K@f9941","75TWwsrNdHQ4hRT6LEN0re@f9941","75roTOulhB67TwHKV5E9d0@f9941","77rXNItzdCO7xTzfMIREyj@6c48a","77rXNItzdCO7xTzfMIREyj@f9941","78I/z1mgdIhb+l9A92nM2+@f9941","79I20Ox45FcodtFrHKBHBM@6c48a","79I20Ox45FcodtFrHKBHBM@f9941","79503ADb9O+oqVTL0otExM@6c48a","79503ADb9O+oqVTL0otExM@f9941","7992RGF2ZMBZOoAsGAyiI3@f9941","7aYppUCYpEuJ7uKI7ErZ6a@f9941","7bIdNd9zlOcITv6nRengYo@6c48a","7bIdNd9zlOcITv6nRengYo@f9941","7bL0BEfR1DW7oCPjDD3XmS@f9941","7bbXckTGhBWYwmKgXs9Ja6@6c48a","7bbXckTGhBWYwmKgXs9Ja6@f9941","7cpi8/mn5K76gzBgHfbBfM@6c48a","7cpi8/mn5K76gzBgHfbBfM@f9941","7dIdxIi8pNd5P1oFYDyofS@f9941","7dj5uJT9FMn6OrOOx83tfK@f9941","7eK4vv8w5A+YMANtorGQxs","7fQ0Wqb/tKxbkuc1o30cej@6c48a","7fQ0Wqb/tKxbkuc1o30cej@f9941","81GHAJmdxJhbiPHUO367vz@f9941","822fg5XpBPuZ3fgQ3dVeOj@6c48a","822fg5XpBPuZ3fgQ3dVeOj@f9941","8278wBbDRGjIInMMQlPnUU@f9941","83SifE2OhEibmM9+R/O5a1@6c48a","83SifE2OhEibmM9+R/O5a1@f9941","84FObBFxlDIK2/KqLmHZn5@6c48a","84FObBFxlDIK2/KqLmHZn5@f9941","86LOCjLJxFkr7qX2gxF/9p@6c48a","86LOCjLJxFkr7qX2gxF/9p@f9941","87R9FFLRxB4YMN+Wg+oQrX","87lUUJZ3xMHpZskn/18r0b@6c48a","87lUUJZ3xMHpZskn/18r0b@f9941","89OqtuCL5PQoj9JFfWXrcR@f9941","89Wqux7l9M/7PokgavQWTl@6c48a","89Wqux7l9M/7PokgavQWTl@f9941","8apQTOle5LcJVIlJMPE5XQ@6c48a","8apQTOle5LcJVIlJMPE5XQ@f9941","8clRQnfNNHCJLZPDZ6e7r8","8cyqK/+SBHa4sakbnUaXfd@6c48a","8cyqK/+SBHa4sakbnUaXfd@f9941","8dcHjukiRMl4pSXcXGiGu5@f9941","8fR5pc/95Amr78H0rsZrLG@6c48a","8fR5pc/95Amr78H0rsZrLG@f9941","8fhQlcCK5DjIwRCEhDG8om@f9941","90Fmt0+K5LL4o0OtHEa7dW@6c48a","90Fmt0+K5LL4o0OtHEa7dW@f9941","928Nll3d1C0IxwFrUuR31M@6c48a","928Nll3d1C0IxwFrUuR31M@f9941","94kGuGpxZDZ4cSTQ3LgVn3@6c48a","94kGuGpxZDZ4cSTQ3LgVn3@f9941","94t30MJhFKL7Njf46TSUOT@6c48a","94t30MJhFKL7Njf46TSUOT@f9941","95EkngnxZFbYuFpsqVTaFr@f9941","986ebY8NdH2IipIMHMI8T+","99t+H++RVO3q+lpyS4t8x6","9eX0CUPBpHipPSBwTcDij4@f9941","a1jdSkC31BuZIIvG8+YZ0Z@6c48a","a1jdSkC31BuZIIvG8+YZ0Z@f9941","a13QYCnW9MxYUBhILj56RO@6c48a","a13QYCnW9MxYUBhILj56RO@f9941","a3jiIy22JJWqvEpvdNW4L6@f9941","a5BV8RkgRHS4wfR22ZUoxb@6c48a","a5BV8RkgRHS4wfR22ZUoxb@f9941","a5979NIv9BX79BmuHiB0WV@6c48a","a5979NIv9BX79BmuHiB0WV@f9941","a76QxmXG9G34q4yJXu9VwE@6c48a","a76QxmXG9G34q4yJXu9VwE@f9941","a76+KawstF/5PF1KXX8gy7@6c48a","a76+KawstF/5PF1KXX8gy7@f9941","a8ZajNkxlLX5KcZjBjfhnf@f9941","a8q7ndzulOJbl353u9frBF@6c48a","a8q7ndzulOJbl353u9frBF@f9941","a9vO2GBWpJgazbBPZiz4tE","aa1/wv2X1GJqpAyYJzHgBk@6c48a","aa1/wv2X1GJqpAyYJzHgBk@f9941","aa5FcRzzpJ6YDXX6I8Qarm@f9941","aa9hMJytxJELgsdkrR+Ly1@f9941","aa+Xl4ZYlN656CxUK6ZLa3","ab+gFJQldAHL1kzpZmsJz1@6c48a","ab+gFJQldAHL1kzpZmsJz1@f9941","adV/Mog+dHSrJq3SZ078NP@f9941","aeJbk4/IBACZVl/75uF9qm@f9941","b0GLkiQdVO84NbiRH6V3Gq@6c48a","b0GLkiQdVO84NbiRH6V3Gq@f9941","b1q9VCGxZCvpYS5Kkv0mrN@6c48a","b1q9VCGxZCvpYS5Kkv0mrN@f9941","b2cDYSX9FO7ZMn3c/050Ao@6c48a","b2cDYSX9FO7ZMn3c/050Ao@f9941","b2c0VohzhNI6S3R8n8WHml","b2hvSd+m5Jb5GjavS4tVFt","b6FbiJl4RBBYGdfqzD4kSR@6c48a","b6FbiJl4RBBYGdfqzD4kSR@f9941","b6LlTjsjhJLbZDc455t5TR@f9941","b7Y7TvJ1REJpT3ftlu7BSg@f9941","b7pE9Ynd1K67xCWggfk8um@6c48a","b7pE9Ynd1K67xCWggfk8um@f9941","b7tEaMMt9KaKhC3gp+oF4b@6c48a","b7tEaMMt9KaKhC3gp+oF4b@f9941","b9FROJUZFFQrDb5dN/JKds@6c48a","b9FROJUZFFQrDb5dN/JKds@f9941","b99E6+PvZII4C6LjWCb3AS@6c48a","b99E6+PvZII4C6LjWCb3AS@f9941","bbEfgLuERLKbz+hDuazczG@6c48a","bbEfgLuERLKbz+hDuazczG@f9941","bfMOp2PWdGAo8cEhnE/OOp@6c48a","bfMOp2PWdGAo8cEhnE/OOp@f9941","c0MKfQQTRLzLFQcBSO9jCJ@6c48a","c0MKfQQTRLzLFQcBSO9jCJ@f9941","c10aQI9QVCrbx+7I3z1BSE@f9941","c2JEFWPdNNe7/v7JGE3x1t@6c48a","c2JEFWPdNNe7/v7JGE3x1t@f9941","c21N7sFFJLp51I9KKJOXrQ","c3uPNgunJCsqQzNoUD+0f5@6c48a","c3uPNgunJCsqQzNoUD+0f5@f9941","c3yNX2ZTJATo/X2+PgafQV@6c48a","c3yNX2ZTJATo/X2+PgafQV@f9941","c37kFUPQ9Bh7jn+nVnxihS@6c48a","c37kFUPQ9Bh7jn+nVnxihS@f9941","c4QOCIgP1Ir6F4xijRX//d@6c48a","c4QOCIgP1Ir6F4xijRX//d@f9941","c6J/hD3+lPwI6Vjusykbay@f9941","c6LwSzBE9EWphfzwku4R27@f9941","c7tF4hetRHc5wVk0W+vp8X@f9941","c8fENYK2dKBacq20vcQFOo@f9941","cabwPMrelF2rdl7RnzNrpf","cbb/xPHTdP/KFy34YT0JDq@6c48a","cbb/xPHTdP/KFy34YT0JDq@f9941","cbxW4bDWFITIR2Lr1TlqKN@6c48a","cbxW4bDWFITIR2Lr1TlqKN@f9941","ccgRy7udZEFasFP4LFPI/r@f9941","cd+W3oYuRMqKSGCO48Cmvr","d2WlLv9oNJmqxbsV2VBJD8@f9941","d3/pXJj/9Goq/5eavfSJ9h@6c48a","d3/pXJj/9Goq/5eavfSJ9h@f9941","d5Pw1aiZpJs6ZIx6yWba/4@f9941","d58I5kyJNHCpQqJDywRlE3@6c48a","d58I5kyJNHCpQqJDywRlE3@f9941","d6Fm2XDHVK45d2a1Pdj76W@6c48a","d6Fm2XDHVK45d2a1Pdj76W@f9941","d6+YznK2xGB419rCrqJnZ+@f9941","d87ZjnutRCb5QOEHIqtYU5@6c48a","d87ZjnutRCb5QOEHIqtYU5@f9941","d8+MyVYs1BToc1aCbwxZwC@f9941","dau35XRcFBPYQn1Mw/jm/U@6c48a","dau35XRcFBPYQn1Mw/jm/U@f9941","dbJA7uyxJGSI0tOBdZAXDV@f9941","db3SFsTs9ERpwAPuJlX5RH","dcGiMk4yVG1Z17zPD37Ksk@f9941","dcdllgohpGUKuE4CsaNZ9C@6c48a","dcdllgohpGUKuE4CsaNZ9C@f9941","dcdqMrq3dBaLDuIyvS33g5@6c48a","dcdqMrq3dBaLDuIyvS33g5@f9941","dco0Ym3m9JlpEE6JaMk3px@6c48a","dco0Ym3m9JlpEE6JaMk3px@f9941","dc8dpzMHBKIZSxkOK0psm4@f9941","ddOBDwKQ1MAojPCmtgXCnj@f9941","ddPt3CeHdDgKAxW2+pHu2Z","deSxtvxSxAs6qBYFtv00f9@f9941","deaaM7WnNBtpuC3Xo8s1zF","det4+VA+pNnILw2KBto15G@f9941","de4t2fjdZHnptb3mt8iShn@6c48a","de4t2fjdZHnptb3mt8iShn@f9941","dfIR5itY9CHLBZnPWx47bp@f9941","dfg2KQtExB3Ki9OGZT7L2J@6c48a","dfg2KQtExB3Ki9OGZT7L2J@f9941","e0CofzVjRC/YB7cqyAJ2um@f9941","e0t2Jb2M5MmI3IFbbh12vO@6c48a","e0t2Jb2M5MmI3IFbbh12vO@f9941","e28RDkGfxIG4CKPAZgK1+K","e3WzFOkCZN7YKP+PYzP1AX@f9941","e7vlsR7oVOBo300IniKsoZ@f9941","e85n2aydpHzJifKYkpcp5O@6c48a","e85n2aydpHzJifKYkpcp5O@f9941","e9lc9EuuNH1Z8nCDgDeSoF@6c48a","e9lc9EuuNH1Z8nCDgDeSoF@f9941","edb2MrbPtLz7vyihILya6U@f9941","eetFN/z+VK0IaFzEVk3TXI","efGBqlUhVLcaJyGzgHDCvp@f9941","f1d4qcPsVABrUi/WjjJiaz@f9941","f2BvzbovtI0JJ6N8bVxfoM@f9941","f4DkqsPPpPsoINz/3Yhvlr@6c48a","f4DkqsPPpPsoINz/3Yhvlr@f9941","f5UL4M2I5OureRqAaimftY@6c48a","f5UL4M2I5OureRqAaimftY@f9941","f7J1uPEMlH45fJNvZJpprm@f9941","f7kFcPevRAJZbs2B9lyK5G@6c48a","f7kFcPevRAJZbs2B9lyK5G@f9941","f8L9RW34BBQJ6DLbag33RF@f9941","f8+uDEOF1Au4sjvSNbwZcK","f9Siz+/y5GUKHHf0o647b2@f9941","faxfdBQ7pGbZ2O0ptyZAMe@6c48a","faxfdBQ7pGbZ2O0ptyZAMe@f9941","fbgeA0VGBBBKyV2nPRkvZp","fcRAii+l5JV6k2CeV4b+e6@6c48a","fcRAii+l5JV6k2CeV4b+e6@f9941","fcrXRPl7dLfqIW/XJ7VrXL","fcv7g6OR9DsK5JhBDPw1zk@f9941","fdpcuEaexF7ouacJSi4kDi@6c48a","fdpcuEaexF7ouacJSi4kDi@f9941","feiXYrh5ZA7aCM+4roFnAI@6c48a","feiXYrh5ZA7aCM+4roFnAI@f9941","ffbD1HaWFF3IUx4Fy7yKHx@6c48a","ffbD1HaWFF3IUx4Fy7yKHx@f9941","ffuIqPr2JI9I8dPLYGRDpD@6c48a","ffuIqPr2JI9I8dPLYGRDpD@f9941"],"paths":{"0":["res/texture/mobile/road_m",1,1],"1":["res/texture/pc/p_p",1,1],"3":["res/texture/pc/label_p_2_pc",1,1],"4":["res/texture/mobile/label_p_2",1,1],"5":["res/texture/pc/l_b_p",1,1],"6":["res/texture/common/label_1",1,1],"7":["res/texture/mobile/label_b_2",1,1],"8":["res/texture/pc/road_pc",1,1],"9":["res/texture/mobile/show_m",1,1],"10":["res/texture/common/label_b",1,1],"11":["res/texture/pc/b_p",1,1],"12":["res/texture/mobile/l_b_m",1,1],"13":["res/texture/mobile/b_m",1,1],"14":["res/texture/mobile/p_m",1,1],"15":["res/texture/pc/label_b_2_pc",1,1],"16":["res/texture/pc/result_p_pc",1,1],"17":["res/texture/common/label_p",1,1],"18":["res/texture/pc/result_t_pc",1,1],"19":["res/texture/mobile/result_t",1,1],"20":["res/texture/pc/result_b_pc",1,1],"21":["bacTiengowFGameScenePC",0,1],"22":["bacTiengowFGameScene",0,1],"23":["res/texture/pc/show_pc",1,1],"24":["res/texture/mobile/result_b",1,1],"25":["res/texture/mobile/result_p",1,1],"30":["res/texture/mobile/lobby_road_frame",1,1],"31":["res/texture/mobile/lobby_road_frame/texture",2,1],"32":["res/texture/mobile/lobby_road_frame/spriteFrame",3,1],"46":["res/texture/mobile/road_m/texture",2,1],"47":["res/texture/mobile/road_m/spriteFrame",3,1],"50":["res/texture/pc/l_p_p",1,1],"51":["res/texture/pc/l_p_p/texture",2,1],"52":["res/texture/pc/l_p_p/spriteFrame",3,1],"56":["res/texture/pc/p_p/texture",2,1],"57":["res/texture/pc/p_p/spriteFrame",3,1],"69":["res/texture/pc/label_p_2_pc/texture",2,1],"70":["res/texture/pc/label_p_2_pc/spriteFrame",3,1],"80":["res/texture/mobile/label_p_2/texture",2,1],"81":["res/texture/mobile/label_p_2/spriteFrame",3,1],"83":["res/texture/pc/l_b_p/texture",2,1],"84":["res/texture/pc/l_b_p/spriteFrame",3,1],"85":["res/texture/common/label_1/texture",2,1],"86":["res/texture/common/label_1/spriteFrame",3,1],"90":["res/texture/mobile/lobby_road",1,1],"91":["res/texture/mobile/lobby_road/texture",2,1],"92":["res/texture/mobile/lobby_road/spriteFrame",3,1],"96":["res/texture/mobile/label_b_2/texture",2,1],"97":["res/texture/mobile/label_b_2/spriteFrame",3,1],"105":["res/texture/pc/road_pc/texture",2,1],"106":["res/texture/pc/road_pc/spriteFrame",3,1],"111":["res/texture/mobile/show_m/texture",2,1],"112":["res/texture/mobile/show_m/spriteFrame",3,1],"116":["res/texture/common/label_b/texture",2,1],"117":["res/texture/common/label_b/spriteFrame",3,1],"118":["res/texture/pc/b_p/texture",2,1],"119":["res/texture/pc/b_p/spriteFrame",3,1],"124":["res/texture/mobile/l_b_m/texture",2,1],"125":["res/texture/mobile/l_b_m/spriteFrame",3,1],"130":["res/texture/pc/lobby_road_pc",1,1],"131":["res/texture/pc/lobby_road_pc/texture",2,1],"132":["res/texture/pc/lobby_road_pc/spriteFrame",3,1],"135":["res/texture/mobile/b_m/texture",2,1],"136":["res/texture/mobile/b_m/spriteFrame",3,1],"137":["res/texture/mobile/p_m/texture",2,1],"138":["res/texture/mobile/p_m/spriteFrame",3,1],"139":["res/texture/pc/label_b_2_pc/texture",2,1],"140":["res/texture/pc/label_b_2_pc/spriteFrame",3,1],"145":["res/texture/pc/result_p_pc/texture",2,1],"146":["res/texture/pc/result_p_pc/spriteFrame",3,1],"147":["res/texture/mobile/road_frame",1,1],"148":["res/texture/mobile/road_frame/texture",2,1],"149":["res/texture/mobile/road_frame/spriteFrame",3,1],"158":["res/texture/common/label_p/texture",2,1],"159":["res/texture/common/label_p/spriteFrame",3,1],"161":["res/texture/pc/result_t_pc/texture",2,1],"162":["res/texture/pc/result_t_pc/spriteFrame",3,1],"172":["res/texture/mobile/result_t/texture",2,1],"173":["res/texture/mobile/result_t/spriteFrame",3,1],"175":["res/texture/pc/result_b_pc/texture",2,1],"176":["res/texture/pc/result_b_pc/spriteFrame",3,1],"187":["res/texture/mobile/l_p_m",1,1],"188":["res/texture/mobile/l_p_m/texture",2,1],"189":["res/texture/mobile/l_p_m/spriteFrame",3,1],"200":["res/texture/pc/show_pc/texture",2,1],"201":["res/texture/pc/show_pc/spriteFrame",3,1],"207":["res/texture/mobile/result_b/texture",2,1],"208":["res/texture/mobile/result_b/spriteFrame",3,1],"211":["res/texture/mobile/result_p/texture",2,1],"212":["res/texture/mobile/result_p/spriteFrame",3,1]},"scenes":{"db://assets/games/bacTiengowF/bacTiengowFGameScene.scene":22,"db://assets/games/bacTiengowF/bacTiengowFGameScenePC.scene":21},"packs":{"027a78870":[352,183],"0574931e5":[260,294,332,81,97,385,388,112,397,410,465,481,483,496,22,530,553,558,574,578],"05dfa0994":[353,404,420],"062b13243":[262,269,2,304,309,335,339,342,347,354,362,391,446,467,515],"071358465":[270,2,386,531,540,543,555,561,564],"074b78b6c":[250,292,328,361,378,381,428,454,469,473,485,497,499,560],"07aa4376d":[296,338,458,474,550,590],"0831e11da":[47,57,355,562],"08caa59b5":[229,255,276,320,340,183,575],"0a49bc239":[254,439],"0de199f9b":[225,243,268],"0dee69ee4":[218,221,223,235,241,252,258,264,274,278,281,287,2,289,298,303,308,313,70,315,317,323,326,330,86,346,349,357,359,371,373,390,394,399,117,412,414,415,422,425,431,140,433,435,437,146,443,448,450,452,159,162,471,477,487,491,176,493,501,503,505,21,510,516,522,527,532,535,537,544,201,569,581,584,586,588],"0e50a439a":[266,283,300,306,311,319,334,351,367,369,376,402,407,417,445,457,460,489,512,514,519,524,539,547,567,572,577,580],"0ea474e66":[240,277,280,295,220,297,299,322,325,222,348,350,96,366,370,368,372,396,393,111,398,403,421,234,424,427,145,253,256,257,261,263,273,288,293,307,310,333,337,360,375,377,384,389,406,432,436,251,265,217,56,69,314,331,83,224,358,105,116,409,413,419,135,137,267,46,282,286,291,312,327,329,80,85,411,124,139,271,316,387,430,434,259,118,302,356,249,305,318,345,380,416,444,449,451,453,456,442,447,459,158,464,161,470,480,482,486,468,476,472,484,488,172,490,175,498,500,502,492,504,495,511,513,518,521,526,523,529,536,534,538,546,549,552,200,557,559,207,566,568,571,576,211,579,583,585,587,589],"0f85479c8":[239,324,106]},"versions":{"import":[26,"a2533",219,"024f4",27,"a2533",28,"a2533",29,"a2533",226,"eb341",227,"691e7",228,"d2bd9",230,"50fed",231,"629af",232,"ee087",233,"d5f6c",33,"a2533",236,"9fa8d",238,"d302c",34,"a2533",244,"d34c0",245,"c070c",246,"27e1b",247,"af1ca",248,"c87dc",35,"a2533",36,"a2533",37,"a2533",38,"c1514",39,"a2533",40,"a2533",41,"22f7e",42,"a2533",43,"a2533",44,"a2533",45,"10f4f",0,"a2533",48,"a2533",49,"a2533",53,"a2533",54,"a2533",55,"a2533",1,"a2533",58,"a2533",59,"a2533",60,"a2533",61,"a2533",62,"a2533",63,"a2533",64,"a2533",65,"a2533",66,"a2533",67,"a2533",68,"a2533",3,"a2533",71,"a2533",72,"a2533",73,"a2533",74,"a2533",75,"a2533",76,"a2533",77,"a2533",78,"a2533",79,"a2533",4,"a2533",82,"a2533",5,"a2533",84,"5832f",6,"a2533",87,"a2533",88,"a2533",89,"a2533",93,"a2533",94,"a2533",95,"a2533",7,"a2533",98,"a2533",99,"a2533",100,"a2533",101,"a2533",102,"a2533",103,"a2533",104,"a2533",8,"a2533",107,"a2533",108,"a2533",109,"a2533",110,"a2533",9,"a2533",113,"a2533",114,"a2533",115,"a2533",10,"a2533",11,"a2533",119,"cec41",120,"a2533",121,"a2533",122,"a2533",123,"a2533",12,"a2533",125,"4ef39",126,"a2533",127,"a2533",128,"a2533",129,"a2533",133,"a2533",134,"a2533",13,"a2533",136,"0b579",14,"a2533",138,"56263",15,"a2533",141,"a2533",143,"a2533",144,"a2533",16,"a2533",150,"a2533",151,"a2533",152,"a2533",153,"a2533",154,"a2533",155,"a2533",156,"a2533",157,"a2533",17,"a2533",160,"a2533",18,"a2533",163,"a2533",164,"a2533",165,"a2533",166,"a2533",167,"a2533",168,"a2533",169,"a2533",170,"a2533",171,"a2533",19,"a2533",173,"f45b0",174,"a2533",20,"a2533",177,"a2533",178,"a2533",179,"a2533",180,"a2533",181,"a2533",182,"a2533",184,"a2533",185,"a2533",186,"a2533",190,"a2533",191,"a2533",192,"a2533",193,"a2533",194,"a2533",195,"a2533",196,"a2533",197,"a2533",198,"a2533",199,"a2533",23,"a2533",202,"a2533",203,"a2533",204,"a2533",205,"a2533",206,"a2533",24,"a2533",208,"55878",209,"a2533",210,"a2533",25,"a2533",212,"ae82d",213,"a2533",214,"a2533",215,"a2533",216,"a2533"],"native":[26,"de7ab",27,"f5aea",28,"cbed1",29,"338df",33,"4412a",34,"440c4",35,"2ed4a",36,"a291e",37,"c9691",38,"a2aeb",39,"12aef",40,"effac",41,"1ba40",42,"8cb5e",43,"8f78e",44,"92d87",45,"097ca",0,"196c4",48,"2cbb2",49,"12b1b",53,"cfe7d",54,"e96e3",55,"b4a25",1,"f21ca",58,"6ba03",59,"0f3fc",60,"af79b",61,"d4496",62,"f6a0a",63,"6a001",64,"4218e",65,"fe425",66,"581d8",67,"85e6a",68,"afd53",3,"00e93",71,"b1978",72,"7c998",73,"3b642",74,"83bdf",75,"86514",76,"14d73",77,"672ee",78,"6d792",79,"3ee22",4,"d7b2b",82,"27ca2",5,"20511",6,"8c985",87,"0ea76",88,"b9b08",89,"bc5d7",93,"2e117",94,"c7d36",95,"66176",7,"2e31e",98,"f17c5",99,"28bc9",100,"fe571",101,"0792e",102,"9be18",103,"829bb",104,"a2b7f",8,"73f40",107,"6d792",108,"e84b9",109,"1edba",110,"8f4bc",9,"9f0cb",113,"6de88",114,"2cfe1",115,"70d56",10,"d6dc2",11,"0b17c",120,"781eb",121,"b070b",122,"a4257",123,"88489",12,"3bf34",126,"0a5df",127,"ad921",128,"33181",129,"53ebe",133,"6cef2",134,"44782",13,"c076d",14,"924d5",15,"b7fd3",141,"81fac",143,"25d5d",144,"ac927",16,"82a7d",150,"5098c",151,"411fb",152,"a3590",153,"9a431",154,"4617a",155,"9e086",156,"83e56",157,"050cf",17,"2106a",160,"af79b",18,"1d6a5",163,"26764",164,"dbe4f",165,"5470a",166,"b58b8",167,"6de88",168,"b070b",169,"8c337",170,"90126",171,"494e2",19,"f768b",174,"f1f93",20,"610b6",177,"f3164",178,"654a1",179,"28e5b",180,"9bf84",181,"7a6ff",182,"a70a9",184,"857a7",185,"9db1f",186,"fbfba",190,"ddc89",191,"543b5",192,"6af93",193,"0677e",194,"93d21",195,"c3a1f",196,"1cf6c",197,"125cd",198,"d86ae",199,"d6c97",23,"8ebdc",202,"a5ea9",203,"e0076",204,"c45ce",205,"283e7",206,"00ecb",24,"90be7",209,"f9aae",210,"80fee",25,"c1608",213,"18a4c",214,"ec6cc",215,"f6d44",216,"6d707"]},"redirect":[30,"0",31,"0",32,"0",237,"0",242,"0",272,"0",275,"0",279,"0",50,"0",51,"0",52,"0",284,"1",285,"1",290,"0",301,"0",321,"1",336,"0",341,"0",343,"1",344,"1",90,"0",91,"0",92,"0",363,"0",364,"0",365,"0",374,"0",379,"0",382,"0",383,"0",392,"0",395,"0",400,"0",401,"1",405,"1",408,"0",418,"0",423,"0",426,"0",130,"0",131,"0",132,"0",429,"0",142,"0",438,"1",440,"0",441,"0",147,"0",148,"0",149,"0",455,"0",461,"0",462,"0",463,"0",466,"1",475,"0",478,"0",479,"0",494,"0",506,"0",507,"0",508,"0",509,"0",517,"0",520,"0",187,"0",188,"0",189,"0",525,"0",528,"0",533,"0",541,"0",542,"0",545,"1",548,"0",551,"0",554,"0",556,"1",563,"0",565,"0",570,"1",573,"0",582,"0"],"debug":false,"extensionMap":{".cconb":[142]},"hasPreloadScript":true,"dependencyRelationships":{},"types":["cc.SceneAsset","cc.ImageAsset","cc.Texture2D","cc.SpriteFrame"]}