[1,["dda92d88-39cd-4de7-a332-43869ef85f3a@6c48a"],["_textureSource"],["cc.SpriteFrame"],0,[{"name":"label_4","rect":{"x":0,"y":0,"width":185,"height":51},"offset":{"x":0,"y":0},"originalSize":{"width":185,"height":51},"rotated":false,"capInsets":[0,0,0,0],"vertices":{"rawPosition":[-92.5,-25.5,0,92.5,-25.5,0,-92.5,25.5,0,92.5,25.5,0],"indexes":[0,1,2,2,1,3],"uv":[0,51,185,51,0,0,185,0],"nuv":[0,0,1,0,0,1,1,1],"minPos":{"x":-92.5,"y":-25.5,"z":0},"maxPos":{"x":92.5,"y":25.5,"z":0}},"packable":true,"pixelsToUnit":100,"pivot":{"x":0.5,"y":0.5},"meshType":0}],[0],0,[0],[0],[0]]
