[1,["23b1c2a2-3db5-4f28-934d-077cd124f807@6c48a"],["_textureSource"],["cc.SpriteFrame"],0,[{"name":"icon_play","rect":{"x":4,"y":2,"width":16,"height":20},"offset":{"x":0,"y":0},"originalSize":{"width":24,"height":24},"rotated":false,"capInsets":[0,0,0,0],"vertices":{"rawPosition":[-8,-10,0,8,-10,0,-8,10,0,8,10,0],"indexes":[0,1,2,2,1,3],"uv":[4,22,20,22,4,2,20,2],"nuv":[0.16666666666666666,0.08333333333333333,0.8333333333333334,0.08333333333333333,0.16666666666666666,0.9166666666666666,0.8333333333333334,0.9166666666666666],"minPos":{"x":-8,"y":-10,"z":0},"maxPos":{"x":8,"y":10,"z":0}},"packable":true,"pixelsToUnit":100,"pivot":{"x":0.5,"y":0.5},"meshType":0}],[0],0,[0],[0],[0]]
