{"skeleton":{"hash":"tdZyreobma7y3oDTUPCAZZLWIa4","spine":"3.8.99","x":-640,"y":-360,"width":1280,"height":720,"fps":18,"images":"./images/","audio":""},"bones":[{"name":"root"},{"name":"bone","parent":"root"},{"name":"bone7","parent":"root"},{"name":"bone8","parent":"root","scaleX":2,"scaleY":2},{"name":"bone9","parent":"root","scaleX":2,"scaleY":2}],"slots":[{"name":"bg","bone":"bone"},{"name":"logo","bone":"bone7"},{"name":"logo_light_00","bone":"bone8","blend":"additive"},{"name":"particular_00","bone":"bone9","blend":"additive"}],"skins":[{"name":"default","attachments":{"logo_light_00":{"logo_light_00":{"y":0.5,"width":400,"height":225},"logo_light_01":{"y":0.5,"width":400,"height":225},"logo_light_02":{"y":0.5,"width":400,"height":225},"logo_light_03":{"y":0.5,"width":400,"height":225},"logo_light_04":{"y":0.5,"width":400,"height":225},"logo_light_05":{"y":0.5,"width":400,"height":225},"logo_light_06":{"y":0.5,"width":400,"height":225},"logo_light_07":{"y":0.5,"width":400,"height":225},"logo_light_08":{"y":0.5,"width":400,"height":225},"logo_light_09":{"y":0.5,"width":400,"height":225},"logo_light_10":{"y":0.5,"width":400,"height":225},"logo_light_11":{"y":0.5,"width":400,"height":225},"logo_light_12":{"y":0.5,"width":400,"height":225},"logo_light_13":{"y":0.5,"width":400,"height":225},"logo_light_14":{"y":0.5,"width":400,"height":225}},"particular_00":{"particular_00":{"width":640,"height":360},"particular_01":{"width":640,"height":360},"particular_02":{"width":640,"height":360},"particular_03":{"width":640,"height":360},"particular_04":{"width":640,"height":360},"particular_05":{"width":640,"height":360},"particular_06":{"width":640,"height":360},"particular_07":{"width":640,"height":360},"particular_08":{"width":640,"height":360},"particular_09":{"width":640,"height":360},"particular_10":{"width":640,"height":360},"particular_11":{"width":640,"height":360},"particular_12":{"width":640,"height":360},"particular_13":{"width":640,"height":360},"particular_14":{"width":640,"height":360},"particular_15":{"width":640,"height":360},"particular_16":{"width":640,"height":360},"particular_17":{"width":640,"height":360},"particular_18":{"width":640,"height":360},"particular_19":{"width":640,"height":360}}}}],"animations":{"bg_particular":{"slots":{"particular_00":{"attachment":[{"name":"particular_00"},{"time":0.1111,"name":"particular_01"},{"time":0.2222,"name":"particular_02"},{"time":0.3333,"name":"particular_03"},{"time":0.4444,"name":"particular_04"},{"time":0.5556,"name":"particular_05"},{"time":0.6667,"name":"particular_06"},{"time":0.7778,"name":"particular_07"},{"time":0.8889,"name":"particular_08"},{"time":1,"name":"particular_09"},{"time":1.1111,"name":"particular_10"},{"time":1.2222,"name":"particular_11"},{"time":1.3333,"name":"particular_12"},{"time":1.5,"name":"particular_13"},{"time":1.6111,"name":"particular_14"},{"time":1.7222,"name":"particular_15"},{"time":1.8333,"name":"particular_16"},{"time":1.9444,"name":"particular_17"},{"time":2.0556,"name":"particular_18"},{"time":2.1667,"name":"particular_19"},{"time":2.2778,"name":"particular_00"},{"time":2.3889,"name":"particular_01"},{"time":2.5,"name":"particular_02"},{"time":2.6111,"name":"particular_03"},{"time":2.7222,"name":"particular_04"},{"time":2.8333,"name":"particular_05"},{"time":2.9444,"name":"particular_06"},{"time":3.0556,"name":"particular_07"},{"time":3.1667,"name":"particular_08"},{"time":3.2778,"name":"particular_09"},{"time":3.3889,"name":"particular_10"},{"time":3.5,"name":"particular_11"},{"time":3.6667,"name":"particular_12"},{"time":3.7778,"name":"particular_13"},{"time":3.8889,"name":"particular_14"},{"time":4,"name":"particular_15"},{"time":4.1111,"name":"particular_16"},{"time":4.2222,"name":"particular_17"},{"time":4.3333,"name":"particular_18"},{"time":4.4444,"name":"particular_19"},{"time":4.5556,"name":"particular_00"},{"time":4.6667,"name":"particular_01"},{"time":4.7778,"name":"particular_02"},{"time":4.8889,"name":"particular_03"},{"time":5,"name":"particular_04"},{"time":5.1111,"name":"particular_05"},{"time":5.2222,"name":"particular_06"},{"time":5.3333,"name":"particular_07"},{"time":5.4444,"name":"particular_08"},{"time":5.5556,"name":"particular_09"},{"time":5.6667,"name":"particular_10"},{"time":5.7778,"name":"particular_11"},{"time":5.8889,"name":"particular_12"},{"time":6,"name":"particular_13"},{"time":6.1111,"name":"particular_14"},{"time":6.2222,"name":"particular_15"},{"time":6.3333,"name":"particular_16"},{"time":6.4444,"name":"particular_17"},{"time":6.5556,"name":"particular_18"},{"time":6.6667,"name":"particular_19"}]}}},"logo_light":{"slots":{"logo_light_00":{"attachment":[{"name":"logo_light_00"},{"time":0.1111,"name":"logo_light_01"},{"time":0.2222,"name":"logo_light_02"},{"time":0.3333,"name":"logo_light_03"},{"time":0.4444,"name":"logo_light_04"},{"time":0.5556,"name":"logo_light_05"},{"time":0.6667,"name":"logo_light_06"},{"time":0.7778,"name":"logo_light_07"},{"time":0.8889,"name":"logo_light_08"},{"time":1,"name":"logo_light_09"},{"time":1.1111,"name":"logo_light_10"},{"time":1.2222,"name":"logo_light_11"},{"time":1.3333,"name":"logo_light_12"},{"time":1.4444,"name":"logo_light_13"},{"time":1.5556,"name":"logo_light_14"},{"time":1.6667,"name":null}]},"particular_00":{"attachment":[{"time":6.6667,"name":null}]}}}}}