[1,["50k0ns4DFIArB7n6hmMUyW@6c48a"],0,[["sp.SkeletonData",["_name","_atlasText","textureNames","_skeletonJson","textures"],-1,3]],[[0,0,1,2,3,4,5]],[[0,"chuinixiongkou","\nchuinixiongkou.png\nsize: 974,974\nformat: RGBA4444\nfilter: Linear,Linear\nrepeat: none\n連續圖/10362\n  rotate: false\n  xy: 792, 290\n  size: 169, 223\n  orig: 400, 400\n  offset: 184, 115\n  index: -1\n連續圖/10363\n  rotate: true\n  xy: 300, 298\n  size: 198, 194\n  orig: 400, 400\n  offset: 143, 110\n  index: -1\n連續圖/10364\n  rotate: true\n  xy: 654, 515\n  size: 226, 316\n  orig: 400, 400\n  offset: 129, 64\n  index: -1\n連續圖/10365\n  rotate: true\n  xy: 2, 507\n  size: 226, 316\n  orig: 400, 400\n  offset: 129, 64\n  index: -1\n連續圖/10366\n  rotate: false\n  xy: 211, 19\n  size: 242, 276\n  orig: 400, 400\n  offset: 113, 59\n  index: -1\n連續圖/10367\n  rotate: false\n  xy: 696, 54\n  size: 258, 234\n  orig: 400, 400\n  offset: 97, 55\n  index: -1\n連續圖/10368\n  rotate: true\n  xy: 455, 23\n  size: 273, 239\n  orig: 400, 400\n  offset: 82, 50\n  index: -1\n連續圖/10369\n  rotate: true\n  xy: 2, 10\n  size: 285, 207\n  orig: 400, 400\n  offset: 70, 38\n  index: -1\n連續圖/10370\n  rotate: false\n  xy: 2, 297\n  size: 296, 208\n  orig: 400, 400\n  offset: 59, 37\n  index: -1\n連續圖/10371\n  rotate: false\n  xy: 320, 498\n  size: 307, 223\n  orig: 400, 400\n  offset: 48, 22\n  index: -1\n連續圖/10372\n  rotate: false\n  xy: 654, 743\n  size: 318, 229\n  orig: 400, 400\n  offset: 37, 16\n  index: -1\n連續圖/10373\n  rotate: false\n  xy: 2, 735\n  size: 328, 237\n  orig: 400, 400\n  offset: 27, 15\n  index: -1\n連續圖/10374\n  rotate: false\n  xy: 332, 723\n  size: 320, 249\n  orig: 400, 400\n  offset: 35, 15\n  index: -1\n連續圖/10375\n  rotate: true\n  xy: 629, 301\n  size: 212, 161\n  orig: 400, 400\n  offset: 143, 84\n  index: -1\n",["chuinixiongkou.png"],{"skeleton":{"hash":"9MxQqSkIFYAZ3luIa6ZPIUiFXAc","spine":"3.8.99","images":"","audio":""},"bones":[{"name":"root"}],"slots":[{"name":"連續圖/10362","bone":"root"}],"skins":[{"name":"default","attachments":{"連續圖/10362":{"連續圖/10362":{"width":500,"height":500},"連續圖/10363":{"width":500,"height":500},"連續圖/10364":{"width":500,"height":500},"連續圖/10365":{"width":500,"height":500},"連續圖/10366":{"width":500,"height":500},"連續圖/10367":{"width":500,"height":500},"連續圖/10368":{"width":500,"height":500},"連續圖/10369":{"width":500,"height":500},"連續圖/10370":{"width":500,"height":500},"連續圖/10371":{"width":500,"height":500},"連續圖/10372":{"width":500,"height":500},"連續圖/10373":{"width":500,"height":500},"連續圖/10374":{"width":500,"height":500},"連續圖/10375":{"width":500,"height":500}}}}],"animations":{"animation":{"slots":{"連續圖/10362":{"attachment":[{"name":"連續圖/10362"},{"time":0.0333,"name":"連續圖/10363"},{"time":0.0667,"name":"連續圖/10364"},{"time":0.1,"name":"連續圖/10365"},{"time":0.1333,"name":"連續圖/10366"},{"time":0.1667,"name":"連續圖/10367"},{"time":0.2,"name":"連續圖/10368"},{"time":0.2333,"name":"連續圖/10369"},{"time":0.2667,"name":"連續圖/10370"},{"time":0.3,"name":"連續圖/10371"},{"time":0.3333,"name":"連續圖/10372"},{"time":0.3667,"name":"連續圖/10373"},{"time":0.4,"name":"連續圖/10374"},{"time":0.4333,"name":"連續圖/10375"}]}}}}},[0]]],0,0,[0],[-1],[0]]
