[1,["cf0da4e6-2e4e-4bc8-93f7-f1641a4696a7@6c48a"],["_textureSource"],["cc.SpriteFrame"],0,[{"name":"Frame 137","rect":{"x":0,"y":0,"width":640,"height":1102},"offset":{"x":0,"y":0},"originalSize":{"width":640,"height":1102},"rotated":false,"capInsets":[0,0,0,0],"vertices":{"rawPosition":[-320,-551,0,320,-551,0,-320,551,0,320,551,0],"indexes":[0,1,2,2,1,3],"uv":[0,1102,640,1102,0,0,640,0],"nuv":[0,0,1,0,0,1,1,1],"minPos":{"x":-320,"y":-551,"z":0},"maxPos":{"x":320,"y":551,"z":0}},"packable":true,"pixelsToUnit":100,"pivot":{"x":0.5,"y":0.5},"meshType":0}],[0],0,[0],[0],[0]]
