{"skeleton":{"hash":"zQrKJnGLC+KK6uJL7loen9eWuvU","spine":"3.8.99","x":-640,"y":-360,"width":1280,"height":720,"images":"./images/","audio":""},"bones":[{"name":"root"},{"name":"bg","parent":"root"},{"name":"4zhuawei","parent":"root"},{"name":"zhuawei_bg","parent":"4zhuawei"},{"name":"zhuawei_title1","parent":"4zhuawei"},{"name":"zhuawei_title2","parent":"4zhuawei"},{"name":"bone10","parent":"4zhuawei"}],"slots":[{"name":"1程序麻将摆牌","bone":"bg"},{"name":"sibaziqing/zhuawei_bg","bone":"zhuawei_bg"},{"name":"sibaziqing/zhuawei_title1","bone":"zhuawei_title1"},{"name":"sibaziqing/zhuawei_title3","bone":"bone10","blend":"additive"},{"name":"sibaziqing/zhuawei_title2","bone":"zhuawei_title2"},{"name":"sibaziqing/zhuawei_title4","bone":"bone10","blend":"additive"}],"skins":[{"name":"default","attachments":{"sibaziqing/zhuawei_bg":{"sibaziqing/zhuawei_bg":{"width":342,"height":90}},"sibaziqing/zhuawei_title1":{"sibaziqing/zhuawei_title1":{"x":0.5,"width":141,"height":114}},"sibaziqing/zhuawei_title2":{"sibaziqing/zhuawei_title2":{"x":0.5,"y":0.5,"width":121,"height":109}},"sibaziqing/zhuawei_title3":{"sibaziqing/zhuawei_title1":{"x":-61.08,"width":141,"height":114}},"sibaziqing/zhuawei_title4":{"sibaziqing/zhuawei_title2":{"x":66.74,"y":0.5,"width":121,"height":109}}}}],"animations":{"zhuawei":{"slots":{"sibaziqing/zhuawei_bg":{"attachment":[{"name":"sibaziqing/zhuawei_bg"}]},"sibaziqing/zhuawei_title1":{"attachment":[{"name":"sibaziqing/zhuawei_title1"}]},"sibaziqing/zhuawei_title2":{"attachment":[{"name":"sibaziqing/zhuawei_title2"},{"time":1,"name":"sibaziqing/zhuawei_title2"}]},"sibaziqing/zhuawei_title3":{"color":[{"time":0.1667,"color":"ffffffff"},{"time":0.3667,"color":"ffffff00"}],"attachment":[{"time":0.1667,"name":"sibaziqing/zhuawei_title1"}]},"sibaziqing/zhuawei_title4":{"color":[{"time":0.1667,"color":"ffffffff"},{"time":0.3667,"color":"ffffff00"}],"attachment":[{"time":0.1667,"name":"sibaziqing/zhuawei_title2"}]}},"bones":{"zhuawei_title1":{"translate":[{"x":-283.63},{"time":0.1667,"x":-52.96},{"time":0.2667,"x":-138.31},{"time":0.3333,"x":-61.58}]},"zhuawei_title2":{"translate":[{"x":292.03},{"time":0.1667,"x":50.79},{"time":0.2667,"x":158.65},{"time":0.3333,"x":66.04}]},"bone10":{"scale":[{"time":0.1667},{"time":0.3667,"x":2.693,"y":2.693}]}}}}}