{"skeleton":{"hash":"kAwKwOIc8KHa/1ZIeFER70k/M2s","spine":"3.8.99","x":-52,"y":-71,"width":105,"height":142,"fps":24,"images":"./image/","audio":""},"bones":[{"name":"root"},{"name":"headframe","parent":"root"},{"name":"bone","parent":"root","x":-1}],"slots":[{"name":"headframe_00","bone":"headframe"},{"name":"ui_txk_1","bone":"bone"}],"skins":[{"name":"default","attachments":{"headframe_00":{"headframe_00":{"width":200,"height":200},"headframe_01":{"width":200,"height":200},"headframe_02":{"width":200,"height":200},"headframe_03":{"width":200,"height":200},"headframe_04":{"width":200,"height":200},"headframe_05":{"width":200,"height":200},"headframe_06":{"width":200,"height":200},"headframe_07":{"width":200,"height":200},"headframe_08":{"width":200,"height":200},"headframe_09":{"width":200,"height":200},"headframe_10":{"width":200,"height":200},"headframe_11":{"width":200,"height":200},"headframe_12":{"width":200,"height":200},"headframe_13":{"width":200,"height":200},"headframe_14":{"width":200,"height":200}}}}],"animations":{"animation":{"slots":{"headframe_00":{"attachment":[{"name":"headframe_00"},{"time":0.0833,"name":"headframe_01"},{"time":0.1667,"name":"headframe_02"},{"time":0.25,"name":"headframe_03"},{"time":0.3333,"name":"headframe_04"},{"time":0.4167,"name":"headframe_05"},{"time":0.5,"name":"headframe_06"},{"time":0.5833,"name":"headframe_07"},{"time":0.6667,"name":"headframe_08"},{"time":0.75,"name":"headframe_09"},{"time":0.8333,"name":"headframe_10"},{"time":0.9167,"name":"headframe_11"},{"time":1,"name":"headframe_12"},{"time":1.0833,"name":"headframe_13"},{"time":1.1667,"name":"headframe_14"},{"time":1.25,"name":"headframe_00"}]}},"bones":{"headframe":{"translate":[{"y":-3}],"scale":[{"x":1.574,"y":2.104}]}}}}}