{"skeleton":{"hash":"Jq7FfKT1Z6OQksm0G9k/JiVYHiY","spine":"3.8.99","x":-640,"y":-360,"width":1280,"height":720,"fps":24,"images":"./images/click/","audio":""},"bones":[{"name":"root"},{"name":"bone","parent":"root"},{"name":"bone2","parent":"root","x":-2,"y":2}],"slots":[{"name":"1程序麻将摆牌","bone":"bone2"},{"name":"radiation02","bone":"bone"}],"skins":[{"name":"default","attachments":{"radiation02":{"radiation02":{"width":256,"height":256},"radiation03":{"width":256,"height":256},"radiation04":{"width":256,"height":256},"radiation05":{"width":256,"height":256},"radiation06":{"width":256,"height":256},"radiation07":{"width":256,"height":256},"radiation08":{"width":256,"height":256},"radiation09":{"width":256,"height":256},"radiation10":{"width":256,"height":256},"radiation11":{"width":256,"height":256},"radiation12":{"width":256,"height":256},"radiation13":{"width":256,"height":256},"radiation14":{"width":256,"height":256}}}}],"animations":{"animation":{"slots":{"radiation02":{"color":[{"time":0.375,"color":"ffffffff"},{"time":0.5417,"color":"ffffff00"}],"attachment":[{"name":"radiation02"},{"time":0.0417,"name":"radiation03"},{"time":0.0833,"name":"radiation04"},{"time":0.125,"name":"radiation05"},{"time":0.1667,"name":"radiation06"},{"time":0.2083,"name":"radiation07"},{"time":0.25,"name":"radiation08"},{"time":0.2917,"name":"radiation09"},{"time":0.3333,"name":"radiation10"},{"time":0.375,"name":"radiation11"},{"time":0.4167,"name":"radiation12"},{"time":0.4583,"name":"radiation13"},{"time":0.5,"name":"radiation14"},{"time":0.5417,"name":null}]}}}}}