[1,["6bcb9eed-17c5-4ada-b1af-50e527d0bc5a@6c48a","d8f8cc95-62cd-414e-8735-6826f0c59c02@f9941","6bcb9eed-17c5-4ada-b1af-50e527d0bc5a@f9941","eeb0a507-cbdd-4f08-8d7c-e82c6932a4ed","df211e62-b58f-421c-b059-9cf5b1e3b6e9@f9941","d8f8cc95-62cd-414e-8735-6826f0c59c02@6c48a","df211e62-b58f-421c-b059-9cf5b1e3b6e9@6c48a"],["node","_textureSource","_spriteFrame","_parent","_cameraComponent","loadResNode","soundAudioSource","musicAudioSource","scene","wasm_asset"],[["cc.Node",["_name","_id","_layer","_parent","_components","_children"],0,1,9,2],"cc.SpriteFrame",["cc.Node",["_name","_layer","_id","_components","_lpos","_children","_parent"],0,12,5,2,1],["cc.Sprite",["_type","_sizeMode","node","_spriteFrame"],1,1,6],["cc.Node",["_name","_parent","_components","_lpos"],2,1,2,5],["cc.UITransform",["node","_contentSize","_anchorPoint"],3,1,5,5],["cc.SceneAsset",["_name"],2],["cc.Canvas",["node","_cameraComponent"],3,1,1],["cc.Widget",["_alignFlags","_top","_bottom","node"],0,1],["3419d1EAI5MnI0rt4TohC7M",["node","loadResNode","wasm_asset"],3,1,1,6],["cc.Scene",["_name","_children","_globals"],2,2,4],["cc.SceneGlobals",["ambient","shadows","_skybox","fog","octree","skin","lightProbeInfo","postSettings"],3,4,4,4,4,4,4,4,4],["cc.AmbientInfo",["_skyColorHDR","_groundAlbedoHDR"],3,5,5],["cc.ShadowsInfo",["_shadowColor","_size"],3,5,5],["cc.SkyboxInfo",[],3],["cc.FogInfo",[],3],["cc.OctreeInfo",[],3],["cc.SkinInfo",["_enabled"],2],["cc.LightProbeInfo",[],3],["cc.PostSettingsInfo",[],3],["87654OMBdFOlaLfzbRVEAgH",["node","musicAudioSource","soundAudioSource"],3,1,1,1],["cc.Camera",["_projection","_orthoHeight","_near","_far","_clearFlags","_visibility","node","_color"],-3,1,5],["cc.ProgressBar",["_totalLength","_progress","node","_barSprite"],1,1,1],["1d1fe7QK3JIxLk6qffhHUF7",["node","loadProgress"],3,1,1],["13c30aSSvBEbZoDUs7R3prP",["node"],3,1],["cc.AudioSource",["_playOnAwake","node"],2,1],["cc.BufferAsset",["_name","_native"],1]],[[5,0,1,1],[4,0,1,2,2],[25,0,1,2],[6,0,2],[2,0,1,2,5,3,4,4],[2,0,1,5,3,4,3],[2,0,1,6,3,4,3],[0,0,1,3,5,4,3],[0,0,2,3,4,3],[0,0,2,3,5,4,3],[0,0,1,3,4,3],[4,0,1,2,3,2],[5,0,1,2,1],[7,0,1,1],[8,0,1,2,3,4],[9,0,1,2,1],[3,0,2,3,2],[3,2,3,1],[3,0,1,2,3],[10,0,1,2,2],[11,0,1,2,3,4,5,6,7,1],[12,0,1,1],[13,0,1,1],[14,1],[15,1],[16,1],[17,0,2],[18,1],[19,1],[20,0,1,2,1],[21,0,1,2,3,4,5,6,7,7],[22,0,1,2,3,3],[23,0,1,1],[24,0,1],[26,0,1,3]],[[[{"name":"load_bg","rect":{"x":0,"y":0,"width":580,"height":24},"offset":{"x":0,"y":0},"originalSize":{"width":580,"height":24},"rotated":false,"capInsets":[0,0,0,0],"vertices":{"rawPosition":[-290,-12,0,290,-12,0,-290,12,0,290,12,0],"indexes":[0,1,2,2,1,3],"uv":[0,24,580,24,0,0,580,0],"nuv":[0,0,1,0,0,1,1,1],"minPos":{"x":-290,"y":-12,"z":0},"maxPos":{"x":290,"y":12,"z":0}},"packable":true,"pixelsToUnit":100,"pivot":{"x":0.5,"y":0.5},"meshType":0}],[1],0,[0],[1],[0]],[[[3,"launcherScene"],[4,"Canvas",33554432,"beI88Z2HpFELqR4T5EMHpg",[-8,-9,-10],[[[0,-1,[5,720,1280]],[13,-3,-2],[14,45,5.684341886080802e-14,5.684341886080802e-14,-4],[15,-6,-5,2],-7],4,4,4,4,1],[1,360,640,0]],[5,"loadProgressBar",33554432,[-14],[[[0,-11,[5,580,24]],[16,1,-12,1],-13],4,4,1],[1,0,-512.711,0]],[19,"launcherScene",[1,-15,-16],[20,[21,[2,0,0,0,0.520833125],[2,0,0,0,0]],[22,[4,4283190348],[0,512,512]],[23],[24],[25],[26,false],[27],[28]]],[7,"AudioRoot","6f3UKiZgZAVZqSpN/zTLmQ",3,[-20,-21],[[29,-19,-18,-17]]],[8,"load_bg_m",33554432,1,[[0,-22,[5,720,1400]],[17,-23,0]]],[9,"content",33554432,1,[2],[[0,-24,[5,720,1280]]]],[6,"Bar",33554432,2,[[[12,-25,[5,0,24],[0,0,0.5]],-26],4,1],[1,-290,0,0]],[11,"Camera",1,[-27],[1,0,0,1000]],[30,0,640,0,2000,6,1108344832,8,[4,0]],[18,1,0,7],[31,580,0,2,10],[32,1,11],[10,"GameMgr","0fdLtZjCVPpb+dT8JcojSg",3,[[33,-28]]],[1,"musicAudioSource",4,[-29]],[2,false,14],[1,"soundAudioSource",4,[-30]],[2,false,16]],0,[0,0,1,0,4,9,0,0,1,0,0,1,0,5,12,0,0,1,0,-5,12,0,-1,8,0,-2,5,0,-3,6,0,0,2,0,0,2,0,-3,11,0,-1,7,0,-2,13,0,-3,4,0,6,17,0,7,15,0,0,4,0,-1,14,0,-2,16,0,0,5,0,0,5,0,0,6,0,0,7,0,-2,10,0,-1,9,0,0,13,0,-1,15,0,-1,17,0,8,3,1,3,3,2,3,6,30],[0,0,0,10],[2,2,9,2],[1,2,3,4]],[[{"name":"load_bg_m","rect":{"x":0,"y":0,"width":720,"height":1400},"offset":{"x":0,"y":0},"originalSize":{"width":720,"height":1400},"rotated":false,"capInsets":[0,0,0,0],"vertices":{"rawPosition":[-360,-700,0,360,-700,0,-360,700,0,360,700,0],"indexes":[0,1,2,2,1,3],"uv":[0,1400,720,1400,0,0,720,0],"nuv":[0,0,1,0,0,1,1,1],"minPos":{"x":-360,"y":-700,"z":0},"maxPos":{"x":360,"y":700,"z":0}},"packable":true,"pixelsToUnit":100,"pivot":{"x":0.5,"y":0.5},"meshType":0}],[1],0,[0],[1],[5]],[[{"name":"load_line","rect":{"x":0,"y":0,"width":25,"height":18},"offset":{"x":0,"y":0},"originalSize":{"width":25,"height":18},"rotated":false,"capInsets":[5,0,5,0],"vertices":{"rawPosition":[-12.5,-9,0,12.5,-9,0,-12.5,9,0,12.5,9,0],"indexes":[0,1,2,2,1,3],"uv":[0,18,25,18,0,0,25,0],"nuv":[0,0,1,0,0,1,1,1],"minPos":{"x":-12.5,"y":-9,"z":0},"maxPos":{"x":12.5,"y":9,"z":0}},"packable":true,"pixelsToUnit":100,"pivot":{"x":0.5,"y":0.5},"meshType":0}],[1],0,[0],[1],[6]],[[[34,"pitaya_proto_wasm_bg",".bin"],-1],0,0,[],[],[]]]]
