[1,["f82dcf47-1094-4208-9cd9-491ce514459a@6c48a"],["_textureSource"],["cc.SpriteFrame"],0,[{"name":"btn_2","rect":{"x":0,"y":0,"width":290,"height":60},"offset":{"x":0,"y":0},"originalSize":{"width":290,"height":60},"rotated":false,"capInsets":[0,0,0,0],"vertices":{"rawPosition":[-145,-30,0,145,-30,0,-145,30,0,145,30,0],"indexes":[0,1,2,2,1,3],"uv":[0,60,290,60,0,0,290,0],"nuv":[0,0,1,0,0,1,1,1],"minPos":{"x":-145,"y":-30,"z":0},"maxPos":{"x":145,"y":30,"z":0}},"packable":true,"pixelsToUnit":100,"pivot":{"x":0.5,"y":0.5},"meshType":0}],[0],0,[0],[0],[0]]
