[1,["aaLLOqbuVKVbG3CqguPEeo"],0,[["sp.SkeletonData",["_name","_atlasText","textureNames","_skeletonJson","textures"],-1,3]],[[0,0,1,2,3,4,5]],[[0,"click","\nclick.png\nsize: 919,432\nformat: RGBA4444\nfilter: Linear,Linear\nrepeat: none\nradiation02\n  rotate: true\n  xy: 839, 55\n  size: 83, 78\n  orig: 256, 256\n  offset: 92, 90\n  index: -1\nradiation03\n  rotate: true\n  xy: 592, 21\n  size: 100, 95\n  orig: 256, 256\n  offset: 84, 82\n  index: -1\nradiation04\n  rotate: true\n  xy: 727, 20\n  size: 118, 110\n  orig: 256, 256\n  offset: 75, 74\n  index: -1\nradiation05\n  rotate: false\n  xy: 592, 123\n  size: 133, 124\n  orig: 256, 256\n  offset: 68, 66\n  index: -1\nradiation06\n  rotate: false\n  xy: 753, 140\n  size: 151, 138\n  orig: 256, 256\n  offset: 58, 58\n  index: -1\nradiation07\n  rotate: false\n  xy: 753, 280\n  size: 163, 150\n  orig: 256, 256\n  offset: 52, 50\n  index: -1\nradiation08\n  rotate: true\n  xy: 586, 249\n  size: 181, 165\n  orig: 256, 256\n  offset: 43, 40\n  index: -1\nradiation09\n  rotate: true\n  xy: 416, 37\n  size: 190, 174\n  orig: 256, 256\n  offset: 39, 33\n  index: -1\nradiation10\n  rotate: true\n  xy: 402, 229\n  size: 201, 182\n  orig: 256, 256\n  offset: 33, 27\n  index: -1\nradiation11\n  rotate: true\n  xy: 225, 2\n  size: 209, 189\n  orig: 256, 256\n  offset: 29, 21\n  index: -1\nradiation12\n  rotate: true\n  xy: 205, 213\n  size: 217, 195\n  orig: 256, 256\n  offset: 25, 15\n  index: -1\nradiation13\n  rotate: true\n  xy: 2, 206\n  size: 224, 201\n  orig: 256, 256\n  offset: 21, 10\n  index: -1\nradiation14\n  rotate: false\n  xy: 2, 4\n  size: 221, 200\n  orig: 256, 256\n  offset: 25, 7\n  index: -1\n",["click.png"],{"skeleton":{"hash":"Jq7FfKT1Z6OQksm0G9k/JiVYHiY","spine":"3.8.99","x":-640,"y":-360,"width":1280,"height":720,"fps":24,"images":"./images/click/","audio":""},"bones":[{"name":"root"},{"name":"bone","parent":"root"},{"name":"bone2","parent":"root","x":-2,"y":2}],"slots":[{"name":"1程序麻将摆牌","bone":"bone2"},{"name":"radiation02","bone":"bone"}],"skins":[{"name":"default","attachments":{"radiation02":{"radiation02":{"width":256,"height":256},"radiation03":{"width":256,"height":256},"radiation04":{"width":256,"height":256},"radiation05":{"width":256,"height":256},"radiation06":{"width":256,"height":256},"radiation07":{"width":256,"height":256},"radiation08":{"width":256,"height":256},"radiation09":{"width":256,"height":256},"radiation10":{"width":256,"height":256},"radiation11":{"width":256,"height":256},"radiation12":{"width":256,"height":256},"radiation13":{"width":256,"height":256},"radiation14":{"width":256,"height":256}}}}],"animations":{"animation":{"slots":{"radiation02":{"color":[{"time":0.375,"color":"ffffffff"},{"time":0.5417,"color":"ffffff00"}],"attachment":[{"name":"radiation02"},{"time":0.0417,"name":"radiation03"},{"time":0.0833,"name":"radiation04"},{"time":0.125,"name":"radiation05"},{"time":0.1667,"name":"radiation06"},{"time":0.2083,"name":"radiation07"},{"time":0.25,"name":"radiation08"},{"time":0.2917,"name":"radiation09"},{"time":0.3333,"name":"radiation10"},{"time":0.375,"name":"radiation11"},{"time":0.4167,"name":"radiation12"},{"time":0.4583,"name":"radiation13"},{"time":0.5,"name":"radiation14"},{"time":0.5417,"name":null}]}}}}},[0]]],0,0,[0],[-1],[0]]