[1,["e0b1bf5c-783a-4b79-a79c-9f56f43e03a1@6c48a"],0,[["sp.SkeletonData",["_name","_atlasText","textureNames","_skeletonJson","textures"],-1,3]],[[0,0,1,2,3,4,5]],[[0,"wushi","\nwushi.png\nsize: 1940,1940\nformat: RGBA4444\nfilter: Linear,Linear\nrepeat: none\n舞獅-animation_00\n  rotate: false\n  xy: 2, 1280\n  size: 321, 328\n  orig: 350, 350\n  offset: 21, 14\n  index: -1\n舞獅-animation_01\n  rotate: false\n  xy: 325, 1610\n  size: 321, 328\n  orig: 350, 350\n  offset: 21, 14\n  index: -1\n舞獅-animation_02\n  rotate: false\n  xy: 2, 950\n  size: 321, 328\n  orig: 350, 350\n  offset: 21, 14\n  index: -1\n舞獅-animation_03\n  rotate: false\n  xy: 325, 1280\n  size: 321, 328\n  orig: 350, 350\n  offset: 21, 14\n  index: -1\n舞獅-animation_04\n  rotate: false\n  xy: 648, 1610\n  size: 321, 328\n  orig: 350, 350\n  offset: 21, 14\n  index: -1\n舞獅-animation_05\n  rotate: false\n  xy: 2, 620\n  size: 321, 328\n  orig: 350, 350\n  offset: 21, 14\n  index: -1\n舞獅-animation_06\n  rotate: false\n  xy: 325, 950\n  size: 321, 328\n  orig: 350, 350\n  offset: 21, 14\n  index: -1\n舞獅-animation_07\n  rotate: false\n  xy: 648, 1280\n  size: 321, 328\n  orig: 350, 350\n  offset: 21, 14\n  index: -1\n舞獅-animation_08\n  rotate: false\n  xy: 971, 1610\n  size: 321, 328\n  orig: 350, 350\n  offset: 21, 14\n  index: -1\n舞獅-animation_09\n  rotate: false\n  xy: 2, 290\n  size: 321, 328\n  orig: 350, 350\n  offset: 21, 14\n  index: -1\n舞獅-animation_10\n  rotate: false\n  xy: 325, 620\n  size: 321, 328\n  orig: 350, 350\n  offset: 21, 14\n  index: -1\n舞獅-animation_11\n  rotate: false\n  xy: 648, 950\n  size: 321, 328\n  orig: 350, 350\n  offset: 21, 14\n  index: -1\n舞獅-animation_12\n  rotate: false\n  xy: 971, 1280\n  size: 321, 328\n  orig: 350, 350\n  offset: 21, 14\n  index: -1\n舞獅-animation_13\n  rotate: false\n  xy: 1294, 1610\n  size: 321, 328\n  orig: 350, 350\n  offset: 21, 14\n  index: -1\n舞獅-animation_14\n  rotate: false\n  xy: 325, 290\n  size: 321, 328\n  orig: 350, 350\n  offset: 21, 14\n  index: -1\n舞獅-animation_15\n  rotate: false\n  xy: 648, 620\n  size: 321, 328\n  orig: 350, 350\n  offset: 21, 14\n  index: -1\n舞獅-animation_16\n  rotate: false\n  xy: 971, 950\n  size: 321, 328\n  orig: 350, 350\n  offset: 21, 14\n  index: -1\n舞獅-animation_17\n  rotate: false\n  xy: 1294, 1280\n  size: 321, 328\n  orig: 350, 350\n  offset: 21, 14\n  index: -1\n舞獅-animation_18\n  rotate: false\n  xy: 1617, 1610\n  size: 321, 328\n  orig: 350, 350\n  offset: 21, 14\n  index: -1\n舞獅-animation_19\n  rotate: false\n  xy: 648, 290\n  size: 321, 328\n  orig: 350, 350\n  offset: 21, 14\n  index: -1\n舞獅-animation_20\n  rotate: false\n  xy: 971, 620\n  size: 321, 328\n  orig: 350, 350\n  offset: 21, 14\n  index: -1\n舞獅-animation_21\n  rotate: false\n  xy: 1294, 950\n  size: 321, 328\n  orig: 350, 350\n  offset: 21, 14\n  index: -1\n舞獅-animation_22\n  rotate: false\n  xy: 1617, 1280\n  size: 321, 328\n  orig: 350, 350\n  offset: 21, 14\n  index: -1\n舞獅-animation_23\n  rotate: false\n  xy: 971, 290\n  size: 321, 328\n  orig: 350, 350\n  offset: 21, 14\n  index: -1\n舞獅-animation_24\n  rotate: false\n  xy: 1294, 620\n  size: 321, 328\n  orig: 350, 350\n  offset: 21, 14\n  index: -1\n舞獅-animation_25\n  rotate: false\n  xy: 1617, 950\n  size: 321, 328\n  orig: 350, 350\n  offset: 21, 14\n  index: -1\n舞獅-animation_27\n  rotate: false\n  xy: 1294, 290\n  size: 321, 328\n  orig: 350, 350\n  offset: 21, 14\n  index: -1\n舞獅-animation_31\n  rotate: false\n  xy: 1294, 290\n  size: 321, 328\n  orig: 350, 350\n  offset: 21, 14\n  index: -1\n舞獅-animation_37\n  rotate: false\n  xy: 1294, 290\n  size: 321, 328\n  orig: 350, 350\n  offset: 21, 14\n  index: -1\n舞獅-animation_41\n  rotate: false\n  xy: 1294, 290\n  size: 321, 328\n  orig: 350, 350\n  offset: 21, 14\n  index: -1\n舞獅-animation_28\n  rotate: false\n  xy: 1617, 620\n  size: 321, 328\n  orig: 350, 350\n  offset: 21, 14\n  index: -1\n舞獅-animation_30\n  rotate: false\n  xy: 1617, 620\n  size: 321, 328\n  orig: 350, 350\n  offset: 21, 14\n  index: -1\n舞獅-animation_38\n  rotate: false\n  xy: 1617, 620\n  size: 321, 328\n  orig: 350, 350\n  offset: 21, 14\n  index: -1\n舞獅-animation_40\n  rotate: false\n  xy: 1617, 620\n  size: 321, 328\n  orig: 350, 350\n  offset: 21, 14\n  index: -1\n舞獅-animation_29\n  rotate: false\n  xy: 1617, 290\n  size: 321, 328\n  orig: 350, 350\n  offset: 21, 14\n  index: -1\n舞獅-animation_39\n  rotate: false\n  xy: 1617, 290\n  size: 321, 328\n  orig: 350, 350\n  offset: 21, 14\n  index: -1\n舞獅-animation_42\n  rotate: false\n  xy: 2, 1610\n  size: 321, 328\n  orig: 350, 350\n  offset: 21, 14\n  index: -1\n舞獅-animation_26\n  rotate: false\n  xy: 2, 1610\n  size: 321, 328\n  orig: 350, 350\n  offset: 21, 14\n  index: -1\n舞獅-animation_32\n  rotate: false\n  xy: 2, 1610\n  size: 321, 328\n  orig: 350, 350\n  offset: 21, 14\n  index: -1\n舞獅-animation_33\n  rotate: false\n  xy: 2, 1610\n  size: 321, 328\n  orig: 350, 350\n  offset: 21, 14\n  index: -1\n舞獅-animation_34\n  rotate: false\n  xy: 2, 1610\n  size: 321, 328\n  orig: 350, 350\n  offset: 21, 14\n  index: -1\n舞獅-animation_35\n  rotate: false\n  xy: 2, 1610\n  size: 321, 328\n  orig: 350, 350\n  offset: 21, 14\n  index: -1\n舞獅-animation_36\n  rotate: false\n  xy: 2, 1610\n  size: 321, 328\n  orig: 350, 350\n  offset: 21, 14\n  index: -1\n",["wushi.png"],{"skeleton":{"hash":"YlNaudzZSWj6pLqFlLV0hlP84Eg","spine":"3.8.99","x":-250,"y":-250,"width":500,"height":500,"images":"./連續圖/","audio":""},"bones":[{"name":"root"}],"slots":[{"name":"舞獅-animation_00","bone":"root","attachment":"舞獅-animation_42"}],"skins":[{"name":"default","attachments":{"舞獅-animation_00":{"舞獅-animation_00":{"width":500,"height":500},"舞獅-animation_01":{"width":500,"height":500},"舞獅-animation_02":{"width":500,"height":500},"舞獅-animation_03":{"width":500,"height":500},"舞獅-animation_04":{"width":500,"height":500},"舞獅-animation_05":{"width":500,"height":500},"舞獅-animation_06":{"width":500,"height":500},"舞獅-animation_07":{"width":500,"height":500},"舞獅-animation_08":{"width":500,"height":500},"舞獅-animation_09":{"width":500,"height":500},"舞獅-animation_10":{"width":500,"height":500},"舞獅-animation_11":{"width":500,"height":500},"舞獅-animation_12":{"width":500,"height":500},"舞獅-animation_13":{"width":500,"height":500},"舞獅-animation_14":{"width":500,"height":500},"舞獅-animation_15":{"width":500,"height":500},"舞獅-animation_16":{"width":500,"height":500},"舞獅-animation_17":{"width":500,"height":500},"舞獅-animation_18":{"width":500,"height":500},"舞獅-animation_19":{"width":500,"height":500},"舞獅-animation_20":{"width":500,"height":500},"舞獅-animation_21":{"width":500,"height":500},"舞獅-animation_22":{"width":500,"height":500},"舞獅-animation_23":{"width":500,"height":500},"舞獅-animation_24":{"width":500,"height":500},"舞獅-animation_25":{"width":500,"height":500},"舞獅-animation_26":{"width":500,"height":500},"舞獅-animation_27":{"width":500,"height":500},"舞獅-animation_28":{"width":500,"height":500},"舞獅-animation_29":{"width":500,"height":500},"舞獅-animation_30":{"width":500,"height":500},"舞獅-animation_31":{"width":500,"height":500},"舞獅-animation_32":{"width":500,"height":500},"舞獅-animation_33":{"width":500,"height":500},"舞獅-animation_34":{"width":500,"height":500},"舞獅-animation_35":{"width":500,"height":500},"舞獅-animation_36":{"width":500,"height":500},"舞獅-animation_37":{"width":500,"height":500},"舞獅-animation_38":{"width":500,"height":500},"舞獅-animation_39":{"width":500,"height":500},"舞獅-animation_40":{"width":500,"height":500},"舞獅-animation_41":{"width":500,"height":500},"舞獅-animation_42":{"width":500,"height":500}}}}],"animations":{"animation":{"slots":{"舞獅-animation_00":{"attachment":[{"name":"舞獅-animation_00"},{"time":0.0333,"name":"舞獅-animation_01"},{"time":0.0667,"name":"舞獅-animation_02"},{"time":0.1,"name":"舞獅-animation_03"},{"time":0.1333,"name":"舞獅-animation_04"},{"time":0.1667,"name":"舞獅-animation_05"},{"time":0.2,"name":"舞獅-animation_06"},{"time":0.2333,"name":"舞獅-animation_07"},{"time":0.2667,"name":"舞獅-animation_08"},{"time":0.3,"name":"舞獅-animation_09"},{"time":0.3333,"name":"舞獅-animation_10"},{"time":0.3667,"name":"舞獅-animation_11"},{"time":0.4,"name":"舞獅-animation_12"},{"time":0.4333,"name":"舞獅-animation_13"},{"time":0.4667,"name":"舞獅-animation_14"},{"time":0.5,"name":"舞獅-animation_15"},{"time":0.5333,"name":"舞獅-animation_16"},{"time":0.5667,"name":"舞獅-animation_17"},{"time":0.6,"name":"舞獅-animation_18"},{"time":0.6333,"name":"舞獅-animation_19"},{"time":0.6667,"name":"舞獅-animation_20"},{"time":0.7,"name":"舞獅-animation_21"},{"time":0.7333,"name":"舞獅-animation_22"},{"time":0.7667,"name":"舞獅-animation_23"},{"time":0.8,"name":"舞獅-animation_24"},{"time":0.8333,"name":"舞獅-animation_25"},{"time":0.8667,"name":"舞獅-animation_26"},{"time":0.9,"name":"舞獅-animation_27"},{"time":0.9333,"name":"舞獅-animation_28"},{"time":0.9667,"name":"舞獅-animation_29"},{"time":1,"name":"舞獅-animation_30"},{"time":1.0333,"name":"舞獅-animation_31"},{"time":1.0667,"name":"舞獅-animation_32"},{"time":1.1,"name":"舞獅-animation_33"},{"time":1.1333,"name":"舞獅-animation_34"},{"time":1.1667,"name":"舞獅-animation_35"},{"time":1.2,"name":"舞獅-animation_36"},{"time":1.2333,"name":"舞獅-animation_37"},{"time":1.2667,"name":"舞獅-animation_38"},{"time":1.3,"name":"舞獅-animation_39"},{"time":1.3333,"name":"舞獅-animation_40"},{"time":1.3667,"name":"舞獅-animation_41"},{"time":1.4,"name":"舞獅-animation_42"}]}}}}},[0]]],0,0,[0],[-1],[0]]
