{"importBase":"import","nativeBase":"native","name":"baccaratBundle","deps":["main","resources"],"uuids":["1am9BWnVxDUYdvWJe1lqDH","47xL49Lf9CoY4OzXUhZkv4","00bjlY+oZDaL2cnJzgoX+f","02E8gutvJALbJYvYLpjL33","020gHFCKdBM6jU7J0TpLRB","0425PhImJArpbKLiabiTmF","05FvcGNTdGQ4DYXpJB3/mG","08t95af4ZA2YFK4UGYdLrX","0aEywwGXNC8ZHFZ6NDcmtq","0brOF/2ClHtaxNil/etn4Q","0b0xjPWlFAVq0VmFJ5unMQ","0cBGmhIuRHsrRgyxhgQSGy","10FyAIawFGcYyOCxtXXZqX","10nkgK8W1KQbMd/PkBAEft","11vcSwZKhOt6Knn7niM+l3","11zoVtRmpIw7hW+WSQgFfb","113gphSuJNvYLo9lSHUHNI","12KDX0CQVLfaiM1Mn+XSYE","13ykflF29KwIUhhMCA5Ega","14fgsp0ZRFYpa/r3aCSfDX","14nLalIPNOB73wBjPFbx3g","16cqyrtcdDFJtCg94+muIV","168Q1UYIhH37/YBuXh39qB","180b4110d","19hfA7J1JHvLbgzM0Z0Bb8","19qDD2uk1Hv4fnrDscDMEB","1aZo4JJVNKbJhMKPROseei","1a800Gf1tNVppDcIIE2Nt3","1bwvEj/CJIQ6RnYmxgsekg","1chMF9cjFBEqDBI6tOuM17","1dgcNa5bBAdpuW+b9QYn9E","1fpZc+doFBgJrg3jRtqXkb","20AsYH2lpDnpudT2uHuJr0","20g8DSkb9F9a/2WwWKby3I","24NBIOSq1D2LcJ66Cg0UNs","24odHCfK5IkorCOCZMcFSA","24sibD8W9Hg5a8OTOOi+4G","259WfOS7tHl57GqCSPBjcK","28R7TECSlFrowTxwrNqcpV","2a9RnmumtH1oZVQJzprKR8","2cfpe7RxJM/LqJfwvxXGJN","2c521HD/hI64o4axcXDcN4","2d0otSAAhJtqoWvn5Q++gr","2erGA6KzJNabWK94nVmKeS","2fK+8arSVMMpMIMU7v6kVt","32MSWOFOpJV4hPKsv1Uy/S","33Q0kYFcZAj4M725kePduf","339XHwAp1My4t9ETPNyAkD","35yLWDApNOHaXyxbVzPem/","36WaK5SMVLoJu9kW2Sef4Q","37XIBsvpVCRp6lqzAJEgId","37kIyp6O5PobYAAwhzmEH0","38IXkC/4xGArxTPHs4x5Wh","3c6VsfalJLfKp1GNReqln6","41UcqJvtFJQ4FrBT4ARhNU","44x+IzsAFDvZxZ8RULqCCw","47a6LCXmNH6Zt4bOUlZIJx","48sGjaaupGRrS2qoypclDZ","4cWFIboJlMdrrBDKq5OhB1","4e+tppHRNCtKFPTweGKc8O","4f1pZvYYJJXp5baxuRgn/Y","54xzZI1i9K2ZQgzmwXjgqq","58loV/a+lLjq3db2wmMZrX","59k2gDmW5Lp4fTh484CcEz","5bv2sml19FF5hSyKgxq2/B","5cW65jXGRMCKK8iyWtPM2f","5czw9RxSxLwag+9sRRWTjR","61aLbcRlJG84hbLQxxCHV5","615fgG1LpC/IMjkUbKKqUm","67pKv4DlhPXLDK0suB3UYP","691ySDN3JAybrFHuKZ9r3p","6ad4g5eCxCZqJQiLy2fOq9","6aqIccdwRMTpmooWDBwla4","6atubEidZMP5PRao/2psPV","6colKdavNCCLZZpblYtnz8","6eAVdYnBFEeZN/aX1bcxTG","6es+2ReXlEKJ+sVzes73ox","6faVLl8WVHhJECwJVQAJwN","6fevJMZs9N8qx8DkIsA/I5","71XiMJfmpInqOg1iYGfM+u","713MDsuhVPiaRal9aCSDRQ","74riQP1O9PX4fQPDrBRz97","75NBmTX/JO9oJYXKkSF18K","75TWwsrNdHQ4hRT6LEN0re","75kePpYjBDEIiUrWnpdayC","75roTOulhB67TwHKV5E9d0","79I20Ox45FcodtFrHKBHBM","79503ADb9O+oqVTL0otExM","7aYppUCYpEuJ7uKI7ErZ6a","7bIdNd9zlOcITv6nRengYo","7bL0BEfR1DW7oCPjDD3XmS","7bYWLSpypNrqB42AcZSSZx","7fQ0Wqb/tKxbkuc1o30cej","81GHAJmdxJhbiPHUO367vz","822fg5XpBPuZ3fgQ3dVeOj","8278wBbDRGjIInMMQlPnUU","84FObBFxlDIK2/KqLmHZn5","86LOCjLJxFkr7qX2gxF/9p","87lUUJZ3xMHpZskn/18r0b","89OqtuCL5PQoj9JFfWXrcR","89Wqux7l9M/7PokgavQWTl","8apQTOle5LcJVIlJMPE5XQ","8bQsZXmvdHQ7e3oK18s4yu","8cyqK/+SBHa4sakbnUaXfd","8dcHjukiRMl4pSXcXGiGu5","8fR5pc/95Amr78H0rsZrLG","8fhQlcCK5DjIwRCEhDG8om","90Fmt0+K5LL4o0OtHEa7dW","928Nll3d1C0IxwFrUuR31M","93EqSj1UBEf4Zs9kqSlH6a","939cGSWCVJSbclUbUTAEmI","94kGuGpxZDZ4cSTQ3LgVn3","94t30MJhFKL7Njf46TSUOT","97wNaeiPJL+paBNncIGzn+","99mVQGGcdKr6FiD3BikvOQ","9asz8Da+lPiL5aOs3Vf4yK","9eX0CUPBpHipPSBwTcDij4","a1jdSkC31BuZIIvG8+YZ0Z","a13QYCnW9MxYUBhILj56RO","a200dALEJNe59UO+pQPh1k","a5BV8RkgRHS4wfR22ZUoxb","a76QxmXG9G34q4yJXu9VwE","a76+KawstF/5PF1KXX8gy7","a8ZajNkxlLX5KcZjBjfhnf","a8q7ndzulOJbl353u9frBF","aa1/wv2X1GJqpAyYJzHgBk","aa5FcRzzpJ6YDXX6I8Qarm","aa6WB6sL1BvLhF6SdlNPuh","aa9hMJytxJELgsdkrR+Ly1","acR2Lg2zBD56HUOgsWgXaU","b0GLkiQdVO84NbiRH6V3Gq","b2cDYSX9FO7ZMn3c/050Ao","b6FbiJl4RBBYGdfqzD4kSR","b6LlTjsjhJLbZDc455t5TR","b6i1FMBlFLp6BYydSHrlzG","b7Y7TvJ1REJpT3ftlu7BSg","b7pTt/8HJPTpw5gYx2SrCB","b9FROJUZFFQrDb5dN/JKds","bbEfgLuERLKbz+hDuazczG","bc5nF5A+JLK7I0f7iEHkEU","bfMOp2PWdGAo8cEhnE/OOp","c0MKfQQTRLzLFQcBSO9jCJ","c06zbNbdBHQLsYW0A437kQ","c10aQI9QVCrbx+7I3z1BSE","c2JEFWPdNNe7/v7JGE3x1t","c2PTls5SBEdaoD6zxtidzV","c2aVwUs35O3bFYysCxEQ3s","c3A9Xy0CJNhbzplj/pJEtk","c3uPNgunJCsqQzNoUD+0f5","c3yNX2ZTJATo/X2+PgafQV","c37kFUPQ9Bh7jn+nVnxihS","c4QOCIgP1Ir6F4xijRX//d","c5Rosn/z5Mp48iaUtGxg0M","c6LwSzBE9EWphfzwku4R27","c7tF4hetRHc5wVk0W+vp8X","c8QeWafXpME7mEoI+OV8Tz","c8fENYK2dKBacq20vcQFOo","cbb/xPHTdP/KFy34YT0JDq","cbxW4bDWFITIR2Lr1TlqKN","cfDaTmLk5LyJP38WQaRpan","d2WlLv9oNJmqxbsV2VBJD8","d3/pXJj/9Goq/5eavfSJ9h","d5Pw1aiZpJs6ZIx6yWba/4","d58I5kyJNHCpQqJDywRlE3","d6Fm2XDHVK45d2a1Pdj76W","d6+YznK2xGB419rCrqJnZ+","dau35XRcFBPYQn1Mw/jm/U","dcGiMk4yVG1Z17zPD37Ksk","dcRbD0no1GS69o2J3vsB1J","dcdllgohpGUKuE4CsaNZ9C","dco0Ym3m9JlpEE6JaMk3px","ddqS2IOc1N56MyQ4ae+F86","deMvWzeyhBVJc/NmKC/ywE","de4t2fjdZHnptb3mt8iShn","dfg2KQtExB3Ki9OGZT7L2J","df75hfNZ1AebUibCOWn6SC","e0CofzVjRC/YB7cqyAJ2um","e0EoBLkn1I1L9GjSkcpd8d","e0t2Jb2M5MmI3IFbbh12vO","e0y2FFtYFGboP2W7MLIkSS","e4/RwlNclECqHqKstxn69R","e7yeA46F5EO5Th/grN2B+C","e85n2aydpHzJifKYkpcp5O","e9lc9EuuNH1Z8nCDgDeSoF","e9/hC51u1LXJI9bbEq967k","ecP7nfjRFPcJQJ/Or0e4Bx","edQgzRsuJKDp9+5rSDV/8J","f2BvzbovtI0JJ6N8bVxfoM","f4DkqsPPpPsoINz/3Yhvlr","f5UL4M2I5OureRqAaimftY","f7kFcPevRAJZbs2B9lyK5G","f8Lc9HEJRCCJzZSRzlFEWa","f8L9RW34BBQJ6DLbag33RF","faa3FkV+FMGYn5e5lH9V6F","faxfdBQ7pGbZ2O0ptyZAMe","fcRAii+l5JV6k2CeV4b+e6","fcv7g6OR9DsK5JhBDPw1zk","fdpcuEaexF7ouacJSi4kDi","ffbD1HaWFF3IUx4Fy7yKHx","ffuIqPr2JI9I8dPLYGRDpD","00bjlY+oZDaL2cnJzgoX+f@6c48a","00bjlY+oZDaL2cnJzgoX+f@f9941","01Jxfo4wRCSrKyk9IoyU+i@f9941","02E8gutvJALbJYvYLpjL33@6c48a","02E8gutvJALbJYvYLpjL33@f9941","02kkBvMs5N7KE0jsPKB6BO@f9941","020gHFCKdBM6jU7J0TpLRB@6c48a","020gHFCKdBM6jU7J0TpLRB@f9941","027OFhmglBoIv7w+jzf2Zc","02/5lydMRA8oJSutUzIbQf@f9941","03aRBLKilDQZf1qZCvL6IE@f9941","03l0HrdRxMTbEcUr7BMDO7@f9941","03ce93833","0425PhImJArpbKLiabiTmF@6c48a","0425PhImJArpbKLiabiTmF@f9941","05FvcGNTdGQ4DYXpJB3/mG@6c48a","05FvcGNTdGQ4DYXpJB3/mG@f9941","06fabc65a","071e84b93","080b4110d","08t95af4ZA2YFK4UGYdLrX@6c48a","08t95af4ZA2YFK4UGYdLrX@f9941","09Hi/e0ZNLYqwkF4amjkzb@f9941","0aEywwGXNC8ZHFZ6NDcmtq@6c48a","0aEywwGXNC8ZHFZ6NDcmtq@f9941","0brOF/2ClHtaxNil/etn4Q@6c48a","0brOF/2ClHtaxNil/etn4Q@f9941","0b0xjPWlFAVq0VmFJ5unMQ@6c48a","0b0xjPWlFAVq0VmFJ5unMQ@f9941","0cBGmhIuRHsrRgyxhgQSGy@6c48a","0cBGmhIuRHsrRgyxhgQSGy@f9941","0cKx9+g+VOCZrxoiqT8ZuW","0dc285ce8","0ecf6c894","10FyAIawFGcYyOCxtXXZqX@6c48a","10FyAIawFGcYyOCxtXXZqX@f9941","10nkgK8W1KQbMd/PkBAEft@6c48a","10nkgK8W1KQbMd/PkBAEft@f9941","106RmgYz1PDL6QwSfhoHDs@f9941","11AWvzKr9JorWsQA7m9O9X","11vcSwZKhOt6Knn7niM+l3@6c48a","11vcSwZKhOt6Knn7niM+l3@f9941","11zoVtRmpIw7hW+WSQgFfb@6c48a","11zoVtRmpIw7hW+WSQgFfb@f9941","113gphSuJNvYLo9lSHUHNI@6c48a","113gphSuJNvYLo9lSHUHNI@f9941","12KDX0CQVLfaiM1Mn+XSYE@6c48a","12KDX0CQVLfaiM1Mn+XSYE@f9941","13ykflF29KwIUhhMCA5Ega@6c48a","13ykflF29KwIUhhMCA5Ega@f9941","14fgsp0ZRFYpa/r3aCSfDX@6c48a","14fgsp0ZRFYpa/r3aCSfDX@f9941","14nLalIPNOB73wBjPFbx3g@6c48a","14nLalIPNOB73wBjPFbx3g@f9941","16cqyrtcdDFJtCg94+muIV@6c48a","16cqyrtcdDFJtCg94+muIV@f9941","16qv4jj+lETaCQhE7hqgIa","168Q1UYIhH37/YBuXh39qB@6c48a","168Q1UYIhH37/YBuXh39qB@f9941","170faPuu1MzrnPC+zw9NKt@f9941","180b4110d@6c48a","19hfA7J1JHvLbgzM0Z0Bb8@6c48a","19hfA7J1JHvLbgzM0Z0Bb8@f9941","19qDD2uk1Hv4fnrDscDMEB@6c48a","19qDD2uk1Hv4fnrDscDMEB@f9941","1aZo4JJVNKbJhMKPROseei@6c48a","1aZo4JJVNKbJhMKPROseei@f9941","1a800Gf1tNVppDcIIE2Nt3@6c48a","1a800Gf1tNVppDcIIE2Nt3@f9941","1bwvEj/CJIQ6RnYmxgsekg@6c48a","1bwvEj/CJIQ6RnYmxgsekg@f9941","1chMF9cjFBEqDBI6tOuM17@6c48a","1chMF9cjFBEqDBI6tOuM17@f9941","1dgcNa5bBAdpuW+b9QYn9E@6c48a","1dgcNa5bBAdpuW+b9QYn9E@f9941","1fpZc+doFBgJrg3jRtqXkb@6c48a","1fpZc+doFBgJrg3jRtqXkb@f9941","20AsYH2lpDnpudT2uHuJr0@6c48a","20AsYH2lpDnpudT2uHuJr0@f9941","20YzUl2n9NQ4Wdt4CJXLM7@f9941","20g1ukYUVPvKWKBRznAKo+@f9941","20g8DSkb9F9a/2WwWKby3I@6c48a","20g8DSkb9F9a/2WwWKby3I@f9941","209sg8RU9DDqFOdOL9ByIz@f9941","23yEalyuVO4Z/B1OgMVGKz@f9941","24QxLqQRxN45qGqS3aZdWa@f9941","24odHCfK5IkorCOCZMcFSA@6c48a","24odHCfK5IkorCOCZMcFSA@f9941","24sibD8W9Hg5a8OTOOi+4G@6c48a","24sibD8W9Hg5a8OTOOi+4G@f9941","259WfOS7tHl57GqCSPBjcK@6c48a","259WfOS7tHl57GqCSPBjcK@f9941","28R7TECSlFrowTxwrNqcpV@6c48a","28R7TECSlFrowTxwrNqcpV@f9941","293ULKSQBNPaG0dqivhZAD@f9941","2a9RnmumtH1oZVQJzprKR8@6c48a","2a9RnmumtH1oZVQJzprKR8@f9941","2byDUhRw5E56UJje3uOKCo","2cfpe7RxJM/LqJfwvxXGJN@6c48a","2cfpe7RxJM/LqJfwvxXGJN@f9941","2c521HD/hI64o4axcXDcN4@6c48a","2c521HD/hI64o4axcXDcN4@f9941","2dreVSWhNERr0OePeKTn46@f9941","2d0otSAAhJtqoWvn5Q++gr@6c48a","2d0otSAAhJtqoWvn5Q++gr@f9941","2erGA6KzJNabWK94nVmKeS@6c48a","2erGA6KzJNabWK94nVmKeS@f9941","2fK+8arSVMMpMIMU7v6kVt@6c48a","2fK+8arSVMMpMIMU7v6kVt@f9941","31XEVCFCVIVLRuoc7buOt7@f9941","31oJhFqC1IWbfkkYpxQjb6@f9941","32MSWOFOpJV4hPKsv1Uy/S@6c48a","32MSWOFOpJV4hPKsv1Uy/S@f9941","33Q0kYFcZAj4M725kePduf@6c48a","33Q0kYFcZAj4M725kePduf@f9941","33Q/xC24dMxokVtQa5TRjk@f9941","339XHwAp1My4t9ETPNyAkD@6c48a","339XHwAp1My4t9ETPNyAkD@f9941","35yLWDApNOHaXyxbVzPem/@6c48a","35yLWDApNOHaXyxbVzPem/@f9941","36WaK5SMVLoJu9kW2Sef4Q@6c48a","36WaK5SMVLoJu9kW2Sef4Q@f9941","37XIBsvpVCRp6lqzAJEgId@6c48a","37XIBsvpVCRp6lqzAJEgId@f9941","37kIyp6O5PobYAAwhzmEH0@6c48a","37kIyp6O5PobYAAwhzmEH0@f9941","38IXkC/4xGArxTPHs4x5Wh@6c48a","38IXkC/4xGArxTPHs4x5Wh@f9941","393CdjrXdE/ajrCX8tNcJU@f9941","39/ekt9XBOK6LUa9dY3ZHZ@f9941","3b9fmq7BlG5as5JWWX2m0A","3c0qJBtElDX6XTqyrwoEzQ@f9941","3c6VsfalJLfKp1GNReqln6@6c48a","3c6VsfalJLfKp1GNReqln6@f9941","41UcqJvtFJQ4FrBT4ARhNU@6c48a","41UcqJvtFJQ4FrBT4ARhNU@f9941","41ygQxVj5LQaGo4wZLVbx+","44x+IzsAFDvZxZ8RULqCCw@6c48a","44x+IzsAFDvZxZ8RULqCCw@f9941","45t13wflpBCLtrGD7ucc27@f9941","460YvnTplPX60b0rX1+Yrg@f9941","46/DqyOlJMKqYfiumDzX2D@f9941","47a6LCXmNH6Zt4bOUlZIJx@6c48a","47a6LCXmNH6Zt4bOUlZIJx@f9941","47zrFDEORH25eRd8NiIBT1@f9941","48sGjaaupGRrS2qoypclDZ@6c48a","48sGjaaupGRrS2qoypclDZ@f9941","49DfMBAgBOSIQn9DMerM93@f9941","4cWFIboJlMdrrBDKq5OhB1@6c48a","4cWFIboJlMdrrBDKq5OhB1@f9941","4ctarzMntJKbtB2DaM/xio@f9941","4dFd4I3x5FkqhVYucQ/07+","4e+tppHRNCtKFPTweGKc8O@6c48a","4e+tppHRNCtKFPTweGKc8O@f9941","4f1pZvYYJJXp5baxuRgn/Y@6c48a","4f1pZvYYJJXp5baxuRgn/Y@f9941","51aKviL5ZM/rk72UjRdsYk@f9941","54TknWPwVPqJqeCR+Y/Czo@f9941","54xzZI1i9K2ZQgzmwXjgqq@6c48a","54xzZI1i9K2ZQgzmwXjgqq@f9941","55+jZHA31BwKl+ljQ2ggxe@f9941","58loV/a+lLjq3db2wmMZrX@6c48a","58loV/a+lLjq3db2wmMZrX@f9941","59k2gDmW5Lp4fTh484CcEz@6c48a","59k2gDmW5Lp4fTh484CcEz@f9941","5azX0ZC5dG5YC/DQn49CDS@f9941","5bv2sml19FF5hSyKgxq2/B@6c48a","5bv2sml19FF5hSyKgxq2/B@f9941","5cBnF0VatMdYWZtUlynvWf@f9941","5cW65jXGRMCKK8iyWtPM2f@6c48a","5cW65jXGRMCKK8iyWtPM2f@f9941","5czw9RxSxLwag+9sRRWTjR@6c48a","5czw9RxSxLwag+9sRRWTjR@f9941","5eYqIg585C/KMBHGyUyRiG","5engCTpAZDWpvdXibJSl3v","60iBQkxyNKbpqGME9ck7+Z@f9941","61aLbcRlJG84hbLQxxCHV5@6c48a","61aLbcRlJG84hbLQxxCHV5@f9941","615fgG1LpC/IMjkUbKKqUm@6c48a","615fgG1LpC/IMjkUbKKqUm@f9941","62KpCKOn9EcZ8L4op2Gixz@f9941","62a0/YvVtGvbNLoz4/r68q@f9941","67YewG9S1Ls7/F2knnHgX+@f9941","67pKv4DlhPXLDK0suB3UYP@6c48a","67pKv4DlhPXLDK0suB3UYP@f9941","68KiXUUMhKHYXAziVEqBvS@f9941","691ySDN3JAybrFHuKZ9r3p@6c48a","691ySDN3JAybrFHuKZ9r3p@f9941","6ad4g5eCxCZqJQiLy2fOq9@6c48a","6ad4g5eCxCZqJQiLy2fOq9@f9941","6aqIccdwRMTpmooWDBwla4@6c48a","6aqIccdwRMTpmooWDBwla4@f9941","6atubEidZMP5PRao/2psPV@6c48a","6atubEidZMP5PRao/2psPV@f9941","6by57tF8VK2rGvUOUn0Lxa@f9941","6colKdavNCCLZZpblYtnz8@6c48a","6colKdavNCCLZZpblYtnz8@f9941","6dCt2tBbpG8r3QgVCx4qpF@f9941","6eAVdYnBFEeZN/aX1bcxTG@6c48a","6eAVdYnBFEeZN/aX1bcxTG@f9941","6es+2ReXlEKJ+sVzes73ox@6c48a","6es+2ReXlEKJ+sVzes73ox@f9941","6faVLl8WVHhJECwJVQAJwN@6c48a","6faVLl8WVHhJECwJVQAJwN@f9941","6fevJMZs9N8qx8DkIsA/I5@6c48a","6fevJMZs9N8qx8DkIsA/I5@f9941","6fqoIGdzZNrZcjglG2auP1@f9941","71XiMJfmpInqOg1iYGfM+u@6c48a","71XiMJfmpInqOg1iYGfM+u@f9941","713MDsuhVPiaRal9aCSDRQ@6c48a","713MDsuhVPiaRal9aCSDRQ@f9941","73ilGv9lxAi6q4axIIgLVO@f9941","73kWikp3NMYpLKKm9DXk5t@f9941","74riQP1O9PX4fQPDrBRz97@6c48a","74riQP1O9PX4fQPDrBRz97@f9941","74zMsjX3lGj62UKWw3LjuT@f9941","75NBmTX/JO9oJYXKkSF18K@6c48a","75NBmTX/JO9oJYXKkSF18K@f9941","75TWwsrNdHQ4hRT6LEN0re@6c48a","75TWwsrNdHQ4hRT6LEN0re@f9941","75kePpYjBDEIiUrWnpdayC@6c48a","75kePpYjBDEIiUrWnpdayC@f9941","75roTOulhB67TwHKV5E9d0@6c48a","75roTOulhB67TwHKV5E9d0@f9941","76WT/ZYcFGu6J1iC03wYNl@f9941","79I20Ox45FcodtFrHKBHBM@6c48a","79I20Ox45FcodtFrHKBHBM@f9941","79503ADb9O+oqVTL0otExM@6c48a","79503ADb9O+oqVTL0otExM@f9941","7aYppUCYpEuJ7uKI7ErZ6a@6c48a","7aYppUCYpEuJ7uKI7ErZ6a@f9941","7bC/j/1UNFG5q/XVywVeCh@f9941","7bIdNd9zlOcITv6nRengYo@6c48a","7bIdNd9zlOcITv6nRengYo@f9941","7bL0BEfR1DW7oCPjDD3XmS@6c48a","7bL0BEfR1DW7oCPjDD3XmS@f9941","7bYWLSpypNrqB42AcZSSZx@6c48a","7bYWLSpypNrqB42AcZSSZx@f9941","7dIdxIi8pNd5P1oFYDyofS@f9941","7dj5uJT9FMn6OrOOx83tfK@f9941","7eK4vv8w5A+YMANtorGQxs","7fQ0Wqb/tKxbkuc1o30cej@6c48a","7fQ0Wqb/tKxbkuc1o30cej@f9941","81GHAJmdxJhbiPHUO367vz@6c48a","81GHAJmdxJhbiPHUO367vz@f9941","822fg5XpBPuZ3fgQ3dVeOj@6c48a","822fg5XpBPuZ3fgQ3dVeOj@f9941","8278wBbDRGjIInMMQlPnUU@6c48a","8278wBbDRGjIInMMQlPnUU@f9941","83CPeamIVL1Ys3R6qpM9sR@f9941","83WH5Aq3lFrZpH5LYjX8ki@f9941","84FObBFxlDIK2/KqLmHZn5@6c48a","84FObBFxlDIK2/KqLmHZn5@f9941","86LOCjLJxFkr7qX2gxF/9p@6c48a","86LOCjLJxFkr7qX2gxF/9p@f9941","87R9FFLRxB4YMN+Wg+oQrX","87lUUJZ3xMHpZskn/18r0b@6c48a","87lUUJZ3xMHpZskn/18r0b@f9941","89OqtuCL5PQoj9JFfWXrcR@6c48a","89OqtuCL5PQoj9JFfWXrcR@f9941","89Wqux7l9M/7PokgavQWTl@6c48a","89Wqux7l9M/7PokgavQWTl@f9941","8apQTOle5LcJVIlJMPE5XQ@6c48a","8apQTOle5LcJVIlJMPE5XQ@f9941","8bQsZXmvdHQ7e3oK18s4yu@6c48a","8bQsZXmvdHQ7e3oK18s4yu@f9941","8cGORCCLFBD4yCQhcCXf3e@f9941","8clRQnfNNHCJLZPDZ6e7r8","8cyqK/+SBHa4sakbnUaXfd@6c48a","8cyqK/+SBHa4sakbnUaXfd@f9941","8dcHjukiRMl4pSXcXGiGu5@6c48a","8dcHjukiRMl4pSXcXGiGu5@f9941","8fR5pc/95Amr78H0rsZrLG@6c48a","8fR5pc/95Amr78H0rsZrLG@f9941","8fhQlcCK5DjIwRCEhDG8om@6c48a","8fhQlcCK5DjIwRCEhDG8om@f9941","90Fmt0+K5LL4o0OtHEa7dW@6c48a","90Fmt0+K5LL4o0OtHEa7dW@f9941","928Nll3d1C0IxwFrUuR31M@6c48a","928Nll3d1C0IxwFrUuR31M@f9941","939cGSWCVJSbclUbUTAEmI@6c48a","939cGSWCVJSbclUbUTAEmI@f9941","94FSNmC+JCvalnQx2/Tmqv@f9941","94kGuGpxZDZ4cSTQ3LgVn3@6c48a","94kGuGpxZDZ4cSTQ3LgVn3@f9941","94t30MJhFKL7Njf46TSUOT@6c48a","94t30MJhFKL7Njf46TSUOT@f9941","95EkngnxZFbYuFpsqVTaFr@f9941","97wNaeiPJL+paBNncIGzn+@6c48a","97wNaeiPJL+paBNncIGzn+@f9941","99mVQGGcdKr6FiD3BikvOQ@6c48a","99mVQGGcdKr6FiD3BikvOQ@f9941","99t+H++RVO3q+lpyS4t8x6","9asz8Da+lPiL5aOs3Vf4yK@6c48a","9asz8Da+lPiL5aOs3Vf4yK@f9941","9dz0vvP9VJ3qdoXvtGJXkT@f9941","9eX0CUPBpHipPSBwTcDij4@6c48a","9eX0CUPBpHipPSBwTcDij4@f9941","9fMCtKeAdKl4NoAhbMeCtT@f9941","a1jdSkC31BuZIIvG8+YZ0Z@6c48a","a1jdSkC31BuZIIvG8+YZ0Z@f9941","a13QYCnW9MxYUBhILj56RO@6c48a","a13QYCnW9MxYUBhILj56RO@f9941","a200dALEJNe59UO+pQPh1k@6c48a","a200dALEJNe59UO+pQPh1k@f9941","a5BV8RkgRHS4wfR22ZUoxb@6c48a","a5BV8RkgRHS4wfR22ZUoxb@f9941","a5CWOn0opM74izQpkn+Gh1@f9941","a76QxmXG9G34q4yJXu9VwE@6c48a","a76QxmXG9G34q4yJXu9VwE@f9941","a76+KawstF/5PF1KXX8gy7@6c48a","a76+KawstF/5PF1KXX8gy7@f9941","a8ZajNkxlLX5KcZjBjfhnf@6c48a","a8ZajNkxlLX5KcZjBjfhnf@f9941","a8pG155iFMXrXDguGrU6In@f9941","a8q7ndzulOJbl353u9frBF@6c48a","a8q7ndzulOJbl353u9frBF@f9941","aaIPIW975Mv6QOkMabaumf@f9941","aa1/wv2X1GJqpAyYJzHgBk@6c48a","aa1/wv2X1GJqpAyYJzHgBk@f9941","aa5FcRzzpJ6YDXX6I8Qarm@6c48a","aa5FcRzzpJ6YDXX6I8Qarm@f9941","aa6WB6sL1BvLhF6SdlNPuh@6c48a","aa6WB6sL1BvLhF6SdlNPuh@f9941","aa9hMJytxJELgsdkrR+Ly1@6c48a","aa9hMJytxJELgsdkrR+Ly1@f9941","aa+Xl4ZYlN656CxUK6ZLa3","acR2Lg2zBD56HUOgsWgXaU@6c48a","acR2Lg2zBD56HUOgsWgXaU@f9941","b0GLkiQdVO84NbiRH6V3Gq@6c48a","b0GLkiQdVO84NbiRH6V3Gq@f9941","b19jka+7FO+J3whRYYxmku@f9941","b2cDYSX9FO7ZMn3c/050Ao@6c48a","b2cDYSX9FO7ZMn3c/050Ao@f9941","b2c0VohzhNI6S3R8n8WHml","b2hvSd+m5Jb5GjavS4tVFt","b2jA19ZjVFY5BQocFlL7Ix@f9941","b3mb1mGL9Nq5hbGAXZCEld@f9941","b6FbiJl4RBBYGdfqzD4kSR@6c48a","b6FbiJl4RBBYGdfqzD4kSR@f9941","b6LlTjsjhJLbZDc455t5TR@6c48a","b6LlTjsjhJLbZDc455t5TR@f9941","b6i1FMBlFLp6BYydSHrlzG@6c48a","b6i1FMBlFLp6BYydSHrlzG@f9941","b7Y7TvJ1REJpT3ftlu7BSg@6c48a","b7Y7TvJ1REJpT3ftlu7BSg@f9941","b7pTt/8HJPTpw5gYx2SrCB@6c48a","b7pTt/8HJPTpw5gYx2SrCB@f9941","b9FROJUZFFQrDb5dN/JKds@6c48a","b9FROJUZFFQrDb5dN/JKds@f9941","bbEfgLuERLKbz+hDuazczG@6c48a","bbEfgLuERLKbz+hDuazczG@f9941","bc5nF5A+JLK7I0f7iEHkEU@6c48a","bc5nF5A+JLK7I0f7iEHkEU@f9941","bfMOp2PWdGAo8cEhnE/OOp@6c48a","bfMOp2PWdGAo8cEhnE/OOp@f9941","bf00/YKQ5Ht4nLDd/0zq2Z@f9941","c0MKfQQTRLzLFQcBSO9jCJ@6c48a","c0MKfQQTRLzLFQcBSO9jCJ@f9941","c06zbNbdBHQLsYW0A437kQ@6c48a","c06zbNbdBHQLsYW0A437kQ@f9941","c1EU4AJddDeLNLIypgqAQz@f9941","c10aQI9QVCrbx+7I3z1BSE@6c48a","c10aQI9QVCrbx+7I3z1BSE@f9941","c2JEFWPdNNe7/v7JGE3x1t@6c48a","c2JEFWPdNNe7/v7JGE3x1t@f9941","c2PTls5SBEdaoD6zxtidzV@6c48a","c2PTls5SBEdaoD6zxtidzV@f9941","c2aVwUs35O3bFYysCxEQ3s@6c48a","c2aVwUs35O3bFYysCxEQ3s@f9941","c21N7sFFJLp51I9KKJOXrQ","c3A9Xy0CJNhbzplj/pJEtk@6c48a","c3A9Xy0CJNhbzplj/pJEtk@f9941","c3uPNgunJCsqQzNoUD+0f5@6c48a","c3uPNgunJCsqQzNoUD+0f5@f9941","c3yNX2ZTJATo/X2+PgafQV@6c48a","c3yNX2ZTJATo/X2+PgafQV@f9941","c37kFUPQ9Bh7jn+nVnxihS@6c48a","c37kFUPQ9Bh7jn+nVnxihS@f9941","c3/2H2yiVF2ZYXtK06xsPj","c4QOCIgP1Ir6F4xijRX//d@6c48a","c4QOCIgP1Ir6F4xijRX//d@f9941","c48jbkAJhFrYvuLRLJvo4A@f9941","c5Rosn/z5Mp48iaUtGxg0M@6c48a","c5Rosn/z5Mp48iaUtGxg0M@f9941","c6J/hD3+lPwI6Vjusykbay@f9941","c6LwSzBE9EWphfzwku4R27@6c48a","c6LwSzBE9EWphfzwku4R27@f9941","c7bbZPS+tM9JrWFsjWXnC5@f9941","c7tF4hetRHc5wVk0W+vp8X@6c48a","c7tF4hetRHc5wVk0W+vp8X@f9941","c8QeWafXpME7mEoI+OV8Tz@6c48a","c8QeWafXpME7mEoI+OV8Tz@f9941","c8fENYK2dKBacq20vcQFOo@6c48a","c8fENYK2dKBacq20vcQFOo@f9941","caHCvFKPNEGpaE5iOheRRZ@f9941","cabwPMrelF2rdl7RnzNrpf","cbb/xPHTdP/KFy34YT0JDq@6c48a","cbb/xPHTdP/KFy34YT0JDq@f9941","cbxW4bDWFITIR2Lr1TlqKN@6c48a","cbxW4bDWFITIR2Lr1TlqKN@f9941","cfDaTmLk5LyJP38WQaRpan@6c48a","cfDaTmLk5LyJP38WQaRpan@f9941","cfrl0fictCuLpeBGFATaHy@f9941","d2WlLv9oNJmqxbsV2VBJD8@6c48a","d2WlLv9oNJmqxbsV2VBJD8@f9941","d3/pXJj/9Goq/5eavfSJ9h@6c48a","d3/pXJj/9Goq/5eavfSJ9h@f9941","d5Pw1aiZpJs6ZIx6yWba/4@6c48a","d5Pw1aiZpJs6ZIx6yWba/4@f9941","d58I5kyJNHCpQqJDywRlE3@6c48a","d58I5kyJNHCpQqJDywRlE3@f9941","d6Fm2XDHVK45d2a1Pdj76W@6c48a","d6Fm2XDHVK45d2a1Pdj76W@f9941","d6+YznK2xGB419rCrqJnZ+@6c48a","d6+YznK2xGB419rCrqJnZ+@f9941","d87ZjnutRCb5QOEHIqtYU5@f9941","d8+MyVYs1BToc1aCbwxZwC@f9941","dau35XRcFBPYQn1Mw/jm/U@6c48a","dau35XRcFBPYQn1Mw/jm/U@f9941","dcGiMk4yVG1Z17zPD37Ksk@6c48a","dcGiMk4yVG1Z17zPD37Ksk@f9941","dcRbD0no1GS69o2J3vsB1J@6c48a","dcRbD0no1GS69o2J3vsB1J@f9941","dcc1gWlXlNjaH9wiIbHn43@f9941","dcdllgohpGUKuE4CsaNZ9C@6c48a","dcdllgohpGUKuE4CsaNZ9C@f9941","dco0Ym3m9JlpEE6JaMk3px@6c48a","dco0Ym3m9JlpEE6JaMk3px@f9941","ddOBDwKQ1MAojPCmtgXCnj@f9941","ddPt3CeHdDgKAxW2+pHu2Z","ddn4e1bZNHKpXvhzcxBrZs","ddqS2IOc1N56MyQ4ae+F86@6c48a","ddqS2IOc1N56MyQ4ae+F86@f9941","deMvWzeyhBVJc/NmKC/ywE@6c48a","deMvWzeyhBVJc/NmKC/ywE@f9941","deaaM7WnNBtpuC3Xo8s1zF","det4+VA+pNnILw2KBto15G@f9941","de4t2fjdZHnptb3mt8iShn@6c48a","de4t2fjdZHnptb3mt8iShn@f9941","dfIR5itY9CHLBZnPWx47bp@f9941","dfg2KQtExB3Ki9OGZT7L2J@6c48a","dfg2KQtExB3Ki9OGZT7L2J@f9941","df75hfNZ1AebUibCOWn6SC@6c48a","df75hfNZ1AebUibCOWn6SC@f9941","e0CofzVjRC/YB7cqyAJ2um@6c48a","e0CofzVjRC/YB7cqyAJ2um@f9941","e0EoBLkn1I1L9GjSkcpd8d@6c48a","e0EoBLkn1I1L9GjSkcpd8d@f9941","e0t2Jb2M5MmI3IFbbh12vO@6c48a","e0t2Jb2M5MmI3IFbbh12vO@f9941","e0y2FFtYFGboP2W7MLIkSS@6c48a","e0y2FFtYFGboP2W7MLIkSS@f9941","e28RDkGfxIG4CKPAZgK1+K","e4AHZDTOhDhISMc8xv7XUY@f9941","e4/RwlNclECqHqKstxn69R@6c48a","e4/RwlNclECqHqKstxn69R@f9941","e7Y4ycydREAoio4XnnVWLD","e7yeA46F5EO5Th/grN2B+C@6c48a","e7yeA46F5EO5Th/grN2B+C@f9941","e78lu3ezxDKoro8L97gGFe@f9941","e85n2aydpHzJifKYkpcp5O@6c48a","e85n2aydpHzJifKYkpcp5O@f9941","e9lc9EuuNH1Z8nCDgDeSoF@6c48a","e9lc9EuuNH1Z8nCDgDeSoF@f9941","e9/hC51u1LXJI9bbEq967k@6c48a","e9/hC51u1LXJI9bbEq967k@f9941","ebUp7hkKtLX5XlI0QHPPHs@f9941","ecP7nfjRFPcJQJ/Or0e4Bx@6c48a","ecP7nfjRFPcJQJ/Or0e4Bx@f9941","ecXQ6VXmpKmpuefTlrrop9","ecexRSviNAVY/v4A/DPSse@f9941","ec5Bt7erhCP73pToGVKx5M@f9941","edQgzRsuJKDp9+5rSDV/8J@6c48a","edQgzRsuJKDp9+5rSDV/8J@f9941","efGBqlUhVLcaJyGzgHDCvp@f9941","f2BvzbovtI0JJ6N8bVxfoM@6c48a","f2BvzbovtI0JJ6N8bVxfoM@f9941","f4DkqsPPpPsoINz/3Yhvlr@6c48a","f4DkqsPPpPsoINz/3Yhvlr@f9941","f5UL4M2I5OureRqAaimftY@6c48a","f5UL4M2I5OureRqAaimftY@f9941","f7kFcPevRAJZbs2B9lyK5G@6c48a","f7kFcPevRAJZbs2B9lyK5G@f9941","f8Lc9HEJRCCJzZSRzlFEWa@6c48a","f8Lc9HEJRCCJzZSRzlFEWa@f9941","f8L9RW34BBQJ6DLbag33RF@6c48a","f8L9RW34BBQJ6DLbag33RF@f9941","f8iCCwiEVJmoC9s83vtTky","f8iUYqUAVN5pMZ1H2mKh0p@f9941","f8+uDEOF1Au4sjvSNbwZcK","faa3FkV+FMGYn5e5lH9V6F@6c48a","faa3FkV+FMGYn5e5lH9V6F@f9941","faxfdBQ7pGbZ2O0ptyZAMe@6c48a","faxfdBQ7pGbZ2O0ptyZAMe@f9941","fbgeA0VGBBBKyV2nPRkvZp","fcRAii+l5JV6k2CeV4b+e6@6c48a","fcRAii+l5JV6k2CeV4b+e6@f9941","fcv7g6OR9DsK5JhBDPw1zk@6c48a","fcv7g6OR9DsK5JhBDPw1zk@f9941","fdpcuEaexF7ouacJSi4kDi@6c48a","fdpcuEaexF7ouacJSi4kDi@f9941","ffbD1HaWFF3IUx4Fy7yKHx@6c48a","ffbD1HaWFF3IUx4Fy7yKHx@f9941","ffuIqPr2JI9I8dPLYGRDpD@6c48a","ffuIqPr2JI9I8dPLYGRDpD@f9941"],"paths":{"0":["baccaratGameScene",0,1],"1":["baccaratGameScenePC",0,1],"34":["res/preafab/autoSettingView",1,1]},"scenes":{"db://assets/games/baccarat/baccaratGameScene.scene":0,"db://assets/games/baccarat/baccaratGameScenePC.scene":1},"packs":{"03ce93833":[207,208,256,333,367,454,463,581,703],"06fabc65a":[216,231,255,471,475,541,646,687],"071e84b93":[223,225,227,229,265,267,269,271,273,275,295,298,300,206,303,305,307,332,348,213,352,354,366,369,371,388,390,392,395,200,398,400,404,402,429,434,432,436,441,462,220,464,468,470,472,474,493,496,240,242,244,248,257,263,286,288,290,316,318,337,345,358,378,383,386,409,413,422,427,445,447,478,480,485,488,236,250,252,260,203,322,342,215,407,418,453,458,460,254,261,277,281,292,320,334,376,420,451,324,425,476,483,246,311,361,234,313,326,363,416,443,456,490,501,503,508,510,515,499,512,505,518,522,520,524,527,546,529,540,542,538,544,532,548,550,552,554,559,562,573,575,577,589,566,557,586,593,571,580,591,568,583,564,597,599,601,606,610,614,604,608,612,618,620,622,625,627,632,634,638,641,643,645,649,651,655,658,661,665,663,647,668,673,678,684,686,676,680,682,691,693,696,698,700,702,704],"080b4110d":[202,205,210,211,222,238,283,284,285,302,309,310,315,329,331,339,340,341,344,347,350,356,365,375,380,382,385,406,412,431,449,466,482,495,498,507,514,517,531,536,537,556,561,582,588,595,603,616,624,654,660,667,671,672],"0dc285ce8":[204,214,224,228,230,239,241,247,251,253,262,266,0,268,270,272,274,278,291,296,301,306,308,312,314,319,321,325,327,330,338,343,346,349,353,355,370,372,374,379,389,391,393,396,401,403,408,410,419,421,423,426,428,430,435,437,440,442,444,446,448,457,459,461,467,477,479,481,489,491,492,494,497,502,513,516,519,521,525,526,535,539,543,545,551,560,563,565,567,569,572,576,578,584,587,590,594,598,600,602,605,607,609,611,613,615,619,621,626,628,631,633,635,639,648,650,653,656,659,662,669,674,677,679,681,683,685,688,690,694,695,697,699,701],"0ecf6c894":[201,221,226,235,237,243,245,249,258,264,276,282,287,289,293,299,304,317,323,335,1,359,362,364,373,377,384,387,399,405,414,417,433,452,455,465,469,473,484,486,500,504,506,509,511,523,528,530,533,534,547,549,553,555,558,570,574,592,596,623,636,642,644,652,664,666,670,692,705]},"versions":{"import":[2,"a2533",3,"a2533",4,"a2533",212,"95746",5,"a2533",6,"a2533",217,"42dc0",218,"df628",219,"a61aa",7,"a2533",8,"a2533",9,"a2533",10,"a2533",11,"a2533",232,"1e3ce",233,"0c49c",12,"a2533",13,"a2533",14,"a2533",15,"a2533",16,"a2533",17,"a2533",18,"a2533",19,"a2533",20,"a2533",21,"a2533",22,"a2533",23,"024f9",24,"a2533",25,"a2533",26,"a2533",27,"a2533",28,"a2533",29,"a2533",30,"a2533",31,"a2533",32,"a2533",33,"a2533",34,"4e796",35,"a2533",36,"a2533",37,"a2533",38,"a2533",39,"a2533",40,"a2533",41,"a2533",42,"a2533",43,"a2533",44,"a2533",45,"a2533",46,"a2533",47,"a2533",48,"a2533",49,"a2533",50,"a2533",51,"a2533",52,"a2533",53,"a2533",54,"a2533",55,"a2533",56,"a2533",57,"a2533",58,"a2533",59,"a2533",60,"a2533",61,"a2533",62,"a2533",63,"a2533",64,"a2533",65,"a2533",66,"a2533",67,"a2533",68,"a2533",69,"a2533",70,"a2533",71,"a2533",72,"a2533",73,"a2533",74,"a2533",75,"a2533",76,"a2533",77,"a2533",78,"a2533",79,"a2533",80,"a2533",81,"a2533",82,"a2533",83,"a2533",84,"a2533",85,"a2533",86,"a2533",87,"a2533",88,"a2533",89,"a2533",90,"a2533",91,"a2533",92,"a2533",93,"a2533",94,"a2533",95,"a2533",96,"a2533",97,"a2533",98,"a2533",99,"a2533",100,"a2533",101,"a2533",102,"a2533",103,"a2533",104,"a2533",105,"a2533",106,"a2533",107,"a2533",108,"a2533",110,"a2533",111,"a2533",112,"a2533",113,"a2533",114,"a2533",115,"a2533",116,"a2533",117,"a2533",118,"a2533",119,"a2533",120,"a2533",121,"a2533",122,"a2533",123,"a2533",124,"a2533",125,"a2533",126,"a2533",127,"a2533",128,"a2533",129,"a2533",130,"a2533",131,"a2533",132,"a2533",133,"a2533",134,"a2533",135,"a2533",136,"a2533",137,"a2533",138,"a2533",139,"a2533",140,"a2533",141,"a2533",142,"a2533",143,"a2533",144,"a2533",145,"a2533",146,"a2533",147,"a2533",148,"a2533",149,"a2533",150,"a2533",151,"a2533",152,"a2533",153,"a2533",154,"a2533",155,"a2533",156,"a2533",157,"a2533",158,"a2533",159,"a2533",160,"a2533",161,"a2533",162,"a2533",163,"a2533",164,"a2533",165,"a2533",166,"a2533",167,"a2533",168,"a2533",169,"a2533",170,"a2533",171,"a2533",172,"a2533",173,"a2533",174,"a2533",175,"a2533",176,"a2533",177,"a2533",178,"a2533",179,"a2533",180,"a2533",181,"a2533",182,"a2533",183,"a2533",184,"a2533",185,"a2533",186,"a2533",187,"a2533",188,"a2533",189,"a2533",190,"a2533",191,"a2533",192,"a2533",193,"a2533",194,"a2533",195,"a2533",196,"a2533",197,"a2533",198,"a2533",199,"a2533"],"native":[2,"7ee13",3,"de7ab",4,"f5aea",5,"cbed1",6,"338df",7,"4412a",8,"060c0",9,"440c4",10,"2007e",11,"a75d8",12,"2ed4a",13,"a291e",14,"65417",15,"12aef",16,"90db6",17,"effac",18,"8cb5e",19,"f7a9a",20,"8f78e",21,"92d87",22,"ca7b3",23,"09ca3",24,"e3467",25,"2cbb2",26,"21d37",27,"e843b",28,"85395",29,"12b1b",30,"cee89",31,"cfe7d",32,"e96e3",33,"b4a25",35,"6ba03",36,"f7876",37,"8f73e",38,"0f3fc",39,"d4496",40,"3f3be",41,"e74cb",42,"f6a0a",43,"6a001",44,"ef622",45,"4218e",46,"fe425",47,"581d8",48,"85e6a",49,"afd53",50,"b1978",51,"7c998",52,"3b642",53,"86514",54,"672ee",55,"3ee22",56,"d8a35",57,"27ca2",58,"58ee9",59,"cd334",60,"ec8d0",61,"42db9",62,"4a504",63,"0ea76",64,"b9b08",65,"bc5d7",66,"10a6d",67,"8fccc",68,"d9147",69,"66176",70,"c5080",71,"b2f36",72,"298be",73,"ec79e",74,"25cb6",75,"0b081",76,"f17c5",77,"28bc9",78,"fe571",79,"be4da",80,"9be18",81,"829bb",82,"a2b7f",83,"f43c3",84,"08bcd",85,"e1d58",86,"e84b9",87,"1edba",88,"282bc",89,"8f4bc",90,"98c78",91,"d6d62",92,"70d56",93,"3b247",94,"781eb",95,"a9aab",96,"a4257",97,"88489",98,"0a5df",99,"301be",100,"ad921",101,"33181",102,"d70bd",103,"53ebe",104,"d4351",105,"6cef2",106,"31b11",107,"44782",108,"81fac",110,"64c4d",111,"25d5d",112,"ac927",113,"d9932",114,"8bc93",115,"eee6d",116,"485d9",117,"5098c",118,"411fb",119,"08000",120,"a3590",121,"4617a",122,"9e086",123,"50946",124,"83e56",125,"050cf",126,"f2f1e",127,"0dd3d",128,"331e9",129,"6ab87",130,"26764",131,"5470a",132,"b58b8",133,"1dd65",134,"848a8",135,"f8418",136,"2ba3a",137,"8c337",138,"494e2",139,"44af0",140,"f1f93",141,"f3164",142,"04232",143,"65171",144,"654a1",145,"a8e9a",146,"96faf",147,"06564",148,"28e5b",149,"9bf84",150,"7a6ff",151,"a70a9",152,"1004d",153,"d28b5",154,"67bb3",155,"7a7d1",156,"a84fb",157,"857a7",158,"9db1f",159,"4fee9",160,"a54e8",161,"fbfba",162,"78c49",163,"ddc89",164,"543b5",165,"65937",166,"0677e",167,"b68bc",168,"34e71",169,"93d21",170,"1cf6c",171,"5ea17",172,"95f40",173,"125cd",174,"d86ae",175,"30e09",176,"fb92c",177,"931b7",178,"d6c97",179,"1941a",180,"0fca5",181,"e668c",182,"a5ea9",183,"e0076",184,"348c9",185,"ca6ba",186,"04fbf",187,"1878d",188,"c45ce",189,"283e7",190,"00ecb",191,"35b3d",192,"b5163",193,"45d46",194,"f9aae",195,"80fee",196,"addf5",197,"18a4c",198,"f6d44",199,"6d707"]},"redirect":[209,"0",259,"0",279,"1",280,"1",294,"0",297,"0",328,"1",336,"0",351,"0",357,"1",360,"1",368,"0",381,"1",394,"0",397,"0",411,"1",415,"0",424,"0",438,"0",439,"1",450,"1",109,"0",487,"1",579,"0",585,"0",617,"0",629,"0",630,"0",637,"1",640,"0",657,"0",675,"0",689,"1"],"debug":false,"extensionMap":{".cconb":[109]},"hasPreloadScript":true,"dependencyRelationships":{},"types":["cc.SceneAsset","cc.Prefab"]}