[1,["17fb37e1-fffa-407a-b7f9-52fb8f386007@6c48a"],["_textureSource"],["cc.SpriteFrame"],0,[{"name":"icon_stop","rect":{"x":2,"y":2,"width":20,"height":20},"offset":{"x":0,"y":0},"originalSize":{"width":24,"height":24},"rotated":false,"capInsets":[0,0,0,0],"vertices":{"rawPosition":[-10,-10,0,10,-10,0,-10,10,0,10,10,0],"indexes":[0,1,2,2,1,3],"uv":[2,22,22,22,2,2,22,2],"nuv":[0.08333333333333333,0.08333333333333333,0.9166666666666666,0.08333333333333333,0.08333333333333333,0.9166666666666666,0.9166666666666666,0.9166666666666666],"minPos":{"x":-10,"y":-10,"z":0},"maxPos":{"x":10,"y":10,"z":0}},"packable":true,"pixelsToUnit":100,"pivot":{"x":0.5,"y":0.5},"meshType":0}],[0],0,[0],[0],[0]]
