{"paths":{"0":["ani/headTimer/headframe",0],"1":["i18n/sound/zh/sound_DaSiXi",6],"2":["ani/expression/emoji_15_shangxin",1],"3":["ani/expression/emoji_08_sleep",0],"4":["img/bg/mahjong_video1",0],"5":["i18n/sound/zh/sound_SmallThreeDollars",6],"6":["i18n/sound/zh/sound_express_laugh",6],"7":["i18n/sound/zh/sound_Dihu",6],"8":["ani/cardType/paixing_effects_12",0],"9":["ani/emojiProp/hd_shuitong",0],"10":["i18n/sound/zh/voice_Circle5",6],"11":["ani/action/In_game_btn",0],"12":["loadBg/tw/loading1",0],"13":["ani/emojiProp/hd_meigui",1],"14":["i18n/sound/zh/sound_FourKongs",6],"15":["i18n/sound/zh/voice_Circle8",6],"16":["ani/homeOwner/move_owner",0],"17":["ani/zhuawei/zhuawei",0],"18":["font/passwordFont",0],"19":["i18n/sound/zh/voice_Circle9",6],"20":["ani/expression/emoji_05_kiss",1],"21":["i18n/sound/common/sound_Cardeffects",6],"22":["img/bg/bg_twmj_beijing01",0],"23":["ani/expression/emoji_08_sleep",1],"24":["ani/arrow/arrow",1],"25":["font/mahjongRuleFont_0",0],"26":["i18n/sound/zh/voice_Bamboo7",6],"27":["i18n/sound/zh/sound_Draw",6],"28":["img/rule/ui_yxgz02",0],"29":["i18n/sound/zh/sound_FishBottomRiver",6],"30":["ani/actionEffects/In_game_effects",1],"31":["img/rule/ui_tsjb06",0],"32":["ani/actionEffects/In_game_effects",0],"33":["i18n/sound/common/music_bgm02",6],"34":["img/bg/ui_xsjx_banzi",0],"35":["i18n/sound/zh/sound_express_doubt",6],"36":["ani/buhua/buhua",0],"37":["font/gradeResultFont",0],"38":["img/rule/btn_yxgz1",0],"39":["ani/action/In_game_btn",1],"40":["img/rule/btn_mjsy2",0],"41":["ani/emojiProp/hd_zhadan",1],"42":["i18n/sound/zh/voice_Character1",6],"43":["i18n/sound/zh/sound_GrabbingKongs",6],"44":["ani/expression/emoji_11_mojing",1],"45":["i18n/sound/common/sound_interactive_rose",6],"46":["i18n/sound/zh/voice_Bamboo3",6],"47":["i18n/sound/zh/sound_express_sleep",6],"48":["ani/cardType/paixing_effects_2",1],"49":["ani/cardType/paixing_effects_1",0],"50":["img/rule/ui_yxlc04",0],"51":["img/bg/propsHintBg",0],"52":["img/bg/totalbg",0],"53":["loadBg/tw/loading3",0],"54":["i18n/sound/zh/voice_Bamboo6",6],"55":["i18n/sound/zh/voice_GreenDragon",6],"56":["img/rule/ui_tsjb01",0],"57":["i18n/sound/zh/voice_RedDragon",6],"58":["i18n/sound/zh/voice_Bamboo9",6],"59":["i18n/sound/zh/voice_Circle1",6],"60":["ani/handAnim/hand2",0],"61":["ani/emojiProp/hd_daocha",1],"62":["ani/expression/emoji_13_tuxue",1],"63":["i18n/sound/zh/sound_MoonBottomSea",6],"64":["img/rule/ui_anniubeijing",0],"65":["i18n/sound/zh/sound_express_greedy",6],"66":["img/bg/ui_jiesuan_ban1",0],"67":["i18n/sound/zh/sound_express_sweat",6],"68":["img/rule/ui_tsjb04",0],"69":["font/roomInfoFont_0",0],"70":["i18n/sound/common/sound_DrawCards",6],"71":["i18n/sound/zh/sound_Renhu",6],"72":["ani/emojiProp/hd_dianzan",0],"73":["ani/emojiProp/hd_zhuaji",1],"74":["ani/expression/emoji_10_wenhao",1],"75":["font/mahjongClockFont_0",0],"76":["ani/handAnim/hand3",0],"77":["i18n/sound/zh/voice_Character9",6],"78":["img/bg/mahjong_video3",0],"79":["img/bg/ui_shang1",0],"80":["i18n/sound/common/sound_Banker_logo",6],"81":["i18n/sound/common/sound_player_enter",6],"82":["i18n/sound/common/sound_TakeAwayCards",6],"83":["i18n/sound/common/sound_interactive_tomato",6],"84":["ani/startGame/game_start",0],"85":["i18n/sound/common/sound_btn",6],"86":["img/rule/btn_yxgz2",0],"87":["ani/disCardHint/qingchupai",1],"88":["img/rule/ui_yxlc03",0],"89":["font/roomInfoFont",0],"90":["i18n/sound/zh/sound_express_blood",6],"91":["i18n/sound/common/sound_interactive_great",6],"92":["i18n/sound/zh/sound_express_envy",6],"93":["ani/logoAnim/logo",1],"94":["ani/dice/dice",1],"95":["img/bg/ui_zhanjibanzi",0],"96":["img/bg/zhuangshi_6",0],"97":["img/bg/ui_cjfn_banzi1",0],"98":["img/rule/ui_tsjb05",0],"99":["i18n/sound/zh/sound_ContinuousBanker",6],"100":["font/winResult",0],"101":["ani/emojiProp/hd_fanqie",1],"102":["ani/emojiProp/hd_ganbei",1],"103":["img/bg/ui_zhuangshi1",0],"104":["i18n/sound/zh/voice_South",6],"105":["i18n/sound/zh/sound_WaitOne",6],"106":["i18n/sound/zh/sound_Pung",6],"107":["i18n/sound/zh/voice_Character3",6],"108":["img/rule/ui_yxlc00",0],"109":["i18n/sound/zh/sound_express_cry",6],"110":["i18n/sound/zh/voice_Circle4",6],"111":["img/bg/ui_kuang2",0],"112":["ani/emojiProp/hd_fanqie",0],"113":["i18n/sound/zh/voice_Bamboo5",6],"114":["ani/expression/emoji_02_dianzan",1],"115":["img/bg/ui_cfxx_diban",0],"116":["img/rule/ui_yxlc02",0],"117":["ani/expression/emoji_12_xuxu",1],"118":["ani/expression/emoji_15_shangxin",0],"119":["img/rule/btn_jblc1",0],"120":["ani/expression/emoji_04_daxiao",1],"121":["ani/lianZhuang/lianzhuang",0],"122":["i18n/sound/zh/sound_WordOneColor",6],"123":["i18n/sound/zh/sound_express_kiss",6],"124":["i18n/sound/zh/sound_express_great",6],"125":["img/rule/ui_mjsy01",0],"126":["img/rule/ui_yxlc01",0],"127":["i18n/sound/common/sound_interactive_icewater",6],"128":["i18n/sound/zh/sound_Streaming",6],"129":["ani/expression/emoji_05_kiss",0],"130":["ani/dice/dice",0],"131":["i18n/sound/zh/sound_HeavenlyHu",6],"132":["i18n/sound/zh/sound_ClearOne",6],"133":["ani/headTimer/headframe",1],"134":["i18n/sound/zh/sound_SevenforOne",6],"135":["ani/emojiProp/hd_daocha",0],"136":["i18n/sound/common/sound_CardManagement",6],"137":["ani/expression/emoji_14_fahuo",0],"138":["i18n/sound/common/sound_CountdownTimer_end",6],"139":["ani/click/click",1],"140":["i18n/sound/zh/voice_Character6",6],"141":["i18n/sound/zh/voice_Character7",6],"142":["ani/disCardHint/qingchupai",0],"143":["i18n/sound/common/sound_interactive_clink",6],"144":["i18n/sound/common/sound_RollTheDice",6],"145":["i18n/sound/common/sound_StartGame",6],"146":["loadBg/tw/loading4",0],"147":["i18n/sound/zh/voice_WhiteDragon",6],"148":["ani/expression/emoji_01_se",1],"149":["ani/miCard/mipai",1],"150":["ani/emojiProp/hd_dianzan",1],"151":["i18n/sound/zh/voice_Character5",6],"152":["i18n/sound/zh/sound_ZiMo",6],"153":["i18n/sound/zh/voice_Circle3",6],"154":["i18n/sound/zh/sound_Mulligan",6],"155":["ani/expression/emoji_14_fahuo",1],"156":["img/bg/ui_ts_1",0],"157":["i18n/sound/zh/sound_express_dizzy",6],"158":["i18n/sound/zh/voice_West",6],"159":["ani/hallAnim/hall_icon",1],"160":["img/rule/ui_jffs02",0],"161":["ani/expression/emoji_13_tuxue",0],"162":["ani/zhuawei/zhuawei",1],"163":["ani/emojiProp/hd_ganbei",0],"164":["img/card/mahjong",0],"165":["i18n/sound/zh/sound_BumperHoop",6],"166":["i18n/sound/common/sound_interactive_tea",6],"167":["ani/emojiProp/hd_zhuaji",0],"168":["i18n/sound/common/sound_interactive_bomb",6],"169":["i18n/sound/zh/voice_Character8",6],"170":["font/smallResultFont_0",0],"171":["ani/expression/emoji_03_bixin",0],"172":["img/bg/bg_twmj_beijing02",0],"173":["img/rule/ui_tsjb02",0],"174":["img/bg/cf_bg1",0],"175":["img/rule/ui_tsjb03",0],"176":["font/mahjongTimeFont",0],"177":["ani/miCard/mipai",0],"178":["ani/arrow/arrow",0],"179":["i18n/sound/common/music_hall_newyear",6],"180":["img/bg/mahjong_video2",0],"181":["img/rule/ui_yxgz",0],"182":["ani/homeOwner/move_owner",1],"183":["i18n/sound/zh/sound_express_hush",6],"184":["i18n/sound/zh/voice_Character4",6],"185":["ani/cardType/paixing_effects_2",0],"186":["ani/click/click",0],"187":["i18n/sound/zh/sound_SmallFour_Hu",6],"188":["img/rule/btni_tsjb2",0],"189":["i18n/sound/common/sound_DisplayBoards",6],"190":["i18n/sound/zh/voice_Circle2_er",6],"191":["i18n/sound/common/sound_RowOfCards",6],"192":["i18n/sound/zh/sound_Kong",6],"193":["i18n/sound/zh/sound_express_cool",6],"194":["i18n/sound/zh/voice_East",6],"195":["img/bg/bj_1",0],"196":["img/bg/cf_bg3",0],"197":["ani/handAnim/hand",1],"198":["ani/hu/hejuliuju",1],"199":["ani/emojiProp/hd_meigui",0],"200":["loadBg/tw/loading2",0],"201":["img/rule/btn_jblc2",0],"202":["ani/expression/emoji_06_money",1],"203":["img/rule/btn_jffs2",0],"204":["ani/lianZhuang/lianzhuang",1],"205":["img/rule/btn_mjsy1",0],"206":["img/rule/btn_tsjb1",0],"207":["i18n/sound/zh/voice_Circle6",6],"208":["i18n/sound/zh/sound_MixedOneColor",6],"209":["i18n/sound/zh/sound_BigThree",6],"210":["ani/buhua/buhua",1],"211":["i18n/sound/zh/sound_Gun",6],"212":["ani/expression/emoji_02_dianzan",0],"213":["i18n/sound/zh/voice_North",6],"214":["ani/emojiProp/hd_zhadan",0],"215":["ani/expression/emoji_12_xuxu",0],"216":["font/winSocreFont_0",0],"217":["ani/hu/hejuliuju",0],"218":["font/loseScoreFont_0",0],"219":["ani/expression/emoji_07_yun",1],"220":["i18n/sound/zh/voice_Character2_er",6],"221":["font/smallSettleFont1_0",0],"222":["img/bg/cf_bg2",0],"223":["img/rule/btn_jffs1",0],"224":["ani/logoAnim/logo",0],"225":["ani/expression/emoji_04_daxiao",0],"226":["i18n/sound/common/sound_PickCard",6],"227":["ani/expression/emoji_11_mojing",0],"228":["ani/expression/emoji_09_han",1],"229":["ani/expression/emoji_09_han",0],"230":["i18n/sound/zh/sound_EightFlowers",6],"231":["i18n/sound/zh/sound_KongsonFlower",6],"232":["i18n/sound/zh/voice_Bamboo4",6],"233":["ani/startGame/game_start",1],"234":["i18n/sound/zh/voice_Bamboo1",6],"235":["i18n/sound/zh/voice_Circle7",6],"236":["i18n/sound/zh/voice_Bamboo2_er",6],"237":["ani/expression/emoji_03_bixin",1],"238":["img/rule/ui_jffs01",0],"239":["img/rule/ui_yxgz03",0],"240":["font/mahjongRecordOrderFont",0],"241":["i18n/sound/common/sound_CountdownTimer",6],"242":["i18n/sound/zh/sound_Hu",6],"243":["font/remainFont_0",0],"244":["i18n/sound/zh/sound_Chow",6],"245":["i18n/sound/zh/sound_express_love",6],"246":["i18n/sound/zh/sound_Catchingposition",6],"247":["ani/expression/emoji_01_se",0],"248":["i18n/sound/common/music_bgm01",6],"249":["ani/expression/emoji_07_yun",0],"250":["img/rule/ui_yxgz01",0],"251":["ani/emojiProp/hd_shuitong",1],"252":["ani/hallAnim/hall_icon",0],"253":["ani/handAnim/hand",0],"254":["ani/expression/emoji_10_wenhao",0],"255":["ani/cardType/paixing_effects_1",1],"256":["font/loseResult",0],"257":["font/recordResultFont",0],"258":["ani/expression/emoji_06_money",0],"259":["i18n/sound/zh/sound_express_anger",6],"260":["i18n/sound/zh/voice_Bamboo8",6],"261":["img/bg/zhuangshi_4",0],"262":["i18n/sound/common/sound_interactive_chicken",6],"263":["font/samllSettleFont2_0",0],"264":["font/mahjongTimeFont",3,1],"265":["img/agent/u_kuang3",3,1],"266":["img/mahjongGame/ui_zi_nan",3,1],"267":["img/express/emoji_09_han",3,1],"268":["prefab/mahjongWebView",8],"269":["img/pushCardTips/tsk_01",3,1],"270":["img/roomInfo/ui_nanfengquan",3,1],"271":["img/dissolution/ui_touxiangdi2",3,1],"272":["font/recordResultFont",3,1],"273":["prefab/mahjongCard/result/resultMingGangItem",8],"274":["ani/expression/emoji_10_wenhao",3,1],"275":["img/createRoom/ui_banzi4",3,1],"276":["img/joinRoom/Joinroom_warning2",3,1],"277":["img/bg/ui_shang1",3,1],"278":["img/smallResult/icon_jiantou1x",3,1],"279":["img/menu/ui_caidan_hmd",3,1],"280":["img/agent/btn_guanzhan",3,1],"281":["ani/handAnim/hand3",3,1],"282":["img/room/ui_srpz1",3,1],"283":["img/set/cf_jdt3",3,1],"284":["img/bigResult/ui_zongjiesuan_ban4",3,1],"285":["img/common/commonAtlas",7],"286":["ani/buhua/buhua",3,1],"287":["img/common/btn_guanbi",3,1],"288":["ani/expression/emoji_06_money",3,1],"289":["prefab/MahjongRoomTipPrefab",8],"290":["img/rule/btn_jblc2",3,1],"292":["img/agent/u_kuang5",3,1],"293":["img/createRoom/spHint1",3,1],"294":["img/bg/ui_xsjx_banzi",3,1],"295":["img/room/ui_srpz2",3,1],"296":["img/set/zi_yinyue",3,1],"297":["img/smallResult/ui_bei",3,1],"298":["img/result/ui_txk_1",3,1],"299":["img/room/btn_cjfj_",3,1],"300":["img/bigResult/ui_zongjiesuan_ban2",3,1],"301":["img/createRoom/btn_off",3,1],"302":["clip/guideMoveClip",4],"303":["img/createRoom/btn_jia2",3,1],"304":["prefab/mahjongContinueRoom",8],"305":["img/joinRoom/Joinroom_frame",3,1],"308":["img/mahjongGame/ui_guanzhanzhong",3,1],"312":["img/props/hd_icon_2",3,1],"315":["img/mahjongGame/move_bei",3,1],"317":["img/express/emoji_02_dianzan",3,1],"318":["img/smallResult/ui_jiesuan_ban4",3,1],"319":["img/bg/ui_zhuangshi1",3,1],"320":["img/smallResult/ui_jiesuan_ban2",3,1],"321":["img/mahjongGameRule/ui_zmgz_fd",3,1],"322":["img/actionsp/peng",3,1],"323":["ani/buhua/buhua",2],"325":["img/room/xianshimianfei",3,1],"329":["img/agent/ui_renshu",3,1],"331":["img/agent/ui_fanghao",3,1],"333":["img/button/bt_liaot",3,1],"334":["prefab/mahjongPlayerInfoNode",8],"336":["img/button/icon_tishi",3,1],"338":["img/record/ui_jiesuan_xiajia",3,1],"340":["img/record/ui_yxjl",3,1],"342":["img/guideVideo/btn_zjykzbsm01",3,1],"343":["img/mahjongGame/ui_zi_dong",3,1],"344":["img/bigResult/ui_zongjiesuan_zjs2",3,1],"347":["img/smallResult/icon_liu",3,1],"350":["prefab/mahjongPersonGradeNode",8],"352":["img/common/ui_tipsts",3,1],"353":["prefab/mahjongCard/flowerCard/flowerCardItem1",8],"354":["img/createRoom/ui_quanshu",3,1],"355":["img/createRoom/ui_fanfa",3,1],"357":["img/bg/ui_zhanjibanzi",3,1],"358":["ani/headTimer/headframe",3,1],"359":["img/express/emoji_14_fahuo",3,1],"361":["prefab/mahjongCard/cardType/pengItem3",8],"362":["img/guideVideo/btn_jrzz01",3,1],"363":["img/mahjongGame/move_dong",3,1],"365":["img/rule/ui_tsjb06",3,1],"366":["img/smallResult/ui_fangqiang",3,1],"368":["prefab/mahjongCard/showDownCard/showDownCardItem1",8],"371":["img/bg/cf_bg2",3,1],"372":["img/result/icon_he",3,1],"373":["prefab/mahjongRecordInfoView",8],"374":["img/bg/ui_cfxx_diban",3,1],"376":["prefab/mahjongVideoPlayView",8],"377":["img/rule/ui_yxlc02",3,1],"378":["prefab/mahjongCard/showDownCard/showDownCardItem2",8],"380":["ani/actionEffects/In_game_effects",2],"381":["ani/expression/emoji_02_dianzan",2],"382":["img/room/btn_jrfj",3,1],"383":["img/grade/mah_public",3,1],"384":["prefab/mahjongJoinRoom",8],"385":["img/button/btn_hui",3,1],"386":["img/menu/menuAtlas",7],"387":["img/grade/ui_3kuanbanzi",3,1],"388":["img/props/hd_icon_6",3,1],"389":["img/rule/ui_yxlc01",3,1],"390":["img/actionsp/yinying",3,1],"391":["prefab/item/mahjongApplyItem",8],"392":["img/mahjongGame/offline",3,1],"393":["ani/emojiProp/hd_ganbei",3,1],"394":["img/actionsp/minggang",3,1],"395":["font/passwordFont",5],"396":["ani/cardType/paixing_effects_2",3,1],"397":["prefab/mahjongCard/cardType/mingGangItem3",8],"398":["img/bigResult/ui_zongjiesuan_zjs1",3,1],"399":["img/set/zi_youxiyinxiao",3,1],"400":["img/createRoom/btn_jia",3,1],"401":["img/common/icon_jiantou01",3,1],"402":["img/menu/ui_caidan_zj",3,1],"403":["img/createRoom/ui_quan1",3,1],"404":["img/actionsp/gang",3,1],"405":["img/mahjongGameRule/ui_zmgz_xzm",3,1],"406":["img/room/ui_mzsm",3,1],"407":["img/createRoom/ui_taifen",3,1],"408":["img/pushCardTips/tswz_08",3,1],"409":["img/joinRoom/Joinroom_btn_delete",3,1],"410":["img/bigResult/ui_jiesuan_benjia",3,1],"411":["img/rule/btn_jblc1",3,1],"412":["img/createRoom/ui_cjfy",3,1],"413":["ani/logoAnim/logo",2],"414":["font/mahjongRuleFont",5],"415":["img/mahjongGame/disCardTimeOut",3,1],"416":["img/express/expressAtlas",7],"417":["img/props/hd_icon_8",3,1],"418":["ani/emojiProp/hd_dianzan",2],"419":["ani/expression/emoji_11_mojing",3,1],"420":["img/button/bt_tuichu",3,1],"421":["img/rule/ui_jffs01",3,1],"422":["prefab/mahjongCard/handCard/handCardItem2",8],"423":["ani/expression/emoji_04_daxiao",3,1],"424":["prefab/mahjongCard/cardPile/aroundCardPile/leftCardPileItem",8],"425":["ani/emojiProp/hd_zhuaji",2],"426":["img/rule/ui_yxgz03",3,1],"427":["img/createRoom/ui_banzi2",3,1],"428":["prefab/mahjongGuideTeachView",8],"429":["img/result/ui_shule",3,1],"430":["img/blacklist/ui_hmd2",3,1],"431":["prefab/mahjongInviteToRoom",8],"432":["prefab/mahjongCreateRoom",8],"433":["ani/action/In_game_btn",2],"434":["img/mahjongGame/move_zhuawei",3,1],"435":["img/guideVideo/ui_shou",3,1],"436":["ani/cardType/paixing_effects_1",3,1],"437":["font/mahjongTimeFont",5],"438":["font/loseScoreFont_0",3,1],"439":["img/playerInfo/btn_small_zong",3,1],"440":["font/gradeResultFont",5],"441":["img/mahjongGame/move_nan",3,1],"442":["img/mahjongGame/move_xi",3,1],"443":["img/bg/totalbg",3,1],"444":["img/chat/ui_liaotian_2",3,1],"445":["img/button/bt_caidan",3,1],"446":["ani/miCard/mipai",2],"447":["img/card/mahjong",7],"448":["img/bg/ui_kuang2",3,1],"449":["img/agent/ui_youxizhong",3,1],"450":["img/createRoom/btn_on",3,1],"451":["img/createRoom/ui_fjmc",3,1],"452":["img/joinRoom/Joinroom_btn_normal",3,1],"453":["img/createRoom/ui_tspx",3,1],"454":["img/roomInfo/ui_difentaifen",3,1],"455":["img/pushCardTips/pushCardTipsAtlas",7],"456":["ani/expression/emoji_15_shangxin",2],"457":["img/createRoom/createroom_dazhe1",3,1],"458":["prefab/mahjongTipNode",8],"459":["img/joinRoom/Joinroom_frame2",3,1],"460":["prefab/mahjongCard/showDownCard/showDownAnGangItem4",8],"461":["img/mahjongGame/mahjongGameAtlas",7],"462":["img/spClock/ui_lv",3,1],"463":["img/bg/mahjong_video2",3,1],"464":["prefab/mahjongCard/result/resultFlowerItem",8],"465":["img/joinRoom/Joinroom_warning1",3,1],"466":["prefab/button_operation",8],"467":["ani/dice/dice",2],"468":["img/agent/ui_gongkai",3,1],"469":["img/blacklist/ui_hmd4",3,1],"470":["img/bg/cf_bg1",3,1],"471":["img/common/ui_tupian",3,1],"472":["img/createRoom/ui_line",3,1],"473":["img/mahjongGame/icon_tishi",3,1],"474":["img/agent/ui_free",3,1],"475":["img/createRoom/createRoomAtlas",7],"476":["ani/disCardHint/qingchupai",2],"477":["img/result/ui_touxiangkuang",3,1],"478":["img/rule/ui_tsjb05",3,1],"479":["img/set/ui_shezhi_ban",3,1],"480":["loadBg/tw/loading1",3,1],"481":["font/winSocreFont",5],"482":["prefab/item/mahjongAgentItem",8],"483":["prefab/mahjongSoundNode",8],"484":["img/smallResult/ui_jiesuan",3,1],"485":["img/rule/ui_yxgz01",3,1],"486":["img/mahjongGame/ui_cheng",3,1],"487":["img/result/ui_zhuang",3,1],"488":["img/bigResult/ui_jiesuan_shangjia",3,1],"489":["ani/disCardHint/qingchupai",3,1],"490":["img/createRoom/ui_difen",3,1],"491":["img/smallResult/ui_xi",3,1],"492":["img/dissolution/ui_jsfj_3",3,1],"493":["prefab/mahjongBlacklistNode",8],"494":["img/blacklist/btn_hmd1",3,1],"495":["ani/expression/emoji_14_fahuo",3,1],"496":["img/dissolution/ui_jsfj_1",3,1],"498":["img/roomInfo/ui_beifengquan",3,1],"499":["img/tip/tipsAtlas",7],"500":["img/agent/ui_dkfjlb",3,1],"501":["img/props/propsAtlas",7],"502":["img/grade/ui_grzj_02",3,1],"503":["img/mahjongGameRule/ui_zmgz_zjwt",3,1],"504":["ani/handAnim/hand2",3,1],"505":["img/grade/bt_tongyong_01",3,1],"506":["img/result/ui_txk_2",3,1],"507":["img/express/emoji_15_shangxin",3,1],"508":["ani/emojiProp/hd_fanqie",2],"509":["img/blacklist/ui_hmd",3,1],"510":["img/bg/ui_ts_1",3,1],"511":["img/rule/ui_mjsy01",3,1],"512":["img/bigResult/ui_jiesuan_duijia",3,1],"513":["img/express/emoji_03_bixin",3,1],"514":["img/grade/ui_dkzj_01",3,1],"515":["img/props/hd_icon_3",3,1],"516":["img/set/cf_jdt1",3,1],"517":["img/menu/ui_caidan_yxgz",3,1],"518":["img/joinRoom/Joinroom_frame1",3,1],"519":["ani/zhuawei/zhuawei",3,1],"520":["prefab/mahjongCard/result/resultAnGangItem",8],"521":["img/smallResult/ui_nan",3,1],"522":["img/button/bt_heimingdan",3,1],"523":["ani/expression/emoji_10_wenhao",2],"524":["prefab/mahjongCard/cardType/mingGangItem1",8],"525":["img/button/icon_ting_small",3,1],"526":["prefab/mahjongCard/cardType/anGangItem1",8],"527":["img/rule/ui_tsjb01",3,1],"528":["img/set/setAtlas",7],"529":["ani/emojiProp/hd_zhadan",3,1],"530":["img/mahjongGame/ui_lv",3,1],"531":["img/createRoom/sliderInner",3,1],"532":["img/smallResult/icon_jiantou",3,1],"533":["prefab/mahjongRoomInfo",8],"534":["img/agent/ui_ditai",3,1],"535":["img/common/btn_yellow",3,1],"536":["img/room/ui_kuang1",3,1],"537":["ani/expression/emoji_03_bixin",2],"538":["img/createRoom/ui_banzi3",3,1],"539":["img/rule/ui_yxlc04",3,1],"540":["img/spClock/ui_lan",3,1],"541":["img/result/ui_shule2",3,1],"542":["img/playerInfo/btn_small_red",3,1],"543":["loadBg/tw/loading3",3,1],"544":["font/winSocreFont_0",3,1],"545":["img/chat/chatAtlas",7],"546":["img/mahjongGame/ui_hpti_zi",3,1],"547":["img/agent/btn_jiaru",3,1],"548":["img/express/emoji_06_money",3,1],"549":["font/smallResultFont",5],"550":["img/actionsp/chi",3,1],"551":["font/roomInfoFont",5],"552":["img/mahjongGame/ui_liaotianxiao",3,1],"553":["img/createRoom/ui_quan2",3,1],"554":["img/actionsp/icon_ting",3,1],"555":["ani/logoAnim/logo",3,1],"556":["ani/expression/emoji_03_bixin",3,1],"557":["img/smallResult/ui_beifengquan",3,1],"558":["ani/cardType/paixing_effects_2",2],"559":["img/mahjongGame/ui_zi_bei",3,1],"560":["img/guideVideo/guideVideoAtlas",7],"561":["prefab/mahjongCard/cardType/anGangItem4",8],"563":["img/mahjongGameRule/ui_zmgz_youhua",3,1],"564":["img/agent/agentAtlas",7],"565":["ani/click/click",2],"566":["img/createRoom/ui_jjsz",3,1],"567":["font/gradeResultFont",3,1],"568":["img/express/emoji_01_se",3,1],"569":["img/record/ui_jilu_xibanzi1",3,1],"570":["img/createRoom/ui_huapai",3,1],"571":["img/bg/ui_cjfn_banzi1",3,1],"572":["font/smallSettleFont1",5],"573":["img/bigResult/ui_zongjiesuan_ban5",3,1],"574":["prefab/mahjongDisclaimersView",8],"575":["prefab/item/mahjongPropsSkeletonItem",8],"576":["font/mahjongClockFont_0",3,1],"577":["img/roomInfo/ui_quanshu",3,1],"578":["img/createRoom/ttn_jian2",3,1],"579":["img/createRoom/ui_cjfj",3,1],"580":["prefab/mahjongCard/cardType/pengItem4",8],"581":["ani/expression/emoji_01_se",3,1],"582":["img/record/ui_jiesuan_duijia",3,1],"583":["img/pushCardTips/tswz_05",3,1],"584":["ani/action/In_game_btn",3,1],"585":["img/spClock/ui_xi",3,1],"586":["ani/emojiProp/hd_fanqie",3,1],"587":["img/button/btn_yellow",3,1],"588":["img/createRoom/ui_cpsj",3,1],"589":["img/mahjongGame/ui_txk_1",3,1],"590":["img/common/ui_dqzwdjjl",3,1],"591":["prefab/mahjongCard/result/resultHandItem",8],"592":["img/mahjongGame/ui_lan",3,1],"593":["font/loseScoreFont",5],"594":["font/roomInfoFont_0",3,1],"595":["img/set/zi_youxiyinyue",3,1],"596":["img/joinRoom/Joinroom_warning2_zi",3,1],"597":["ani/expression/emoji_12_xuxu",3,1],"598":["ani/expression/emoji_05_kiss",2],"599":["img/mahjongGame/shang_1",3,1],"600":["img/mahjongGame/spBank",3,1],"601":["img/express/emoji_07_yun",3,1],"602":["img/guideVideo/btn_cjzz02",3,1],"603":["img/props/hd_icon_4",3,1],"604":["img/joinRoom/Joinroom_btn_clear",3,1],"605":["img/rule/ui_yxlc00",3,1],"606":["img/pushCardTips/tswz_04",3,1],"607":["prefab/item/mahjongPrepsItem",8],"608":["img/pushCardTips/tswz_02",3,1],"609":["ani/hu/hejuliuju",3,1],"610":["ani/cardType/paixing_effects_1",2],"611":["img/smallResult/ui_xifengquan",3,1],"612":["img/blacklist/blackListAtlas",7],"613":["img/actionsp/actionspAtlas",7],"614":["img/actionsp/angang",3,1],"615":["img/bg/cf_bg3",3,1],"616":["ani/expression/emoji_15_shangxin",3,1],"617":["img/mahjongGame/xia_1",3,1],"618":["img/roomInfo/ui_xinxidi",3,1],"619":["img/guideVideo/btn_xsjx",3,1],"620":["prefab/mahjongCard/tingCard/tingCardItem",8],"621":["font/winResult",5],"622":["prefab/mahjongCard/handCard/handCardItem3",8],"623":["ani/arrow/arrow",2],"624":["ani/expression/emoji_08_sleep",2],"625":["img/spClock/ui_zi_nan",3,1],"626":["img/menu/ui_caidan_jspz",3,1],"627":["img/mahjongGame/move_lianzhuang",3,1],"628":["img/createRoom/ui_xsmf",3,1],"629":["img/rule/ui_tsjb03",3,1],"631":["ani/headTimer/headframe",2],"632":["prefab/mahjongCard/flowerCard/flowerCardItem2",8],"633":["ani/arrow/arrow",3,1],"634":["img/mahjongGame/icon_suo",3,1],"635":["prefab/emoji/EmojoPrefab",8],"636":["img/express/emoji_13_tuxue",3,1],"637":["font/mahjongClockFont",5],"638":["img/spClock/ui_cheng",3,1],"639":["img/rule/btn_jffs1",3,1],"640":["ani/expression/emoji_01_se",2],"641":["img/spClock/spclockAtlas",7],"642":["img/joinRoom/Joinroom_title",3,1],"643":["img/room/ui_gkpz1",3,1],"644":["img/mahjongGame/spProgress",3,1],"645":["img/result/ui_yingla",3,1],"646":["ani/expression/emoji_06_money",2],"647":["img/button/btn_blue",3,1],"648":["img/mahjongGame/icon_ting_small",3,1],"649":["img/bg/zhuangshi_6",3,1],"650":["img/mahjongGameRule/mahjongGameRuleAtlas",7],"651":["img/button/buttonAtlas",7],"652":["img/smallResult/ui_hu",3,1],"653":["font/smallResultFont_0",3,1],"654":["ani/emojiProp/hd_meigui",3,1],"655":["ani/homeOwner/move_owner",2],"656":["img/blacklist/kw_icon",3,1],"657":["prefab/mahjongCard/cardType/anGangItem3",8],"658":["img/bigResult/bigResultAtlas",7],"659":["img/smallResult/ui_jiesuan_ban3",3,1],"660":["img/createRoom/ui_zffs",3,1],"661":["img/smallResult/ui_heji",3,1],"662":["img/mahjongGameRule/ui_zmgz_tai",3,1],"663":["img/dissolution/ui_touxiangdi",3,1],"664":["img/express/emoji_08_sleep",3,1],"665":["prefab/mahjongPropsTipNode",8],"666":["img/smallResult/ui_dong",3,1],"667":["prefab/mahjongDissolutionRoomNode",8],"668":["img/result/icon_liu",3,1],"669":["img/set/ui_yxsz",3,1],"670":["img/rule/ui_yxgz02",3,1],"671":["img/guideVideo/btn_zjykzbsm02",3,1],"672":["img/set/cf_jdt2",3,1],"673":["img/chat/ui_liaotian_1",3,1],"674":["img/joinRoom/joinRoomAtlas",7],"675":["ani/expression/emoji_07_yun",2],"676":["ani/expression/emoji_09_han",3,1],"677":["ani/emojiProp/hd_zhadan",2],"678":["img/rule/btn_mjsy2",3,1],"679":["img/roomInfo/ui_guize",3,1],"680":["ani/lianZhuang/lianzhuang",2],"681":["img/bg/mahjong_video1",3,1],"682":["img/playerInfo/ui_ggxx",3,1],"683":["img/agent/u_kuang4",3,1],"684":["img/dissolution/dissolutionAtlas",7],"685":["img/smallResult/ui_zj",3,1],"686":["img/createRoom/ui_tswf",3,1],"687":["ani/expression/emoji_12_xuxu",2],"688":["img/spClock/ui_zi_xi",3,1],"689":["ani/emojiProp/hd_daocha",2],"690":["ani/expression/emoji_11_mojing",2],"692":["ani/hu/hejuliuju",2],"693":["img/bg/mahjong_video3",3,1],"694":["ani/lianZhuang/lianzhuang",3,1],"695":["ani/dice/dice",3,1],"696":["img/rule/ui_yxgz",3,1],"697":["img/playerInfo/playerInfoAtlas",7],"698":["img/mahjongGame/ui_ts_2",3,1],"699":["prefab/mahjongCard/showDownCard/showDownAnGangItem2",8],"700":["img/smallResult/ui_dongfengquan",3,1],"701":["prefab/mahjongCard/result/resultPengItem",8],"702":["ani/startGame/game_start",3,1],"703":["img/result/ui_zj_db2",3,1],"704":["img/props/hd_icon_1",3,1],"705":["img/createRoom/btn_4",3,1],"706":["img/mahjongGame/icon_chupaitishi",3,1],"707":["img/rule/btn_yxgz2",3,1],"708":["img/rule/ui_jffs02",3,1],"709":["ani/homeOwner/move_owner",3,1],"711":["font/winResult",3,1],"712":["img/createRoom/ui_szmm",3,1],"713":["img/rule/btn_mjsy1",3,1],"714":["prefab/mahjongRule",8],"715":["img/smallResult/ui_xiangqing",3,1],"716":["img/mahjongGame/move_feng",3,1],"717":["ani/actionEffects/In_game_effects",3,1],"718":["img/record/ui_jiesuan_shangjia",3,1],"719":["prefab/mahjongCard/smallResultView",8],"720":["font/mahjongRuleFont_0",3,1],"721":["ani/handAnim/hand",2],"722":["font/recordResultFont",5],"723":["img/mahjongGame/ui_txk_2",3,1],"724":["img/menu/ui_caidan_banzi2",3,1],"725":["img/agent/btn_fenxiang",3,1],"726":["ani/emojiProp/hd_meigui",2],"727":["img/express/emoji_04_daxiao",3,1],"728":["img/createRoom/ui_fengding",3,1],"729":["font/remainFont_0",3,1],"730":["img/dissolution/ui_jsfj",3,1],"731":["img/bigResult/ui_zongjiesuan_ban3",3,1],"732":["img/common/icon_jiantou02",3,1],"733":["img/menu/ui_caidan_jl",3,1],"734":["img/mahjongGame/ui_touzi",3,1],"735":["img/mahjongGameRule/ui_zmgz_jhjz",3,1],"736":["img/props/hd_icon_5",3,1],"737":["img/tip/ui_xuwan",3,1],"738":["img/rule/btni_tsjb2",3,1],"739":["img/chat/btn_liaotian1",3,1],"740":["img/actionsp/guo",3,1],"741":["img/tip/ui_tishikuang",3,1],"742":["prefab/mahjongCard/totalResultView",8],"743":["img/dissolution/ui_jsfj_2",3,1],"744":["img/mahjongGame/move_zimo",3,1],"745":["img/button/bt_jilu",3,1],"746":["img/mahjongGameRule/ui_zmgz_xt",3,1],"747":["img/rule/ui_anniubeijing",3,1],"748":["img/menu/ui_caidan_mzsm",3,1],"749":["ani/startGame/game_start",2],"750":["font/loseResult",3,1],"751":["img/agent/ui_kuang1",3,1],"753":["img/bg/ui_jiesuan_ban1",3,1],"754":["prefab/mahjongButton",8],"755":["ani/emojiProp/hd_ganbei",2],"757":["img/createRoom/ui_mima",3,1],"758":["ani/emojiProp/hd_shuitong",2],"759":["prefab/infoScrollView",8],"760":["img/mahjongGameRule/ui_zmgz_wuxian",3,1],"761":["img/result/hu",3,1],"762":["img/createRoom/ui_cffs",3,1],"763":["img/createRoom/ui_fangquan1",3,1],"764":["img/tip/ui_yaoqing",3,1],"765":["prefab/mahjongCard/showDownCard/showDownCardItem3",8],"766":["ani/expression/emoji_14_fahuo",2],"767":["img/smallResult/ui_zi_liuju",3,1],"768":["img/common/close",3,1],"769":["img/props/hd_icon_7",3,1],"770":["img/room/roomAtlas",7],"771":["font/samllSettleFont2",5],"772":["img/agent/fanghao",3,1],"773":["ani/expression/emoji_05_kiss",3,1],"774":["img/tip/ui_tishi",3,1],"775":["img/joinRoom/Joinroom_title1",3,1],"776":["img/bg/zhuangshi_4",3,1],"777":["img/pushCardTips/tswz_03",3,1],"778":["img/record/ui_kongwei",3,1],"779":["loadBg/tw/loading2",3,1],"780":["img/roomInfo/ui_xifengquan",3,1],"781":["img/guideVideo/btn_play",3,1],"782":["font/mahjongRecordOrderFont",3,1],"783":["ani/expression/emoji_07_yun",3,1],"784":["img/pushCardTips/tswz_01",3,1],"785":["img/actionsp/hu",3,1],"786":["prefab/mahjongCard/handCard/handCardItem4",8],"787":["img/common/ui_touxiangkuang",3,1],"788":["img/mahjongGame/touxiang_0",3,1],"789":["ani/handAnim/hand",3,1],"790":["img/mahjongGame/yizhunbei",3,1],"791":["img/mahjongGame/zuo_2",3,1],"792":["ani/emojiProp/hd_dianzan",3,1],"793":["img/smallResult/ui_zi_heju",3,1],"794":["prefab/mahjongRecordNode",8],"795":["img/guideVideo/close",3,1],"796":["prefab/mahjongCard/miCardAnim/miCardAnim",8],"798":["img/bigResult/ui_jiesuan_xiajia",3,1],"799":["img/mahjongGame/ui_tpjt",3,1],"800":["img/express/emoji_11_mojing",3,1],"801":["img/createRoom/createroom_dazhe2",3,1],"802":["font/loseResult",5],"803":["img/button/icon_cfxx",3,1],"804":["ani/hallAnim/hall_icon",3,1],"805":["img/chat/btn_biaoqing1",3,1],"806":["img/mahjongGame/peng",3,1],"807":["img/rule/ui_tsjb04",3,1],"808":["ani/expression/emoji_13_tuxue",3,1],"809":["ani/expression/emoji_08_sleep",3,1],"810":["prefab/mahjongCard/cardType/mingGangItem2",8],"812":["ani/hallAnim/hall_icon",2],"813":["prefab/mahjongCard/flowerCard/flowerCardItem3",8],"814":["img/createRoom/ui_renshu",3,1],"815":["prefab/mahjongCard/cardType/anGangItem2",8],"816":["img/express/emoji_12_xuxu",3,1],"817":["img/mahjongGame/cf_icon_room",3,1],"818":["img/pushCardTips/tswz_06",3,1],"819":["img/smallResult/ui_jiaobiao_hu",3,1],"820":["img/dissolution/ui_ban_jsfj",3,1],"821":["img/room/logo_twmj",3,1],"822":["img/mahjongGame/mj_zhihui",3,1],"823":["img/createRoom/sliderJindutiao",3,1],"824":["img/smallResult/ui_nanfengquan",3,1],"825":["prefab/mahjongCard/limitCard/nodePushCardTips",8],"826":["img/guideVideo/btn_cjzz01",3,1],"827":["img/smallResult/ui_zimo",3,1],"828":["img/bg/propsHintBg",3,1],"829":["prefab/mahjongSureTipNode",8],"830":["img/result/icon_fangpao",3,1],"831":["img/mahjongGame/ui_xi",3,1],"832":["img/result/resultAtlas",7],"833":["img/bg/bg_twmj_beijing02",3,1],"834":["prefab/mahjongCard/showDownCard/showDownCardItem4",8],"835":["img/result/ui_yingla2",3,1],"836":["img/rule/btn_jffs2",3,1],"837":["prefab/MahjongTipPrefab",8],"838":["img/mahjongGame/move_gskh",3,1],"839":["img/set/zi_yinxiao",3,1],"840":["img/express/emoji_05_kiss",3,1],"841":["img/result/zhuangshi_5",3,1],"842":["img/joinRoom/Joinroom_warning2_zi2",3,1],"843":["ani/cardType/paixing_effects_12",3,1],"844":["img/playerInfo/btn_small_zong1",3,1],"845":["prefab/mahjongCreateRoomInfo",8],"846":["img/chat/btn_biaoqing2",3,1],"847":["img/record/ui_jiesuan_benjia",3,1],"848":["img/guideVideo/btn_jrzz02",3,1],"850":["img/rule/btn_tsjb1",3,1],"851":["img/roomInfo/ui_fangjian",3,1],"852":["img/menu/ui_caidan_yqhy",3,1],"853":["ani/expression/emoji_02_dianzan",3,1],"854":["prefab/mahjongMenuNode",8],"855":["ani/expression/emoji_09_han",2],"856":["font/roomInfoFont",3,1],"857":["img/bg/bj_1",3,1],"858":["img/playerInfo/btn_small_green",3,1],"859":["img/createRoom/sliderbg",3,1],"860":["loadBg/tw/loading4",3,1],"862":["ani/expression/emoji_04_daxiao",2],"863":["img/agent/ui_geren",3,1],"864":["prefab/mahjongChatNode",8],"865":["prefab/mahjongCard/cardType/pengItem2",8],"866":["img/agent/ui_quanshu",3,1],"867":["font/mahjongRecordOrderFont",5],"868":["img/mahjongGameRule/ui_zmgz_qzhp",3,1],"869":["img/common/ui_tipsts1",3,1],"870":["img/record/ui_zi_zzj",3,1],"871":["img/playerInfo/btn_on",3,1],"872":["prefab/mahjongCard/showDownCard/showDownAnGangItem1",8],"873":["prefab/mahjongCard/flowerCard/flowerCardItem4",8],"874":["ani/emojiProp/hd_daocha",3,1],"875":["prefab/mahjongCard/disCard/disCardItem1",8],"876":["ani/expression/emoji_13_tuxue",2],"877":["img/record/ui_jilu_xibanzi2",3,1],"878":["font/smallSettleFont1_0",3,1],"879":["img/spClock/ui_zi_bei",3,1],"880":["img/rule/btn_yxgz1",3,1],"881":["img/createRoom/dian_icon_1_2",3,1],"882":["ani/click/click",3,1],"883":["img/menu/ui_caidan_gz",3,1],"884":["img/spClock/ui_zi_dong",3,1],"885":["ani/zhuawei/zhuawei",2],"886":["prefab/item/mahjongBlacklistItem",8],"887":["ani/emojiProp/hd_shuitong",3,1],"888":["font/remainFont",5],"889":["img/chat/btn_liaotian2",3,1],"890":["font/passwordFont",3,1],"891":["img/grade/gradeAtlas",7],"892":["img/menu/ui_caidan_tcfj",3,1],"893":["img/mahjongGame/ui_zi_xi",3,1],"894":["img/express/emoji_10_wenhao",3,1],"895":["img/actionsp/zimo",3,1],"896":["img/rule/ui_yxlc03",3,1],"897":["img/roomInfo/ui_dongfengquan",3,1],"898":["img/roomInfo/roomInfoAtlas",7],"899":["img/room/ui_gkpz2",3,1],"900":["img/blacklist/ui_hmd1",3,1],"901":["ani/miCard/mipai",3,1],"902":["ani/emojiProp/hd_zhuaji",3,1],"903":["prefab/mahjongCard/cardTypeAnim/cardTypeAnim",8],"904":["prefab/mahjongCard/cardType/pengItem1",8],"905":["img/result/fan",3,1],"906":["img/bg/bg_twmj_beijing01",3,1],"907":["prefab/mahjongCard/showDownCard/showDownAnGangItem3",8],"908":["img/smallResult/smallResultAtlas",7],"909":["prefab/mahjongCard/handCard/handCardItem1",8],"910":["img/pushCardTips/tswz_07",3,1],"911":["img/rule/ui_tsjb02",3,1],"912":["img/record/recordAtlas",7],"913":["img/grade/ui_grzj_01",3,1],"914":["img/smallResult/ui_dqzwdjjl",3,1],"915":["img/menu/ui_caidan_banzi1",3,1],"916":["img/grade/ui_dkzj_02",3,1],"917":["font/samllSettleFont2_0",3,1],"918":["prefab/mahjongCard/cardType/mingGangItem4",8],"919":["img/smallResult/ui_zhuang",3,1],"920":["img/mahjongGameRule/ui_zmgz_wh",3,1],"921":["img/createRoom/btn_jian",3,1],"922":["img/smallResult/icon_he",3,1],"923":["prefab/item/mahjongPersonGradeItem",8],"924":["img/createRoom/ui_cfxx",3,1],"925":["img/common/btn_blue",3,1],"926":["img/menu/ui_caidan_sz",3,1],"927":["img/mahjongGame/move_buhua",3,1],"928":["img/playerInfo/btn_off",3,1],"929":["prefab/item/mahjongRecordItem",8]},"types":["cc.Texture2D","cc.Asset","sp.SkeletonData","cc.SpriteFrame","cc.AnimationClip","cc.BitmapFont","cc.AudioClip","cc.SpriteAtlas","cc.Prefab"],"uuids":["01ii6mXlpGnZ3xNkbsoVWV","01lHocts5IK4Vzf53qQCR+","02z53OeZVLA7d0sT9wWGgN","03jdykqWJJWpaAom04xTxt","03mjGeUsBFaqUnZ95NsD1o","04PEL7T/ZEyYrVajaB3VjS","06ZAO2NONAA4UBrQoeG4WE","06vfjQWAlBAbO8HLc6RykI","07TjT76pBOc7jTemh5NUxk","07cMFnJ8NLrqDaKrQIy3ms","07mw2B3KVBV4224eFsLxgj","08H7qKTMdIQpDiJAeE3vOZ","0aAsQbW3hBCLlRYf8BPoNP","0aRfP1STROXpIDMdt7Oqd7","0aWvh+eVVDvbE/sOi0aPPd","0bcB3r1ClIJ7zymG+jj2qD","0b977bjXFLGo5AixSxNTPE","0c/CdXd8ZG+b5zrrQ3wZaG","0dQLswEWhDXKqVIw8Vtiq9","0eC6e4t+1Nu4dP7w3b5cn/","0fHDsTwJJOc4mnXQW8L86d","0fPGuyJhxF9pIm0kzuVGJb","0fy7ND+OpFJKSuEoXmakEP","10sI2FkfpAVLpIUZ/QnADU","10sub2y4BCvLO5HFGEusiv","10vthiGu1D5LUPtms46Pe4","11oaw0O1pMH6GdE8HOOGNM","13KFkSR1hAP7xzwbS/tmf4","13iCfmHZFLGo/tB945AWQR","15HPk3/j5E3q2CjFF7/GTO","16gy2mpE1Pf579MBpUi+Iw","193QZSswZH9LRcuDr9IhH1","1bXtdfWrRETJwm4iIaMw1w","1cISwFOFxEPLOCYeSI71lT","1cd7mOiY5MxLCaDJn+3GUG","1daT686gNG/5AF7d/RQGHJ","1da3dr54RMS5kSwNddvltk","1dloZTgRJG8J5Q2it7bu2p","1fpFKkitFLnpQtm3qjMTWa","2197qLBIFPobwcajkECiHC","22ceN+U39CrJPdOZKRwSRi","229zq2aiVP1JPb0VEVGSqk","24kRZbbV5HBaiPqJtzlWqI","24+Yc9ULlMMZvQQyWipr6V","256hPKT6BMXau86TdzZywe","26aTXK/QNCao3SBWdR+c3X","28Jp0OJr5Eeo+GUZQKYgsL","28lNKsuhlC0Z6zBBK7Jntt","2aNSkDiw9M1bR4vcg8eXTA","2crbnn4QBMeK7TzxOLjtYr","2c8kVngA1BWpKvxJ3UGux9","2dSQ7m5/lBQI5jjW9Qq4Sl","2eUZHVHRdMhpKMucsJGG/q","31jiaLHINAjrwzAgrBCFyE","312SNVI95KS5eyYdzRO1sT","32P2YBUzJB8pX1+Ds2gRUp","33NwFrfWlFLZ1JFIBI+2Ox","33QzJPxv1OfasZNvd/kqTp","33jAZXuxxEp73fQRg0ZQoG","34vWgkKchFjKv95IHHkvB0","35BJpdKBxFLJgNE9M3MOhK","35bkw5spJPTKFEwD7YuRQF","35iGZfiqNI3LJV+7M3j9Rj","35jWN3aKNMFqu9PxrTYJkj","36OOAnXk5FxLxmSA9AafN/","37JRDpSMZAVYLxilf81y75","37u7YwH21Ms4yMLqPQSxLB","37wQQtFN5BELAaLprpd+Kr","37w80+F9pNbIfD6Q6vPgl7","38USH89D5On7h98s0Ipikg","38mjN0uH1H4rWgenpicUOz","39jWEXmTVHMbR1L/jYbWGv","3aASlcNVxNjL5Oa3IrEywB","3al7ydydBBHoUUy5u9bXsb","3bO7cdrc1GFrEXb4lrwwRR","3cE7bnsx1Lcq0AShqnaCdx","3cG6ZjTRpNXYZljBy/uId9","3dAuO3hJNHWLxjYKGWn7n2","3dlAeOwVpGe5AzcEDu8RBL","3eHtknNpBE/JmPM3iNF0Ce","3fN3QzPapMv6l1cb/Hn9z/","40bGa6jXNHAJaG8buDGUHd","40l+8qUVFEvLqd7DhnvIXr","401CtLsrhFIqTV/untYhBq","42J3suqOZO86vbaeD7lKiH","42RQc5XFdJA4XY14zyxjyN","43SY160VxNt73J4Z+0jtN2","45cYfp8/lFrrl8h9Hg/0mA","47BoPeXjlAXohziEhaI+Vm","48KhsZblNHKpzjFoSWL/Mq","487KEUSVJMUZvZ3hBPq77l","49ritYRJtJVptaoJyfBeLr","4bu9hXMlVOfLTvPt+7Te0R","4cDBQBD9RPEoEK8o6z7zN/","4dO3j/siNKQ43LTUCaB4Ga","4fdCvoAnBGmLl9IbuKOchZ","4fz7Mbbv1HAL85KvP+qzR9","519Sv7wLFOQqYthm0b4/ou","52Dn3JOqlHhINqHCyZBrf0","54iqtStQdLnJlWxFajrOdK","55Bwahe+hPk4kyvrzIOf+8","55KgwDo4pHSKCrr/Dp0uZG","55nJGyTMtK2rQOVlw76WvK","56XpZppoFMh7Brf0PXYek4","56+OehZIJFSbRAMfUtx/f5","58ZfRtwKRCzYamvkYhYORM","58aMdidlBDKJZs/ruzT7Ni","59QtphqpNOIas+RfxL5+24","59cPK4wc9KuqmhGGJMdpru","59n4eDYwhA8LzNxtETF176","5aXkbLVldF/5X9Kk6BjEhJ","5aoLQB1dxIhaZaNl2C5e0x","5a09ESqIBN1LW/GFsFLmbh","5buaCYwSZDlKWXIzsj65r3","5dwJ2/tu1ND4jlffYM4q41","5e65LVx9pOMLOMsT+tguCx","5fL2OcNHlEqIpk5CGp0rdz","5fQKliZkxEKZlSvwX99F9c","5fYnj5Q9BBIaez6ysBliEa","5fspIxlw1H6ZDEIbrJNfeR","5fySa6z9tEo4I80cNxkczG","60rwkHYotJkqzsSKmEUraN","63lAsJkqJGsbwSgXY/bGow","63/RxxeyNKebrZtReHbTTJ","65HsAGHY1KZpg02wbEgzeh","68Tud1aDFNWq3FQvOybNgE","68nv43ZD9Gcb/njt0yVgfJ","6d8UFd4udP7r223yzoUdFl","6eee054YVOArQRbcemecXk","6egC7+g/ZI8qWK4VZXFNWB","6fT8r8Zx5Eb683snFGRA+6","71KOB3j6dKcbBZ2+BxBnba","71NBnonkBLQpki9mrPReLC","72Gj+QZ6RIp6IIbEe+M7RI","73gjuQo5ZCbIvcerxcqXmS","73yPu/HDxM5prXoRhMONOr","74VzSxM45Pn5zDEyk/+qQs","741ggV++NP/bGytNPzlUEY","75LoP4ynpBI6yYzRk5W4Tl","75T5+7vnZE45Ie/0X0q78p","78dTffHBBL3410tWSVYLUr","781Dn88vJELIpsa4muPQw0","79+Z9313pHP5/Z7/SjQJpM","7b8VK01W9Lt6O+y59/Xfr1","7cOLNnk55KooVPuYZey6O7","7cqeC18RFHKqbFqq1RqoOB","7e4BjePgFMLYgceF65ccqh","7e93KrLjlCL4CS2Peg/PPA","80KcDCCNBCfKms0t1e/OuM","81bvrW3aBNWp1Kfz2mXUA+","81vxwfEZZF96MAemAxA6CD","828mF8NRtHJbIgXbHhdmlq","83mXvkgfdDJal+9MpM5lHB","87zPPFTzhLf4szXz8A5oQ+","88Og5tbwNLbqjac6Vr7jjk","89KwMWVg1PCL/OjQIMQACK","89d44UZz1BQ5FUvEPibiLd","89iFqT4htONoLUmV3q4fDn","8abyPleZxFGql1EF0y1W5t","8adaci3T9HH6UDMb93IsGX","8cghAZog9KEJMsoFXShUxW","91OzOTmYlBPq2jhkDEo/xA","92cPNwMc1NCK8NFH+QUomx","93SUCryP1GL5z/4R61Jct1","93pd50GXhOHYnRQNLhAmYN","94zoIb81tLPpBhv/jNE83v","95QUGHaQRA1Yail5b8zpZ0","95ufd/oUBExKvtJ3AwO/jL","96/eKhrIFNhagPBsHeZZ5K","97X3aSsX5NeKC/6lRyc+Vd","97w/StrgxKt4n8NOxqvZZu","98mkoZqxtALKHn9qj8NKcD","98ph7o8MREbK94Ak6jjB1o","98wLAaxvpGb6MTTrWqhGCo","983TPkR5ZFl7jDNumeapYa","9aa25Ml4hBUr2IWHCafys9","9auFZ54jlPUqUVzVs9VCR+","9axF0qH+1N8Iq47VnhRmhr","9b1vTUpQZLc6wJWxumL3VP","9cZS+WdmNLy5vd58q4jFM9","a2DDyRaixBFr7eGIED/nha","a3jM3LIMtOnba08AT+TvRI","a5MBVz3iFAz4UpIozomZTv","a7csqLuXhIjZUspx6f2+mW","a8x8aJgldGpKlZQoaQZEWL","a81T6sAsdLIpw/n7mA6TYT","aaLLOqbuVKVbG3CqguPEeo","aaxIi0rnZGcakwRcfJ0CLi","adD2PvFZJCCK8qnvUB0Uce","adOtsNbxdD9Lo+ZdRfHG2l","aeUdMBGxhC8YzRskor9KFu","aet0WfIbNICo/7xca54MP2","afk/14Bc9DWao2qMaNSry6","afvCXYtGtM+rwSayLk6SeD","b0Z7Hqc7lAfI9kEUDoqSoj","b1oTsvCv9BVLQXMQdvwkUQ","b2O+T7l3dBiaXOIrUXI5tS","b56IIOVoBLb4CcnqCJmcBe","b6FQpIHOZNlLrhHqXB/Owd","b7EKa2hWtC5JKrdSSipUJ1","b79TfBHFBLHbe4DphsK7uB","b8fXo8TqZO06AyUPkWpKz9","b8ocatkaRNjKsZZw9BWNNZ","b9bUS6BOZHKpgXrrRiJWzf","bbmi+BsK9H95zDlbIJKxxz","bc3GL4wMpArZm66cSHaslR","bd0LN1eGxPyKU1TB+Fd2LS","c0MSOryV9P86PiTSSWnBD+","c12eWUXkZGDpGDaPkKbXLz","c2rpBe+slP0qurJLgrnDT/","c3Qu16PzRKz6r3xNrZ9pZ3","c474XbCxRFspiS8Mchai8f","c5awUBf2pJNpPMMZD4DF4W","c5xajWOTFLFZoqfCJyJRBX","c86khmftFDIaKlPZCIFopL","c9RZXuhzxKfJ8/hVw9C+SO","c9+OCN2p1G3Ly1IkguGoiu","cdBpA31m9EOq6mIehEmfL/","cdq0AFA75Ft7arFVLxPgBI","ceVC/dbVxI0rDdBlx/YcWW","d1D3rWn1xCNadCbnYelp79","d1aqV0PPFIjpztEWnzH5ep","d1mCJQFv5Hv6CNfXpX7kwM","d2IVanJ/lGWYw/n/G8wj5c","d3Qk2kD5BP6IqQcrkb2HXE","d4iLCFsG1LQZ+PzRuGOqq2","d4x0NjE59IZaid5nXrV3YD","d5TRRD7DdGt5U3D621j8z1","d5oV2muRVNq4C0SdJuBiEU","d6I2zcgPdNH6bNQPs3n3MQ","d8AKCQHg9A74Q8rJjEHfCD","d9zxQi16hFX7hU8PUuTLFi","d98Jy51pNPF6HWQg1mMuJ4","d99VVUkDFBOKyS1yfvmKrg","da0+HtDKlKKp9fJYO8dBJa","dbS0pKUa1A9LQ9IOBuP2HY","dcizBwKWFPTpmzJN/gIYZ3","ddyP48sDVPD411buq3Mpwk","deDDCPidlChJtaCqNCjgqO","e0eOzznuBE/b4QlRm+4tSv","e0p8WFMLtJIrAujLcRqKZk","e1kTQ8kMVIDY4jzJH7IRKl","e2CF2WBfNJpYSrFWsEMh5g","e2mfhJ2OBGcqopHbOTGfe8","e7cJPC/vhEbKBBxUF+QeCF","ea5jBSASdCSJqxqcfAEjGa","ea56cAWwhPsoMupk7JJegK","ea/U/4ulNP3o20NPvJQHRY","edDDiFT7xIyJq9UVilSPlp","edbIIqQl1EPJP3u/hY9geE","edhSsFUf9JiYJSTFEbfRt3","f00W2cYJBFKrfJ+9HRxZMf","f1GaqneWVG6poCoVILToZV","f3d0AcHwxAOLW0WsFe3RDq","f3jup6xWlKM6ST8zvFP265","f4Nu7l7nROJJ4U++Kk2KL0","f4rkCSOONF27HhxVhSd4hr","faA9omJhtPJIKVYa4lSU1Q","fccUaAQy5KEII8K7pC7lhq","fdhkNfoehOA6dW64peYCGW","fdzcj8iLBA044h2wZA0UE4","fd7C8AF8xMwqlEdaKs6Ybg","ffbiJto+dP/54DMswUaE1k","ffnDsp3ypEgb1mdK/UNgzC","00Y4n4LftImY8ONfEPjts1","01JXzi/htMUbGJLwWUyUU8","01OMUXkSdBWbgOEF5XEZnz","01QpJKUnhGJZE5zU6RwsM1","01e9/KccFL9quXZ0rFgeSM","01lGwstQlEMa7CUrNAjwC7","02YCJOHvJPXpkD1YLIqORg","04nzPdVolPLIsN/xpA3iih","04oWGW3j9NJ7rDUKYKij0d","04xqgEdoFIyoSgMFdiYQb5","05KIBRU9FJX6dapwoAZnt/","05UwtHW8dHzL2kxO0s6ZL6","05p1FWj19F77+UndvwD/uo","06outIBDJOFLVXZCSrTZ0S","062lNlONpMDKeMMwqGHJOy","069GQPiWFG975cErjmFzQO","07MQmKy3lB6o+qafCmN87x","07y4LssDVKs4PaaD6Pgdhz","077lPWA9tAsIRnwQtSwzO4","08OT07mxtBHow6MlXsHYDy","08aF+xjGZN/7TnAJgQ8caN","08f0DgcZhI5YWfmbZullyC","08+wPk8b9LpKKPUb0Hm+K3","09Ch0JiStCS76UghI8Fwnh","09K6lYWIZJBrZafBpbtJhQ","09vpvpJ4lBAIm2YWgD2jFk","095dz7W+5Dm5kTagQW5mM7","0aN7BBSedNnb4Em93w9EVW","0a+PA5hvBCdJ1eET65cBqd","0bASfnXilJKKIjNBEnlnjR","0bGk9JIyBIg7j1pwxA8W4E","0bHWwaH85Ap6MULcT/opam","0byRsfMwlGQ49scyxdDZtr","0cCewYdAZNPI5OOW8pUR7u","0cbT7qCM1GRKoFHrEZEKwR","0csxjplGdG8YlAnCbycH+R","0ddHMaH1NLAK176dXWMI7W","0dlOoz2C9KTKB5JpS9fzEW","0fcLCJk1dCjpW27ZVHQ3Fh","0fmnQOuABJEL2VX8hWP2NY","0ftoaK/AhLRK7kopxGXAK/","10umrZ8gRIHKeMWzOHTd4Z","1137d6415","11c8460c0","12Y7GaZspNz436ZPE4k0JZ","128aac6a4","1294fbe2e","12979fb3e","123sYwURlBP5GEY7OJv2sc","12ed009b8","132280abc","13craR1zVBrbwNiKX5mpeX","1426b7ca9","14Pav4Tl5ArK9YY57ugFPo","14lBpQsdJIibBDPmaOe8xh","14mlSx54hC1oICmhU+elJC","14xqGSqKRPlKtv7VMGRlFx","147DIOm1VPKJTCuYzUfmIw","147/6a/DtFqLb7AFD991s7","15NpjG/21Gp72S/BpFKwWP","154410c3b","15S697sjBMLYjlZ6CntBd7","15e5253b1","16045f9eb","1667bb70b","16gxBZx1BFTJ0sTKADqZ5g","171b358a6","17W9LW+7BENLzclxBg/TQu","175e8bf2b","17c/dpz0NODrBW547GCVSY","17qf6eUG5Nq74QAFNJsSnG","17b51a88f","177QI8oPlFx5OlqsHOY7pu","17f02528c","18MT5nhZ9IWaM8sASlnH67","183b2672e","18a9w8qQ1O66SrgiKyStBu","189ea2649","18uxfTZEVGY6NIlP8D5j3o","18u6U1HrxFVJO0Pfjpt9g9","19az7bLKpFkpAY4yL7EmMI","1979991d4","199839448","19psyR9J1Lz6+enyHs6v62","19b7288b3","19bc1db73","19zPu5iUdBYoYOcOMqjRQ1","1a488ece3","1aTEmSGuBL9IkrqNFtB2km","1aa8kzh21Cz7XeCYto03sl","1ackT/1alGDKyeusqimCV7","1ahqXzxgFDKLoR5Fob8HQP","1aee7228c","1bCqdvySlIErMw78ep1WIc","1bGr1ajhlNBblkAzvCQFZn","1bO1vB54lPSbpC47NBGit2","1b6a03f6b","1bhr22cAlOcpq5RY4hA9iS","1cE4XECRVBHq4dA2v4ZqGs","1cKU4IUiVEfbhvGC06kxKG","1c61e69aa","1cZbcBDGdAgJxL8uFiG4EO","1cZs+HQsVFZKlaq5E+hgOK","1d69ecdd3","1deilBQWBOvLTQ9nFBKp42","1dacf222d","1drcWO7qNBi7bOpZkJGirS","1dy6fG2n9PDr34hHmlZBih","1d/NYawk9PVL5lH5CqFQbE","1eNMsShhxCIa2OCZP/5pjl","1eZwOaxm5MrYnPNFqqHy6v","1e8860491","1en0iAt2lBda8ldY/8NYKQ","1evASA+sVEfrTED7cfdAJc","1e1mgUsmtMp4oK3e/SYrrO","1f89cd881","1f0o1+3kdMFrh/nJbPZ2Lw","21p8o82p5PNpK3AlC2sXWz","21xkRgaINElbaARYSqitUo","215fHDvq9MNLFtZhKVexdc","22XujeXRxBA6OLVM4sgbZP","229hgv+4hGNLWTBavBGkh5","24LpB8hU5JjbYIOVp9C4pa","24SLXJXC5JU6C03nETLFyH","24bHCegjtKHJLx/+j+Cd19","24fyFD6cRDu5wSd2RH3HdY","25BYfdLtlOaKCrQFNQ6+XW","25Rdehc/JFY7tlwHuL+q4J","25myoFhs9NEKPiJAjv3epY","25189eQ9RDp7PMFBNQwV+f","26ZtAOndVBZZJhiOpY5Mf7","268P31JztPf4acFqrGLU/p","27zSlIxgFDQYPcqVoWwhrt","28QbXcY2pKGZdkHy45e/xY","28gARHcrFAmLlHnRDewBo5","28kc4Sg6lO/qDoVUeF+rvi","29lvmPOQhKpKkiWoWz63Z/","29pVTaDrpJ+IiUjqgwg/v5","2ag0GrNTxMUr9PoV+Ttgfm","2arfF0u5xOa5rYYBrZHQCJ","2azjWNozdHH5u24yqkNTM2","2bKBte3GFEC4i9JNTHvhDA","2bK/i3tnNNLLfxOwvTPD6n","2buBBVuudESKGbSKyhQ1Ux","2b+99pOnlDLozmlPBumYoN","2cH6s1eRJMUadtOVInaifx","2dHXSCYZpAYY02y6Y0yGiL","2dLpvA/n9M5rqiEp6AOLNt","2dSMwtZuNA76vy/YOo7sYB","2dfbh3LYNDk5r8JMbUE0Rd","2d7uLmwpNAcJwdDIW/lK4b","2eJksRFPZMIIsa5Ia+HHuL","2eP+Z+sRFI6qitgbOOUh4h","2eQZqurkhN06huq5NkKZlc","2ebHc9c+9PyKFiWXecwidR","2enoed+WpK/6CF4ak0HAUi","2esBKBfWNJgLv3ynjVob1L","2e6TsHOX5KbLkqEd0kkdQO","2fCXOfaVtBOJWXEQ4DQylB","2fLIdqDq9Lq5Yh6A+3NxWD","2fnuDzqnNAFZNlbLreSZTf","30d6mi4ZFKfYdvs6JDBJRh","30wfO4aAdC6YtPOBCoPDro","31Dk8bji9CY6AK359GzT1g","31qsyDkihNb58c2nN9Stxf","31xd7uffJOzIWl6+JOwDB5","32R2ZKBe5HqYpW+AL1y1UU","321ZxiwHJGEon8iZ0Q/2qX","33LXfLonlEabgRxWJltOSp","33UBqSFj1BAqcTttI5hawF","33e1BzijNM9Jy755iYtGiy","33r5mHk2JAdKIChZFdgb6P","334qHYavxJ24feEofp/dfi","33+uVofrtAvoqkGtvSLEmL","34Vn2qLUZD8oGruX1IHkf9","34eBb0AdJL8oIaPKcNarVr","34ewVpv/xCUoWdAu6sYpFL","35+nHgIRRENo1R2VZ8Y5eJ","36YFXSJTJBf42x0DlEkUMZ","36e+AIYAROmYjFulqqiGSf","36mxtckJxEhb7syTKge3jg","37ywaE4P5NpL/kERq8wC3B","370rs7/KZBirOGa+7Dz+vz","38GLyw8mBN5Kp08VP0s5ZF","38NBseyl1DjrVM9HftyRDy","38US8hLg1MHbPQnMKnO91S","38UcwXdUBJX5r/8y4r8Qfa","386IhLROJBZ7s1zJTveEYy","386N16ICpBW6fH68uJaMgA","3a3jV2d7dIPbFbzxfHCZmC","3bP6C60zlA8KEIDX/xAYin","3bVM6XWppB7aRt/XRsCkY8","3bqAj4dBBNj60NeczsPnSM","3cDvmxkXJE+aBstG1vHvTa","3cUlfV6iBN44E9NgPlMCh5","3cWCG4daVEk7gicrgVH0Pj","3cfR1TYuRFZ6zLqJSVFLQ9","3cwwG0N2JK9KxCGMaN7dkZ","3dHeKc79pAKoWNzp9iwBtw","3dXMiGiIJNxa6LA/f8Q3gP","3dfeRFPNtLwphXIgxxsled","3eL4lwUm9L2LJ1LVWZWzKB","3euATKLcxIgLFTV0aHbr8A","3fANS7+zpNuphvRLL3C/Xr","3fPIF8fvpO6bgi7mnzo4+b","3fTrg04tRII54j3mwJyhSX","3fYiZPT9dOo5n84jLqUd3n","3fwJeqyNhBrJnLMIC3SRWJ","3f0IFRrxlF8L+CHPXgR6NE","3f6NP4cmhPIaAELfVIOsIR","40avEjBwBOe6ao8wrgmsUY","40yYUiNx9AeY0hHntj2Xrj","41ahTHgeBBpIm4+diHDuHX","41yUawkcVDCp+o8LnFBrMT","41ztqPuYJOzrla5BadXXSW","412ZLBh51HwKmJrAkjrW4O","43ld55sohE95q6yJf9xZVl","44G0ObkxtBC7M/KCHbChpg","44YsSMEA5L8LiW+3CZFfOl","44m8XdgtRBq508sr/hJA2R","45D6/gCrdLXYEOFSzC3u9M","45hZlPCR5AoIdghbm0PLRZ","45/AJd1ShFvoEop/ZngCrp","46pVb1q5lJA69LCaJzqquL","47DLlgmNlP/bP4p8B4JXHx","47YgFpejBG5rBRBhaku0oH","47ciom/CBLOYFEDoAXVmjw","47eQDW7OFIApS8NRWqxvwZ","470+426mdMKKV7cAQCGIWP","473i2avaNIyI1CcvYUkF40","48t+3uZN1GF4L7lc1A8v6P","488r4HAr9MvL3upzUyw+SJ","49CBWlaTtCeIKtwp7e6zMX","49ji9LMYlEgrTAwHBe+Pmr","49oUQf9P9EhJL1cnk02Dhc","4aNWij285IEbO6w/QCsPOz","4a8kE6BnxMfaERk14mPbWD","4bGzmrQNNAeZ12YhJW0gNG","4bMmCUDqBEqZtxZeeWbjrw","4bPWsoWMVO245Ehd4/m7i2","4bX8tQmcpDhbD2r+w322+/","4b5fzdR3FAC45+eGRMrBvg","4b7S/H7jhLtJcdDbtN80Mk","4cFlzHCclI8JN0Ad0yDXhc","4cc/2sPcdOZa0mooah28TM","4csqnIeYNApZho3Ki2ydT6","4cy0I+TQJAgqxiT7G+W0FF","4dg9ewiP9J37f+4VWF6u/n","4dvLh1ZKROEYGAAl9YXAub","4eDx32JW9J0K1MwtU6Ou51","4efvmRyABFYKiv+uI3L3d9","4et8v9dkFGTp1tV9zuC9dm","4fWT6R3ahH4aQW2QcXAbnG","50bl9JJ8dHA7klnOcgF8Ys","51a3q7S6VJ4b1y/W91uCpj","51zZpp1JJMfJhihT5yijrG","52TTFSJthKI7C245IubGpd","53hjLFeR5JSLp2ozELF5Sl","53iTNfAU5CS4D2yHRFKULy","53k5p8n35BeouuX+85mn2r","54HWSR9dBJo7LsNpkk2Iba","54iQ37grZAsaIzTQNyMatG","54/oOpWTVDKqqrP/rjn86K","55AijI085A35LfXQkd+Yvc","55QuQFivdNy5yyR6t/kh5k","552xEMKcxBzqvQV5rIbEka","56M4Vip4NFUaAXBxemKVtD","56O0LLS6hK3JbDolV8W11I","56hZOYtDRKhamZk0m6f3HT","57YT796uBFR7Fe9G9xqKwJ","57srEeXB5HW7QjYH0da6fM","57s5nBHpFNxadEeG3Cp/07","57wlGDHvtCPKY8mfd3C2uc","57y8E/hfpF3Y8iykeQEBrz","58JYFMNW9Fua4C/VHK2KjT","58KlhvN/BGqbY6sIOV96EV","59DaKda4RPT4e5qRphtcnt","59QY76g25D2ofVTpJB+QJb","59dYwLqEFOfrWoxcZoqhv1","5aJnBbUm9OAY2AjDSdcuW2","5a6QBe5BZE+IYG4rBIO5nZ","5bF1jxNwtOHbXimO2hb2Fu","5bGGOid2xKAqnG2yaY5JNL","5bKE3HDLNPTZNnb7Mql5AC","5bLIrD46pOA7+boOALz9MK","5bWJYNHbFANowCxQwVqIUX","5b2MXt9DxId56k/9LESt1Y","5ctD2i6Y9PL7UUTkl2MTtP","5c8nWyqQRCJbsdR8ZSx2bj","5dECxdVWRCnrRF3SvIxT5w","5dXtELknhN0rgEsCb7hAwV","5dxW4/8qBDKZziaIpklG0L","5eYOwE+wJPSIBwq48Z8JBd","5fFbppSphADLXe09LNoVz0","60NYO6SStPGLo6/T02YHXo","60XdYpXEpIPaFkaTbdB0XH","604LAdtHRBaLsGZhyQGDTT","61GOUWvOtPxIFpGZewJlC4","61cyPdEfRN047sDK9rO0W5","61/eJ1Dt5L7pQMSJ+Kqqpe","62ADbsy8pKIozUQP9h1Hwm","62ghhcG2dI551ZS/ZkHlZC","63jwYwr1pH7KL5c5rESGzR","632O4hxVRKY5U/00SIQIIt","64oFfvKi5P/K7gDrEXWXcj","6440wzNfFJpbl86iFlyelT","648duVlfpFrYNmF///pf2X","65mcGua21Byay2B0eTXud3","66VijlLbRLvY6M7eMFwiF6","66fQwHV55Fmqj9GWwNY9CW","66jakGN9xElZ9p9zQfzsFV","66rJ3lDWVF2LxnUVX6fnKl","66sWgdvkBOOol6qT7YJkew","67cQnLVpNKgJKXrl+jmwir","67q1kRarJFTJNJNC1BUrww","68+AEVehJKHYF2bqLbmROY","69YqmS4mRGILGMsgyABOcI","6918hcCulOxZK2gBzGWJ9n","6aBwR0Y85KxJ+/PCd6b1JS","6bEd+Qqt9FBoOkQcLKxRWE","6bd7GPihlE25QlcGa0tHT6","6bvOJ3F4xCQ5e3BH9k1htp","6b1PLYfU5ItIaRdbm9ArId","6b6vLCafdAppUmpgHbpxVU","6b82vfLJlNs7+ch3+NnHOU","6c/i2n0gZBLJ1kHYU/JPlV","6eGe5qd4NEYYcqDwDVwLrd","6eZgij4E1Kepm3cRgp64jl","6ex/Y6ULhCpJvoNAf7Ofi9","6fjuZB3DVIsZcBphb7dbYu","6flcoGXOtBo7Qy3NUS95Xj","6fxBwSU9hObL50Akrcx+9c","6f79mA8H1CaqWHgD8Zc0z3","70Kn/d/dRFc49kiXjRsav5","70V5ZPSctF3aIcBJHfZiOh","70rozGYVdOlLjboS8Qe/H9","703FeQ9GFJu7s51+VykKrv","71O/aHQXlPJa6wFvCbHOdQ","71bsia3w9GMo3HlyRlyzUF","711IPHVO5GWKLYDEIbUexx","716y1tVDtCf5dC++fnk6+o","72Ipl4hrlALY4WkLSR6hlS","72dJr7IXpGCYzMzbBMkJOA","72uQprRixO1JmiE2UQaclc","73yB8rD5JFeY+p7sCR7k8e","73/KFCvmNHa4uiVacCqJFu","74BvTjSxBMoob9UTCB3CZl","74dowgV7NPD6U9dGzwAL22","74jmiQFNpGZat+FTBO+5vz","74nH89ddpOC65Zfx8cvmGK","74zCfdb2ZC9otTKQc8Edpw","75EdbVJyxN1ZB2YyUneNFL","75MLVvMZhPbL9X6rNG4I4P","75T3BkeLBJ+JQagjdhypGB","75gMzFd4lCZ4DkHGPWll0O","76TBnHgP9H+IOCCCY1ZdXe","76WKWqm9dGzaWY0WxyPWah","7620XMkcZHabcHPoT9qxPV","77AY428ihG5bggQx1aGMVU","77PJb2vHFN84m4E3d+wcjN","78ElPIjedMFoCXPJEOxIi7","78HNZItNNCC5y7yaYJAPDk","78VxAdKrJGoYi4xfH7zi21","78ejBSkBpGNYfJbpdfr7T4","79BhkFqkdLAI479HumDCPl","79CjqWiGNMk5lk9+xiSBDY","79LzzltrpHI6bFsB+3a1yX","79meKKMZVPQ6NF2p7Cx8s2","7a5sdjFmRPvIa0a2Z1HmRy","7bv1ugeKxM8Kax3ksT0mHQ","7byHRa/TdHNLt64UMOd/1O","7cNftruv9NAo3JBa0AC8F3","7c7aUmI8BD/rfHvHMLd8wP","7dA/axp9ZPAodgltzRGq3a","7ePrNMSupEUrvG1YvWI5p5","7fF2bEt01L0745wy2IV+dt","7fIfC/Xq1KoL/n4jFg4D6r","7fXNSX9kJCwbBsK8ynA+Dd","80DKMkfINNKoteYNvr5PB/","80Z27GFmtPIIE6Vxw73KTn","808NEbEndLWpVUxvpupWcV","81K3mX1+RKtZRg1OLbacBF","81NTxZnsxDC4tPM6XxSpgm","82LVyZ1DFEMq/4uaehyJuX","82wV65WNxFs6KN7w2yWHa6","822jfppMVI6K5uSn+ZqLAE","83gZWlP2BGAL+WQJ0l1IhE","83lEm0fRlE+pvFLsjHn0Ux","843XRV/fxGs7uu3oC2vEjV","85BsIDgMZHf59A0O9dDd1F","85o7YEId1AbIW3Q5CiCbEn","85x6jJWb1EgqPwr/zOBI2M","859oc1c5dP36lv38FqTBIV","85/W5DLIZAZpLA20L68vUt","86ouAx9YVJGZ/ct6QmmGvK","86o9Cdq5NHVIoZ9YWQpfyf","87aw7AgERBrK/oLq/mdRKQ","879OldDDhDwJiZvOapTUFP","88LwPGWfNAw7tDYasurpK2","88RfmsUjhOGZ6xX0r5mOXE","89BJQgvPJPqJzNPD1lflpY","89XLxKAVpMP7+dIqIjbJHy","89Zphb/JREHrSPyU/3k7t8","89i49ZaodPdbVvCCTzeT+n","89nGp9JPJGrrRPQJ0p1RTi","8aKrLFcQNGZpzkoLq/pcF6","8aTFDsUW9Ky7LSbVk4RLYa","8a4hyrh8hDc6whoN0xypao","8bf6czqRxKQ5oFsRhMGVWB","8bmHxLihxPhpI9B+7ZOnX8","8b0/x4CTZNk4mwF9IoXMjf","8b6cTIVI5Cl44sVsGCLrWr","8ctjXf9edGfYMQtJqLe3T1","8d6jM5ra5EsLiD8yE1CwXu","8eTo+dcwhHw7fkPNSWUc43","8ezdkMCV9ENqIanUDZULCN","8ffpN9HxRE9r20wd6bZnWr","8f4S9qlRpDSq2oC8Fqmva6","8f6HxmN+VMa41ZfgeyQA2I","91Dl0CayBHybqUyj8jdcw+","91MX41iqtINYG+9CCxPucY","91PCXjKzhHUphYPvfa3Q5Q","91SuELHWhEj7ZTrdHofmx9","91lqjUp/NGi6cQeHeItpfM","91pIuzlTNOf4AgYxFk2/Si","918T0fslRIibClCHOp6rem","92kzf9p1BMbK3NREgc3fWS","92o9SD8VhANr9UixsnYeLO","92z5T4RA1FFrpra/tt98SC","93HmIHsltKVpUwyh+Fx358","93TiKKKYxFmoCzIlSKwWID","93vNe/gzZMWrxCzxgzuc9N","944t5qPchNfa18DL7+novH","94/lfdOjtG9qQc3ViqIAL1","95TViQ0yJIHLqaJMvwtTXy","95WsMCdbhAMISeLnUNoga2","95pyO4pRhPIabRvg4Wqp1M","95wT+2FABMC6h5m7zQA3L7","95wq/UpVlL6aAk19jEQueu","96KlE6pNdNMrlU2bOkqg+v","96vfp5sYxC+b7WAt86msEy","97YPeJyQxAY64aPzsaS9A0","97Y4+A2apP+qCfeWkbD8BQ","98IutZUL1Pfq0oxN4b/AQS","98Qa94nMVBpK0CxuZzENR9","98lHMXZuVHva0+li5EmIud","98ymA/429I14e7CFBZUHIK","981HvemOVB44BTL8XpHdN+","99B164Cl5KX5NOoDsJkvSQ","99dfHMA0dErZh7biKvDoO3","994nA8gpdPE4Xr0/OcKlSJ","9aHPLy89BMCK91DlXwIMSO","9ae8ca/EhACLJBwyT71Kd+","9aoRnGcutGTaFej0BHWNbN","9asnKC/H5FoaXA5OsvialP","9bH+qhOwZGa679uNIlz+1T","9brNKVYtZJ2ISgoGcTjitr","9c2FslQmRCo5lM0asp386v","9dBAs4gp9FeK9UAjCh/1oi","9df3Hd0DBHxr/sehDQRWg2","9doOT+/k5Bc7JfaZ+7/BCs","9funexXj1OZK8mubDJnPmn","a0AzQWw95HDLa0xGlZhlF+","a0KeKLCjxGOosH3+5jFtMu","a0XIwSofNMKomMBkpDchru","a0aZw4SgZKm43QRMvG22sc","a0rBU/l5FGlYJBF+W1bf3E","a1M4xH+OJBEoL4faCnYkiY","a1WJOLJZlMf49je+ZSkLbY","a1h1F5KdxKe7Ticb7/4euE","a2N6JdBTZEn64q38o54VVx","a4O6qNr9FI4r8d2IsRUS87","a4bRLclU9DXIE1uPUy6ACK","a4bTLXtkBEKLWEKSPke+CI","a4yaTAJmFBE5kqQ3OxNX/V","a5aH7TtK9FKqdc2I1lWUlZ","a6MhM/MblPRoCb1LUMztyA","a6b7LMtR1G4IcooBwXMw8c","a6v9xsqVpKhb/rDL8mr43/","a66sqMhtNCSKBWP1JYxeit","a694iKbUFNQYz0TqdtnIHA","a8WLZ+ayRIbrJh7xu+ZcV/","a8sQ/qLuBJ+Lcyb1kTw4un","a8uZhv0nBAmrb3b3YK+5WT","a9ftADh3RNKo6fcUwqRzsP","aaS7QImPpDpLhPNUL/gf6t","aaktC0Jq1F+qqMt2nDnrXA","abQgTS0sVDeoFRORQ54d9h","acaATIIjdPqpGnm76ELBu/","aceS4/LzNELorUL58Fg1mZ","acltrBNldCqbZzTPx+tevN","adHO5wVdtL6qL1t37kg9gz","adHwRXqK9MXr/U6a2aXi5q","adoZP2dGdC+JqIAC+wyfue","ad0nnV7dlJj4ELxu8APqne","ad27ZJy4JN0InQMBtgrgPC","ad+ttKv6BNnLyOZv7DUJ8J","af3zYmuB1NzJScASfKXeb3","b1VaX0vuhKc6O/IYXEh0NP","b1153RDZ9O/JzppuaeYR/2","b15b6K/mhLhp8SxGFcROHf","b3HkEICh5E57W27Mf1Xof5","b3mpomnbBHRoR5ozjSKvY6","b4H0hPMGxEG6RL8yF5FDsA","b5KhB/FP5E4aEVGLqh1wqH","b5KhQ81UNMP70yF55gvrTz","b5XaN6mVZKS5MGy2EaTBfZ","b6uqfo7z5OnrMml4poQPrX","b7FweFCfJObakZiD8nzfVD","b7jUp2qy9ODpmd6MysfUzT","b8KpBZKb1HvaYAJqvtQVdy","b8xmJi8SJFea/dJ6H07unv","babRkR2rNDUYeP19svlK2P","bamkzL4G9O/asRQRMDngPI","bamn4YAAhAn7jwOaOpmS66","bazf9LenpJo6wkZ2zpBSus","bbMNf4QVpEHbC5o18EPo5A","bbaiSAzYZIh7tMG7SIEiZb","bbjiqd1y1NpoyTmOgFDNf3","bbqqF1RFVA949WFfM1Yqnp","bbzPZrUsJI/7zD5MsqkEd+","bcLYosIGhHiJoCDOetxa51","bccaBKdXpKe7nod/jc1Cnl","bc/lkorIhGla15GUIj2mNJ","bevIPwK3hAJ5GBYNGLH9B1","be1L3h3chKi5ELDFHSctWG","be72yPPmJLO6qtv1F1fVia","bf434O+iFD2JymRqswzohT","c0QzJ5pZdD94Z994WJETZE","c0UfxpIcdG1pssCRg7QDgG","c0fyd0Hy5Oua/KvWQxQt2M","c00IT91V9FybXZGQcl3/PF","c1Givc4i5HqIcK3l/v2wKE","c1MjVkMedDPYWCijlP6jnn","c1/faUuqpEJadDsZd1eH7M","c2Es4QLxFG7L/9UoHNS05w","c2Kz//ddBEgoAIHxSAqaZB","c290QJuVVPCoVZhi16/dN6","c3OO77DwNGy6grlIsXvMYI","c3P2w92sZMW6Y2m0NNSQuK","c3x25kCg5IKI/4/GyPOiUX","c4HCjXG3NApqw8VYZcW28b","c4H9a+d/tJGb+KU7mIAzjY","c4qrC6bkZPhKKRXupKSv4K","c5u9BHGlRCV7UGk7RwOAIB","c58s/sKRNEaZMUtv1hW0tR","c6NB9JjKpCapSQ1Ghh3mMW","c6ev1ZGtdD4p6bZgM7Yvsj","c7BLpbrt1MaaHoz28Fhdi/","c781DyW11CG6LS9fI7Kc3o","c8XJeDMANBqakyPz11ujWl","c8gwrP1txF3aH+4vtXiS5e","c8x4D05WNDaoMDnGhcDBGc","c84CkZhJhF/pvzgCNneAoV","c9vlmPwfxB1J154+fDveGE","caUY62yxRNl5e/mr+UCzHD","caeYwPeq1Cvo7MFLri4HnK","capsqSMItI6I4S8a2gQTd5","cb8R3qGllNk5QfNJMPYgUI","ccgBozRkhGY71nunW3jCCs","ccxubFuoxIgLyGBsF98Xh1","cc0xGm3DhLSLsnTO1F1Umb","cc27auVrBKmK0NVA2zh8Dd","cdziprLn5OfqQUb9q0zTgE","cekl3Qjg9BNKDu4XfZ6oEq","cek5fB91RK0KhshNOYRwq2","ceuZFOI8BN0LTDy6GYmBw6","cfIti3f8NFWKy0vwkekceC","d0LILgDAxEUrV3F+dHjNgX","d0QSs3SHVMH5PLMo4qkA4t","d0TQZ8ASZOOpZ2UTIYbvD0","d0lztm7ftFo7TMu9axYezc","d1nZaIK/1F4IZBBtoKALBo","d15O2pOuxMKK796198QU39","d2ulb8a15K75wjt7hSNyMZ","d3NkTRtHVPT5FpAPgz2E51","d3mJTqMNVDN6V+B1lZZ0Wb","d3uAq5bgpBM7q6pmMqLe9J","d4E/4tYZ5Fj75N8lVXmvKZ","d4mzaXvg1Kn5qMgLhH9NFe","d47aeIi8FEaZKJN1VGfK06","d5Pe8u+9ZOmKHXIwtzb5yw","d5TYesYHtCfJAVOCntChYl","d5jsiIInpL/LA2FVrdjOqm","d6OZgiwcRO05KatYDSgkkr","d608qFRoFHwbXd0Dap056i","d7Lnkf78BBsJz1G+vhExx8","d8/5HMjPxC3Z8qBEU/Cx8H","daZ8zcsJZHGpQ/3Rm2RhR5","dbtdWkE1BDBpzkTvBPqQXs","db7RJWTchMAbwff6TKDawr","dcUaIWqO5GPpd1kOaxhh/3","deQLbTNLhBuq87WNrEQFVH","deVKUY9+RCUrHVgsJcnaeC","de1KILzINNAY70qVHglTtC","dfmIeHuK5AfJw6HgXgSFFj","df/6Z8t5tG6q8+KQRiLRVJ","e0KlzdAypKka0K0kV5gMAP","e0ZwsfUh5AtKgM0Es3P05V","e0y7zv7GdBHIonkP0UgOw6","e1THRN79NDVKKU2WKi/Ct9","e1zQSMBLtKkIeixHlO5F91","e2HtaEhdxAQpBi/PHya4k6","e2rBJ0MbRDQZdLqZ85maPS","e3JVryYlBNAbiQVI1OqhU5","e3Q/Z+BtFLN5h/3LdfrPSB","e3vAERvFhCpocF94e/DcbY","e4LJzIxcJOo5NWK2UM8beD","e5S/n0qA1Orr6Yt5JvKU5Z","e58Hx5NOlAuJbne9VIxOB8","e6K745YpFIQYEm6aoj2YvV","e6WC6Qo29AcqPs5F1eVf5H","e6pdhIV7NMV6FpYUxO6flc","e7JinUZmJCcre46pjO4NCw","e7K0WgCwFOCYjYitBW0GoK","e7K9FH6PNNTaUBkXIr2u1T","e7RlzWdB9CEo0x/wuDUQvo","e7S1rCxXtLWpsLF3SkbKMW","e79iq3E7BEQosFgiqiegUU","e9eXzrnqNJq4H+w1DGLvH0","e9hTieNxRFRrmJ6G7pIeb/","eaGi86tqdKuZQLoRgKgqOV","eaSWIxlPxBq63p4nyNT6EF","ebUcomWqlDTIqcwwyt9veJ","eciYxvMk5Jc7rmlSu0l1py","ec11HcpPJFMppcCx3D25zW","ec3D64IixJl56daCMLXvZZ","ed2JapYqpOop1Ufq0S8sKW","ee4dqLW3pO/4osi5XUcK1G","ee+it6XkNG3I4ApMeSdLX4","efuFYiFcRFPa2XBeU2+T7f","f03g1gQutKBKokBxNHN3EZ","f1H17/86tF7peEA00OAQEc","f1TWs+yVlOKoW+qwioHPDH","f2Ps0xP6pJmIyV/9zQJ8RW","f2Wppyz/BF744hGfpWvp9i","f3Dvhqa8BAxK7d6z98aMjm","f3djJZ82pNxYzJpGaGzV6I","f3f8IAZxtHfKMIngHoiY7X","f4NwrMRhFJR4QddZsfldlS","f4i07gVi9Dtp6lEjjj2s5A","f4yF46jC9ARZDdU4V9XhSd","f5O7kwDO9GPrPlxUDGMo3F","f5kyBoSaZNbaVE1k/q5lQJ","f6CzNbNlJAgKnFdTMsFUsW","f6JLqbBgRMyrQudERyjryh","f6WFMNwzBPrZaCh3Ih1xjW","f7VJyhyr5L2YyFqbeq3XRu","f7YnJXj+VF1peRrDhAFCxH","f84xTzRGpDE7RXyv0jLOwR","f9+G05gIBPwoIYORDSf3Yh","faQFodYoZLB7yMzTxIDcBV","faUXSaKv9MeK+0Ngqdna8Q","faaG1Tb4RF2JESK5CkwVn1","fai2XI131DJa2kjF1IzITe","fa40FkDYFN6rCwLbDgcoBC","fbFHI56ZhNkYqzgIxjFIdZ","fb65tmRs1Cm4ATd39uOMRg","fcOox3seBFPpLnzro1ca6R","fdJQ0qco5K0LhphlhAV6sK","fdUF/lmuZF7aVgndhTRxJ2","fetW9xQZJBlYURBZ8R3MZw","fe4H6F2CNKXIbPHPMiZQl2","ffiDdhk+hPIZzCGk0af4Vd","ffzeKz6GlN+ptyk/f9tEXu","ff4ar23B1Cy52rga0PXW0O","00+n4JschN7aM4aYw+7GOF","01B5BzD9ZOjZz+iaZc+7uD","01S9xpWz1EWofEU6Fr/4cX","018YvPfyNLPoN3k7p+vFoy","02CL3l9UVA2LA6ZI8Dud5K","02IS5jtEdPGqxUhY8BhEds","02ZLcCCdlFqY3ORo1LUEPX","02wd6l669JCrWstoFRWeTT","03fFJukphHzK81YlGMwwnZ","07OnuFDY5C7IEdmvCYKqJ+","07Q2W+PUdJE5KsKZXOC+14","07Y+UrGedPmIrz5jm3YBGM","077bCnNoJLU5d2OFcC6Aet","08FpiPn61COpjcItSSVcPC","08I1TbufRP9ZfBpKauzBJs","08S0X2M1RDTbcn+ymdDksh","08mJK0aFlLtKlVgjVS53l+","08p8oPJzNPDowUJ1qqd1+N","09ubUClvlERrIodGj+Piqt","0a12CmBM5N76E/A6y7zHV0","0eMUwKeJVAA5bMsZtqxizN","0eoFIiVXJNsqN/4YA3nSnH","0eoXvKDLZPHKUg5tGGyr+m","0ercvTiFlPk4ancd2/rbnQ","0fq0cwElRGDqsUnjPy1dvq","0f9TsklNVBQbCoF0YdTUuU","10ii6D86dPiIlXKQoWExhD","11DfrddI1MqZSQHMlZv+Py","12BViUDtZCHYr2yHG2gHFQ","12N52vKi5Ge4p3Jd5hA1vj","128JuFcyVP5b26FZTcWv1P","12++ISDjdHkYEp+Qh9rZON","13ATDehkFLr6t0Bcx/9Grb","14JldgBCJF8Y59Rqep9ftV","14LVB/1qtIpZqJ4q0Havef","14c+DKY+NOY7kzB37iTH6V","16MAe4WSlNSYtoh6du2gdM","16zq0xoxpLNJXtU0uu5jvC","18C//xHm1K56pV06Efwpwt","18KKpJ5bJAAKeNL1UiQP7o","18WjgN77NDsaYfvr6qcHvv","1aIEkHjpBHdag16WiGMs66","1aPeRcZj1EMbkSU/1G4JvG","1anWoYrkVDALQNgy0bHcxx","1a5O189StINoAVZyKeO6O8","1a6kMKn6NC/pMmLWoZ0geG","1cpRn9mTNHOIf3HWcZFwCM","1dZ9cvTJZPd5YaFAKQSsZl","1eL8FhLbhJJquBEFwcMsnv","1ebZ0/yEVN6ZewscD4mlps","1f9TuW74tEY4oVPmt6RZfg","20DFFHoUJOzpPGOmrs1yut","20GVonARNDE6XDgjDtP6zB","20fZWYaPRBzbj+yCYAKJcq","20ydmM+bVN769lFKvCBKeF","21f/unRj9AfqqG0jbZBP9z","21xPn7btxK1p6OaBsUeEwi","218kQu7UFJaorKHMHY5UiH","22HZfM+3ZGKbaaEfleQCmU","22OVcr+K1LgYbJGGp9B+Pl","22/gVufMhITItxe/VcU6xI","23HMC81bdMQY4jVG5wMj7N","23mZNUBr9AIbNHqS4ep41z","230ns7iLFBBLtmrzyr/HyS","24ZJI/ueRD/7nCZbJXM0vV","24aFLGGApJxZ7iQ9+/NLC9","252pJInLdFSIZD7O3PYv4I","265bqjHkJPHrEQQHzZrnsM","27EmWIjjxK6YYWZYWb9kCv","27JT8X4wJKp7HtFu4g7Ys2","27RUEO+kFDVrCLZ6FAXEHp","27WgJG8s1Gq6EJxQfyLFZD","28TQKnc7RByJFXDJNrg2mE","29FYIk+N1GYaeWH/q1NxQO","2bFEJ63mlP/qRAMfqK2Ixz","2bgoUdY3VKXryTwP2q2spm","2cBDZm9OpEJJhCcIgExtkq","2cbt/Q26pMYJBtZBJfy63d","2c2jl//XpLo7G//YY0V1q5","2c43qKGgFIpY7tKVs4Ofsc","2dR0g5BzdCVIxuJtTIu7Md","2d4ug/nX5AfpqG5vrdn7wU","2d6L0elXNBP4HeyEJmbenz","2eMI8V1MdCeauyRJswikBv","2eM5XWMLNGHo8TcTfga961","2ePgxD7M1BnoLjPAeprVzc","2ekUB5bmlM9LZqKz8wG9xx","30bMZ+zIhF4oDJ4F1Wzsci","30pML8oMVMUqNfWhy9qvel","32iznVcYNN6JjiMxVfLx2z","33Skpg5HtLbaJeLRMqjGMr","33c6jIOaVHhKpAbRpYYIbE","34FVw0A6hD5KwYYBuwF95Q","35kVcO6MtDZKYGHmX6SZVU","36K/qNfYFIx4pDaIHPuhE/","36r6u8QpNJB4pnTb9JNU8T","37oPMOprFAd6IAWBYX06iO","38hj3ewNhDEZDtYzyYScmZ","3acIvCPD1BGI6lXq5dAbn4","3ae7efMv1CLq2ilvUY/tQi","3aqlb754BHs6dOBlufmYXq","3axapZc8BCpIriR3nb5HJl","3bKsZQ0nJI1obHZlMlZMzy","3bpJTccrpOmY5EiRS98zsx","3dhfdhO9JIF7gjHk69tzha","3d8v0mbQRFc7zPnGN3NK4g","3fkAi5qV9KyaEZ/XXbahPE","3f2I08gsFKdJn7CVNEzMY1","3f+AZbxwNARbjRcM1XheE/","40IuyuH0BO1YpXxuoyDYyA","40KFLqZJROaJKUb5WHJNKa","40W++aivBN5aGFSg2xo4F8","41B0FrkPdOOrwv/KCQ2GOA","41OzshCO5JDqdsFbZv4y3/","41+1gVC35AsavPJJuT+A93","43pThRMuZDVJTYTcdD1H/M","44cqmawlZAl7Ee50zNTpel","44kyuQ2WVHlogAu84TllAG","44nuNALvNPXIKyd6wgnYwJ","457MZFASBJIr3XTVjJu/xN","458XReZnZJLZ/adm8KKPVO","46GIKFNPdGbarE7mk4nIdD","46tFVTddFEQ53Tgn5h0gMt","4650qFGj1BlpA/Oqa1p+JE","47WhjstFtPmJHdD2yufqeA","48ziwhgyBKJaqOesgR531l","489WfrhnVCqpjcaYg3cUwa","49HVEHd61FVYtnxBJ0sLc+","4aP1KVbahK9aTEJ6tWpYSY","4aSLQ1YHZEqau4yfd6D0qt","4a7oxnZVJL6KIM0MtO0eoE","4bAaAOj5dKi4nyK1j3z1wu","4bsvFNuJ1C7qoAyKt5wuHo","4buFFWiJtAtrY1awNWKVbX","4bvO9ETJ5F3bJvH97wj4ho","4cDm5WArhA1qm+5VLzE3NT","4cbpdW9nNLlp94zSsO+o4U","4cxzqA1JJIyL0lqRtiYGOQ","4d5KJvCQhGqoi9QlM7J8cS","4fQTXn6n5O4a2J+46MbN/U","4fjBfZ9wFCYJigZPdFBXRN","50cbNayjFGsreXam+eP+on","51BozZbqhGW4NVIq/ootEh","51II4gWk5DYpBzmHBcTNcv","51gtyOWkRKHaKv4br/oNX2","52AmG3cTJELKDWBi+uBtbr","52B0Nwpe5C1IEz3oM9siHh","52TCzXZINMfL3w3WQohROR","53ZKxPCupLgYmf7UetqIPB","53ypiA8JtEb6WdVZWtvAVm","531vndneBJ86PVKkLthtlw","54imVnxRhCGqRJIkp0QCnS","55XEVG2URJE6lifYQsRrI8","55dpmQVfFN/oHqcqdSyvk5","57G2VTahFK8JS9ZBTwCkBq","57ln//C+ZFZZsVceQmFdEb","5788OSMMVMOId9OVk62WRI","57/4FGZnhPQqQ9zACtX+WN","58UVTI4tJNK6a/JZmsCawu","58q11I5PZOvo5Oxw0N8vTH","5888H0ezJIJoGcnvXV/l7W","59KmgGJStFb4eoBTVcZteT","5ahI83n7BLjIcaSQG0LNga","5b2F9UOwhOt78QNskEvhUd","5cO7kybDxGj4ipyMYdRYZB","5cUbgYWQxNN7edyhl6U+A+","5dCJbEspJIA7MiAPk5yi7W","5dQej8sxBEALlgNkhrX2+t","5ePau1DgNMo4FAAwhDgQjo","5fcFOvV8BGDokmZbl/s+mx","5f3ZURpCJAi6myKlWIRMjG","5f5M1DeQ5Oe7nWbW0qSgmA","5f5dyqtRNNxaFmVzYns6FZ","61G9dUYw5Ejrq0ngyu3J2H","61R9FJky5K4LIZ4rkYDGo5","61XYGnip1LHJjMhXu+Aq7f","61ouljarxDLaS5OMyeftkr","61weGJMgpLgqNcl5C4nXab","61/yIqrEhKHJud0vxxk5oA","628t2sZ+BOSr3H9XaDrpWW","63mmDmmcpI+a3z1DHB2nWz","64nYAuaOpHapBYCIj8rqn8","65TehUSLdK7bOWWif1EoqP","66v0e1YtJDNZQtfdwWyPkF","69iACv4i5LuqIzLc/cNrc4","69rzq+WwdGqoMVZBNRV0NN","69wulLkxdCN6UhuPAR+AFY","6aKhluHa5AqJ4R2cC54hVY","6aL0JXjSVKVZWkA37tFBwq","6aTPizDj5N2K+xzcKkoJ6f","6aWEfCuE9KQb1n3T0y1h2t","6bA+FsV7FIIqC1nWQQcYo9","6bZfaD+0ROzYlmoWbhlNfH","6buYjDIi5KBppT6HgY4BWs","6cQVZHQuFJM6ZY2T4jRUn9","6cbHzqU91PwoOHqzB+GTqr","6d0yiWC41Lt4Nqd8h1Ifzz","6d4WRlxflMn7ckQQflrSgD","6eX45dAGRGXqNCScRzYxjA","6emSJf/upG9b5ULdQTYFvs","6eqpgBZnpB7rNbX6FoXIKz","6e/LX7LXVKXZc9Ugaf+XKv","6fYyhGO4VAcJP+HQnqEa9h","6fqASvVXJInKLMAna7PuJy","70PL9iI0tPG6CgKjeyLkSU","70bJAIjkxBcqjb+JJibnQc","71WsLEVOxB8Jz/09wRyxii","71xhagzktIz4dNo6i+4Fb1","717ljUSTJCebUD/SqUGLUV","72BuelIPtOkptkGRc+Tb1y","74KPY/lLtCn7KY/BjUmPY6","74s2TKlCNOiLlOB+ayS2NY","75XTmWDzVOyoiIUEPH++1N","75lV4nuKhJDr4L68v0ljod","75tFZ6NKJESaWwFIyORYd4","77XT+37HZAwrtfipRtc+3n","77ljbaR4hPrZdFamD6e3lG","77mMz80adFB6baNHmkqm7s","7772tXrxNAA5M1LhX46Q7/","7a/QZLET9IDreTiBfRn2PD","7bIP9o1RhMq4oZEHIFQSTs","7bK1JP9jtGdqavuRnwUt37","7cRoMA9BlDqJYPvPBQvtkL","7cc5laZ9RGraioTYa0zlxe","7cpqFBzCpLoL79qa+2QOUh","7d+snUMplIAYM2ourOlFi1","7eVwy3rwNDv68jCckDs2f1","7fO+5dP/BH/LvfG/h50Sln","7fPyp24xhGRL/gs2ujDV3Q","7fak/pt8RJf6cFXZg9P8LA","7ft4CvdEdFhrrPPBVe5rUV","80mGorCPhLUoK18RqKAJ6j","81RYE2801EEKxlD1eByCxM","81SJGp7b1B4J/mI9xtQOcm","82BUDj3JJPabj9Mq6rnqlU","82gZpEN9xHNIfZeK6SdkHV","82hMLmh1hDiZBGBRpJTuJf","82jmItWiJI+pB8/Fbhj1D6","823BxqwMdFdbp4e4bZHMKw","84Q7ROakJJCJ4RlwxrMkiT","84zmQu/TZHG6jR5cOAQ4qW","85t4n0dVRKE7qIRNhechRA","86IU8WxP1BnI7AkJlLJVOa","87zvxdE05KDKRIIeEH6ZQm","88N5gDe8VOEagCmKpIU35F","88cWfP7x1GPraOJrowyQF9","89tb9vF2xD34uRBuuqq57L","8aMTbyv3hI2rSYbr3YSuX2","8alu6dTy1AWL5hAMOa+a3T","8atPVUaC5J8o7cct6Y1ua2","8bb4YkaqZNqrptYDo0omIq","8bmP+QxlRPDZK8MtBAUD2F","8dF6ofTHVKs7wEXUBc1TOO","8dausa6gFEipGp1ZnV0BeO","8dfZDMOpVCf4FoG+8NfXH+","8e7KMsMhtKfJ5Pb3WhHwf6","8fhgOKT6JBjrWy+iO6+Uxg","902jrw6aFPprC+YU9l4NDv","9093jPC5dA5qnr5OSApBo1","91DVKgeg1Fq47ZPYUcnGmz","91G3QxGg5HZKP1nnJTH+IB","92DVb15gNCr7ZNco8MmMSp","93t7SpDLZDibqf+HMJWVmT","938TiGv5hNgbaBSt/tmhe5","94SjtlWOBFKIuFBFL7jwpS","946qg3m/tHQpQLH5LUskUH","948fSgLdlHU5riVHaHCIZY","95WsWxEftBzq3CesNnmcpK","95fMajCeBKop928KxuXh3B","96fgNrSkxMFb9Ibc/bH9qX","97co32hrFO+4jykWN7dW4O","97qyU7/r9GmrxDs1cWr3Uz","98JlIgLeZAIY83YWYQy6Sl","98e+ofZcJL/KQNm0Q4TFsQ","98honMeA1PibqXLtAxneH2","98p+rp4mJE5qM+L0dOLkSs","98rPZ2h4RDH5SHIGbBEWT9","9ayJMptjBAra8N3pepzFz8","9cWX3JwrxNt76jbcnlMII2","9dAriMSsJA6rMYucTi3vLh","9eSA83y6pI7KnfloFUybVO","9f85TV/5NA4YvJKIQGkMLD","a1Ku8gd3dDw5NQlgcZSlWW","a1OO/w5xVABKL2j/+ZvH9O","a1U5RdJRFMFL57BdJC9H1X","a1YT70KEhBGY1mtLKNbfE5","a1fN7CAwFCubrC3lyToKIB","a1lYp78OpIDKnBGd4KmD1t","a2MjXRFdtLlYQ5ouAFv/+R","a2R3svMJ5HHYprLkkYGIDw","a2ZgaSXidElaNC443Q5Nib","a3S8arXopKo6XD7KsHBKy1","a3gF5ihhxPa4K2A03rqQN4","a3qhv52ztHhLf/1RvB7Agf","a4cjz9R5BE1JPO3LGIT+VN","a4lb+EvIpOO5hDQH6g44RS","a5Kdbq6t9G7IxA4dnfuJs9","a5jQf2XplOPLT5qxqi4jrk","a6eGE/SxpDBKbnuoDyj7FK","a67+ReuiNFC59G4I+rJyr/","a7Mhd9HmJJwbvx3oFDJeid","a7m4UHN+9EUqE3lz36nvZl","a8MYQW79pL9o3ti9HWV0XI","a8eVHcC/hDHbgwgSPROsYm","a9CSJqLBBArb86rxL9+TJV","abKaWFbs9NnI+yXX6G8LNF","abnxmhE1dMH6eOK3CREEsW","abopQXJw5Pi7rFGiO0qgCO","ab3KOFkxRPXLpivPOt4SqH","ac2878K61EX4NV7v3j/i5Z","ad5qi+wW9P8JUxx81MLtN4","ad+b6LJ9dPj5WKJW3FayX0","aenBoMHG1Bh7b7aRAmRjSe","aesESEgfBNcK3DAYNIp8Jd","afucSXtfxCabK+LdDnVAFO","af7U6EFotChalq1haYruRo","b00RmGTShFqajl8GlY7+b1","b1gyC6POpGwYwHtJ5pJSoa","b1r89ARQhDVIcg878D2jwD","b2LPi9osFCBZF2WXJzOWp4","b2N1PR3MdKIIg7dbPUj3gV","b3gP6GlElG5bB49TpH4QKk","b5R4iIDBRIJLyZ+YvcwdrU","b5+oXRk9VP3a6SibsB/0i1","b7PaHWPaJA771N3dvjwfmo","b7T60Q5ChB6IidHusIHxAY","b7+NzwxoBKjbu0Fdf/Jztn","b8gzhH/kNLBrGWrjKO+zP0","b8mX6LaU9IlYb1d3iUzaZJ","b9BFPV1OdOUqy/0ZqwQ3I7","b9NefKbHBL8bZuMbuDJpG2","b9oXQNXqRIOp1J0C07TUgJ","baJSzIKhFAc6C6Cmk7vtid","bbgnzp655Hkrfwe8yz3UET","bcLhGoKOlN3JkN8T58ao0q","bcMMfGIB5MX7xSzlMu7XwD","bcVKzJd/5Ftad0y5kxL0xp","bc3hwycBNFH5OizCPVJqMs","bdNhlE66NO9IR6BNRAWhvu","bdlPJ3NZxLTJ2IhyEGzry/","bdzapiK1hHRrVkFqe/gp1u","c0MXHu/e9Gr7ytjcTBkovE","c0SqvRTeBBJrnFKsPypjor","c0hZCDxzpKAopRbFjMt8W9","c1BTFahV5HC7QW9G4bIO3J","c1Su+2PmhOo5U/IVQUTCCb","c1ZQszeVNBQpvWe5Rcqtzt","c1oaBAP7dDmZjxh9ct8smr","c2GdbIPcpNSZ2C1n6QhEjm","c3naJMsb1K96WWNDyu3I85","c3w3ysa5ZKz58WcCQ9gVY9","c4G0QGGRxKDZyjYXxId7Sf","c4YJiFpmRLl5AgI0sHZxKx","c4bi2EvIxLf62wHbAw0wqw","c5G8dx5jBN9L2BJz/glwzy","c5ueV2aFlMvJ7DukCjDAPJ","c6Lm2W2QVEJ6bMex6DsxpR","c6j9OYdtNCTpTykSQTGPKE","c8V+ImDLtEhYQqKTgonvOY","c8tq0u+8tBB5sh6mDtnZE/","c8zcNs7etPnb3yEewm/vJU","c9nyUqiaxAWavGatNuz1XH","c9v0O0uVhKk4LPmWKyMWVY","caHD4BH9xPDYgPZeYAUvrk","cafr3K4xdAA7EOyiL/2brA","ca3yzCfEpIZqSHzTnQKGVA","ccaDTSwxRCN47gT8uh2J49","cc6dNHwHRItqzGNTKLSWba","cdmHAkfMxCI6WM8+KJoaAz","cd5wsQiq1KM5Dai4n8aSMT","cfSF89zR9NN58uY+1mo6B/","cfhq9sOg1Lb4jn3sDOUGBJ","cf/V/xVKJKtplk508nBIxG","d1bVsECpFPZJN/A9yyLhlu","d1x0KyI1xHIqhzDMJjDQyO","d2aBU3v8NJDKiZzT3utRRJ","d2jna2hzpKuomgkzm518cf","d2kA9kBXtGIpCYdXBRiftv","d22Ir0KvZIDJ1x7Aik7qB4","d7T8DtCzFOsLhyEl9me0DJ","d7Y104+qlOcaA7Z7zFeLY6","d849El661ElagCFdTxEL++","d97edSbZJDU5ajVrMo0le1","davjBfg4REpJyYpGfkPyDW","dbG3aRDMdO+JAcdRGWvMcs","dbRysDGvBIabjf8irX5TKs","dcC8t7SxBB14vhwAPJj50X","dcPyxEC/hKJ4QFGtipMJ7t","ddeCpHtedGVo0yuUbEublN","dd9osa9FJODb6npFYbASNz","dd92zywT5BzLqtrqR5mz/i","deB6uoBghIwIaIhtciahh/","de3rRgQtlJAa41Aqq7TbFD","dfd9tkH+5Bzqr4uYbSetcx","e0BqW5Mc1PbbGvxHsxx+qe","e0gbQ2kkxG2LrlwaCITe28","e0sbXGrMtG0K28Tx6yWWbH","e0wG0IO4JMyIzRwVM/G4k0","e2sY8ZyWpEIbnIE7y/iEAI","e27s2+BxlBcI3fy2CcU9Yg","e28IZLigRHILSVZVf+k0Nj","e29B8YI+JMho3vAaExjwa0","e2/rCEHWZDYIYu6+Nj0Izo","e3ThO12phE/ooDGJcpJarG","e3bz9Rm91GOoH1y9qASdE+","e4Wo4InedNIanrj+CYejUO","e4qmemOcpLEYZahcdm39o/","e4wmw0wDlG35MSHBGFuRc+","e5Dt0PFF5LpYJmXIlH++gd","e5Icq2WQ5Bw6bQA5Fl5H6x","e6GqqpSu5MwqHufTvauJJr","e7ZkEJy9dNB52Gvz/918V6","e7q6FL+VZEgLJUjVeDLic/","e7yU05Jl1Jmr4UnBhBNM/A","e82U+0GFxOybr1lMcVyfum","e9Qe9YLFlNGr0z4wBDhgXH","e97GVMl6JHh5Ml5qEDdSGa","ebEvRMMm5FWo97qenYtzWd","ecpdLyjvZBwrvm+cedCcQy","ec22cXKtJElIAwBo8WrZTN","edJU2pZD9HNphPkixpGblZ","edc4b0iXBBc7ABQgFP8Knf","eew2xMIO5Eua3E487/TaQI","efDM6xMqFGSbTaz0kpjSkc","efEgfGCrNK/IXxcgrVx2/4","efQ4B0PLtOnaqJe28qsH/O","f0BIwQ8D5Ml7nTNQbh1YlS","f0zFtVvKtDHZPgWSABusVb","f1DgDMSttCkp77bPsXYHUj","f2HKPuSoFCS4N3Su1S1Xn0","f2TEjVihlCSJHQU/oYGQ/D","f2UY+zEUJOYb4m2h46XaiE","f2jH8/Ii5M16yJlvfheqXF","f2jYBRpItBPrA3abro3B6h","f3D5oaBTNICYUdRl/8udEf","f3XyAUIchBH52fgw6NaKs8","f5AuvEHH1MvaWCU1ie7gdC","f53Cs/16tEB4KNK6dONsbd","f59Fkv/IxDhZT81EYIz4mX","f6kHUY0d9LSKhdgtBCdhm6","f6yLs0hplOm5Mlmp60Xl0j","f7IwQShthA5Z3nZuEPpLW+","f7MRdwY21AX5ZdqdG3nOPz","f8Emz4TeZLergq3SOpJy37","f8MSRBNBtJ0oj/01RgmboA","f8NR55hhFHFY+jVRZKkYmu","f8UQO467JFJ5MAAX0kU71F","f8lSomnFJKjI8eAKUEIUsP","f8upQS8GJDpKDJruBccm/Y","f87W4o0OJIDLUlGKUCpe+S","f9CEUC6qNC857K2+3RyrjC","f9xlhPDutCYaSlW/PpS/6V","faIneomPBG4ZpONjThdkww","fbdz+uDQlB7YE/VCsdyg1g","fbke23IVdDjbe0rHQIoC4U","fcyH9yhBdBpZoUcUqxLCQy","fdIOfkcMRBwZbIBWi1n8HD","fdLX3JSy9LnINjom3ZPrEH","fdqjro++RE8qFZEg61ORCd","fdtFCjM7hMrbjIBUES8OPN","fe1oUzmEBALayI4/paYWRv","ffbkKddqNJnIfMpjwn1jUe","ffjr8+UYFDY5BaE3NCWjds","ff3cdd8MBIcJ7vGsBbgFQ9","ff5RyiZEhK5IMCbX1iTpmC"],"scenes":{"db://assets/game/mahjong/scene/mahjongRoomScene.fire":691,"db://assets/game/mahjong/scene/mahjongScene.fire":861},"redirect":[1003,0,1012,0,1029,1,1121,0,1146,0,1149,1,1165,0,1214,1,1218,0,1323,0,1342,0,1346,0,1348,1,1356,0],"deps":["resources","internal"],"packs":{"0152d1d03":[301,450],"01b82ea9e":[280,292,449,474,482,547,683,725,751,772,863],"01fcca991":[297,298,318,320,366,491,521,557,611,652,659,661,666,700,767,793,824,827,905],"01fe33994":[481,544],"020d29350":[484,719],"0218db98f":[338,340,582,718,794,847,870],"023536797":[470,533],"023bef0a4":[269,408,583,606,608,777,784,818,825,910],"027c85577":[1094,1102],"0289789d3":[750,802],"028aeb111":[383,387,505,923],"02db763c3":[492,496,743],"02f246e06":[551,856],"02f43e709":[272,722],"0322981f1":[322,390,466],"03f2418dd":[373,685,715],"048191383":[354,407,451,453,490,566,570,588,660,686,728,762,814],"04ad24780":[665,828],"04f87cd53":[431,764],"050719f55":[406,574],"05c8bc828":[576,637],"05eb8b4bc":[799,909],"0620d0ee1":[995,1272],"0629021b2":[284,344,398,410,443,477,488,512,573,742,776,798,841],"064471734":[279,402,517,626,724,733,748,852,854,883,892,915,926],"0687adadb":[549,653],"07429453a":[275,293,403,412,432,457,531,553,579,628,712,801,823,859,881],"074a5609d":[302,435],"075a011c6":[294,342,362,428,463,602,671,681,693,781,795,826,848],"0790e6047":[0,3,4,8,9,11,12,291,16,17,18,22,25,306,307,309,310,311,313,314,28,316,324,326,327,328,330,332,335,337,339,341,345,346,348,349,31,351,356,32,360,364,34,367,36,37,369,370,375,379,38,40,49,50,51,52,53,56,60,64,66,68,69,72,75,76,78,79,84,86,88,89,497,95,96,97,98,100,103,108,111,112,115,116,118,119,121,562,125,126,129,130,135,137,630,142,146,156,160,161,163,164,167,170,171,172,173,710,174,175,176,177,178,180,181,185,186,752,188,756,195,196,199,200,201,203,205,206,797,212,811,214,215,216,217,218,221,222,223,224,225,227,229,849,238,239,240,243,247,249,250,252,253,254,256,257,258,261,263],"07a335acd":[312,388,417,439,515,603,607,634,704,736,769,844],"08101b6b1":[667,730,820],"08731c86d":[414,720],"087d9b33b":[935,270,958,308,321,333,352,385,392,415,445,454,462,473,498,1063,510,540,546,552,563,577,585,587,589,599,600,617,618,625,635,1153,638,1161,1163,648,662,1176,688,706,1202,723,734,740,760,768,780,790,791,1274,803,1284,817,833,1311,851,861,1330,879,884,897,1359,906,920],"08fa6c9f5":[350,502,514,913,916],"0996eee3e":[620,698],"09d579439":[572,878],"09df970a9":[290,365,377,389,411,421,426,478,485,511,527,539,605,629,639,670,678,696,707,708,713,714,738,747,807,836,850,880,896,911],"09f2d4d28":[469,493,509,656,900],"0a0a3062e":[334,1066,542,682,1225,1255,1256,1358],"0a46d56a2":[771,917],"0a5e834e0":[304,1193,737],"0aaf45210":[276,305,384,409,452,465,518,596,604,615,842],"0aca168b0":[277,282,295,299,325,329,331,971,382,448,471,500,1072,534,536,1099,1126,619,643,691,1194,857,866,899],"0b2b6f5b0":[430,494,886],"0b3bde27a":[440,567],"0b6ed8a88":[391,663],"0b7c3974f":[374,845,924],"0c60baa59":[930,931,932,933,934,936,937,938,939,940,941,942,943,944,945,946,947,948,949,950,951,952,953,954,955,956,957,959,960,961,962,963,964,965,966,967,968,969,970,972,973,974,975,976,977,978,979,980,981,982,983,984,985,986,987,988,989,990,991,992,993,994,996,997,998,999,1000,1001,1002,1004,1005,1006,1007,1008,1009,1010,1011,1013,1015,1016,1017,1018,1019,1020,1021,1022,1023,1024,1025,1026,447,1027,1028,1030,1031,1032,1033,1034,1035,1036,1037,1038,1039,1040,1041,1042,1043,1044,1045,1046,1047,1048,1049,1050,1051,1052,1053,1054,1055,1056,1057,1058,1059,1060,1061,1062,1064,1065,1067,1068,1070,1071,1073,1074,1075,1076,1077,1078,1079,1080,1081,1082,1083,1084,1085,1086,1087,1088,1089,1090,1091,1092,1093,1095,1096,1097,1098,1100,1101,1103,1104,1105,1106,1107,1108,1109,1110,1111,1112,1113,1115,1116,1117,1118,1119,1120,1122,1123,1124,1125,1127,1128,1129,1130,1131,1132,1133,1134,1135,1136,1137,1138,1139,1140,1141,1142,1143,1144,1145,1147,1148,1150,1151,1152,1154,1155,1156,1157,1158,1159,1160,1162,1164,1166,1167,1168,1169,1170,1171,1172,1173,1174,1175,1177,1178,1179,1180,1181,1182,1183,1184,1185,1186,1187,1188,1189,1190,1191,1192,1195,1196,1197,1198,1199,1200,1201,1203,1204,1205,1206,1207,1208,1209,1210,1211,1212,1213,1215,1216,1217,1219,1220,1221,1222,1223,1224,1226,1227,1228,1229,1230,1231,1232,1233,1234,1235,1236,1237,1238,1239,1240,1241,1242,1243,1244,1245,1246,1247,1248,1249,1250,1251,1252,1253,1254,1257,1258,1259,1260,1261,1262,1263,1264,1265,1266,1267,1268,1269,1270,1271,1273,1275,1276,1277,1278,1279,1280,1281,1282,1283,1285,1286,1287,1288,1289,1290,1292,1293,1294,1295,1296,1297,1298,1299,1300,1301,1303,1304,1305,1306,1307,1308,1310,1312,1313,1314,1315,1316,1317,1318,1319,1320,1321,1322,1324,1325,1326,1327,1328,1329,1331,1332,1333,1334,1335,1336,1337,1338,1339,1340,1341,1343,1344,1347,1349,1350,1351,1352,1353,1354,1355,1357,1360,1361,1362,1363,1364,1365,1366,1367,1368,1369,1370,1371,1373,1374,1375,1376,1377,1378,1379,1380,1381,1382,1383,1384,1385,1386,1387,1388,1389,1390,1391,1392,1393,1394],"0c6f7296a":[267,317,359,444,507,513,548,568,601,636,664,673,727,739,800,805,816,840,846,864,889,894],"0d567b1a7":[705,763],"0d6bcc860":[395,890],"0dba237c3":[401,732],"0de58bbd2":[569,877,929],"0dfbd7522":[729,888],"0ea53f7f8":[438,593],"0eb43f3c2":[1302,1372],"0f7266492":[621,711],"0f95bf6ac":[283,296,399,479,483,516,595,669,672,839],"0f9b78bf0":[782,867],"0fab2e6cf":[264,437]},"name":"mahjongBundle","importBase":"import","nativeBase":"native","debug":false,"isZip":false,"encrypted":false,"versions":{"import":[265,"3534d",266,"8ba00","0152d1d03","24d65",268,"fd335",1,"fe07a","01b82ea9e","56eb8","01fcca991","82716","01fe33994","9fd1e","020d29350","f7e1f","0218db98f","6c7ff","023536797","fa24e","023bef0a4","36759","027c85577","c370b","0289789d3","663ba","028aeb111","48a74",2,"b01d6","02db763c3","d6e52","02f246e06","bdc88","02f43e709","5b49d","0322981f1","77cc7","03f2418dd","02b37",5,"79742","048191383","aab57",271,"83837","04ad24780","9c60b",273,"72ed8","04f87cd53","ff658","050719f55","94b2e",274,"0a5a6","05c8bc828","2fa30","05eb8b4bc","29543","0620d0ee1","45971","0629021b2","57c3b","064471734","9a20d",6,"a7992","0687adadb","ecd7b",7,"d4cb5",278,"42047","07429453a","3154c","074a5609d","1ce94","075a011c6","1eb81","0790e6047","8ac54",10,"20ee5","07a335acd","7237d",281,"ad0bb","08101b6b1","ff88b","08731c86d","adb2d","087d9b33b","2e529",285,"07934","08fa6c9f5","a3bb7",286,"1ef3d",287,"8abeb",288,"487a0","0996eee3e","5b2ad",289,"0ceff","09d579439","3f7ca","09df970a9","ec329","09f2d4d28","6a6a6","0a0a3062e","9f7eb",13,"8823e","0a46d56a2","77417",14,"2418a","0a5e834e0","64856","0aaf45210","89a7d","0aca168b0","efa3d","0b2b6f5b0","0fa86","0b3bde27a","bd6f7","0b6ed8a88","e8e58",15,"0bb60","0b7c3974f","9eab4","0c60baa59","8171b","0c6f7296a","35edd","0d567b1a7","7e11f","0d6bcc860","fd913",300,"2792f","0dba237c3","95048","0de58bbd2","d0c38","0dfbd7522","e5042",19,"71399","0ea53f7f8","09ffb","0eb43f3c2","1d2f6",20,"90599",21,"c30ef","0f7266492","7b41f","0f95bf6ac","79f27",303,"78439","0f9b78bf0","9e189","0fab2e6cf","00e28",23,"56e1b",24,"c0491",26,"0a900",27,"e5492",315,"9e206",319,"fd144",29,"9c52a",323,"d3b19",30,"5425f",336,"46eca",343,"2c1c3",347,"c3afc",353,"ed3ee",355,"3a4e8",357,"51b10",358,"bad83",361,"e3b26",33,"94be1",363,"6a905",35,"3de0e",368,"94ecb",371,"f25a2",372,"a8ade",376,"2ff15",378,"31434",380,"e89c2",381,"79a00",39,"9c881",41,"a20ba",386,"eaded",42,"a5147",43,"524b2",393,"eefaf",44,"f8f9b",394,"4e457",45,"5959c",396,"2fd38",46,"fe802",397,"e910f",47,"6046c",400,"e918d",48,"afc19",404,"3a00f",405,"8839c",413,"53bc4",1014,"a1bb1",416,"d209f",418,"f7da4",419,"315e7",420,"77bef",422,"a26b4",423,"32036",424,"05924",425,"3d0e9",427,"0aeba",429,"68b2b",54,"6921a",55,"f30cf",57,"90ece",433,"05a58",434,"ea3af",58,"7c071",436,"1dae3",59,"27d27",61,"0c210",62,"60e59",63,"5340b",441,"7d65b",442,"4036e",65,"9ca9c",67,"46a40",446,"9851f",70,"1bde7",71,"e61e2",73,"cc52f",74,"ec7c6",455,"90f10",456,"6de51",458,"ca2f2",459,"8cd13",460,"d8d70",461,"681ab",77,"06704",464,"cf8a0",467,"e56bc",80,"698e7",468,"8181b",472,"2fd72",81,"c15a5",82,"ef55e",475,"bb342",83,"5d350",476,"a60cf",85,"fff52",480,"2e033",87,"d5d98",486,"ee429",487,"1f812",489,"7e262",90,"09b0f",495,"54a52",91,"556fa",499,"e5cbe",501,"7ca8c",503,"aa3da",504,"d10d2",92,"3a573",506,"d10e3",93,"3af75",508,"33c86",94,"9784d",1069,"ebeb1",519,"bb8ad",520,"cecba",522,"75775",523,"70d36",524,"b9b54",525,"a25db",99,"3704d",526,"8b398",101,"3bcaa",528,"c3d21",102,"d05a4",529,"69f7c",530,"78b80",532,"8ebdf",104,"5ca9b",535,"7e0db",537,"84f22",538,"e36c4",105,"16ab9",106,"db7b5",541,"aa30b",107,"1383f",109,"1f49c",543,"5c02c",110,"10140",545,"cff8f",113,"ff47a",550,"743e8",554,"1bb88",114,"74210",555,"06937",556,"fdb6f",117,"f50b3",120,"02dd7",558,"77396",559,"1ee40",560,"b3277",561,"4dbb4",564,"f6a64",565,"7aa42",122,"65e4f",123,"eb0b2",124,"f4511",571,"fa710",575,"e2506",578,"17b43",580,"f3518",1114,"759e2",581,"03f2a",584,"d4e53",586,"471e3",127,"2f42c",590,"59548",591,"914a3",128,"d54b9",592,"f964f",594,"28138",597,"3ecd4",598,"8fdb3",131,"19061",132,"85e94",133,"e7ce2",134,"326b1",609,"19102",610,"a6a13",136,"99e36",612,"8e0f6",613,"52a7e",614,"e1668",138,"c3a5d",616,"e9a63",139,"38f43",622,"c87f3",623,"75d0b",624,"6d078",140,"13eac",627,"98dad",141,"4b3fd",631,"a88b3",632,"8eb0e",633,"4e281",143,"99616",144,"4a07d",145,"1fb16",147,"09679",640,"672e4",641,"abac6",642,"50eea",148,"75a0b",644,"8d62c",645,"ab237",646,"ad1e9",149,"c47df",150,"cc379",647,"4f973",649,"ac5f3",151,"c65a7",650,"bb164",651,"ae694",152,"eaeed",654,"4b0f0",655,"d89fd",657,"9e74e",658,"94762",153,"c66f4",154,"7d4d8",155,"d8ca1",157,"4d82f",668,"25bbe",158,"0ea5e",159,"9bd7f",674,"07f41",675,"1b5b6",676,"2ebd3",677,"7a66c",679,"4d875",680,"6223e",684,"1f368",687,"3d65d",689,"e87a4",162,"bc2b7",690,"475cc",692,"0e6a9",694,"c3294",695,"00dc1",165,"59e94",697,"ea140",166,"e633f",699,"fe2f8",701,"cbae5",702,"01fd2",703,"042a0",168,"cef5a",169,"f3149",709,"e61fd",716,"0f1a2",717,"5ce83",179,"c13d0",721,"96b9c",726,"8ab00",731,"36aef",735,"15c5d",182,"ec424",741,"ce349",744,"f70b3",183,"e95c8",745,"36fd5",746,"d67d5",184,"54209",749,"da87e",187,"e8656",753,"7814a",754,"93c0a",755,"19358",189,"f5a2a",757,"42850",758,"9b6be",759,"cb55b",190,"6dcca",191,"76168",192,"dd8e7",193,"bb439",761,"fcc0d",194,"c5189",765,"dbe25",766,"07f4c",770,"1575b",197,"a2105",198,"d8191",773,"c4892",774,"34612",202,"4c664",775,"5bfa5",778,"a2ace",779,"3e6e7",204,"b4d23",783,"b0c28",785,"66b07",786,"5f10d",787,"63dbd",788,"c1f4c",789,"fded6",207,"57078",792,"fc213",796,"d2f87",208,"122e8",209,"defaf",210,"4d18f",804,"42846",806,"85ddc",211,"875d5",808,"0f2b8",213,"7ea79",809,"d160b",810,"bf1f5",812,"a318a",813,"cc8c2",815,"c2aa8",1291,"761f0",819,"e1ad0",821,"717c2",822,"d021e",219,"ca8cd",829,"4d3f3",830,"3b1d5",831,"995c2",832,"252ec",834,"59641",835,"e7f43",220,"a9ceb",837,"4e936",838,"03e0e",843,"43851",226,"61dbc",228,"65b2f",1309,"6f8fe",230,"21015",231,"061dd",232,"e655d",233,"765f5",234,"6e155",235,"cf8e4",853,"6f947",855,"0ccc6",236,"58e85",237,"c78de",858,"a78a9",860,"517d3",862,"586ec",241,"e6467",865,"d8d36",242,"edc37",868,"2d410",869,"c981d",871,"53944",872,"7e677",873,"3f840",874,"80134",875,"1e26a",876,"2b7d6",244,"c9136",882,"caa3f",1345,"86423",885,"54fe6",245,"ab235",246,"a8e9a",887,"ba263",248,"9ef62",891,"bad3a",893,"1da9d",251,"d6b7e",895,"153f9",898,"b61bf",901,"9fe31",902,"f043e",255,"c46ef",903,"01b8f",904,"fe3d7",907,"8c717",908,"8d0de",912,"8a5ea",914,"260a7",918,"e9b36",919,"ad491",921,"79c8e",922,"73a3e",259,"757d6",260,"2f240",925,"9d449",262,"d801c",927,"914b1",928,"e2a85"],"native":[346,"1c85a",0,"467d3",1,"bc305",2,"ecd96",3,"00125",4,"f2261",5,"24c98",6,"0aa03",7,"9b900",8,"3e98a",9,"6be80",10,"c4817",11,"53181",12,"22d67",291,"ea2dd",13,"e733f",14,"5c474",15,"7f450",16,"3581c",17,"7d876",18,"59a5c",19,"90a45",20,"cb972",21,"5b331",22,"37ace",23,"dda21",24,"11438",25,"9884a",306,"1d8b7",26,"7fcf6",307,"b3f5b",309,"e28b1",310,"00fe3",311,"d7c05",313,"55239",314,"c4e26",27,"3c6b3",28,"cca63",316,"ed00c",29,"3ef45",324,"4df57",326,"9867d",327,"6334a",328,"7db4a",30,"622db",330,"ecc26",332,"79a4e",335,"52c16",337,"cea26",339,"1feca",341,"7b866",345,"7575a",348,"6282b",349,"2b88a",31,"ae14e",351,"f0467",356,"7d9ab",32,"3f4e8",360,"37799",33,"bb018",364,"eafcd",34,"67ecb",35,"dfb45",367,"d4cad",36,"eb5ea",37,"81f28",369,"cfce2",370,"86a9a",375,"0b12f",379,"94e9e",38,"a1584",39,"a637a",40,"c82c3",41,"da4d6",42,"0dc6d",43,"3d6fa",44,"41ef9",45,"9c4c5",46,"178a5",47,"0eca5",48,"a01c0",49,"864e6",50,"d46a1",51,"2930c",52,"42d83",53,"25bae",54,"0544a",55,"67107",56,"51aa9",57,"4ac4a",58,"9a36c",59,"5f7e6",60,"6cf14",61,"2307b",62,"1838c",63,"fa8bb",64,"a9aff",65,"5ba7d",66,"a7d39",67,"a56f3",68,"ad8af",69,"02370",70,"92528",71,"3b5c5",72,"8ea2a",73,"22b14",74,"b5483",75,"6916c",76,"ba248",77,"88746",78,"67be0",79,"c7277",80,"3bf69",81,"52201",82,"98695",83,"e980d",84,"7345c",85,"8362d",86,"35195",87,"0bd85",88,"c93bb",89,"983e8",90,"53902",497,"d2b56",91,"5abba",92,"b925f",93,"4f08d",94,"1dc21",95,"61f5d",96,"7e481",97,"fb7a9",98,"767c2",99,"637fd",100,"8021e",101,"92285",102,"903d7",103,"ecffc",104,"5736f",105,"c1d2b",106,"4b406",107,"2eae3",108,"35c21",109,"33050",110,"2b7aa",111,"7a8f9",112,"4018a",113,"aee13",114,"ca553",115,"56509",116,"c176b",117,"791c0",118,"399f9",119,"776a8",120,"9fadd",121,"20e16",562,"6d707",122,"8b778",123,"f412d",124,"4bf55",125,"8a8d1",126,"88302",127,"0ef42",128,"a497b",129,"d320d",130,"b71e4",131,"2fc01",132,"5dc2a",133,"2fda1",134,"3e68a",135,"cfb10",136,"e05d5",137,"0f035",138,"6f29a",139,"5d2d5",140,"37ad3",141,"aa593",630,"c2f37",142,"9ec4f",143,"a42dd",144,"f1a50",145,"265ce",146,"18f9c",147,"dc1ab",148,"96624",149,"e76a6",150,"de071",151,"3a24e",152,"6e2a1",153,"1a6d0",154,"d6add",155,"f6446",156,"36be8",157,"cff08",158,"0841b",159,"086ef",160,"2835b",161,"3a7d3",162,"c48c1",163,"e7fb2",164,"f2948",165,"04066",166,"1cdfd",167,"0fe9e",168,"456e0",169,"01941",170,"563c1",171,"669c1",172,"4ee98",173,"fe922",710,"0d984",174,"71e10",175,"ec348",176,"c4ed4",177,"2d927",178,"2fa91",179,"e1c19",180,"0a017",181,"83f00",182,"8e1b1",183,"600d5",184,"8b548",185,"7a73c",186,"ae287",187,"87aa2",752,"7673d",188,"f2983",756,"0d740",189,"423c7",190,"945d7",191,"26b58",192,"1fd95",193,"54a0a",194,"cd610",195,"37f6d",196,"07f2c",197,"6d6aa",198,"f178c",199,"2d1b2",200,"b76bb",201,"380b4",202,"24175",203,"e44ac",204,"27e2d",205,"e45ef",206,"9ca68",207,"93a05",797,"7a978",208,"0d493",209,"eea05",210,"848a8",211,"421c1",212,"61802",213,"af12a",811,"f6da0",214,"12ec9",215,"104b9",216,"3e124",217,"ddc47",218,"6aed4",219,"a2651",220,"0589a",221,"c9c1c",222,"862a7",223,"dcf93",224,"51769",225,"0effc",226,"6f9e8",227,"2877e",228,"65df1",229,"68804",849,"d55c2",230,"61647",231,"b8f1d",232,"1182d",233,"82a69",234,"8e702",235,"8d8bf",236,"61faa",237,"65a7c",238,"51624",239,"a16af",240,"a6b4f",241,"c2a25",242,"9944f",243,"979a7",244,"ea227",245,"64291",246,"c838c",247,"a6585",248,"0391d",249,"f2768",250,"66fab",251,"605fb",252,"90e2c",253,"063c6",254,"e805c",255,"9acb3",256,"ca85f",257,"71398",258,"1c270",259,"c60d1",260,"00b50",261,"589a4",262,"6d0d6",263,"4d0bb"]}}