[1,["60gM8xak5HK6E12U6Jcyom@6c48a"],0,[["sp.SkeletonData",["_name","_atlasText","textureNames","_skeletonJson","textures"],-1,3]],[[0,0,1,2,3,4,5]],[[0,"bazhang","\nbazhang.png\nsize: 1292,1292\nformat: RGBA4444\nfilter: Linear,Linear\nrepeat: none\n10376\n  rotate: false\n  xy: 2, 940\n  size: 350, 350\n  orig: 350, 350\n  offset: 0, 0\n  index: -1\n10377\n  rotate: false\n  xy: 2, 588\n  size: 350, 350\n  orig: 350, 350\n  offset: 0, 0\n  index: -1\n10378\n  rotate: false\n  xy: 354, 940\n  size: 350, 350\n  orig: 350, 350\n  offset: 0, 0\n  index: -1\n10379\n  rotate: false\n  xy: 1058, 998\n  size: 227, 292\n  orig: 350, 350\n  offset: 57, 0\n  index: -1\n10380\n  rotate: false\n  xy: 354, 247\n  size: 327, 339\n  orig: 350, 350\n  offset: 7, 0\n  index: -1\n10381\n  rotate: false\n  xy: 706, 599\n  size: 322, 339\n  orig: 350, 350\n  offset: 11, 0\n  index: -1\n10382\n  rotate: false\n  xy: 2, 236\n  size: 350, 350\n  orig: 350, 350\n  offset: 0, 0\n  index: -1\n10383\n  rotate: false\n  xy: 354, 588\n  size: 350, 350\n  orig: 350, 350\n  offset: 0, 0\n  index: -1\n10384\n  rotate: false\n  xy: 706, 940\n  size: 350, 350\n  orig: 350, 350\n  offset: 0, 0\n  index: -1\n10385\n  rotate: true\n  xy: 260, 5\n  size: 229, 288\n  orig: 350, 350\n  offset: 56, 0\n  index: -1\n10386\n  rotate: false\n  xy: 1030, 649\n  size: 229, 289\n  orig: 350, 350\n  offset: 56, 0\n  index: -1\n10387\n  rotate: true\n  xy: 2, 2\n  size: 232, 256\n  orig: 350, 350\n  offset: 50, 40\n  index: -1\n10388\n  rotate: false\n  xy: 820, 35\n  size: 238, 262\n  orig: 350, 350\n  offset: 47, 37\n  index: -1\n10389\n  rotate: true\n  xy: 550, 3\n  size: 242, 268\n  orig: 350, 350\n  offset: 45, 35\n  index: -1\n10390\n  rotate: false\n  xy: 943, 315\n  size: 254, 282\n  orig: 350, 350\n  offset: 39, 29\n  index: -1\n10391\n  rotate: false\n  xy: 683, 299\n  size: 258, 287\n  orig: 350, 350\n  offset: 37, 27\n  index: -1\n",["bazhang.png"],{"skeleton":{"hash":"/kLrv/ZPRDgRXXqSMexIq1KgSyQ","spine":"3.8.99","x":-250,"y":-250,"width":500,"height":500,"images":"./連續圖/","audio":""},"bones":[{"name":"root"}],"slots":[{"name":"10376","bone":"root","attachment":"10391"}],"skins":[{"name":"default","attachments":{"10376":{"10376":{"width":500,"height":500},"10377":{"width":500,"height":500},"10378":{"width":500,"height":500},"10379":{"width":500,"height":500},"10380":{"width":500,"height":500},"10381":{"width":500,"height":500},"10382":{"width":500,"height":500},"10383":{"width":500,"height":500},"10384":{"width":500,"height":500},"10385":{"width":500,"height":500},"10386":{"width":500,"height":500},"10387":{"width":500,"height":500},"10388":{"width":500,"height":500},"10389":{"width":500,"height":500},"10390":{"width":500,"height":500},"10391":{"width":500,"height":500}}}}],"animations":{"animation":{"slots":{"10376":{"attachment":[{"name":"10376"},{"time":0.0333,"name":"10377"},{"time":0.0667,"name":"10378"},{"time":0.1,"name":"10379"},{"time":0.1333,"name":"10380"},{"time":0.1667,"name":"10381"},{"time":0.2,"name":"10382"},{"time":0.2333,"name":"10383"},{"time":0.2667,"name":"10384"},{"time":0.3,"name":"10385"},{"time":0.3333,"name":"10386"},{"time":0.3667,"name":"10387"},{"time":0.4,"name":"10388"},{"time":0.4333,"name":"10389"},{"time":0.4667,"name":"10390"},{"time":0.5,"name":"10391"},{"time":0.5333,"name":null}]}}}}},[0]]],0,0,[0],[-1],[0]]
