[1,["23a4eoPXBPgaLS9FPOKfyh@6c48a"],0,[["sp.SkeletonData",["_name","_atlasText","textureNames","_skeletonJson","textures"],-1,3]],[[0,0,1,2,3,4,5]],[[0,"egg","\negg.png\nsize: 1509,1509\nformat: RGBA4444\nfilter: Linear,Linear\nrepeat: none\n10402\n  rotate: true\n  xy: 262, 526\n  size: 277, 63\n  orig: 350, 350\n  offset: 37, 0\n  index: -1\n10403\n  rotate: false\n  xy: 706, 1342\n  size: 350, 165\n  orig: 350, 350\n  offset: 0, 0\n  index: -1\n10404\n  rotate: false\n  xy: 2, 480\n  size: 258, 323\n  orig: 350, 350\n  offset: 46, 2\n  index: -1\n10405\n  rotate: false\n  xy: 639, 883\n  size: 238, 238\n  orig: 350, 350\n  offset: 56, 56\n  index: -1\n10406\n  rotate: false\n  xy: 2, 209\n  size: 214, 269\n  orig: 350, 350\n  offset: 68, 30\n  index: -1\n10407\n  rotate: false\n  xy: 2, 2\n  size: 205, 205\n  orig: 350, 350\n  offset: 73, 72\n  index: -1\n10408\n  rotate: true\n  xy: 354, 713\n  size: 178, 223\n  orig: 350, 350\n  offset: 86, 53\n  index: -1\n10409\n  rotate: false\n  xy: 1163, 1136\n  size: 132, 167\n  orig: 350, 350\n  offset: 109, 81\n  index: -1\n10410\n  rotate: false\n  xy: 796, 682\n  size: 193, 199\n  orig: 350, 350\n  offset: 73, 56\n  index: -1\n10411\n  rotate: true\n  xy: 706, 1123\n  size: 217, 240\n  orig: 350, 350\n  offset: 66, 38\n  index: -1\n10412\n  rotate: false\n  xy: 354, 893\n  size: 283, 287\n  orig: 350, 350\n  offset: 35, 20\n  index: -1\n10413\n  rotate: false\n  xy: 2, 1157\n  size: 350, 350\n  orig: 350, 350\n  offset: 0, 0\n  index: -1\n10414\n  rotate: false\n  xy: 354, 1182\n  size: 350, 325\n  orig: 350, 350\n  offset: 0, 0\n  index: -1\n10415\n  rotate: false\n  xy: 2, 805\n  size: 350, 350\n  orig: 350, 350\n  offset: 0, 0\n  index: -1\n10416\n  rotate: false\n  xy: 1058, 1305\n  size: 266, 202\n  orig: 350, 350\n  offset: 0, 61\n  index: -1\n10417\n  rotate: false\n  xy: 801, 312\n  size: 191, 183\n  orig: 350, 350\n  offset: 74, 58\n  index: -1\n10418\n  rotate: false\n  xy: 407, 122\n  size: 190, 185\n  orig: 350, 350\n  offset: 75, 55\n  index: -1\n10419\n  rotate: false\n  xy: 991, 509\n  size: 190, 186\n  orig: 350, 350\n  offset: 75, 52\n  index: -1\n10420\n  rotate: false\n  xy: 1183, 506\n  size: 188, 193\n  orig: 350, 350\n  offset: 76, 41\n  index: -1\n10421\n  rotate: true\n  xy: 797, 122\n  size: 188, 194\n  orig: 350, 350\n  offset: 76, 38\n  index: -1\n10422\n  rotate: true\n  xy: 599, 123\n  size: 188, 196\n  orig: 350, 350\n  offset: 76, 35\n  index: -1\n10423\n  rotate: false\n  xy: 407, 309\n  size: 187, 200\n  orig: 350, 350\n  offset: 77, 27\n  index: -1\n10424\n  rotate: false\n  xy: 218, 275\n  size: 187, 203\n  orig: 350, 350\n  offset: 77, 24\n  index: -1\n10425\n  rotate: false\n  xy: 1179, 701\n  size: 187, 204\n  orig: 350, 350\n  offset: 77, 21\n  index: -1\n10426\n  rotate: false\n  xy: 991, 697\n  size: 186, 206\n  orig: 350, 350\n  offset: 77, 18\n  index: -1\n10427\n  rotate: true\n  xy: 1252, 920\n  size: 186, 207\n  orig: 350, 350\n  offset: 77, 16\n  index: -1\n10428\n  rotate: false\n  xy: 879, 905\n  size: 186, 212\n  orig: 350, 350\n  offset: 77, 7\n  index: -1\n10429\n  rotate: true\n  xy: 327, 525\n  size: 186, 214\n  orig: 350, 350\n  offset: 77, 4\n  index: -1\n10430\n  rotate: true\n  xy: 579, 697\n  size: 184, 215\n  orig: 350, 350\n  offset: 78, 0\n  index: -1\n10431\n  rotate: true\n  xy: 543, 511\n  size: 184, 215\n  orig: 350, 350\n  offset: 78, 0\n  index: -1\n10432\n  rotate: true\n  xy: 948, 1119\n  size: 184, 213\n  orig: 350, 350\n  offset: 78, 0\n  index: -1\n10433\n  rotate: false\n  xy: 1067, 907\n  size: 183, 210\n  orig: 350, 350\n  offset: 79, 0\n  index: -1\n10434\n  rotate: true\n  xy: 760, 497\n  size: 183, 210\n  orig: 350, 350\n  offset: 79, 0\n  index: -1\n10435\n  rotate: false\n  xy: 209, 2\n  size: 182, 205\n  orig: 350, 350\n  offset: 80, 0\n  index: -1\n10436\n  rotate: true\n  xy: 596, 313\n  size: 182, 203\n  orig: 350, 350\n  offset: 80, 0\n  index: -1\n10437\n  rotate: false\n  xy: 994, 305\n  size: 182, 202\n  orig: 350, 350\n  offset: 80, 0\n  index: -1\n10438\n  rotate: false\n  xy: 1178, 303\n  size: 182, 201\n  orig: 350, 350\n  offset: 80, 0\n  index: -1\n10439\n  rotate: false\n  xy: 1326, 1307\n  size: 181, 200\n  orig: 350, 350\n  offset: 81, 0\n  index: -1\n10440\n  rotate: false\n  xy: 993, 107\n  size: 181, 196\n  orig: 350, 350\n  offset: 81, 0\n  index: -1\n10441\n  rotate: false\n  xy: 1326, 1108\n  size: 181, 197\n  orig: 350, 350\n  offset: 81, 0\n  index: -1\n10442\n  rotate: false\n  xy: 1176, 106\n  size: 180, 195\n  orig: 350, 350\n  offset: 82, 0\n  index: -1\n",["egg.png"],{"skeleton":{"hash":"qTOUHqo/dKXXmy6jsTO3sl/h80E","spine":"3.8.99","x":-250,"y":-250,"width":500,"height":500,"images":"./連續圖/","audio":""},"bones":[{"name":"root"}],"slots":[{"name":"10402","bone":"root","attachment":"10442"}],"skins":[{"name":"default","attachments":{"10402":{"10402":{"width":500,"height":500},"10403":{"width":500,"height":500},"10404":{"width":500,"height":500},"10405":{"width":500,"height":500},"10406":{"width":500,"height":500},"10407":{"width":500,"height":500},"10408":{"width":500,"height":500},"10409":{"width":500,"height":500},"10410":{"width":500,"height":500},"10411":{"width":500,"height":500},"10412":{"width":500,"height":500},"10413":{"width":500,"height":500},"10414":{"width":500,"height":500},"10415":{"width":500,"height":500},"10416":{"width":500,"height":500},"10417":{"width":500,"height":500},"10418":{"width":500,"height":500},"10419":{"width":500,"height":500},"10420":{"width":500,"height":500},"10421":{"width":500,"height":500},"10422":{"width":500,"height":500},"10423":{"width":500,"height":500},"10424":{"width":500,"height":500},"10425":{"width":500,"height":500},"10426":{"width":500,"height":500},"10427":{"width":500,"height":500},"10428":{"width":500,"height":500},"10429":{"width":500,"height":500},"10430":{"width":500,"height":500},"10431":{"width":500,"height":500},"10432":{"width":500,"height":500},"10433":{"width":500,"height":500},"10434":{"width":500,"height":500},"10435":{"width":500,"height":500},"10436":{"width":500,"height":500},"10437":{"width":500,"height":500},"10438":{"width":500,"height":500},"10439":{"width":500,"height":500},"10440":{"width":500,"height":500},"10441":{"width":500,"height":500},"10442":{"width":500,"height":500}}}}],"animations":{"animation":{"slots":{"10402":{"attachment":[{"name":"10402"},{"time":0.0333,"name":"10403"},{"time":0.0667,"name":"10404"},{"time":0.1,"name":"10405"},{"time":0.1333,"name":"10406"},{"time":0.1667,"name":"10407"},{"time":0.2333,"name":"10408"},{"time":0.2667,"name":"10409"},{"time":0.3,"name":"10410"},{"time":0.3333,"name":"10411"},{"time":0.3667,"name":"10412"},{"time":0.4333,"name":"10413"},{"time":0.4667,"name":"10414"},{"time":0.5,"name":"10415"},{"time":0.5333,"name":"10416"},{"time":0.5667,"name":"10417"},{"time":0.6,"name":"10418"},{"time":0.6333,"name":"10419"},{"time":0.6667,"name":"10420"},{"time":0.7333,"name":"10421"},{"time":0.7667,"name":"10422"},{"time":0.8,"name":"10423"},{"time":0.8333,"name":"10424"},{"time":0.8667,"name":"10425"},{"time":0.9,"name":"10426"},{"time":0.9333,"name":"10427"},{"time":1,"name":"10428"},{"time":1.0333,"name":"10429"},{"time":1.0667,"name":"10430"},{"time":1.1,"name":"10431"},{"time":1.1333,"name":"10432"},{"time":1.1667,"name":"10433"},{"time":1.2,"name":"10434"},{"time":1.2667,"name":"10435"},{"time":1.3,"name":"10436"},{"time":1.3333,"name":"10437"},{"time":1.3667,"name":"10438"},{"time":1.4,"name":"10439"},{"time":1.4333,"name":"10440"},{"time":1.4667,"name":"10441"},{"time":1.5,"name":"10442"},{"time":1.5333,"name":null}]}}}}},[0]]],0,0,[0],[-1],[0]]
