[1,["36niaKs75BL5P34Dq94GXk@f9941","2b1Yy12IpKCL1cxBMEcS90@f9941","55+jZHA31BwKl+ljQ2ggxe@f9941","db3SFsTs9ERpwAPuJlX5RH","5d8QLS2sNEGKnsE2GxParS@f9941","2b1Yy12IpKCL1cxBMEcS90@6c48a","36niaKs75BL5P34Dq94GXk@6c48a","5d8QLS2sNEGKnsE2GxParS@6c48a","93uyNW4d5ESoNNlBw+gedn@6c48a","7dj5uJT9FMn6OrOOx83tfK@f9941","20g1ukYUVPvKWKBRznAKo+@f9941","54TknWPwVPqJqeCR+Y/Czo@f9941","95EkngnxZFbYuFpsqVTaFr@f9941","93uyNW4d5ESoNNlBw+gedn@f9941","aes5tmMQlC76644fvIfx56@f9941","f3AukNjV1AEYwIcK937gvE@f9941","d4JKjHBotGzKJWBwGPUMhC@f9941","aes5tmMQlC76644fvIfx56@6c48a","d4JKjHBotGzKJWBwGPUMhC@6c48a"],["node","_spriteFrame","_target","_textureSource","root","target","source","asset","data","_parent","varifypointAndPasswordLabel","advanceCardPointCodeLabel","cardPointCardLabel","_normalSprite","_hoverSprite","_pressedSprite","_disabledSprite"],[["cc.Label",["_string","_actualFontSize","_fontSize","_overflow","_horizontalAlign","_lineHeight","_verticalAlign","_enableWrapText","node","__prefab","_color"],-5,1,4,5],"cc.SpriteFrame",["cc.Node",["_name","_layer","_active","_components","_prefab","_parent","_children","_lpos"],0,9,4,1,2,5],["cc.Sprite",["_type","_sizeMode","node","__prefab","_spriteFrame","_color"],1,1,4,6,5],["cc.Node",["_name","_layer","_objFlags","__editorExtras__","_prefab","_components","_parent","_children","_lpos"],-1,4,12,1,2,5],["cc.UITransform",["node","__prefab","_contentSize","_anchorPoint"],3,1,4,5,5],["cc.Button",["_transition","_interactable","node","__prefab","_normalColor","_target","clickEvents","_disabledColor","_normalSprite","_hoverSprite","_pressedSprite","_disabledSprite"],1,1,4,5,1,9,5,6,6,6,6],["cc.ClickEvent",["_componentId","handler","customEventData","target"],0,1],["cc.Prefab",["_name"],2],["cc.CompPrefabInfo",["fileId"],2],["cc.PrefabInfo",["fileId","instance","root","asset","targetOverrides","nestedPrefabInstanceRoots"],1,1,1,9,2],["cc.PrefabInfo",["fileId","instance","targetOverrides","nestedPrefabInstanceRoots","root","asset"],-1,1,1],["cc.PrefabInfo",["fileId","targetOverrides","nestedPrefabInstanceRoots","root","instance","asset"],0,1,4,6],["cc.TargetOverrideInfo",["propertyPath","source","target","targetInfo"],2,1,1,4],["cc.TargetInfo",["localID"],2],["cc.Widget",["_alignFlags","node","__prefab"],2,1,4],["cc.BlockInputEvents",["node","__prefab"],3,1,4],["cc.PrefabInstance",["fileId","prefabRootNode","propertyOverrides"],2,1,9],["CCPropertyOverrideInfo",["value","propertyPath","targetInfo"],1,1],["CCPropertyOverrideInfo",["propertyPath","targetInfo","value"],2,1,8],["23b7d7+yHBD4bxUJkhpHtvt",["verfyCards","node","__prefab","verifyButton","verifySucNode","copyNodes","frameBgNodes","frameBgSpriteFrames"],2,1,4,1,1,2,2,3]],[[9,0,2],[11,0,1,2,3,4,5,5],[5,0,1,2,1],[2,0,1,5,6,3,4,7,3],[2,0,1,5,3,4,3],[2,0,1,5,3,4,7,3],[6,0,2,3,6,4,5,2],[7,0,1,2,3,4],[19,0,1,2,2],[5,0,1,2,3,1],[0,0,1,2,3,7,8,9,6],[3,2,3,5,4,1],[4,0,1,6,5,4,3],[5,0,1,1],[14,0,2],[3,0,2,3,2],[4,0,1,6,5,4,8,3],[3,0,2,3,5,4,2],[0,0,1,2,8,9,4],[0,0,1,2,8,9,10,4],[4,2,3,6,4,3],[12,0,1,2,3,4,5,4],[13,0,1,2,3,2],[3,2,3,4,1],[17,0,1,2,2],[18,0,1,2,3],[0,0,4,6,1,2,5,3,8,9,10,8],[8,0,2],[4,0,1,7,5,4,3],[2,0,1,5,6,3,4,3],[2,0,1,6,3,4,7,3],[2,0,2,1,5,6,3,4,7,4],[10,0,1,2,3,4,5,3],[3,1,2,3,5,4,2],[3,1,2,3,4,2],[6,1,0,2,3,4,7,5,3],[6,0,2,3,6,4,5,8,9,10,11,2],[7,0,1,3,3],[15,0,1,2,2],[16,0,1,1],[0,0,4,1,2,5,8,9,10,6],[0,0,4,1,2,5,3,8,9,10,7],[0,0,4,6,1,2,5,3,8,9,8],[20,0,1,2,3,4,5,6,7,2]],[[[{"name":"frame_verify_2","rect":{"x":0,"y":0,"width":330,"height":220},"offset":{"x":0,"y":0},"originalSize":{"width":330,"height":220},"rotated":false,"capInsets":[0,0,0,0],"vertices":{"rawPosition":[-165,-110,0,165,-110,0,-165,110,0,165,110,0],"indexes":[0,1,2,2,1,3],"uv":[0,220,330,220,0,0,330,0],"nuv":[0,0,1,0,0,1,1,1],"minPos":{"x":-165,"y":-110,"z":0},"maxPos":{"x":165,"y":110,"z":0}},"packable":true,"pixelsToUnit":100,"pivot":{"x":0.5,"y":0.5},"meshType":0}],[1],0,[0],[3],[5]],[[{"name":"btn_verify_1","rect":{"x":0,"y":0,"width":118,"height":40},"offset":{"x":0,"y":0},"originalSize":{"width":118,"height":40},"rotated":false,"capInsets":[0,0,0,0],"vertices":{"rawPosition":[-59,-20,0,59,-20,0,-59,20,0,59,20,0],"indexes":[0,1,2,2,1,3],"uv":[0,40,118,40,0,0,118,0],"nuv":[0,0,1,0,0,1,1,1],"minPos":{"x":-59,"y":-20,"z":0},"maxPos":{"x":59,"y":20,"z":0}},"packable":true,"pixelsToUnit":100,"pivot":{"x":0.5,"y":0.5},"meshType":0}],[1],0,[0],[3],[6]],[[{"name":"btn_verify_2","rect":{"x":0,"y":0,"width":220,"height":46},"offset":{"x":0,"y":0},"originalSize":{"width":220,"height":46},"rotated":false,"capInsets":[0,0,0,0],"vertices":{"rawPosition":[-110,-23,0,110,-23,0,-110,23,0,110,23,0],"indexes":[0,1,2,2,1,3],"uv":[0,46,220,46,0,0,220,0],"nuv":[0,0,1,0,0,1,1,1],"minPos":{"x":-110,"y":-23,"z":0},"maxPos":{"x":110,"y":23,"z":0}},"packable":true,"pixelsToUnit":100,"pivot":{"x":0.5,"y":0.5},"meshType":0}],[1],0,[0],[3],[7]],[[{"name":"frame_verify_1","rect":{"x":0,"y":0,"width":760,"height":256},"offset":{"x":0,"y":0},"originalSize":{"width":760,"height":256},"rotated":false,"capInsets":[0,0,0,0],"vertices":{"rawPosition":[-380,-128,0,380,-128,0,-380,128,0,380,128,0],"indexes":[0,1,2,2,1,3],"uv":[0,256,760,256,0,0,760,0],"nuv":[0,0,1,0,0,1,1,1],"minPos":{"x":-380,"y":-128,"z":0},"maxPos":{"x":380,"y":128,"z":0}},"packable":true,"pixelsToUnit":100,"pivot":{"x":0.5,"y":0.5},"meshType":0}],[1],0,[0],[3],[8]],[[[27,"tiengowSingleCardVerifViewPC"],[28,"tiengowSingleCardVerifViewPC",33554432,[-10,-11],[[[2,-8,[0,"b80Jft5SdLzKwAxsZRR3vp"],[5,1920,1080]],-9],4,1],[32,"2cXSQAYE9K4bUEft61K85X",null,-7,0,[[22,["verfyCards","0"],-4,-3,[14,["2bGaq9/EVADY76nQg5qz++"]]],[22,["verfyCards","1"],-6,-5,[14,["2bGaq9/EVADY76nQg5qz++"]]]],[-1,-2]]],[29,"blockchain_pop_bg",33554432,1,[-14,-15,-16,-17,-18,-19,-20],[[2,-12,[0,"a7QoobZ6BOW7PFlQ6/gp8f"],[5,1180,754]],[23,-13,[0,"4d6RqON11NzpEGk0gOcLjg"],18]],[1,"90QhedlUtDRq/VQduE3RTK",null,null,null,1,0]],[3,"cardInfo",33554432,2,[-22,-23,-24,-25,-26,-27,-28],[[2,-21,[0,"f7LF+aKnVFqqKV/HlAM4Yg"],[5,100,80]]],[1,"31sLMtxr9Mbba0OA3ZSbST",null,null,null,1,0],[1,5.204,173.833,0]],[3,"cardPointCodeInfo",33554432,2,[-30,-31,-32,-33,-34],[[13,-29,[0,"09qurEBf1Ma5UDCMMyc5M+"]]],[1,"2e0r+arYpLX6goDr36Mq/L",null,null,null,1,0],[1,-386.42499999999995,-155.336,0]],[3,"copyButton",33554432,4,[-39],[[2,-35,[0,"f7MJCODbdHVJflq/yrzkIp"],[5,118,40]],[17,1,-36,[0,"51mc+lVRdBoZXdh2Yety3x"],[4,4292269782],13],[6,1,-38,[0,"c8SKH5JN5Jgr8MxtfKOOX2"],[[7,"23b7d7+yHBD4bxUJkhpHtvt","btnClicked","copy1",1]],[4,4292269782],-37]],[1,"dbP6qC90RI242LgwigFUX1",null,null,null,1,0],[1,85.37400000000002,-68.97199999999998,0]],[30,"copyButton",33554432,[-44],[[2,-40,[0,"fcFKSG3tBFIJwRurXl3XWn"],[5,118,40]],[17,1,-41,[0,"fbOyOZqvxHAI7qfeKfpghW"],[4,4292269782],14],[6,1,-43,[0,"bfJof9qlRKray9a0jYvjcE"],[[7,"23b7d7+yHBD4bxUJkhpHtvt","btnClicked","copy2",1]],[4,4292269782],-42]],[1,"1bMRfP0DZMTos1n8EpmpFc",null,null,null,1,0],[1,88.31799999999998,-68.97199999999998,0]],[3,"verifyButton",33554432,2,[-49],[[2,-45,[0,"35wpcoyhNGfrMn2EDK5pBW"],[5,220,46]],[11,-46,[0,"d48CVIrtJLx7QZsQxMcrS5"],[4,4292269782],15],[6,1,-48,[0,"22UuTCSgdGa6SJkIZ4f8BO"],[[7,"23b7d7+yHBD4bxUJkhpHtvt","btnClicked","verify",1]],[4,4292269782],-47]],[1,"e3vd0+oPtPd7PL+KJPKqOP",null,null,null,1,0],[1,0,-314.928,0]],[31,"verifySuccessNode",false,33554432,2,[-51,-52,-53,-54],[[13,-50,[0,"29KyEuTotBLImLUX7SjWFN"]]],[1,"aeiPybtVVL2q4CdziY+PRP",null,null,null,1,0],[1,3.9109999999999445,-155.336,0]],[3,"lookAllButton",33554432,3,[-59],[[2,-55,[0,"d2Dm8CiZ9En6a7BZXiwMWF"],[5,118,40]],[6,1,-57,[0,"47bqBuYkhCjaYkKiKpGG33"],[[7,"23b7d7+yHBD4bxUJkhpHtvt","btnClicked","lookAll",1]],[4,4292269782],-56],[11,-58,[0,"83wWR4+ZND7ZnGuGmovpA+"],[4,4292269782],8]],[1,"8d/EdknmdOKbRt//UAXJG8",null,null,null,1,0],[1,-108.14499999999998,-85.73000000000002,0]],[3,"verifLinkButton1",33554432,3,[-64],[[2,-60,[0,"f9/gAx9IxDE6VM4CdxAvUq"],[5,118,40]],[6,1,-62,[0,"552yEnF7ZEZ53+tigdP5/6"],[[7,"23b7d7+yHBD4bxUJkhpHtvt","btnClicked","link1",1]],[4,4292269782],-61],[11,-63,[0,"eb+JALrQxI7JluC/Y1MatH"],[4,4292269782],9]],[1,"f6zTt19N9P9Kdew89fmTYd",null,null,null,1,0],[1,20.24500000000012,-85.73000000000002,0]],[3,"verifLinkButton2",33554432,3,[-69],[[2,-65,[0,"5fJwtaHm9PEqqDrlcdL0hM"],[5,118,40]],[6,1,-67,[0,"5fjejDhytN1q6/Yblbz1Pk"],[[7,"23b7d7+yHBD4bxUJkhpHtvt","btnClicked","link2",1]],[4,4292269782],-66],[11,-68,[0,"9ar/Q6rbpBk4znZA2RVRd9"],[4,4292269782],10]],[1,"644FWiNVRAWqVvunewo4at",null,null,null,1,0],[1,148.635,-85.73000000000002,0]],[3,"verifLinkButton3",33554432,3,[-74],[[2,-70,[0,"97NydkIH1A17MDeXNUbARG"],[5,118,40]],[6,1,-72,[0,"4fdCiR8g1K24hUDyn+JGfh"],[[7,"23b7d7+yHBD4bxUJkhpHtvt","btnClicked","link3",1]],[4,4292269782],-71],[11,-73,[0,"7bcdByMutNBICmGHaj4W/5"],[4,4292269782],11]],[1,"1d72GjnvBAP4VBlgSZpu7P",null,null,null,1,0],[1,277.02499999999986,-85.73000000000002,0]],[3,"advanceCardPointCodeInfo",33554432,2,[-76,-77,6,-78],[[13,-75,[0,"26OpFYtdNJjL4NhEoXTtun"]]],[1,"6aGGRBVapIEK2nednm2ADM",null,null,null,1,0],[1,391.9169999999999,-155.336,0]],[3,"verifySuccessButton",33554432,8,[-83],[[2,-79,[0,"85nmJkXudKFJDgzyAjCOJi"],[5,220,46]],[23,-80,[0,"bc13FhldtCLoKvpHN0UGIg"],16],[35,false,1,-82,[0,"49gkM+8jlFvqQ6ioCScqyq"],[4,4292269782],[4,4294967295],-81]],[1,"d1TGuV6cREX6lYCqlrtxNi",null,null,null,1,0],[1,-161.08,-159.655,0]],[3,"verifyRestButton",33554432,8,[-88],[[2,-84,[0,"3fbSm8DxlJdIp/EcKSxakv"],[5,220,46]],[11,-85,[0,"0dUE1n5v9BA6+geaGPxawU"],[4,4292269782],17],[6,1,-87,[0,"d3UfopHRtAHK7/kkJ8jXCT"],[[7,"23b7d7+yHBD4bxUJkhpHtvt","btnClicked","reset",1]],[4,4292269782],-86]],[1,"23i/UuEkND2Lz17nZBPLuW",null,null,null,1,0],[1,138.92,-159.655,0]],[3,"topNode",33554432,2,[-91,-92],[[2,-89,[0,"0dMDw2L+1CXagSBPeqzrDJ"],[5,1180,80]],[38,1,-90,[0,"04EoKLdGtAsJe8+gzjIRLJ"]]],[1,"b3IygliExNDqahqhswxhVS",null,null,null,1,0],[1,0,337,0]],[5,"closeButton",33554432,16,[[2,-93,[0,"397Su/PChNXKD7o/SFLt4n"],[5,26,26]],[17,1,-94,[0,"61klVGwahCu5jkhWtRKFtH"],[4,4292269782],1],[36,1,-96,[0,"6eJxZQxUlP14Id9Olefhsd"],[[37,"23b7d7+yHBD4bxUJkhpHtvt","hide",1]],[4,4292269782],-95,2,3,4,5]],[1,"57gFlnp5ZCaYrkPxD8ePah",null,null,null,1,0],[1,560.683,12.284,0]],[14,["85qeIxjqhE1K+reJkLx9Vw"]],[14,["85qeIxjqhE1K+reJkLx9Vw"]],[3,"verifyCardPointCodeInfo",33554432,2,[-98,-99,-100],[[13,-97,[0,"46f1PP+K5OlaJ2JM5v/RUL"]]],[1,"64PVWCrPRDL47WIzwG5I31",null,null,null,1,0],[1,3.1920000000000073,-155.336,0]],[4,"mask",33554432,1,[[2,-101,[0,"337roznO5FyqWICZ26RPUe"],[5,1920,1080]],[33,0,-102,[0,"8diMp6S8ROL7MzV9sNjJWi"],[4,2013265920],0],[39,-103,[0,"0cMNnRucVLLqjVTVp0zkqL"]]],[1,"68qnwmtbJLE7WICorYptgY",null,null,null,1,0]],[20,0,{},3,[21,"85qeIxjqhE1K+reJkLx9Vw",null,null,-104,[24,"12BpMWtqNEVKnIXW6TeEo5",1,[[25,"tiengowDVerifyCardItem",["_name"],18],[8,["_lpos"],18,[1,-272.939,-39.35,0]],[8,["_lrot"],18,[3,0,0,0,1]],[8,["_euler"],18,[1,0,0,0]],[8,["_lscale"],18,[1,0.5,0.5,1]]]],7]],[20,0,{},4,[21,"85qeIxjqhE1K+reJkLx9Vw",null,null,-105,[24,"c5TO9Zj1hGUYabLLPmS1TM",1,[[25,"tiengowDVerifyCardItem",["_name"],19],[8,["_lpos"],19,[1,-102.543,-48.864,0]],[8,["_lrot"],19,[3,0,0,0,1]],[8,["_euler"],19,[1,0,0,0]],[8,["_lscale"],19,[1,0.3,0.3,1]]]],12]],[5,"title",33554432,16,[[2,-106,[0,"132VymwqdKRpo5EyLiDMAF"],[5,104,50.4]],[18,"卡牌驗證",26,26,-107,[0,"5ayyBzfmBCyayK7lCDQsFu"]]],[1,"ef5Ydcc7xJZKsNlv0KRGoD",null,null,null,1,0],[1,0,12.284,0]],[5,"bg",33554432,3,[[2,-108,[0,"1fuDfmBbBIcKcj1DUHGf/i"],[5,760,256]],[34,0,-109,[0,"52PABWo6hMdKRw5GC9MqrA"],6]],[1,"49Bsua5J1IALYvUlYJuQ0t",null,null,null,1,0],[1,0,-27.952,0]],[4,"Label",33554432,9,[[2,-110,[0,"5fDmmi4E1JR6DWs9kl5U86"],[5,100,40]],[10,"完整靴牌",20,20,1,false,-111,[0,"373NhaWclBwI21p0iEw2uO"]]],[1,"05Y1KEEG9FLZMXZb+Hqb9R",null,null,null,1,0]],[4,"Label",33554432,10,[[2,-112,[0,"02Od3L5vNFhKiFjVxnXoA2"],[5,100,40]],[10,"驗證網址1",20,20,1,false,-113,[0,"8cpbc9VPZOt73D1awjjPtR"]]],[1,"30zwE1f+BFYqt+SQ5IvwxF",null,null,null,1,0]],[4,"Label",33554432,11,[[2,-114,[0,"bf1CeG4MdIyp7yBeYnxO65"],[5,100,40]],[10,"驗證網址2",20,20,1,false,-115,[0,"320eUtMOxNv4BBqtIrxtXb"]]],[1,"fckvD1yWFJ85Mof3CHVG3a",null,null,null,1,0]],[4,"Label",33554432,12,[[2,-116,[0,"19U69inMZCT6jnRqNlghgK"],[5,100,40]],[10,"驗證網址3",20,20,1,false,-117,[0,"1ciipr8jFO+4MDM/XadKjk"]]],[1,"abrBiVyMhOLb9Q3pUbDGOU",null,null,null,1,0]],[5,"Label",33554432,3,[[2,-118,[0,"6fjZF7Z6FC7pO5PH9v7ydK"],[5,504.0439453125,45.199999999999996]],[40,"支持任何公開的第三方SHA512算法加密平台驗證,我們保持絕對\n的公平公正",0,18,18,20,-119,[0,"e7vnGanRVIeKWrjqOU4zFz"],[4,4289832096]]],[1,"82Loi7C55C95N6AKnoXbiz",null,null,null,1,0],[1,86.147,27.197,0]],[12,"bg",33554432,4,[[[2,-120,[0,"4cRlPKHYNJqrn5vNeq7x3H"],[5,330,220]],-121],4,1],[1,"38pLOAJdZIVpxNPdkO4/WH",null,null,null,1,0]],[16,"cardPointCodeLabel",33554432,4,[[[9,-122,[0,"99dqm36X5Hq6h6XnxPE7Lz"],[5,295,65.19999999999999],[0,0,0.5]],-123],4,1],[1,"231DXfgH1A/qfxgMnosTw8",null,null,null,1,0],[1,-145.497,59.914000000000044,0]],[4,"Label",33554432,5,[[2,-124,[0,"6dL5LcrV9EdYS5EVSsbmDi"],[5,40,50.4]],[18,"複製",20,20,-125,[0,"d9Q3yvZKhOGb+clvJUV8Ie"]]],[1,"e8f/X5OCFCZJmXUxdJpSWF",null,null,null,1,0]],[5,"titleLabel",33554432,4,[[9,-126,[0,"2aJF7DvvFEHJN/mk5uBiQe"],[5,120,50.4],[0,0,0.5]],[19,"卡牌點數代碼",20,20,-127,[0,"25mSgt3gtIKZAWT8lasG0P"],[4,4289832096]]],[1,"48y/HoW79LJY8ubX9oA0cw",null,null,null,1,0],[1,-60.40300000000002,142.736,0]],[12,"bg",33554432,20,[[[2,-128,[0,"da3kRt7q9Dd4BHiUXz6J7w"],[5,330,220]],-129],4,1],[1,"6bgWshGMxBrbixFrXl5FIk",null,null,null,1,0]],[5,"varifyLabel",33554432,20,[[9,-130,[0,"c71qwiJiFDN6e5sV45k6Gn"],[5,300,40.67999999999999],[0,0,1]],[26,"你可以在開牌後馬上驗證卡牌點數加密碼,感受最公平公正的遊戲體驗",0,0,14,14,18,3,-131,[0,"0cuUuJOtxOYq5MTQi7xX/X"],[4,4289832096]]],[1,"a6SY3YfQ9FHJKDGbgd+DaJ",null,null,null,1,0],[1,-147.008,87.331,0]],[5,"Label",33554432,20,[[9,-132,[0,"f3yKKA4alCzrmEDl0EjVGG"],[5,200,50.4],[0,0,0.5]],[19,"對應卡牌點數加密代碼",20,20,-133,[0,"88A+OQnFtAa4nneYCyTNBd"],[4,4289832096]]],[1,"3d4RKtYe5GKKa/kcO2Coat",null,null,null,1,0],[1,-101.86099999999999,142.736,0]],[12,"bg",33554432,13,[[[2,-134,[0,"c3KkNqenxDZL9mZVoKeYw6"],[5,330,220]],-135],4,1],[1,"3b9LnWE1BAhaV0P/mmIXFj",null,null,null,1,0]],[16,"advanceCardPointCodeLabel",33554432,13,[[[9,-136,[0,"57sDoNHH9P9IIGwnodXhh+"],[5,300,71.72],[0,0,1]],-137],4,1],[1,"83/opm14pBDI+038hhC45t",null,null,null,1,0],[1,-143.23500000000013,92.51400000000001,0]],[4,"Label-001",33554432,6,[[2,-138,[0,"29rYoh+XhM9rv7yTsDSqug"],[5,40,50.4]],[18,"複製",20,20,-139,[0,"8966XEG7RGH4K2MLJPAuUs"]]],[1,"65HYnWTjpK64Fnjo6rEddJ",null,null,null,1,0]],[5,"Label",33554432,13,[[9,-140,[0,"8b7eFL5HNCi7iuA/gHkwtY"],[5,220,50.4],[0,0,0.5]],[19,"提前公佈的卡牌點數代碼",20,20,-141,[0,"91k7bMXBxNapHyBCPc1ngo"],[4,4289832096]]],[1,"e6olWn5w5FcahZIv1Yj3Vm",null,null,null,1,0],[1,-108.29600000000005,142.736,0]],[4,"Label",33554432,7,[[2,-142,[0,"81wYBtAxNMWqHKQ5WJVsN+"],[5,100,40]],[10,"驗證",22,22,1,false,-143,[0,"27CaUVY41CB5N+xK7u+sNW"]]],[1,"b4nd8Owt9LzJUfspTd8Kzz",null,null,null,1,0]],[12,"bg",33554432,8,[[[2,-144,[0,"cby9SVI1hA2bDtlCpQy3g/"],[5,330,220]],-145],4,1],[1,"3cFBQ5YoRCsbwA+YHsnEsL",null,null,null,1,0]],[16,"varifypointAndPasswordLabel",33554432,8,[[[9,-146,[0,"a4qrDgS+BKMIFBTn4py/Ws"],[5,300,65.19999999999999],[0,0,1]],-147],4,1],[1,"5axNteBYlA4Zch9XSy/6Jk",null,null,null,1,0],[1,-143.235,92.51400000000001,0]],[4,"Label",33554432,14,[[2,-148,[0,"890AwyxxxOuKBv1YRusZXj"],[5,100,40]],[10,"驗證成功",22,22,1,false,-149,[0,"30UvPNMY5Kl4pbS1Xj/dEd"]]],[1,"abnKA1wRlGuq5xaIxyEcLy",null,null,null,1,0]],[4,"Label",33554432,15,[[2,-150,[0,"8fYqxbZQxAxop2y0hlKKxu"],[5,100,40]],[10,"重置",22,22,1,false,-151,[0,"cfEsJpLgtNr5TC1jjKIJu7"]]],[1,"6dle+ZLvtAu7SsT38Cd/yv",null,null,null,1,0]],[43,[null,null],1,[0,"2fObmr4NlLFqIRGfQY5dTM"],7,8,[5,6],[-152,-153,-154,-155],[19,20]],[15,1,31,[0,"25C4HK4KlB+7NQXdeZGqCF"]],[41,"adaac724d4bd48b13d0139cd1e030786aeffc86553d34a0d70262d8f4fc45f254ce776d08f5f2329c99c5",0,16,16,20,3,32,[0,"7clzSgM8VI7pndAd18jUFg"],[4,4289832096]],[15,1,35,[0,"18FwVE539Np5GRRZm751Bx"]],[15,1,38,[0,"5dkUVQZNBN6bzqAi1BB+Hv"]],[26,"adaac724d4bd48b13d0139cd1e030786aeffc86553d34a0d70262d8f4fc45f254ce776d08f5f2329c99c5",0,0,16,16,22,3,39,[0,"0b6pGyTkFHDqP9eIwUjg75"],[4,4289832096]],[15,1,43,[0,"5d1ejaGbJNypQWZNTPL8Su"]],[42,"adaac724d4bd48b13d0139cd1e030786aeffc86553d34a0d70262d8f4fc45f254ce776d08f5f2329c99c5",0,0,16,16,20,3,44,[0,"40DDDhFKZNJJDFIm6FQBA9"]]],0,[0,-1,23,0,-2,22,0,5,22,0,6,47,0,5,23,0,6,47,0,4,1,0,0,1,0,-2,47,0,-1,21,0,-2,2,0,0,2,0,0,2,0,-1,16,0,-2,3,0,-3,4,0,-4,20,0,-5,13,0,-6,7,0,-7,8,0,0,3,0,-1,25,0,-2,22,0,-3,9,0,-4,10,0,-5,11,0,-6,12,0,-7,30,0,0,4,0,-1,31,0,-2,23,0,-3,32,0,-4,5,0,-5,34,0,0,5,0,0,5,0,2,5,0,0,5,0,-1,33,0,0,6,0,0,6,0,2,6,0,0,6,0,-1,40,0,0,7,0,0,7,0,2,7,0,0,7,0,-1,42,0,0,8,0,-1,43,0,-2,44,0,-3,14,0,-4,15,0,0,9,0,2,9,0,0,9,0,0,9,0,-1,26,0,0,10,0,2,10,0,0,10,0,0,10,0,-1,27,0,0,11,0,2,11,0,0,11,0,0,11,0,-1,28,0,0,12,0,2,12,0,0,12,0,0,12,0,-1,29,0,0,13,0,-1,38,0,-2,39,0,-4,41,0,0,14,0,0,14,0,2,14,0,0,14,0,-1,45,0,0,15,0,0,15,0,2,15,0,0,15,0,-1,46,0,0,16,0,0,16,0,-1,17,0,-2,24,0,0,17,0,0,17,0,2,17,0,0,17,0,0,20,0,-1,35,0,-2,36,0,-3,37,0,0,21,0,0,21,0,0,21,0,4,22,0,4,23,0,0,24,0,0,24,0,0,25,0,0,25,0,0,26,0,0,26,0,0,27,0,0,27,0,0,28,0,0,28,0,0,29,0,0,29,0,0,30,0,0,30,0,0,31,0,-2,48,0,0,32,0,-2,49,0,0,33,0,0,33,0,0,34,0,0,34,0,0,35,0,-2,50,0,0,36,0,0,36,0,0,37,0,0,37,0,0,38,0,-2,51,0,0,39,0,-2,52,0,0,40,0,0,40,0,0,41,0,0,41,0,0,42,0,0,42,0,0,43,0,-2,53,0,0,44,0,-2,54,0,0,45,0,0,45,0,0,46,0,0,46,0,-1,48,0,-2,50,0,-3,51,0,-4,53,0,8,1,6,9,13,47,10,54,47,11,52,47,12,49,155],[0,0,0,0,0,0,0,0,0,0,0,0,0,0,0,0,0,0,0,0,0,48,50,51,53],[1,1,13,14,15,16,1,7,1,1,1,1,7,1,1,1,1,1,1,-1,-2,1,1,1,1],[9,2,2,10,11,12,13,3,0,0,0,0,3,0,0,4,14,4,15,1,16,1,1,1,1]],[[{"name":"btn_verify_3","rect":{"x":0,"y":0,"width":220,"height":46},"offset":{"x":0,"y":0},"originalSize":{"width":220,"height":46},"rotated":false,"capInsets":[0,0,0,0],"vertices":{"rawPosition":[-110,-23,0,110,-23,0,-110,23,0,110,23,0],"indexes":[0,1,2,2,1,3],"uv":[0,46,220,46,0,0,220,0],"nuv":[0,0,1,0,0,1,1,1],"minPos":{"x":-110,"y":-23,"z":0},"maxPos":{"x":110,"y":23,"z":0}},"packable":true,"pixelsToUnit":100,"pivot":{"x":0.5,"y":0.5},"meshType":0}],[1],0,[0],[3],[17]],[[{"name":"frame_verify_3","rect":{"x":0,"y":0,"width":330,"height":220},"offset":{"x":0,"y":0},"originalSize":{"width":330,"height":220},"rotated":false,"capInsets":[0,0,0,0],"vertices":{"rawPosition":[-165,-110,0,165,-110,0,-165,110,0,165,110,0],"indexes":[0,1,2,2,1,3],"uv":[0,220,330,220,0,0,330,0],"nuv":[0,0,1,0,0,1,1,1],"minPos":{"x":-165,"y":-110,"z":0},"maxPos":{"x":165,"y":110,"z":0}},"packable":true,"pixelsToUnit":100,"pivot":{"x":0.5,"y":0.5},"meshType":0}],[1],0,[0],[3],[18]]]]
