{"importBase":"import","nativeBase":"native","name":"main","deps":["resources"],"uuids":["2e8NqqQINPuKPjvrWn0FXb","54T7HpaidGRqiUmh/yfCzz","67sJ4zcl9NyZV7Tq02xuHK","73BUn6bONG3Y7pWitA37pt","78v+n272lFN7uADQ7ZpT3y","e80NcHd5lCrrTEDYvgPZax","e9KjW1Lx1A86oJetA2dtKO","f2P9Umz7RAKY5+2BJPZO+l","03EsQcRqFBj4lBENNITzhC","0aEywwGXNC8ZHFZ6NDcmtq","0b0xjPWlFAVq0VmFJ5unMQ","0eRBIrq9dHCqMgOJF4WAPc","11vcSwZKhOt6Knn7niM+l3","18A2MX1a1Hp7wO7HiUN0cP","19hfA7J1JHvLbgzM0Z0Bb8","1a800Gf1tNVppDcIIE2Nt3","1c1WG8X2BE4IT4H0EFE1GV","1dgcNa5bBAdpuW+b9QYn9E","1f066ecc9","1fl1b4vW5Ip7mIFDmZ+k7l","259WfOS7tHl57GqCSPBjcK","27QNLUhwNKoJt76Bn9OpWH","2c521HD/hI64o4axcXDcN4","2fK+8arSVMMpMIMU7v6kVt","34CF5VWehJGLJSAmhwyi/g","39Uif9vwBDub88DYhNWj/b","3cFPEHSylEL6y+wz+/tvml","3dHIGI2sVLCqntralMGxZF","47a6LCXmNH6Zt4bOUlZIJx","48Mm2u+KxBiKJUgNilFzr7","4bK/SjX0RDaIBPaOG1QTMu","4f1pZvYYJJXp5baxuRgn/Y","5f0SRy9S1EEox7j6rCy6pF","6ad4g5eCxCZqJQiLy2fOq9","6by57tF8VK2rGvUOUn0Lxa","6colKdavNCCLZZpblYtnz8","71XiMJfmpInqOg1iYGfM+u","74zMsjX3lGj62UKWw3LjuT","75TWwsrNdHQ4hRT6LEN0re","75roTOulhB67TwHKV5E9d0","76p8XhaGxMHLrfYP5sZdYl","7aYppUCYpEuJ7uKI7ErZ6a","7bL0BEfR1DW7oCPjDD3XmS","7dIdxIi8pNd5P1oFYDyofS","8278wBbDRGjIInMMQlPnUU","83ZfalSuxP3r3SadI7W4D2","89OqtuCL5PQoj9JFfWXrcR","8dcHjukiRMl4pSXcXGiGu5","8fhQlcCK5DjIwRCEhDG8om","93EqSj1UBEf4Zs9kqSlH6a","95RFtESt5Cp7YY/zAqjcAd","98jtmH1fJP17HpgEEBu0NQ","989RFLCRRO0pcSMCaY6/sZ","9eX0CUPBpHipPSBwTcDij4","a4iLj8KK1EeIWiZ2EvEPjo","a8ZajNkxlLX5KcZjBjfhnf","aa5FcRzzpJ6YDXX6I8Qarm","aa9hMJytxJELgsdkrR+Ly1","aclojLyQpLAoQcsKeG3aGU","b6LlTjsjhJLbZDc455t5TR","b7Y7TvJ1REJpT3ftlu7BSg","baIUdvKGZPgZxNbjWTFuRI","bcJk2cPo5PIYVLNh7XxuQv","c10aQI9QVCrbx+7I3z1BSE","c3A9Xy0CJNhbzplj/pJEtk","c4oLi59NREQ7+5iXy6laLz","c5Lg62VOBMh5ghpcjr4ROQ","c5Rosn/z5Mp48iaUtGxg0M","c6J/hD3+lPwI6Vjusykbay","c6LwSzBE9EWphfzwku4R27","c7tF4hetRHc5wVk0W+vp8X","c8fENYK2dKBacq20vcQFOo","d2WlLv9oNJmqxbsV2VBJD8","d5Pw1aiZpJs6ZIx6yWba/4","d6+YznK2xGB419rCrqJnZ+","d8+MyVYs1BToc1aCbwxZwC","dcGiMk4yVG1Z17zPD37Ksk","ddOBDwKQ1MAojPCmtgXCnj","dfIR5itY9CHLBZnPWx47bp","e0CofzVjRC/YB7cqyAJ2um","e8SnSKZLdHsa1MNexlShOL","ecTE1M8O1K1K4VEkDL+y4H","eesKUHy91PCI186CxpMqTt","f1KiPEuSRDIqJgPZgkKPHo","f2BvzbovtI0JJ6N8bVxfoM","f8L9RW34BBQJ6DLbag33RF","f8Xt7q5ONFZZuH4JjcIEst","fcv7g6OR9DsK5JhBDPw1zk","fdjsU2o1RKF5x0TziDw3jI","014ef0fde","023bb9dd9","02/5lydMRA8oJSutUzIbQf@f9941","03EsQcRqFBj4lBENNITzhC@6c48a","03EsQcRqFBj4lBENNITzhC@f9941","03264eab8","03301a28b","036b44f43","05fb6e0a0","06537f95d","07ab1d685","09c56b884","0aEywwGXNC8ZHFZ6NDcmtq@6c48a","0aEywwGXNC8ZHFZ6NDcmtq@f9941","0a4656b53","0a9f053d6","0b1497846","0b1d38fe3","0b908e117","0bcf09705","0b0xjPWlFAVq0VmFJ5unMQ@6c48a","0b0xjPWlFAVq0VmFJ5unMQ@f9941","0dacebb21","0eRBIrq9dHCqMgOJF4WAPc@6c48a","0eRBIrq9dHCqMgOJF4WAPc@f9941","11GcVtnk9HY5wanGbtdr1w","11vcSwZKhOt6Knn7niM+l3@6c48a","11vcSwZKhOt6Knn7niM+l3@f9941","127W1fMB9JN5lPIu9PPOuj@f9941","170faPuu1MzrnPC+zw9NKt@f9941","18A2MX1a1Hp7wO7HiUN0cP@6c48a","18A2MX1a1Hp7wO7HiUN0cP@f9941","18mC/+QB5MOI63e0fq1OvR","19hfA7J1JHvLbgzM0Z0Bb8@6c48a","19hfA7J1JHvLbgzM0Z0Bb8@f9941","1a800Gf1tNVppDcIIE2Nt3@6c48a","1a800Gf1tNVppDcIIE2Nt3@f9941","1c1WG8X2BE4IT4H0EFE1GV@6c48a","1c1WG8X2BE4IT4H0EFE1GV@f9941","1dgcNa5bBAdpuW+b9QYn9E@6c48a","1dgcNa5bBAdpuW+b9QYn9E@f9941","1eEb7gFpRJRqNzLECy3g4M@f9941","1f066ecc9@6c48a","20YzUl2n9NQ4Wdt4CJXLM7@f9941","20g1ukYUVPvKWKBRznAKo+@f9941","259WfOS7tHl57GqCSPBjcK@6c48a","259WfOS7tHl57GqCSPBjcK@f9941","27QNLUhwNKoJt76Bn9OpWH@6c48a","27QNLUhwNKoJt76Bn9OpWH@f9941","28x+RWRCBPrJuQZHBQslY2@f9941","293ULKSQBNPaG0dqivhZAD@f9941","2aEE8H8UdGBJucCQi/18nu@f9941","2byDUhRw5E56UJje3uOKCo","2b5NrrUwhIN6I6gHxPY+a6","2c521HD/hI64o4axcXDcN4@6c48a","2c521HD/hI64o4axcXDcN4@f9941","2fK+8arSVMMpMIMU7v6kVt@6c48a","2fK+8arSVMMpMIMU7v6kVt@f9941","32PZN4MlFEN7KY+w15Dmbw@f9941","34CF5VWehJGLJSAmhwyi/g@6c48a","34CF5VWehJGLJSAmhwyi/g@f9941","39Uif9vwBDub88DYhNWj/b@6c48a","39Uif9vwBDub88DYhNWj/b@f9941","39V2W6UTdN0pSQHJVY9bun","393CdjrXdE/ajrCX8tNcJU@f9941","3cFPEHSylEL6y+wz+/tvml@6c48a","3cFPEHSylEL6y+wz+/tvml@f9941","3dHIGI2sVLCqntralMGxZF@6c48a","3dHIGI2sVLCqntralMGxZF@f9941","41gNWCigdA3oaUpSnEuDNE","41ygQxVj5LQaGo4wZLVbx+","47a6LCXmNH6Zt4bOUlZIJx@6c48a","47a6LCXmNH6Zt4bOUlZIJx@f9941","48Mm2u+KxBiKJUgNilFzr7@6c48a","48Mm2u+KxBiKJUgNilFzr7@f9941","4bK/SjX0RDaIBPaOG1QTMu@6c48a","4bK/SjX0RDaIBPaOG1QTMu@f9941","4cVRKr8zdFPKtc9/OQGl7C","4dFd4I3x5FkqhVYucQ/07+","4fBpuML2lNLJtnEo2XLs/c@f9941","4f1pZvYYJJXp5baxuRgn/Y@6c48a","4f1pZvYYJJXp5baxuRgn/Y@f9941","52Cv77UspApoAxQHMLLeiP@f9941","54TknWPwVPqJqeCR+Y/Czo@f9941","5cBnF0VatMdYWZtUlynvWf@f9941","5f0SRy9S1EEox7j6rCy6pF@6c48a","5f0SRy9S1EEox7j6rCy6pF@f9941","6ad4g5eCxCZqJQiLy2fOq9@6c48a","6ad4g5eCxCZqJQiLy2fOq9@f9941","6by57tF8VK2rGvUOUn0Lxa@6c48a","6by57tF8VK2rGvUOUn0Lxa@f9941","6colKdavNCCLZZpblYtnz8@6c48a","6colKdavNCCLZZpblYtnz8@f9941","6dCt2tBbpG8r3QgVCx4qpF@f9941","6de8S0ehhMp7Gr8pL/9Mtb@f9941","6e8jpIdJpHsZsbxnnLW928","71XiMJfmpInqOg1iYGfM+u@6c48a","71XiMJfmpInqOg1iYGfM+u@f9941","731sprJ6VEqq2SKt7CtmCj@f9941","74zMsjX3lGj62UKWw3LjuT@6c48a","74zMsjX3lGj62UKWw3LjuT@f9941","75TWwsrNdHQ4hRT6LEN0re@6c48a","75TWwsrNdHQ4hRT6LEN0re@f9941","75roTOulhB67TwHKV5E9d0@6c48a","75roTOulhB67TwHKV5E9d0@f9941","76WT/ZYcFGu6J1iC03wYNl@f9941","76p8XhaGxMHLrfYP5sZdYl@6c48a","76p8XhaGxMHLrfYP5sZdYl@f9941","7aYppUCYpEuJ7uKI7ErZ6a@6c48a","7aYppUCYpEuJ7uKI7ErZ6a@f9941","7bL0BEfR1DW7oCPjDD3XmS@6c48a","7bL0BEfR1DW7oCPjDD3XmS@f9941","7dIdxIi8pNd5P1oFYDyofS@6c48a","7dIdxIi8pNd5P1oFYDyofS@f9941","7dj5uJT9FMn6OrOOx83tfK@f9941","7fl1VTfI9IRpBOjaYIhdJI@f9941","8278wBbDRGjIInMMQlPnUU@6c48a","8278wBbDRGjIInMMQlPnUU@f9941","83ZfalSuxP3r3SadI7W4D2@6c48a","83ZfalSuxP3r3SadI7W4D2@f9941","84gyRG/EZKi4kvLmwGVGmu@f9941","89OqtuCL5PQoj9JFfWXrcR@6c48a","89OqtuCL5PQoj9JFfWXrcR@f9941","8clRQnfNNHCJLZPDZ6e7r8","8dcHjukiRMl4pSXcXGiGu5@6c48a","8dcHjukiRMl4pSXcXGiGu5@f9941","8fhQlcCK5DjIwRCEhDG8om@6c48a","8fhQlcCK5DjIwRCEhDG8om@f9941","95EkngnxZFbYuFpsqVTaFr@f9941","95RFtESt5Cp7YY/zAqjcAd@6c48a","95RFtESt5Cp7YY/zAqjcAd@f9941","98jtmH1fJP17HpgEEBu0NQ@6c48a","98jtmH1fJP17HpgEEBu0NQ@f9941","989RFLCRRO0pcSMCaY6/sZ@6c48a","989RFLCRRO0pcSMCaY6/sZ@f9941","99kSrvxgRFxaWspTlbW1Va","99t+H++RVO3q+lpyS4t8x6","9cEFLMJxJER6IbyCPzGdnm@f9941","9eX0CUPBpHipPSBwTcDij4@6c48a","9eX0CUPBpHipPSBwTcDij4@f9941","a21h/+NzFKJ5WrU5SMw7WW","a3M5fr6UJHzqiDdloscGQt","a4iLj8KK1EeIWiZ2EvEPjo@6c48a","a4iLj8KK1EeIWiZ2EvEPjo@f9941","a8ZajNkxlLX5KcZjBjfhnf@6c48a","a8ZajNkxlLX5KcZjBjfhnf@f9941","aa5FcRzzpJ6YDXX6I8Qarm@6c48a","aa5FcRzzpJ6YDXX6I8Qarm@f9941","aa9hMJytxJELgsdkrR+Ly1@6c48a","aa9hMJytxJELgsdkrR+Ly1@f9941","aa+Xl4ZYlN656CxUK6ZLa3","aclojLyQpLAoQcsKeG3aGU@6c48a","aclojLyQpLAoQcsKeG3aGU@f9941","b2hvSd+m5Jb5GjavS4tVFt","b6LlTjsjhJLbZDc455t5TR@6c48a","b6LlTjsjhJLbZDc455t5TR@f9941","b7Y7TvJ1REJpT3ftlu7BSg@6c48a","b7Y7TvJ1REJpT3ftlu7BSg@f9941","b8vSL7yWdGz47P/IPerYBM@f9941","bcJk2cPo5PIYVLNh7XxuQv@6c48a","bcJk2cPo5PIYVLNh7XxuQv@f9941","c10aQI9QVCrbx+7I3z1BSE@6c48a","c10aQI9QVCrbx+7I3z1BSE@f9941","c3A9Xy0CJNhbzplj/pJEtk@6c48a","c3A9Xy0CJNhbzplj/pJEtk@f9941","c3lne2d0pGCIXBYkIM9CDm@f9941","c3/2H2yiVF2ZYXtK06xsPj","c4T1HLHZFG051D4PLN7CAW@f9941","c4oLi59NREQ7+5iXy6laLz@6c48a","c4oLi59NREQ7+5iXy6laLz@f9941","c5Lg62VOBMh5ghpcjr4ROQ@6c48a","c5Lg62VOBMh5ghpcjr4ROQ@f9941","c5Rosn/z5Mp48iaUtGxg0M@6c48a","c5Rosn/z5Mp48iaUtGxg0M@f9941","c6AH+GFrxO94nt8pfiu/4Q@f9941","c6J/hD3+lPwI6Vjusykbay@6c48a","c6J/hD3+lPwI6Vjusykbay@f9941","c6LwSzBE9EWphfzwku4R27@6c48a","c6LwSzBE9EWphfzwku4R27@f9941","c7Z6vdUSxF1JiKEqaQP8Dx@f9941","c7tF4hetRHc5wVk0W+vp8X@6c48a","c7tF4hetRHc5wVk0W+vp8X@f9941","c8fENYK2dKBacq20vcQFOo@6c48a","c8fENYK2dKBacq20vcQFOo@f9941","d2WlLv9oNJmqxbsV2VBJD8@6c48a","d2WlLv9oNJmqxbsV2VBJD8@f9941","d5Pw1aiZpJs6ZIx6yWba/4@6c48a","d5Pw1aiZpJs6ZIx6yWba/4@f9941","d6+YznK2xGB419rCrqJnZ+@6c48a","d6+YznK2xGB419rCrqJnZ+@f9941","d8+MyVYs1BToc1aCbwxZwC@6c48a","d8+MyVYs1BToc1aCbwxZwC@f9941","d9v3fnufhEJ6SBKSOoAG68@f9941","dbacvYFRdH67iztMvefFO8","dcGiMk4yVG1Z17zPD37Ksk@6c48a","dcGiMk4yVG1Z17zPD37Ksk@f9941","ddOBDwKQ1MAojPCmtgXCnj@6c48a","ddOBDwKQ1MAojPCmtgXCnj@f9941","ddPt3CeHdDgKAxW2+pHu2Z","dfCTgVompDwZZgKD9B2LAY@f9941","dfIR5itY9CHLBZnPWx47bp@6c48a","dfIR5itY9CHLBZnPWx47bp@f9941","e0CofzVjRC/YB7cqyAJ2um@6c48a","e0CofzVjRC/YB7cqyAJ2um@f9941","e11lqAoYlB6Y4n3umww3wK@f9941","e2Y4zNzHRF/b5LWdLVt36+@f9941","e28RDkGfxIG4CKPAZgK1+K","e7Y4ycydREAoio4XnnVWLD","e8SnSKZLdHsa1MNexlShOL@6c48a","e8SnSKZLdHsa1MNexlShOL@f9941","ecTE1M8O1K1K4VEkDL+y4H@6c48a","ecTE1M8O1K1K4VEkDL+y4H@f9941","efGBqlUhVLcaJyGzgHDCvp@f9941","f1KiPEuSRDIqJgPZgkKPHo@6c48a","f1KiPEuSRDIqJgPZgkKPHo@f9941","f2BvzbovtI0JJ6N8bVxfoM@6c48a","f2BvzbovtI0JJ6N8bVxfoM@f9941","f4U4QQEyBOmqlFREphs8ox@f9941","f5EXhgHW9Eqbyrx+MZJiyS@f9941","f8L9RW34BBQJ6DLbag33RF@6c48a","f8L9RW34BBQJ6DLbag33RF@f9941","f8Xt7q5ONFZZuH4JjcIEst@6c48a","f8Xt7q5ONFZZuH4JjcIEst@f9941","f9tVgR1pdDu57+ZGzXDYZ6","fcv7g6OR9DsK5JhBDPw1zk@6c48a","fcv7g6OR9DsK5JhBDPw1zk@f9941","ffBy5GR8tKpLoNw+VJXIYY"],"paths":{"0":["db:/assets/load/loadScene",0,1],"1":["db:/assets/lobby/lobbyScene",0,1],"2":["db:/assets/test/test",0,1],"3":["db:/assets/lobby/lobbyScenePC",0,1],"4":["db:/assets/launcher/launcherScene",0,1],"5":["db:/assets/load/loadScenePC",0,1],"6":["db:/assets/launcher/launcherScenePC",0,1],"7":["db:/assets/test/nineCardsGameScene",0,1],"61":["db:/internal/physics/default-physics-material",2,1],"88":["db:/internal/default_renderpipeline/builtin-forward",1,1]},"scenes":{"db://assets/launcher/launcherScene.scene":4,"db://assets/launcher/launcherScenePC.scene":6,"db://assets/load/loadScene.scene":0,"db://assets/load/loadScenePC.scene":5,"db://assets/lobby/lobbyScene.scene":1,"db://assets/lobby/lobbyScenePC.scene":3,"db://assets/test/nineCardsGameScene.scene":7,"db://assets/test/test.scene":2},"packs":{"014ef0fde":[142,298],"023bb9dd9":[214,216,225,244,253,292,309],"03264eab8":[0,179,280,290],"03301a28b":[155,158,196,300],"036b44f43":[166,184,3,229],"05fb6e0a0":[102,110,123,125,129,135,151,161,163,186,193,198,200,208,211,223,228,238,251,262,274,276,278,284,305,7,314],"06537f95d":[152,311],"07ab1d685":[101,109,112,124,126,128,131,143,145,154,156,164,169,174,176,178,180,197,199,201,213,215,227,115,134,188,192,195,205,222,92,160,185,190,210,220,122,136,207,148,162,218,150,119,231,233,235,237,240,243,245,248,250,257,269,259,266,271,252,264,261,277,279,273,275,283,285,289,291,297,299,302,308,310,304,313],"09c56b884":[91,117,118,130,19,138,139,140,147,168,171,173,182,183,187,194,204,209,226,247,254,256,263,268,281,288,293,294,301,306,307],"0a4656b53":[93,114,19,141,157,159,167,255,287,296,303],"0a9f053d6":[121,202,265,286],"0b1497846":[116,144,212,246],"0b1d38fe3":[113,120,127,137,149,165,1,175,189,219,221,224,230,232,241,249,258,260,282,312,315],"0b908e117":[170,177,234,239,270,272],"0bcf09705":[146,181,191,206,236,242,267,295],"0dacebb21":[4,82]},"versions":{"import":[89,"e5891",90,"c1f95",8,"a2533",94,"368be",95,"5a60b",96,"5397f",97,"dbeb8",98,"f8a81",99,"dc7ad",100,"494b9",9,"a2533",103,"0b36d",104,"fa176",105,"061f6",106,"97067",107,"25cb8",108,"fcea1",10,"a2533",111,"28da0",11,"a2533",12,"a2533",13,"a2533",14,"a2533",15,"a2533",16,"a2533",17,"a2533",18,"fddc3",20,"a2533",21,"a2533",22,"a2533",23,"a2533",24,"a2533",25,"c16a8",26,"a2533",27,"a2533",28,"a2533",29,"c16a8",30,"a2533",31,"a2533",32,"a2533",2,"290de",33,"a2533",34,"a2533",35,"a2533",36,"a2533",37,"a2533",38,"a2533",39,"a2533",40,"a2533",41,"a2533",42,"a2533",43,"a2533",44,"a2533",45,"a2533",46,"a2533",47,"a2533",48,"a2533",49,"8a2aa",50,"a2533",51,"a2533",52,"c16a8",53,"a2533",54,"a2533",55,"a2533",56,"a2533",57,"a2533",58,"a2533",59,"a2533",60,"a2533",61,"8bce7",62,"a2533",63,"a2533",64,"a2533",65,"a2533",66,"a2533",67,"a2533",68,"a2533",69,"a2533",70,"a2533",71,"a2533",72,"a2533",73,"a2533",74,"a2533",75,"a2533",76,"a2533",77,"a2533",78,"a2533",79,"a2533",80,"a2533",5,"70eb2",6,"e0392",81,"a2533",83,"a2533",84,"a2533",85,"a2533",86,"a2533",87,"a2533",88,"731f4"],"native":[8,"2b2b0",9,"060c0",10,"2007e",11,"e7b43",12,"65417",13,"e66af",14,"e3467",15,"e843b",16,"4dbaa",17,"cee89",18,"bdd0b",20,"8f73e",21,"92f9b",22,"e74cb",23,"ef622",24,"10ac2",25,"23bac",26,"beee7",27,"dd45f",28,"d8a35",29,"abfc9",30,"99f40",31,"ec8d0",32,"f8183",33,"b2f36",34,"a734a",35,"25cb6",36,"be4da",37,"99492",38,"f43c3",39,"e1d58",40,"53bf2",41,"282bc",42,"98c78",43,"e5061",44,"a9aab",45,"41e55",46,"301be",47,"d4351",48,"31b11",50,"4aedf",51,"5c86c",52,"5fd94",53,"485d9",54,"9f37e",55,"50946",56,"f2f1e",57,"331e9",58,"e9baf",59,"1dd65",60,"f8418",62,"fb049",63,"65171",64,"06564",65,"cd48d",66,"4886b",67,"1004d",68,"1e9ce",69,"d28b5",70,"67bb3",71,"a84fb",72,"a54e8",73,"78c49",74,"65937",75,"3316f",76,"b68bc",77,"6864f",78,"88eed",79,"fb92c",80,"961f0",81,"70706",82,"90dab",83,"5f1d9",84,"1878d",85,"b5163",86,"39c80",87,"addf5"]},"redirect":[132,"0",133,"0",153,"0",172,"0",203,"0",217,"0"],"debug":false,"extensionMap":{".cconb":[49]},"hasPreloadScript":true,"dependencyRelationships":{},"types":["cc.SceneAsset","cc.RenderPipeline","cc.PhysicsMaterial"]}