[1,["1486ea942@6c48a"],["_textureSource"],["cc.SpriteFrame","cc.SpriteAtlas"],0,[[[{"name":"d_2","rect":{"x":93,"y":3,"width":40,"height":56},"offset":{"x":0,"y":0},"originalSize":{"width":40,"height":56},"rotated":true,"capInsets":[0,0,0,0],"packable":true,"pixelsToUnit":100,"pivot":{"x":0.5,"y":0.5},"meshType":0}],[0],0,[0],[0],[0]],[[{"name":"h_8","rect":{"x":155,"y":3,"width":40,"height":56},"offset":{"x":0,"y":0},"originalSize":{"width":40,"height":56},"rotated":true,"capInsets":[0,0,0,0],"packable":true,"pixelsToUnit":100,"pivot":{"x":0.5,"y":0.5},"meshType":0}],[0],0,[0],[0],[0]],[[{"name":"h_13","rect":{"x":93,"y":49,"width":40,"height":56},"offset":{"x":0,"y":0},"originalSize":{"width":40,"height":56},"rotated":true,"capInsets":[0,0,0,0],"packable":true,"pixelsToUnit":100,"pivot":{"x":0.5,"y":0.5},"meshType":0}],[0],0,[0],[0],[0]],[[{"name":"c_3","rect":{"x":155,"y":49,"width":40,"height":56},"offset":{"x":0,"y":0},"originalSize":{"width":40,"height":56},"rotated":true,"capInsets":[0,0,0,0],"packable":true,"pixelsToUnit":100,"pivot":{"x":0.5,"y":0.5},"meshType":0}],[0],0,[0],[0],[0]],[[{"name":"h_6","rect":{"x":3,"y":69,"width":40,"height":56},"offset":{"x":0,"y":0},"originalSize":{"width":40,"height":56},"rotated":true,"capInsets":[0,0,0,0],"packable":true,"pixelsToUnit":100,"pivot":{"x":0.5,"y":0.5},"meshType":0}],[0],0,[0],[0],[0]],[[{"name":"d_12","rect":{"x":65,"y":95,"width":40,"height":56},"offset":{"x":0,"y":0},"originalSize":{"width":40,"height":56},"rotated":true,"capInsets":[0,0,0,0],"packable":true,"pixelsToUnit":100,"pivot":{"x":0.5,"y":0.5},"meshType":0}],[0],0,[0],[0],[0]],[[{"name":"h_12","rect":{"x":3,"y":115,"width":40,"height":56},"offset":{"x":0,"y":0},"originalSize":{"width":40,"height":56},"rotated":true,"capInsets":[0,0,0,0],"packable":true,"pixelsToUnit":100,"pivot":{"x":0.5,"y":0.5},"meshType":0}],[0],0,[0],[0],[0]],[[{"name":"d_6","rect":{"x":127,"y":95,"width":40,"height":56},"offset":{"x":0,"y":0},"originalSize":{"width":40,"height":56},"rotated":true,"capInsets":[0,0,0,0],"packable":true,"pixelsToUnit":100,"pivot":{"x":0.5,"y":0.5},"meshType":0}],[0],0,[0],[0],[0]],[[{"name":"c_1","rect":{"x":189,"y":95,"width":40,"height":56},"offset":{"x":0,"y":0},"originalSize":{"width":40,"height":56},"rotated":true,"capInsets":[0,0,0,0],"packable":true,"pixelsToUnit":100,"pivot":{"x":0.5,"y":0.5},"meshType":0}],[0],0,[0],[0],[0]],[[{"name":"c_2","rect":{"x":65,"y":141,"width":40,"height":56},"offset":{"x":0,"y":0},"originalSize":{"width":40,"height":56},"rotated":true,"capInsets":[0,0,0,0],"packable":true,"pixelsToUnit":100,"pivot":{"x":0.5,"y":0.5},"meshType":0}],[0],0,[0],[0],[0]],[[{"name":"c_9","rect":{"x":3,"y":161,"width":40,"height":56},"offset":{"x":0,"y":0},"originalSize":{"width":40,"height":56},"rotated":true,"capInsets":[0,0,0,0],"packable":true,"pixelsToUnit":100,"pivot":{"x":0.5,"y":0.5},"meshType":0}],[0],0,[0],[0],[0]],[[{"name":"c_5","rect":{"x":127,"y":141,"width":40,"height":56},"offset":{"x":0,"y":0},"originalSize":{"width":40,"height":56},"rotated":true,"capInsets":[0,0,0,0],"packable":true,"pixelsToUnit":100,"pivot":{"x":0.5,"y":0.5},"meshType":0}],[0],0,[0],[0],[0]],[[{"name":"s_12","rect":{"x":189,"y":141,"width":40,"height":56},"offset":{"x":0,"y":0},"originalSize":{"width":40,"height":56},"rotated":true,"capInsets":[0,0,0,0],"packable":true,"pixelsToUnit":100,"pivot":{"x":0.5,"y":0.5},"meshType":0}],[0],0,[0],[0],[0]],[[{"name":"h_5","rect":{"x":65,"y":187,"width":40,"height":56},"offset":{"x":0,"y":0},"originalSize":{"width":40,"height":56},"rotated":true,"capInsets":[0,0,0,0],"packable":true,"pixelsToUnit":100,"pivot":{"x":0.5,"y":0.5},"meshType":0}],[0],0,[0],[0],[0]],[[{"name":"s_5","rect":{"x":3,"y":207,"width":40,"height":56},"offset":{"x":0,"y":0},"originalSize":{"width":40,"height":56},"rotated":true,"capInsets":[0,0,0,0],"packable":true,"pixelsToUnit":100,"pivot":{"x":0.5,"y":0.5},"meshType":0}],[0],0,[0],[0],[0]],[[{"name":"poker_finish","rect":{"x":3,"y":3,"width":60,"height":84},"offset":{"x":0,"y":0},"originalSize":{"width":60,"height":84},"rotated":true,"capInsets":[0,0,0,0],"packable":true,"pixelsToUnit":100,"pivot":{"x":0.5,"y":0.5},"meshType":0}],[0],0,[0],[0],[0]],[[{"name":"s_13","rect":{"x":127,"y":187,"width":40,"height":56},"offset":{"x":0,"y":0},"originalSize":{"width":40,"height":56},"rotated":true,"capInsets":[0,0,0,0],"packable":true,"pixelsToUnit":100,"pivot":{"x":0.5,"y":0.5},"meshType":0}],[0],0,[0],[0],[0]],[[{"name":"d_11","rect":{"x":189,"y":187,"width":40,"height":56},"offset":{"x":0,"y":0},"originalSize":{"width":40,"height":56},"rotated":true,"capInsets":[0,0,0,0],"packable":true,"pixelsToUnit":100,"pivot":{"x":0.5,"y":0.5},"meshType":0}],[0],0,[0],[0],[0]],[[{"name":"s_3","rect":{"x":65,"y":233,"width":40,"height":56},"offset":{"x":0,"y":0},"originalSize":{"width":40,"height":56},"rotated":true,"capInsets":[0,0,0,0],"packable":true,"pixelsToUnit":100,"pivot":{"x":0.5,"y":0.5},"meshType":0}],[0],0,[0],[0],[0]],[[{"name":"c_12","rect":{"x":3,"y":253,"width":40,"height":56},"offset":{"x":0,"y":0},"originalSize":{"width":40,"height":56},"rotated":true,"capInsets":[0,0,0,0],"packable":true,"pixelsToUnit":100,"pivot":{"x":0.5,"y":0.5},"meshType":0}],[0],0,[0],[0],[0]],[[{"name":"d_3","rect":{"x":127,"y":233,"width":40,"height":56},"offset":{"x":0,"y":0},"originalSize":{"width":40,"height":56},"rotated":true,"capInsets":[0,0,0,0],"packable":true,"pixelsToUnit":100,"pivot":{"x":0.5,"y":0.5},"meshType":0}],[0],0,[0],[0],[0]],[[{"name":"s_11","rect":{"x":189,"y":233,"width":40,"height":56},"offset":{"x":0,"y":0},"originalSize":{"width":40,"height":56},"rotated":true,"capInsets":[0,0,0,0],"packable":true,"pixelsToUnit":100,"pivot":{"x":0.5,"y":0.5},"meshType":0}],[0],0,[0],[0],[0]],[[{"name":"shadow","rect":{"x":217,"y":3,"width":20,"height":20},"offset":{"x":0,"y":0},"originalSize":{"width":20,"height":20},"rotated":false,"capInsets":[0,0,0,0],"packable":true,"pixelsToUnit":100,"pivot":{"x":0.5,"y":0.5},"meshType":0}],[0],0,[0],[0],[0]],[[{"name":"s_8","rect":{"x":65,"y":279,"width":40,"height":56},"offset":{"x":0,"y":0},"originalSize":{"width":40,"height":56},"rotated":true,"capInsets":[0,0,0,0],"packable":true,"pixelsToUnit":100,"pivot":{"x":0.5,"y":0.5},"meshType":0}],[0],0,[0],[0],[0]],[[{"name":"poker_b","rect":{"x":3,"y":299,"width":40,"height":56},"offset":{"x":0,"y":0},"originalSize":{"width":40,"height":56},"rotated":true,"capInsets":[0,0,0,0],"packable":true,"pixelsToUnit":100,"pivot":{"x":0.5,"y":0.5},"meshType":0}],[0],0,[0],[0],[0]],[[{"name":"d_4","rect":{"x":127,"y":279,"width":40,"height":56},"offset":{"x":0,"y":0},"originalSize":{"width":40,"height":56},"rotated":true,"capInsets":[0,0,0,0],"packable":true,"pixelsToUnit":100,"pivot":{"x":0.5,"y":0.5},"meshType":0}],[0],0,[0],[0],[0]],[[{"name":"d_9","rect":{"x":189,"y":279,"width":40,"height":56},"offset":{"x":0,"y":0},"originalSize":{"width":40,"height":56},"rotated":true,"capInsets":[0,0,0,0],"packable":true,"pixelsToUnit":100,"pivot":{"x":0.5,"y":0.5},"meshType":0}],[0],0,[0],[0],[0]],[[{"name":"h_2","rect":{"x":65,"y":325,"width":40,"height":56},"offset":{"x":0,"y":0},"originalSize":{"width":40,"height":56},"rotated":true,"capInsets":[0,0,0,0],"packable":true,"pixelsToUnit":100,"pivot":{"x":0.5,"y":0.5},"meshType":0}],[0],0,[0],[0],[0]],[[{"name":"d_10","rect":{"x":3,"y":345,"width":40,"height":56},"offset":{"x":0,"y":0},"originalSize":{"width":40,"height":56},"rotated":true,"capInsets":[0,0,0,0],"packable":true,"pixelsToUnit":100,"pivot":{"x":0.5,"y":0.5},"meshType":0}],[0],0,[0],[0],[0]],[[{"name":"c_10","rect":{"x":127,"y":325,"width":40,"height":56},"offset":{"x":0,"y":0},"originalSize":{"width":40,"height":56},"rotated":true,"capInsets":[0,0,0,0],"packable":true,"pixelsToUnit":100,"pivot":{"x":0.5,"y":0.5},"meshType":0}],[0],0,[0],[0],[0]],[[{"name":"h_9","rect":{"x":189,"y":325,"width":40,"height":56},"offset":{"x":0,"y":0},"originalSize":{"width":40,"height":56},"rotated":true,"capInsets":[0,0,0,0],"packable":true,"pixelsToUnit":100,"pivot":{"x":0.5,"y":0.5},"meshType":0}],[0],0,[0],[0],[0]],[[{"name":"auto-atlas","spriteFrames":["poker_finish","4226dea8-e457-4cb5-bbd2-de27a0cf7671@f9941","d_2","012717e8-e304-424a-b2b2-93d228c94fa2@f9941","h_8","0292406f-32ce-4dec-a134-8ec3ca07a04e@f9941","shadow","4d2b00cf-fea3-4f82-af1c-adb370b1fc4d@f9941","icon_verify","d8ed98e7-bad4-426f-940e-10722ab58539@f9941","h_13","0369104b-2a29-4341-97f5-a990af2fa204@f9941","c_3","039741eb-751c-4c4d-b11c-52bec13033bb@f9941","h_6","091e2fde-d193-4b62-ac24-1786a68e4cdb@f9941","d_12","10e919a0-633d-4f0c-be90-c127e1a070ec@f9941","h_12","20f6c83c-454f-430e-a14e-74e2fd072233@f9941","d_6","23c846a5-cae5-4ee1-9fc1-d4e80c5462b3@f9941","c_1","244312ea-411c-4de3-9a86-a92dda65d59a@f9941","c_2","2dade552-5a13-4446-bd0e-78f78a4e7e3a@f9941","c_9","315c4542-1425-4854-b46e-a1cedbb8eb7b@f9941","c_5","31a09845-a82d-4859-b7e4-918a714236fa@f9941","s_12","3343fc42-db87-4cc6-8915-b506b94d18e4@f9941","h_5","39fde92d-f570-4e2b-a2d4-6bd758dd91d9@f9941","s_5","3cd2a241-b449-435f-a5d3-ab2af0a04cd0@f9941","s_13","45b75df0-7e5a-4108-bb6b-183eee71cdbb@f9941","d_11","46d18be7-4e99-4f5f-ad1b-d2b5f5f98ae0@f9941","s_3","46fc3ab2-3a52-4c2a-a61f-8ae983cd7d83@f9941","c_12","47ceb143-10e4-47db-9791-77c3622014f5@f9941","d_3","490df301-0200-4e48-8427-f4331eaccf77@f9941","s_11","4cb5aaf3-327b-4929-bb41-d8368cff18a8@f9941","s_8","5168abe2-2f96-4cfe-b93b-d948d176c624@f9941","poker_b","5acd7d19-0b97-46e5-80bf-0d09f8f420d2@f9941","d_4","60881424-c723-4a6e-9a86-304f5c93bf99@f9941","d_9","622a908a-3a7f-4471-9f0b-e28a761a2c73@f9941","h_2","6761ec06-f52d-4bb3-bfc5-da49e71e05fe@f9941","d_10","682a25d4-50c8-4a1d-85c0-ce2544a81bd2@f9941","c_10","6faa8206-7736-4dad-9723-8251b66ae3f5@f9941","h_9","739168a4-a773-4c62-92ca-2a6f435e4e6d@f9941","c_8","7b0bf8ff-d543-451b-9abf-5d5cb055e0a1@f9941","c_7","8308f79a-9885-4bd5-8b37-47aaa933db11@f9941","h_4","8c18e442-08b1-410f-8c82-4217025dfdde@f9941","s_1","94152366-0be2-42bd-a967-431dbf4e6aaf@f9941","s_7","9dcf4bef-3fd5-49de-a768-5efb46257913@f9941","h_3","9f302b4a-7807-4a97-8368-0216cc782b53@f9941","d_8","a50963a7-d28a-4cef-88b3-429927f86875@f9941","d_5","a8a46d79-e621-4c5e-b5c3-82e1ab53a227@f9941","c_4","aa20f216-f7be-4cbf-a40e-90c69b6ae99f@f9941","c_13","b1f6391a-fbb1-4ef8-9df0-851618c6692e@f9941","h_10","b28c0d7d-6635-4563-9050-a1c1652fb231@f9941","s_6","b399bd66-18bf-4dab-985b-1805d908495d@f9941","d_1","bfd34fd8-290e-47b7-89cb-0ddff4cead99@f9941","h_7","c1114e00-25d7-4378-b34b-232a60a80433@f9941","s_9","c4f236e4-0098-45ad-8bee-2d12c9be8e00@f9941","h_11","c76db64f-4beb-4cf4-9ad6-16c8d65e70b9@f9941","s_10","ca1c2bc5-28f3-441a-9684-e623a1791459@f9941","c_11","cfae5d1f-89cb-42b8-ba5e-0461404da1f2@f9941","s_2","dc735816-9579-4d8d-a1fd-c2221b1e7e37@f9941","c_6","e4007643-4ce8-4384-848c-73cc6fed7518@f9941","d_13","e7f25bb7-7b3c-432a-8ae8-f0bf7b80615e@f9941","h_1","eb529ee1-90ab-4b5f-95e5-2344073cf1ec@f9941","s_4","ec7b1452-be23-4055-8fef-e00fc33d2b1e@f9941","d_7","ece41b7b-7ab8-423f-bde9-4e81952b1e4c@f9941"]}],[1],0,[],[],[]],[[{"name":"c_8","rect":{"x":65,"y":371,"width":40,"height":56},"offset":{"x":0,"y":0},"originalSize":{"width":40,"height":56},"rotated":true,"capInsets":[0,0,0,0],"packable":true,"pixelsToUnit":100,"pivot":{"x":0.5,"y":0.5},"meshType":0}],[0],0,[0],[0],[0]],[[{"name":"c_7","rect":{"x":3,"y":391,"width":40,"height":56},"offset":{"x":0,"y":0},"originalSize":{"width":40,"height":56},"rotated":true,"capInsets":[0,0,0,0],"packable":true,"pixelsToUnit":100,"pivot":{"x":0.5,"y":0.5},"meshType":0}],[0],0,[0],[0],[0]],[[{"name":"h_4","rect":{"x":127,"y":371,"width":40,"height":56},"offset":{"x":0,"y":0},"originalSize":{"width":40,"height":56},"rotated":true,"capInsets":[0,0,0,0],"packable":true,"pixelsToUnit":100,"pivot":{"x":0.5,"y":0.5},"meshType":0}],[0],0,[0],[0],[0]],[[{"name":"s_1","rect":{"x":189,"y":371,"width":40,"height":56},"offset":{"x":0,"y":0},"originalSize":{"width":40,"height":56},"rotated":true,"capInsets":[0,0,0,0],"packable":true,"pixelsToUnit":100,"pivot":{"x":0.5,"y":0.5},"meshType":0}],[0],0,[0],[0],[0]],[[{"name":"s_7","rect":{"x":65,"y":417,"width":40,"height":56},"offset":{"x":0,"y":0},"originalSize":{"width":40,"height":56},"rotated":true,"capInsets":[0,0,0,0],"packable":true,"pixelsToUnit":100,"pivot":{"x":0.5,"y":0.5},"meshType":0}],[0],0,[0],[0],[0]],[[{"name":"h_3","rect":{"x":3,"y":437,"width":40,"height":56},"offset":{"x":0,"y":0},"originalSize":{"width":40,"height":56},"rotated":true,"capInsets":[0,0,0,0],"packable":true,"pixelsToUnit":100,"pivot":{"x":0.5,"y":0.5},"meshType":0}],[0],0,[0],[0],[0]],[[{"name":"d_8","rect":{"x":127,"y":417,"width":40,"height":56},"offset":{"x":0,"y":0},"originalSize":{"width":40,"height":56},"rotated":true,"capInsets":[0,0,0,0],"packable":true,"pixelsToUnit":100,"pivot":{"x":0.5,"y":0.5},"meshType":0}],[0],0,[0],[0],[0]],[[{"name":"d_5","rect":{"x":189,"y":417,"width":40,"height":56},"offset":{"x":0,"y":0},"originalSize":{"width":40,"height":56},"rotated":true,"capInsets":[0,0,0,0],"packable":true,"pixelsToUnit":100,"pivot":{"x":0.5,"y":0.5},"meshType":0}],[0],0,[0],[0],[0]],[[{"name":"c_4","rect":{"x":65,"y":463,"width":40,"height":56},"offset":{"x":0,"y":0},"originalSize":{"width":40,"height":56},"rotated":true,"capInsets":[0,0,0,0],"packable":true,"pixelsToUnit":100,"pivot":{"x":0.5,"y":0.5},"meshType":0}],[0],0,[0],[0],[0]],[[{"name":"c_13","rect":{"x":3,"y":483,"width":40,"height":56},"offset":{"x":0,"y":0},"originalSize":{"width":40,"height":56},"rotated":true,"capInsets":[0,0,0,0],"packable":true,"pixelsToUnit":100,"pivot":{"x":0.5,"y":0.5},"meshType":0}],[0],0,[0],[0],[0]],[[{"name":"h_10","rect":{"x":127,"y":463,"width":40,"height":56},"offset":{"x":0,"y":0},"originalSize":{"width":40,"height":56},"rotated":true,"capInsets":[0,0,0,0],"packable":true,"pixelsToUnit":100,"pivot":{"x":0.5,"y":0.5},"meshType":0}],[0],0,[0],[0],[0]],[[{"name":"s_6","rect":{"x":189,"y":463,"width":40,"height":56},"offset":{"x":0,"y":0},"originalSize":{"width":40,"height":56},"rotated":true,"capInsets":[0,0,0,0],"packable":true,"pixelsToUnit":100,"pivot":{"x":0.5,"y":0.5},"meshType":0}],[0],0,[0],[0],[0]],[[{"name":"d_1","rect":{"x":65,"y":509,"width":40,"height":56},"offset":{"x":0,"y":0},"originalSize":{"width":40,"height":56},"rotated":false,"capInsets":[0,0,0,0],"packable":true,"pixelsToUnit":100,"pivot":{"x":0.5,"y":0.5},"meshType":0}],[0],0,[0],[0],[0]],[[{"name":"h_7","rect":{"x":3,"y":529,"width":40,"height":56},"offset":{"x":0,"y":0},"originalSize":{"width":40,"height":56},"rotated":true,"capInsets":[0,0,0,0],"packable":true,"pixelsToUnit":100,"pivot":{"x":0.5,"y":0.5},"meshType":0}],[0],0,[0],[0],[0]],[[{"name":"s_9","rect":{"x":65,"y":571,"width":40,"height":56},"offset":{"x":0,"y":0},"originalSize":{"width":40,"height":56},"rotated":false,"capInsets":[0,0,0,0],"packable":true,"pixelsToUnit":100,"pivot":{"x":0.5,"y":0.5},"meshType":0}],[0],0,[0],[0],[0]],[[{"name":"h_11","rect":{"x":3,"y":575,"width":40,"height":56},"offset":{"x":0,"y":0},"originalSize":{"width":40,"height":56},"rotated":true,"capInsets":[0,0,0,0],"packable":true,"pixelsToUnit":100,"pivot":{"x":0.5,"y":0.5},"meshType":0}],[0],0,[0],[0],[0]],[[{"name":"s_10","rect":{"x":3,"y":621,"width":40,"height":56},"offset":{"x":0,"y":0},"originalSize":{"width":40,"height":56},"rotated":true,"capInsets":[0,0,0,0],"packable":true,"pixelsToUnit":100,"pivot":{"x":0.5,"y":0.5},"meshType":0}],[0],0,[0],[0],[0]],[[{"name":"c_11","rect":{"x":111,"y":509,"width":40,"height":56},"offset":{"x":0,"y":0},"originalSize":{"width":40,"height":56},"rotated":true,"capInsets":[0,0,0,0],"packable":true,"pixelsToUnit":100,"pivot":{"x":0.5,"y":0.5},"meshType":0}],[0],0,[0],[0],[0]],[[{"name":"icon_verify","rect":{"x":217,"y":29,"width":20,"height":20},"offset":{"x":0,"y":0},"originalSize":{"width":20,"height":20},"rotated":false,"capInsets":[0,0,0,0],"packable":true,"pixelsToUnit":100,"pivot":{"x":0.5,"y":0.5},"meshType":0}],[0],0,[0],[0],[0]],[[{"name":"s_2","rect":{"x":173,"y":509,"width":40,"height":56},"offset":{"x":0,"y":0},"originalSize":{"width":40,"height":56},"rotated":true,"capInsets":[0,0,0,0],"packable":true,"pixelsToUnit":100,"pivot":{"x":0.5,"y":0.5},"meshType":0}],[0],0,[0],[0],[0]],[[{"name":"c_6","rect":{"x":111,"y":555,"width":40,"height":56},"offset":{"x":0,"y":0},"originalSize":{"width":40,"height":56},"rotated":false,"capInsets":[0,0,0,0],"packable":true,"pixelsToUnit":100,"pivot":{"x":0.5,"y":0.5},"meshType":0}],[0],0,[0],[0],[0]],[[{"name":"d_13","rect":{"x":111,"y":617,"width":40,"height":56},"offset":{"x":0,"y":0},"originalSize":{"width":40,"height":56},"rotated":true,"capInsets":[0,0,0,0],"packable":true,"pixelsToUnit":100,"pivot":{"x":0.5,"y":0.5},"meshType":0}],[0],0,[0],[0],[0]],[[{"name":"h_1","rect":{"x":157,"y":555,"width":40,"height":56},"offset":{"x":0,"y":0},"originalSize":{"width":40,"height":56},"rotated":false,"capInsets":[0,0,0,0],"packable":true,"pixelsToUnit":100,"pivot":{"x":0.5,"y":0.5},"meshType":0}],[0],0,[0],[0],[0]],[[{"name":"s_4","rect":{"x":173,"y":617,"width":40,"height":56},"offset":{"x":0,"y":0},"originalSize":{"width":40,"height":56},"rotated":true,"capInsets":[0,0,0,0],"packable":true,"pixelsToUnit":100,"pivot":{"x":0.5,"y":0.5},"meshType":0}],[0],0,[0],[0],[0]],[[{"name":"d_7","rect":{"x":203,"y":555,"width":40,"height":56},"offset":{"x":0,"y":0},"originalSize":{"width":40,"height":56},"rotated":false,"capInsets":[0,0,0,0],"packable":true,"pixelsToUnit":100,"pivot":{"x":0.5,"y":0.5},"meshType":0}],[0],0,[0],[0],[0]]]]
