[1,["166bd737e@6c48a"],["_textureSource"],["cc.SpriteFrame"],0,[[[{"name":"4","rect":{"x":3,"y":3,"width":529,"height":245},"offset":{"x":0,"y":0},"originalSize":{"width":793,"height":245},"rotated":false,"capInsets":[0,0,0,0],"packable":true,"pixelsToUnit":100,"pivot":{"x":0.5,"y":0.5},"meshType":0}],[0],0,[0],[0],[0]],[[{"name":"16","rect":{"x":3,"y":254,"width":529,"height":245},"offset":{"x":0,"y":0},"originalSize":{"width":793,"height":245},"rotated":true,"capInsets":[0,0,0,0],"packable":true,"pixelsToUnit":100,"pivot":{"x":0.5,"y":0.5},"meshType":0}],[0],0,[0],[0],[0]],[[{"name":"10","rect":{"x":254,"y":254,"width":529,"height":245},"offset":{"x":0,"y":0},"originalSize":{"width":793,"height":245},"rotated":false,"capInsets":[0,0,0,0],"packable":true,"pixelsToUnit":100,"pivot":{"x":0.5,"y":0.5},"meshType":0}],[0],0,[0],[0],[0]],[[{"name":"5","rect":{"x":538,"y":3,"width":469,"height":245},"offset":{"x":0,"y":0},"originalSize":{"width":793,"height":245},"rotated":false,"capInsets":[0,0,0,0],"packable":true,"pixelsToUnit":100,"pivot":{"x":0.5,"y":0.5},"meshType":0}],[0],0,[0],[0],[0]],[[{"name":"33","rect":{"x":505,"y":756,"width":468,"height":245},"offset":{"x":71.5,"y":0},"originalSize":{"width":793,"height":245},"rotated":false,"capInsets":[0,0,0,0],"packable":true,"pixelsToUnit":100,"pivot":{"x":0.5,"y":0.5},"meshType":0}],[0],0,[0],[0],[0]],[[{"name":"21","rect":{"x":254,"y":505,"width":469,"height":245},"offset":{"x":0,"y":0},"originalSize":{"width":793,"height":245},"rotated":true,"capInsets":[0,0,0,0],"packable":true,"pixelsToUnit":100,"pivot":{"x":0.5,"y":0.5},"meshType":0}],[0],0,[0],[0],[0]],[[{"name":"11","rect":{"x":505,"y":505,"width":469,"height":245},"offset":{"x":0,"y":0},"originalSize":{"width":793,"height":245},"rotated":false,"capInsets":[0,0,0,0],"packable":true,"pixelsToUnit":100,"pivot":{"x":0.5,"y":0.5},"meshType":0}],[0],0,[0],[0],[0]]]]
