[1,["1a59d9d5-8369-4d55-999f-7df2f64a7fb9@6c48a"],0,[["sp.SkeletonData",["_name","_atlasText","textureNames","_skeletonJson","textures"],-1,3]],[[0,0,1,2,3,4,5]],[[0,"jigu","\njigu.png\nsize: 1613,1613\nformat: RGBA4444\nfilter: Linear,Linear\nrepeat: none\n擊鼓-animation_01\n  rotate: false\n  xy: 2, 1360\n  size: 329, 251\n  orig: 350, 350\n  offset: 8, 42\n  index: -1\n擊鼓-animation_09\n  rotate: false\n  xy: 2, 1360\n  size: 329, 251\n  orig: 350, 350\n  offset: 8, 42\n  index: -1\n擊鼓-animation_17\n  rotate: false\n  xy: 2, 1360\n  size: 329, 251\n  orig: 350, 350\n  offset: 8, 42\n  index: -1\n擊鼓-animation_02\n  rotate: true\n  xy: 1327, 1284\n  size: 327, 252\n  orig: 350, 350\n  offset: 9, 42\n  index: -1\n擊鼓-animation_06\n  rotate: true\n  xy: 1327, 1284\n  size: 327, 252\n  orig: 350, 350\n  offset: 9, 42\n  index: -1\n擊鼓-animation_10\n  rotate: true\n  xy: 1327, 1284\n  size: 327, 252\n  orig: 350, 350\n  offset: 9, 42\n  index: -1\n擊鼓-animation_14\n  rotate: true\n  xy: 1327, 1284\n  size: 327, 252\n  orig: 350, 350\n  offset: 9, 42\n  index: -1\n擊鼓-animation_18\n  rotate: true\n  xy: 1327, 1284\n  size: 327, 252\n  orig: 350, 350\n  offset: 9, 42\n  index: -1\n擊鼓-animation_22\n  rotate: true\n  xy: 1327, 1284\n  size: 327, 252\n  orig: 350, 350\n  offset: 9, 42\n  index: -1\n擊鼓-animation_03\n  rotate: false\n  xy: 333, 1360\n  size: 329, 251\n  orig: 350, 350\n  offset: 8, 42\n  index: -1\n擊鼓-animation_11\n  rotate: false\n  xy: 333, 1360\n  size: 329, 251\n  orig: 350, 350\n  offset: 8, 42\n  index: -1\n擊鼓-animation_19\n  rotate: false\n  xy: 333, 1360\n  size: 329, 251\n  orig: 350, 350\n  offset: 8, 42\n  index: -1\n擊鼓-animation_04\n  rotate: false\n  xy: 664, 1360\n  size: 330, 251\n  orig: 350, 350\n  offset: 8, 42\n  index: -1\n擊鼓-animation_12\n  rotate: false\n  xy: 664, 1360\n  size: 330, 251\n  orig: 350, 350\n  offset: 8, 42\n  index: -1\n擊鼓-animation_20\n  rotate: false\n  xy: 664, 1360\n  size: 330, 251\n  orig: 350, 350\n  offset: 8, 42\n  index: -1\n擊鼓-animation_28\n  rotate: false\n  xy: 664, 1360\n  size: 330, 251\n  orig: 350, 350\n  offset: 8, 42\n  index: -1\n擊鼓-animation_05\n  rotate: false\n  xy: 996, 1360\n  size: 329, 251\n  orig: 350, 350\n  offset: 8, 42\n  index: -1\n擊鼓-animation_21\n  rotate: false\n  xy: 996, 1360\n  size: 329, 251\n  orig: 350, 350\n  offset: 8, 42\n  index: -1\n擊鼓-animation_07\n  rotate: false\n  xy: 334, 600\n  size: 329, 252\n  orig: 350, 350\n  offset: 8, 42\n  index: -1\n擊鼓-animation_23\n  rotate: false\n  xy: 334, 600\n  size: 329, 252\n  orig: 350, 350\n  offset: 8, 42\n  index: -1\n擊鼓-animation_13\n  rotate: false\n  xy: 2, 1107\n  size: 329, 251\n  orig: 350, 350\n  offset: 8, 42\n  index: -1\n擊鼓-animation_15\n  rotate: false\n  xy: 333, 1107\n  size: 329, 251\n  orig: 350, 350\n  offset: 8, 42\n  index: -1\n擊鼓-animation_25\n  rotate: false\n  xy: 665, 600\n  size: 329, 252\n  orig: 350, 350\n  offset: 8, 42\n  index: -1\n擊鼓-animation_26\n  rotate: true\n  xy: 1326, 955\n  size: 327, 252\n  orig: 350, 350\n  offset: 9, 42\n  index: -1\n擊鼓-animation_27\n  rotate: false\n  xy: 664, 1107\n  size: 329, 251\n  orig: 350, 350\n  offset: 8, 42\n  index: -1\n擊鼓-animation_29\n  rotate: false\n  xy: 995, 1107\n  size: 329, 251\n  orig: 350, 350\n  offset: 8, 42\n  index: -1\n擊鼓-animation_30\n  rotate: false\n  xy: 2, 854\n  size: 327, 251\n  orig: 350, 350\n  offset: 9, 42\n  index: -1\n擊鼓-animation_31\n  rotate: false\n  xy: 2, 346\n  size: 327, 252\n  orig: 350, 350\n  offset: 9, 42\n  index: -1\n擊鼓-animation_32\n  rotate: true\n  xy: 1299, 301\n  size: 327, 272\n  orig: 350, 350\n  offset: 9, 42\n  index: -1\n擊鼓-animation_33\n  rotate: true\n  xy: 662, 7\n  size: 330, 293\n  orig: 350, 350\n  offset: 8, 42\n  index: -1\n擊鼓-animation_34\n  rotate: true\n  xy: 996, 529\n  size: 323, 301\n  orig: 350, 350\n  offset: 12, 42\n  index: -1\n擊鼓-animation_35\n  rotate: false\n  xy: 1266, 6\n  size: 330, 293\n  orig: 350, 350\n  offset: 8, 42\n  index: -1\n擊鼓-animation_36\n  rotate: true\n  xy: 992, 200\n  size: 327, 272\n  orig: 350, 350\n  offset: 9, 42\n  index: -1\n擊鼓-animation_37\n  rotate: false\n  xy: 331, 854\n  size: 327, 251\n  orig: 350, 350\n  offset: 9, 42\n  index: -1\n擊鼓-animation_38\n  rotate: false\n  xy: 663, 339\n  size: 327, 259\n  orig: 350, 350\n  offset: 9, 42\n  index: -1\n擊鼓-animation_39\n  rotate: false\n  xy: 333, 62\n  size: 327, 282\n  orig: 350, 350\n  offset: 9, 42\n  index: -1\n擊鼓-animation_40\n  rotate: true\n  xy: 1320, 630\n  size: 323, 291\n  orig: 350, 350\n  offset: 12, 42\n  index: -1\n擊鼓-animation_41\n  rotate: false\n  xy: 2, 65\n  size: 329, 279\n  orig: 350, 350\n  offset: 9, 42\n  index: -1\n擊鼓-animation_42\n  rotate: false\n  xy: 660, 854\n  size: 327, 251\n  orig: 350, 350\n  offset: 9, 42\n  index: -1\n擊鼓-animation_43\n  rotate: false\n  xy: 989, 854\n  size: 329, 251\n  orig: 350, 350\n  offset: 8, 42\n  index: -1\n擊鼓-animation_44\n  rotate: false\n  xy: 331, 346\n  size: 330, 252\n  orig: 350, 350\n  offset: 8, 42\n  index: -1\n擊鼓-animation_45\n  rotate: false\n  xy: 2, 600\n  size: 330, 252\n  orig: 350, 350\n  offset: 8, 42\n  index: -1\n擊鼓-animation_00\n  rotate: false\n  xy: 2, 600\n  size: 330, 252\n  orig: 350, 350\n  offset: 8, 42\n  index: -1\n擊鼓-animation_08\n  rotate: false\n  xy: 2, 600\n  size: 330, 252\n  orig: 350, 350\n  offset: 8, 42\n  index: -1\n擊鼓-animation_16\n  rotate: false\n  xy: 2, 600\n  size: 330, 252\n  orig: 350, 350\n  offset: 8, 42\n  index: -1\n擊鼓-animation_24\n  rotate: false\n  xy: 2, 600\n  size: 330, 252\n  orig: 350, 350\n  offset: 8, 42\n  index: -1\n",["jigu.png"],{"skeleton":{"hash":"gVUj6xURtQTNdsjSqRuOcR0GIs0","spine":"3.8.99","x":-250,"y":-250,"width":500,"height":500,"images":"./連續圖/","audio":""},"bones":[{"name":"root"}],"slots":[{"name":"擊鼓-animation_00","bone":"root","attachment":"擊鼓-animation_45"}],"skins":[{"name":"default","attachments":{"擊鼓-animation_00":{"擊鼓-animation_00":{"width":500,"height":500},"擊鼓-animation_01":{"width":500,"height":500},"擊鼓-animation_02":{"width":500,"height":500},"擊鼓-animation_03":{"width":500,"height":500},"擊鼓-animation_04":{"width":500,"height":500},"擊鼓-animation_05":{"width":500,"height":500},"擊鼓-animation_06":{"width":500,"height":500},"擊鼓-animation_07":{"width":500,"height":500},"擊鼓-animation_08":{"width":500,"height":500},"擊鼓-animation_09":{"width":500,"height":500},"擊鼓-animation_10":{"width":500,"height":500},"擊鼓-animation_11":{"width":500,"height":500},"擊鼓-animation_12":{"width":500,"height":500},"擊鼓-animation_13":{"width":500,"height":500},"擊鼓-animation_14":{"width":500,"height":500},"擊鼓-animation_15":{"width":500,"height":500},"擊鼓-animation_16":{"width":500,"height":500},"擊鼓-animation_17":{"width":500,"height":500},"擊鼓-animation_18":{"width":500,"height":500},"擊鼓-animation_19":{"width":500,"height":500},"擊鼓-animation_20":{"width":500,"height":500},"擊鼓-animation_21":{"width":500,"height":500},"擊鼓-animation_22":{"width":500,"height":500},"擊鼓-animation_23":{"width":500,"height":500},"擊鼓-animation_24":{"width":500,"height":500},"擊鼓-animation_25":{"width":500,"height":500},"擊鼓-animation_26":{"width":500,"height":500},"擊鼓-animation_27":{"width":500,"height":500},"擊鼓-animation_28":{"width":500,"height":500},"擊鼓-animation_29":{"width":500,"height":500},"擊鼓-animation_30":{"width":500,"height":500},"擊鼓-animation_31":{"width":500,"height":500},"擊鼓-animation_32":{"width":500,"height":500},"擊鼓-animation_33":{"width":500,"height":500},"擊鼓-animation_34":{"width":500,"height":500},"擊鼓-animation_35":{"width":500,"height":500},"擊鼓-animation_36":{"width":500,"height":500},"擊鼓-animation_37":{"width":500,"height":500},"擊鼓-animation_38":{"width":500,"height":500},"擊鼓-animation_39":{"width":500,"height":500},"擊鼓-animation_40":{"width":500,"height":500},"擊鼓-animation_41":{"width":500,"height":500},"擊鼓-animation_42":{"width":500,"height":500},"擊鼓-animation_43":{"width":500,"height":500},"擊鼓-animation_44":{"width":500,"height":500},"擊鼓-animation_45":{"width":500,"height":500}}}}],"animations":{"animation":{"slots":{"擊鼓-animation_00":{"attachment":[{"name":"擊鼓-animation_00"},{"time":0.0333,"name":"擊鼓-animation_01"},{"time":0.0667,"name":"擊鼓-animation_02"},{"time":0.1,"name":"擊鼓-animation_03"},{"time":0.1333,"name":"擊鼓-animation_04"},{"time":0.1667,"name":"擊鼓-animation_05"},{"time":0.2,"name":"擊鼓-animation_06"},{"time":0.2333,"name":"擊鼓-animation_07"},{"time":0.2667,"name":"擊鼓-animation_08"},{"time":0.3,"name":"擊鼓-animation_09"},{"time":0.3333,"name":"擊鼓-animation_10"},{"time":0.3667,"name":"擊鼓-animation_11"},{"time":0.4,"name":"擊鼓-animation_12"},{"time":0.4333,"name":"擊鼓-animation_13"},{"time":0.4667,"name":"擊鼓-animation_14"},{"time":0.5,"name":"擊鼓-animation_15"},{"time":0.5333,"name":"擊鼓-animation_16"},{"time":0.5667,"name":"擊鼓-animation_17"},{"time":0.6,"name":"擊鼓-animation_18"},{"time":0.6333,"name":"擊鼓-animation_19"},{"time":0.6667,"name":"擊鼓-animation_20"},{"time":0.7,"name":"擊鼓-animation_21"},{"time":0.7333,"name":"擊鼓-animation_22"},{"time":0.7667,"name":"擊鼓-animation_23"},{"time":0.8,"name":"擊鼓-animation_24"},{"time":0.8333,"name":"擊鼓-animation_25"},{"time":0.8667,"name":"擊鼓-animation_26"},{"time":0.9,"name":"擊鼓-animation_27"},{"time":0.9333,"name":"擊鼓-animation_28"},{"time":0.9667,"name":"擊鼓-animation_29"},{"time":1,"name":"擊鼓-animation_30"},{"time":1.0333,"name":"擊鼓-animation_31"},{"time":1.0667,"name":"擊鼓-animation_32"},{"time":1.1,"name":"擊鼓-animation_33"},{"time":1.1333,"name":"擊鼓-animation_34"},{"time":1.1667,"name":"擊鼓-animation_35"},{"time":1.2,"name":"擊鼓-animation_36"},{"time":1.2333,"name":"擊鼓-animation_37"},{"time":1.2667,"name":"擊鼓-animation_38"},{"time":1.3,"name":"擊鼓-animation_39"},{"time":1.3333,"name":"擊鼓-animation_40"},{"time":1.3667,"name":"擊鼓-animation_41"},{"time":1.4,"name":"擊鼓-animation_42"},{"time":1.4333,"name":"擊鼓-animation_43"},{"time":1.4667,"name":"擊鼓-animation_44"},{"time":1.5,"name":"擊鼓-animation_45"}]}}}}},[0]]],0,0,[0],[-1],[0]]
