[1,["1drcWO7qNBi7bOpZkJGirS","24aFLGGApJxZ7iQ9+/NLC9"],["_textureSetter","spriteFrame"],["cc.SpriteFrame",["cc.BitmapFont",["_name","fontSize","_fntConfig"],0]],[[1,0,1,2,4]],[[[{"name":"TopGoldFont_0","rect":[8,7,370,22],"offset":[-1.5,0],"originalSize":[389,36],"capInsets":[0,0,0,0]}],[0],0,[0],[0],[0]],[[[0,"TopGoldFont",26,{"commonHeight":26,"fontSize":26,"atlasName":"TopGoldFont_0.png","fontDefDictionary":{"44":{"xOffset":0,"yOffset":0,"xAdvance":12,"rect":{"x":255,"y":5,"width":12,"height":26}},"46":{"xOffset":0,"yOffset":0,"xAdvance":12,"rect":{"x":372,"y":5,"width":12,"height":26}},"47":{"xOffset":0,"yOffset":0,"xAdvance":20,"rect":{"x":347,"y":5,"width":20,"height":26}},"48":{"xOffset":0,"yOffset":0,"xAdvance":20,"rect":{"x":5,"y":5,"width":20,"height":26}},"49":{"xOffset":0,"yOffset":0,"xAdvance":20,"rect":{"x":30,"y":5,"width":20,"height":26}},"50":{"xOffset":0,"yOffset":0,"xAdvance":20,"rect":{"x":55,"y":5,"width":20,"height":26}},"51":{"xOffset":0,"yOffset":0,"xAdvance":20,"rect":{"x":80,"y":5,"width":20,"height":26}},"52":{"xOffset":0,"yOffset":0,"xAdvance":20,"rect":{"x":105,"y":5,"width":20,"height":26}},"53":{"xOffset":0,"yOffset":0,"xAdvance":20,"rect":{"x":130,"y":5,"width":20,"height":26}},"54":{"xOffset":0,"yOffset":0,"xAdvance":20,"rect":{"x":155,"y":5,"width":20,"height":26}},"55":{"xOffset":0,"yOffset":0,"xAdvance":20,"rect":{"x":180,"y":5,"width":20,"height":26}},"56":{"xOffset":0,"yOffset":0,"xAdvance":20,"rect":{"x":205,"y":5,"width":20,"height":26}},"57":{"xOffset":0,"yOffset":0,"xAdvance":20,"rect":{"x":230,"y":5,"width":20,"height":26}},"75":{"xOffset":0,"yOffset":0,"xAdvance":20,"rect":{"x":272,"y":5,"width":20,"height":26}},"77":{"xOffset":0,"yOffset":0,"xAdvance":20,"rect":{"x":297,"y":5,"width":20,"height":26}},"87":{"xOffset":0,"yOffset":0,"xAdvance":20,"rect":{"x":322,"y":5,"width":20,"height":26}}},"kerningDict":{}}]],0,0,[0],[1],[1]]]]