[1,["ecpdLyjvZBwrvm+cedCcQy","1d69ecdd3","2dHXSCYZpAYY02y6Y0yGiL","08aF+xjGZN/7TnAJgQ8caN","f0BIwQ8D5Ml7nTNQbh1YlS","41yUawkcVDCp+o8LnFBrMT","7a/QZLET9IDreTiBfRn2PD","28gARHcrFAmLlHnRDewBo5","19az7bLKpFkpAY4yL7EmMI","4dvLh1ZKROEYGAAl9YXAub","47DLlgmNlP/bP4p8B4JXHx","c1/faUuqpEJadDsZd1eH7M","66fQwHV55Fmqj9GWwNY9CW","85x6jJWb1EgqPwr/zOBI2M","44G0ObkxtBC7M/KCHbChpg","6fjuZB3DVIsZcBphb7dbYu","e97GVMl6JHh5Ml5qEDdSGa","29FYIk+N1GYaeWH/q1NxQO","1426b7ca9","d3uAq5bgpBM7q6pmMqLe9J","82LVyZ1DFEMq/4uaehyJuX","2eUZHVHRdMhpKMucsJGG/q","a2MjXRFdtLlYQ5ouAFv/+R","babRkR2rNDUYeP19svlK2P","1bCqdvySlIErMw78ep1WIc","36e+AIYAROmYjFulqqiGSf","57s5nBHpFNxadEeG3Cp/07","3ae7efMv1CLq2ilvUY/tQi","6bA+FsV7FIIqC1nWQQcYo9","dfd9tkH+5Bzqr4uYbSetcx","77ljbaR4hPrZdFamD6e3lG","2d6L0elXNBP4HeyEJmbenz","fd7C8AF8xMwqlEdaKs6Ybg"],["node","_spriteFrame","_textureSetter","_N$file","_parent","spResultItemBg","lbLoseScore","lbWinScore","spBank","lbFangPaoCount","lbHuCount","lbZiMoCount","spPlayerPos","lbName","spHead","_N$skeletonData","_N$normalSprite","_N$pressedSprite","_N$hoverSprite","_N$disabledSprite","root","nodeContinue","clock","_N$target","data","_normalMaterial","_grayMaterial"],["cc.SpriteFrame",["cc.Node",["_name","_opacity","_active","_prefab","_contentSize","_components","_parent","_children","_trs","_color"],0,4,5,9,1,2,7,5],["cc.Node",["_name","_active","_parent","_components","_prefab","_trs","_contentSize","_children","_anchorPoint","_color"],1,1,2,4,7,5,2,5,5],["cc.Sprite",["_sizeMode","_enabled","node","_materials","_spriteFrame"],1,1,3,6],["cc.Label",["_fontSize","_lineHeight","_N$horizontalAlign","_N$verticalAlign","_string","_enableWrapText","_N$overflow","_N$cacheMode","_isSystemFontUsed","_spacingX","node","_materials"],-7,1,3],["cc.Button",["_N$enableAutoGrayEffect","node","_N$normalColor","_N$pressedColor","_N$disabledColor","_N$target","_N$normalSprite","_N$pressedSprite","_N$hoverSprite","_N$disabledSprite","clickEvents","_normalMaterial","_grayMaterial"],2,1,5,5,5,1,6,6,6,6,9,6,6],["cc.PrefabInfo",["fileId","root"],2,1],["cc.Layout",["_resize","_N$layoutType","_N$spacingX","_N$spacingY","node","_layoutSize"],-1,1,5],["cc.Prefab",["_name"],2],["cc.Node",["_name","_active","_children","_components","_prefab","_contentSize","_trs"],1,2,12,4,5,7],["051daWSgkpKqoI1nIzzQTzj",["node","nodeResultItem","clock","nodeContinue"],3,1,2,1,1],["64a4361pQxKLb+i/HwMcGRD",["node","spHead","lbName","spPlayerPos","spPosFrame","lbZiMoCount","lbHuCount","lbFangPaoCount","spBank","lbWinScore","lbLoseScore","spResultItemBg","spResultItemFrame"],3,1,1,1,1,3,1,1,1,1,1,1,1,3],["cc.Widget",["alignMode","_alignFlags","_originalWidth","_originalHeight","node"],-1,1],["cc.ClickEvent",["_componentId","handler","target"],1,1],["dc260WzHhJCNbdTPXKK45bp",["node"],3,1],["cc.BlockInputEvents",["node"],3,1],["cc.Mask",["_type","_N$alphaThreshold","node","_materials"],1,1,3],["sp.Skeleton",["defaultSkin","defaultAnimation","_preCacheMode","_animationName","node","_materials"],-1,1,3],["a8565PCltFJKb0VsCb7DGqV",["node","clockLabel"],3,1,1]],[[6,0,1,2],[4,4,0,1,2,3,10,11,6],[1,0,6,7,5,3,4,8,2],[1,0,6,5,3,4,8,2],[3,2,3,4,1],[2,0,2,3,4,6,5,2],[2,0,2,3,4,6,8,5,2],[3,2,3,1],[4,4,0,1,8,9,2,3,10,11,8],[1,0,6,7,3,4,8,2],[1,0,6,7,5,3,4,2],[9,0,1,2,3,4,5,6,3],[2,0,1,2,7,3,4,6,8,5,3],[2,0,2,7,3,4,6,8,5,2],[2,0,2,3,4,6,2],[11,0,1,2,3,4,5,6,7,8,9,10,11,12,1],[7,0,1,3,4,5,4],[3,1,2,3,4,2],[3,0,2,3,2],[16,0,1,2,3,3],[4,0,1,5,2,3,6,10,11,7],[17,0,1,2,3,4,5,5],[1,0,7,5,3,4,2],[12,0,1,2,3,4,5],[7,0,1,2,4,5,4],[3,0,2,3,4,2],[13,0,1,2,3],[14,0,1],[4,4,0,1,5,2,3,7,10,11,8],[8,0,2],[1,0,7,5,3,4,8,2],[1,0,1,6,5,3,9,4,3],[1,0,6,7,3,2],[1,0,2,6,7,5,3,4,8,3],[1,0,6,5,3,4,2],[2,0,2,7,3,4,5,2],[2,0,2,3,4,9,6,5,2],[10,0,1,2,3,1],[6,1,1],[5,0,1,10,2,3,4,5,11,12,6,7,8,9,2],[5,1,10,2,3,4,5,6,7,8,9,1],[5,1,2,3,4,5,6,7,8,9,1],[15,0,1],[4,4,0,1,5,2,3,6,7,10,11,9],[18,0,1,1]],[[[{"name":"ui_zongjiesuan_ban4","rect":[3,3,257,409],"offset":[0,0],"originalSize":[257,409],"rotated":1,"capInsets":[0,0,0,0]}],[0],0,[0],[2],[1]],[[{"name":"ui_zongjiesuan_zjs2","rect":[454,187,92,34],"offset":[0,0],"originalSize":[92,34],"rotated":1,"capInsets":[0,0,0,0]}],[0],0,[0],[2],[1]],[[{"name":"ui_zongjiesuan_zjs1","rect":[454,85,96,38],"offset":[0,0],"originalSize":[96,38],"rotated":1,"capInsets":[0,0,0,0]}],[0],0,[0],[2],[1]],[[{"name":"ui_jiesuan_benjia","rect":[418,323,55,32],"offset":[0,0],"originalSize":[55,32],"capInsets":[0,0,0,0]}],[0],0,[0],[2],[1]],[[{"name":"totalbg","rect":[0,0,1280,700],"offset":[0,0],"originalSize":[1280,700],"capInsets":[0,0,0,0]}],[0],0,[0],[2],[21]],[[{"name":"ui_touxiangkuang","rect":[190,933,76,76],"offset":[0,0],"originalSize":[76,76],"capInsets":[0,0,0,0]}],[0],0,[0],[2],[18]],[[{"name":"ui_jiesuan_shangjia","rect":[418,399,53,32],"offset":[0,0],"originalSize":[53,32],"capInsets":[0,0,0,0]}],[0],0,[0],[2],[1]],[[{"name":"ui_jiesuan_duijia","rect":[418,285,56,32],"offset":[0,0],"originalSize":[56,32],"capInsets":[0,0,0,0]}],[0],0,[0],[2],[1]],[[{"name":"ui_zongjiesuan_ban5","rect":[3,266,257,409],"offset":[0,0],"originalSize":[257,409],"rotated":1,"capInsets":[0,0,0,0]}],[0],0,[0],[2],[1]],[[[29,"totalResultView"],[22,"totalResultView",[-9,-10],[[37,-8,[-4,-5,-6,-7],-3,-2]],[38,-1],[5,1280,720]],[9,"bg",1,[-11,-12,-13,-14,-15,-16,-17,-18],[0,"30l3GLj/xM+bKY+kY/fGch",1],[5,1274,604],[0,-16,0,0,0,0,1,1,1,1]],[11,"resultItem1",false,[-31,-32,-33,-34],[[-19,[15,-30,-29,-28,-27,[32,33,34,35],-26,-25,-24,-23,-22,-21,-20,[36,37]]],1,4],[0,"53wdGj/ldPfbKJYQiv1JEw",1],[5,257,409],[-387,-1.443,0,0,0,0,1,1,1,1]],[11,"resultItem2",false,[-47,-48,-49,-50],[[-35,[15,-46,-45,-44,-43,[58,59,60,61],-42,-41,-40,-39,-38,-37,-36,[62,63]]],1,4],[0,"aefDjF5Y1N14ayGyMY4vnm",1],[5,257,409],[-129,0,0,0,0,0,1,1,1,1]],[11,"resultItem3",false,[-63,-64,-65,-66],[[-51,[15,-62,-61,-60,-59,[84,85,86,87],-58,-57,-56,-55,-54,-53,-52,[88,89]]],1,4],[0,"b9McuF+v9AI46uncYIVMcZ",1],[5,257,409],[129,0,0,0,0,0,1,1,1,1]],[11,"resultItem4",false,[-79,-80,-81,-82],[[-67,[15,-78,-77,-76,-75,[110,111,112,113],-74,-73,-72,-71,-70,-69,-68,[114,115]]],1,4],[0,"a6E66FIOVEOqTFgekpYtO0",1],[5,257,409],[387,0,0,0,0,0,1,1,1,1]],[2,"nodePlayerResult",2,[3,4,5,6],[[24,1,1,1,-83,[5,-1,410]]],[0,"c7Qud7HulHdKJMPMa4QakA",1],[5,-1,410],[0,10,0,0,0,0,1,1,1,1]],[9,"nodePlayer",3,[-84,-85,-86,-87],[0,"a83MhUT0NDrKECWB+GM36+",1],[5,245,130],[-2.612,99.779,0,0,0,0,1,1,1,1]],[2,"countLayout",3,[-89,-90,-91],[[16,1,2,10,-88,[5,200,114.5]]],[0,"fcfQcZJyFDn7iSPRTNDocA",1],[5,200,114.5],[0,-38.301,0,0,0,0,1,1,1,1]],[9,"nodePlayer",4,[-92,-93,-94,-95],[0,"74Z1JxRhhOqIKsfbNaMN2y",1],[5,245,130],[-2.612,99.779,0,0,0,0,1,1,1,1]],[2,"countLayout",4,[-97,-98,-99],[[16,1,2,10,-96,[5,200,114.5]]],[0,"1fybP9s0lPE4s9P8qBu0Xd",1],[5,200,114.5],[0,-38.301,0,0,0,0,1,1,1,1]],[9,"nodePlayer",5,[-100,-101,-102,-103],[0,"c4NhMonp9AHY+AMieBIqme",1],[5,245,130],[-2.612,99.779,0,0,0,0,1,1,1,1]],[2,"countLayout",5,[-105,-106,-107],[[16,1,2,10,-104,[5,200,114.5]]],[0,"f6UeABTjhAapkNOqIDThRw",1],[5,200,114.5],[0,-38.301,0,0,0,0,1,1,1,1]],[9,"nodePlayer",6,[-108,-109,-110,-111],[0,"eaxg7kEMtLabztAC/0yUdj",1],[5,245,130],[-2.612,99.779,0,0,0,0,1,1,1,1]],[2,"countLayout",6,[-113,-114,-115],[[16,1,2,10,-112,[5,200,114.5]]],[0,"f3XearFaVJjrXXSFk/Y6lk",1],[5,200,114.5],[0,-38.301,0,0,0,0,1,1,1,1]],[22,"Background",[-118],[[4,-116,[117],118],[23,0,45,100,40,-117]],[0,"e6jsa+yCZO6IZarTVuOwAF",1],[5,213,77]],[30,"button_renew",[-122],[[39,true,-120,[[26,"051daWSgkpKqoI1nIzzQTzj","renewRoom",1]],[4,4293322470],[4,4291348680],[4,3363338360],-119,126,127,128,129,130,131],[27,-121]],[0,"4aTriEgQtB3JwUUuCW9aic",1],[5,213,77],[196.5,-1.96,0,0,0,0,1,1,1,1]],[10,"Background",17,[-125],[[4,-123,[124],125],[23,0,45,100,40,-124]],[0,"059E5B6ZdL6ZV4yKEBqI0M",1],[5,213,77]],[22,"Background",[-128],[[4,-126,[133],134],[23,0,45,100,40,-127]],[0,"43tSiSCyVG5bwpxG0JHTAm",1],[5,213,77]],[2,"nodeButton",2,[-130,17],[[24,1,1,180,-129,[5,606,100]]],[0,"f71b7VHDtAHpo8DNbB1EQT",1],[5,606,100],[-4.328,-238.04,0,0,0,0,1,1,1,1]],[2,"button_return",20,[16],[[40,-131,[[26,"051daWSgkpKqoI1nIzzQTzj","onReturnLobby",1]],[4,4293322470],[4,4291348680],[4,3363338360],16,119,120,121,122],[27,-132]],[0,"91ZebsGxtIb71OCXmh4nie",1],[5,213,77],[-196.5,-1.96,0,0,0,0,1,1,1,1]],[35,"clockNode",2,[-134,-135],[-133],[0,"0cwCOwfKpAJqpx5OIdMo9i",1],[-236.453,-315.942,0,0,0,0,1,1,1,1]],[31,"spMask",180,1,[[25,0,-136,[0],1],[42,-137]],[0,"51bant7UFKjararFYviIyl",1],[4,4278190080],[5,1280,720]],[32,"nodeLantern",2,[-138,-139],[0,"47BddTpf5E7Yd3b7qXtqHK",1]],[2,"head",8,[-141],[[17,false,-140,[14],15]],[0,"66EATBLxpGwKLQ91Ydgg6m",1],[5,76,76],[3,14.095,0,0,0,0,1,1,1,1]],[10,"mask",25,[-143],[[19,1,0,-142,[13]]],[0,"dafnef6uJJxba1psWSsfjr",1],[5,76,76]],[2,"lbZiMo",9,[-145],[[1,"自摸次數",25,25,1,1,-144,[20]]],[0,"6eg6sHgjJCZLFy1RGWg8li",1],[5,100,31.5],[-22,41.5,0,0,0,0,1,1,1,1]],[2,"lbHu",9,[-147],[[1,"胡牌次數",25,25,1,1,-146,[22]]],[0,"ddFqjjR7xDGYhX8wPakRyV",1],[5,100,31.5],[-22,0,0,0,0,0,1,1,1,1]],[2,"lbFanPao",9,[-149],[[1,"放炮次數",25,25,1,1,-148,[24]]],[0,"79VlLm6MpE5Kbaz+lnGbq8",1],[5,100,31.5],[-22,-41.5,0,0,0,0,1,1,1,1]],[12,"lbTotalScore",false,3,[-151],[-150],[0,"77b3jPJNRFPLvwYx/3ebvq",1],[5,107,28],[0,0,0.5],[-12.117,-133.215,0,0,0,0,1,1,1,1]],[13,"lbTotalScore",3,[-153],[-152],[0,"9eZt/vkoJNnY0ORqgI4x82",1],[5,109,33],[0,0,0.5],[-12.117,-133.215,0,0,0,0,1,1,1,1]],[2,"head",10,[-155],[[17,false,-154,[40],41]],[0,"00jSocG9JGX4wUAH3WEJIm",1],[5,76,76],[3,14.095,0,0,0,0,1,1,1,1]],[10,"mask",32,[-157],[[19,1,0,-156,[39]]],[0,"c7L+/9Bx5F2YRl6cMZds7R",1],[5,76,76]],[2,"lbZiMo",11,[-159],[[1,"自摸次數",25,25,1,1,-158,[46]]],[0,"b3gFlx0ElL9om3EYO1XpgV",1],[5,100,31.5],[-22,41.5,0,0,0,0,1,1,1,1]],[2,"lbHu",11,[-161],[[1,"胡牌次數",25,25,1,1,-160,[48]]],[0,"02jupaJ/pBz7QKgIwFRljW",1],[5,100,31.5],[-22,0,0,0,0,0,1,1,1,1]],[2,"lbFanPao",11,[-163],[[1,"放炮次數",25,25,1,1,-162,[50]]],[0,"cbUO1hLPRAK4eEOcTCp7lm",1],[5,100,31.5],[-22,-41.5,0,0,0,0,1,1,1,1]],[12,"lbTotalScore",false,4,[-165],[-164],[0,"acscU3OqBErZroBETYk6Gr",1],[5,107,28],[0,0,0.5],[-12.117,-133.215,0,0,0,0,1,1,1,1]],[13,"lbTotalScore",4,[-167],[-166],[0,"87sKDxtStO3qOomMna817O",1],[5,109,33],[0,0,0.5],[-12.117,-133.215,0,0,0,0,1,1,1,1]],[2,"head",12,[-169],[[17,false,-168,[66],67]],[0,"80BzwhwpZArYPDKG4tY5r4",1],[5,76,76],[3,14.095,0,0,0,0,1,1,1,1]],[10,"mask",39,[-171],[[19,1,0,-170,[65]]],[0,"b7ErwRuv9H1pGK6kfPXOts",1],[5,76,76]],[2,"lbZiMo",13,[-173],[[1,"自摸次數",25,25,1,1,-172,[72]]],[0,"92rJA6HQpMcZZz212k1zYj",1],[5,100,31.5],[-22,41.5,0,0,0,0,1,1,1,1]],[2,"lbHu",13,[-175],[[1,"胡牌次數",25,25,1,1,-174,[74]]],[0,"a8aycHn/lKVLPudUDf1+a2",1],[5,100,31.5],[-22,0,0,0,0,0,1,1,1,1]],[2,"lbFanPao",13,[-177],[[1,"放炮次數",25,25,1,1,-176,[76]]],[0,"2ccV1BsyxI6ZYfkgG4aqWX",1],[5,100,31.5],[-22,-41.5,0,0,0,0,1,1,1,1]],[12,"lbTotalScore",false,5,[-179],[-178],[0,"8155joCONA+4p9uIAtFVN2",1],[5,107,28],[0,0,0.5],[-12.117,-133.215,0,0,0,0,1,1,1,1]],[13,"lbTotalScore",5,[-181],[-180],[0,"cf/JlZQr9HnIrxmABqbSfn",1],[5,109,33],[0,0,0.5],[-12.117,-133.215,0,0,0,0,1,1,1,1]],[2,"head",14,[-183],[[17,false,-182,[92],93]],[0,"5eUk/ufUxJpIvCZBO4FK+e",1],[5,76,76],[3,14.095,0,0,0,0,1,1,1,1]],[10,"mask",46,[-185],[[19,1,0,-184,[91]]],[0,"973jMI0tBFOqocFnQwHtp0",1],[5,76,76]],[2,"lbZiMo",15,[-187],[[1,"自摸次數",25,25,1,1,-186,[98]]],[0,"ce1WnHoSBJhrQtw7JCk5g/",1],[5,100,31.5],[-22,41.5,0,0,0,0,1,1,1,1]],[2,"lbHu",15,[-189],[[1,"胡牌次數",25,25,1,1,-188,[100]]],[0,"a05X5SWKJKoaVjXuEBvJCz",1],[5,100,31.5],[-22,0,0,0,0,0,1,1,1,1]],[2,"lbFanPao",15,[-191],[[1,"放炮次數",25,25,1,1,-190,[102]]],[0,"7azeB85oBNh7RGILDr0TpF",1],[5,100,31.5],[-22,-41.5,0,0,0,0,1,1,1,1]],[12,"lbTotalScore",false,6,[-193],[-192],[0,"3dNyyvDB5J+K3gdFDBrfKY",1],[5,107,28],[0,0,0.5],[-12.117,-133.215,0,0,0,0,1,1,1,1]],[13,"lbTotalScore",6,[-195],[-194],[0,"5fG/1Bq+xOooB7dFmXFoCO",1],[5,109,33],[0,0,0.5],[-12.117,-133.215,0,0,0,0,1,1,1,1]],[33,"button_screenshots",false,2,[19],[[41,-196,[4,4293322470],[4,4291348680],[4,3363338360],19,135,136,137,138]],[0,"0aaO2wGaxPjbr6SqOF1jHK",1],[5,213,77],[-120,-235,0,0,0,0,1,1,1,1]],[3,"zhuangshi_4",2,[[4,-197,[2],3]],[0,"38iA1nHZFH9YpKBYe2ss1U",1],[5,1280,506],[0,16,0,0,0,0,1,1,1,1]],[34,"spBg",2,[[25,0,-198,[4],5]],[0,"196dlkhi5IHpNtaB69tTEt",1],[5,1274,604]],[3,"spTotalBg",2,[[4,-199,[6],7]],[0,"6bf6etQ8VEJaYEObObA+v/",1],[5,1280,700],[0,30,0,0,0,0,1,1,1,1]],[3,"spRLanterns",24,[[4,-200,[8],9]],[0,"41BRLRGY1FFpvOLgHPmYwq",1],[5,90,121],[595,280,0,0,0,0,1,1,1,1]],[3,"spLanterns",24,[[4,-201,[10],11]],[0,"2aaAkA1eBPQYgPIYmnBD/H",1],[5,90,121],[-595,280,0,0,0,0,1,-1,1,-1]],[14,"spHead",26,[-202],[0,"1aHPDfm1NMsYtqDVXtd315",1],[5,86,86]],[18,0,59,[12]],[5,"lbName",8,[-203],[0,"afY9L8nDROTphWnerzd+NY",1],[5,189.42,31.5],[0,-45.905,0,0,0,0,1,1,1,1]],[20,22,25,false,1,1,2,61,[16]],[5,"spHomeOwer",8,[-204],[0,"cd4Ca5y3xOPrDK3ayZex6Y",1],[5,102,60],[3,66,0,0,0,0,1,1,1,1]],[21,"default","move_owner",0,"move_owner",63,[17]],[5,"spPlayerPos",8,[-205],[0,"c3bHPeBqRMAKj/ixemqN4O",1],[5,55,32],[-84.293,80.255,0,0,0,0,1,1,1,1]],[7,65,[18]],[6,"lbZiMoCount",27,[-206],[0,"da/Qp8D0JG1ZDVFLlIoL+x",1],[5,13.9,31.5],[0,0,0.5],[80,0,0,0,0,0,1,1,1,1]],[1,"6",25,25,1,1,67,[19]],[6,"lbHuCount",28,[-207],[0,"3aS8VSXtlFs6OKMvLxr3W6",1],[5,13.9,31.5],[0,0,0.5],[80,0,0,0,0,0,1,1,1,1]],[1,"6",25,25,1,1,69,[21]],[6,"lbFangPaoCount",29,[-208],[0,"eanDu0y49Mq6ffGLRAMqmK",1],[5,13.9,31.5],[0,0,0.5],[80,0,0,0,0,0,1,1,1,1]],[1,"6",25,25,1,1,71,[23]],[3,"spTotalWin",30,[[4,-209,[25],26]],[0,"8a204pKJpOup4l3EfAR4Dh",1],[5,96,38],[-57.883,0,0,0,0,0,1,1,1,1]],[8,"110000",28,28,false,-1,1,1,30,[27]],[3,"spTotalLose",31,[[4,-210,[28],29]],[0,"0e55kZvDxLJomUTzDAoeG1",1],[5,92,34],[-57.883,0,0,0,0,0,1,1,1,1]],[8,"110000",33,33,false,-1,1,1,31,[30]],[7,3,[31]],[14,"spHead",33,[-211],[0,"01XPu+JK1A3b6ZQ50J7IGP",1],[5,86,86]],[18,0,78,[38]],[5,"lbName",10,[-212],[0,"0eJI7q64FGw5DJ+8rwvWgu",1],[5,189.42,31.5],[0,-45.905,0,0,0,0,1,1,1,1]],[20,22,25,false,1,1,2,80,[42]],[5,"spHomeOwer",10,[-213],[0,"9bNuYBKVBHv7LpJoYL7uOw",1],[5,102,60],[3,66,0,0,0,0,1,1,1,1]],[21,"default","move_owner",0,"move_owner",82,[43]],[5,"spPlayerPos",10,[-214],[0,"612H6+mlBN87JCc1/E7Ltk",1],[5,55,32],[-84.293,80.255,0,0,0,0,1,1,1,1]],[7,84,[44]],[6,"lbZiMoCount",34,[-215],[0,"32xGNRm2ZJnr4VhX3hxktB",1],[5,13.9,31.5],[0,0,0.5],[80,0,0,0,0,0,1,1,1,1]],[1,"6",25,25,1,1,86,[45]],[6,"lbHuCount",35,[-216],[0,"77CySFcUNMPZm+o4I+2gFx",1],[5,13.9,31.5],[0,0,0.5],[80,0,0,0,0,0,1,1,1,1]],[1,"6",25,25,1,1,88,[47]],[6,"lbFangPaoCount",36,[-217],[0,"2dQ3tCptdOpZA59g9z3wn5",1],[5,13.9,31.5],[0,0,0.5],[80,0,0,0,0,0,1,1,1,1]],[1,"6",25,25,1,1,90,[49]],[3,"spTotalWin",37,[[4,-218,[51],52]],[0,"245ZYsACFDYbBYfISFxOjx",1],[5,96,38],[-57.883,0,0,0,0,0,1,1,1,1]],[8,"110000",28,28,false,-1,1,1,37,[53]],[3,"spTotalLose",38,[[4,-219,[54],55]],[0,"4aQWn9WU9DQaFs3L2nMzZT",1],[5,92,34],[-57.883,0,0,0,0,0,1,1,1,1]],[8,"110000",33,33,false,-1,1,1,38,[56]],[7,4,[57]],[14,"spHead",40,[-220],[0,"edG5Q0UhhIkpEH239KRJea",1],[5,86,86]],[18,0,97,[64]],[5,"lbName",12,[-221],[0,"96EJOvc6lH871Z0vOaGuUr",1],[5,189.42,31.5],[0,-45.905,0,0,0,0,1,1,1,1]],[20,22,25,false,1,1,2,99,[68]],[5,"spHomeOwer",12,[-222],[0,"10yITSyixDKp0sRFlGimBa",1],[5,102,60],[3,66,0,0,0,0,1,1,1,1]],[21,"default","move_owner",0,"move_owner",101,[69]],[5,"spPlayerPos",12,[-223],[0,"d6PNThpHJA7rYCqVncmQGM",1],[5,55,32],[-84.293,80.255,0,0,0,0,1,1,1,1]],[7,103,[70]],[6,"lbZiMoCount",41,[-224],[0,"d9pxIglX1MjZ7HYOzUiaM3",1],[5,13.9,31.5],[0,0,0.5],[80,0,0,0,0,0,1,1,1,1]],[1,"6",25,25,1,1,105,[71]],[6,"lbHuCount",42,[-225],[0,"e7cKuRzIdAwpRwf8byZ4CI",1],[5,13.9,31.5],[0,0,0.5],[80,0,0,0,0,0,1,1,1,1]],[1,"6",25,25,1,1,107,[73]],[6,"lbFangPaoCount",43,[-226],[0,"efAbczwflPK4jYBaD3PUGM",1],[5,13.9,31.5],[0,0,0.5],[80,0,0,0,0,0,1,1,1,1]],[1,"6",25,25,1,1,109,[75]],[3,"spTotalWin",44,[[4,-227,[77],78]],[0,"86DiP84FtEoZyEqVchA+mW",1],[5,96,38],[-57.883,0,0,0,0,0,1,1,1,1]],[8,"110000",28,28,false,-1,1,1,44,[79]],[3,"spTotalLose",45,[[4,-228,[80],81]],[0,"cbJK9/2oBOo68b6Sd/N6ep",1],[5,92,34],[-57.883,0,0,0,0,0,1,1,1,1]],[8,"110000",33,33,false,-1,1,1,45,[82]],[7,5,[83]],[14,"spHead",47,[-229],[0,"bdo3axzUxCk62yLYIhxq7m",1],[5,86,86]],[18,0,116,[90]],[5,"lbName",14,[-230],[0,"20py4bb/JPGID7fVfQI8xP",1],[5,189.42,31.5],[0,-45.905,0,0,0,0,1,1,1,1]],[20,22,25,false,1,1,2,118,[94]],[5,"spHomeOwer",14,[-231],[0,"29GAIb3mNDf4ZYPK93HjUa",1],[5,102,60],[3,66,0,0,0,0,1,1,1,1]],[21,"default","move_owner",0,"move_owner",120,[95]],[5,"spPlayerPos",14,[-232],[0,"33NSBEA9hJbqLIj1wGfQvf",1],[5,55,32],[-84.293,80.255,0,0,0,0,1,1,1,1]],[7,122,[96]],[6,"lbZiMoCount",48,[-233],[0,"09KLnffpFJd4a9oI4pLxHQ",1],[5,13.9,31.5],[0,0,0.5],[80,0,0,0,0,0,1,1,1,1]],[1,"6",25,25,1,1,124,[97]],[6,"lbHuCount",49,[-234],[0,"14yXRHqv9HYY6Md5d5250/",1],[5,13.9,31.5],[0,0,0.5],[80,0,0,0,0,0,1,1,1,1]],[1,"6",25,25,1,1,126,[99]],[6,"lbFangPaoCount",50,[-235],[0,"17AVWpOsROhLJvyX+M/POn",1],[5,13.9,31.5],[0,0,0.5],[80,0,0,0,0,0,1,1,1,1]],[1,"6",25,25,1,1,128,[101]],[3,"spTotalWin",51,[[4,-236,[103],104]],[0,"9eLHL1NY5LLpycpp1GY6DA",1],[5,96,38],[-57.883,0,0,0,0,0,1,1,1,1]],[8,"110000",28,28,false,-1,1,1,51,[105]],[3,"spTotalLose",52,[[4,-237,[106],107]],[0,"62PVWaUORJCoZLo+xJEgJ5",1],[5,92,34],[-57.883,0,0,0,0,0,1,1,1,1]],[8,"110000",33,33,false,-1,1,1,52,[108]],[7,6,[109]],[3,"Label",16,[[28,"返回大廳",35,35,false,1,1,1,-238,[116]]],[0,"2cITLqqJ5FZJiRslzkhSRf",1],[5,140,44.1],[0,3,0,0,0,0,1,1,1,1]],[3,"Label",18,[[28,"續  玩",35,35,false,1,1,1,-239,[123]]],[0,"737tdkamdMZb51SvKzIfcs",1],[5,89.45,44.1],[0,3,0,0,0,0,1,1,1,1]],[3,"Label",19,[[43,"截 图",35,35,false,1,1,1,1,-240,[132]]],[0,"7dnYK+eQhMubIt9rr9ERpZ",1],[5,100,40],[0,3,0,0,0,0,1,1,1,1]],[36,"clockLabel",22,[-241],[0,"86xjBJnXBPWY/IvPDVitb5",1],[4,4283818495],[5,33.37,37.8],[82.249,-1.677,0,0,0,0,1,1,1,1]],[1,"30",30,30,1,1,138,[139]],[3,"New Label",22,[[1,"秒後自動關閉本頁面",30,30,1,1,-242,[140]]],[0,"93VCUYimBMXaPUH5Be0IPs",1],[5,270,37.8],[261.698,-0.99,0,0,0,0,1,1,1,1]],[44,22,139]],0,[0,20,1,0,21,17,0,22,141,0,-1,3,0,-2,4,0,-3,5,0,-4,6,0,0,1,0,-1,23,0,-2,2,0,-1,54,0,-2,55,0,-3,56,0,-4,24,0,-5,7,0,-6,20,0,-7,53,0,-8,22,0,-1,77,0,5,77,0,6,76,0,7,74,0,8,64,0,9,72,0,10,70,0,11,68,0,12,66,0,13,62,0,14,60,0,0,3,0,-1,8,0,-2,9,0,-3,30,0,-4,31,0,-1,96,0,5,96,0,6,95,0,7,93,0,8,83,0,9,91,0,10,89,0,11,87,0,12,85,0,13,81,0,14,79,0,0,4,0,-1,10,0,-2,11,0,-3,37,0,-4,38,0,-1,115,0,5,115,0,6,114,0,7,112,0,8,102,0,9,110,0,10,108,0,11,106,0,12,104,0,13,100,0,14,98,0,0,5,0,-1,12,0,-2,13,0,-3,44,0,-4,45,0,-1,134,0,5,134,0,6,133,0,7,131,0,8,121,0,9,129,0,10,127,0,11,125,0,12,123,0,13,119,0,14,117,0,0,6,0,-1,14,0,-2,15,0,-3,51,0,-4,52,0,0,7,0,-1,25,0,-2,61,0,-3,63,0,-4,65,0,0,9,0,-1,27,0,-2,28,0,-3,29,0,-1,32,0,-2,80,0,-3,82,0,-4,84,0,0,11,0,-1,34,0,-2,35,0,-3,36,0,-1,39,0,-2,99,0,-3,101,0,-4,103,0,0,13,0,-1,41,0,-2,42,0,-3,43,0,-1,46,0,-2,118,0,-3,120,0,-4,122,0,0,15,0,-1,48,0,-2,49,0,-3,50,0,0,16,0,0,16,0,-1,135,0,23,18,0,0,17,0,0,17,0,-1,18,0,0,18,0,0,18,0,-1,136,0,0,19,0,0,19,0,-1,137,0,0,20,0,-1,21,0,0,21,0,0,21,0,-1,141,0,-1,138,0,-2,140,0,0,23,0,0,23,0,-1,57,0,-2,58,0,0,25,0,-1,26,0,0,26,0,-1,59,0,0,27,0,-1,67,0,0,28,0,-1,69,0,0,29,0,-1,71,0,-1,74,0,-1,73,0,-1,76,0,-1,75,0,0,32,0,-1,33,0,0,33,0,-1,78,0,0,34,0,-1,86,0,0,35,0,-1,88,0,0,36,0,-1,90,0,-1,93,0,-1,92,0,-1,95,0,-1,94,0,0,39,0,-1,40,0,0,40,0,-1,97,0,0,41,0,-1,105,0,0,42,0,-1,107,0,0,43,0,-1,109,0,-1,112,0,-1,111,0,-1,114,0,-1,113,0,0,46,0,-1,47,0,0,47,0,-1,116,0,0,48,0,-1,124,0,0,49,0,-1,126,0,0,50,0,-1,128,0,-1,131,0,-1,130,0,-1,133,0,-1,132,0,0,53,0,0,54,0,0,55,0,0,56,0,0,57,0,0,58,0,-1,60,0,-1,62,0,-1,64,0,-1,66,0,-1,68,0,-1,70,0,-1,72,0,0,73,0,0,75,0,-1,79,0,-1,81,0,-1,83,0,-1,85,0,-1,87,0,-1,89,0,-1,91,0,0,92,0,0,94,0,-1,98,0,-1,100,0,-1,102,0,-1,104,0,-1,106,0,-1,108,0,-1,110,0,0,111,0,0,113,0,-1,117,0,-1,119,0,-1,121,0,-1,123,0,-1,125,0,-1,127,0,-1,129,0,0,130,0,0,132,0,0,135,0,0,136,0,0,137,0,-1,139,0,0,140,0,24,1,3,4,7,4,4,7,5,4,7,6,4,7,16,4,21,17,4,20,19,4,53,242],[0,0,0,0,0,0,0,0,0,0,0,0,0,0,0,0,0,0,0,0,0,0,0,0,0,0,0,0,0,0,0,0,0,0,0,0,0,0,0,0,0,0,0,0,0,0,0,0,0,0,0,0,0,0,0,0,0,0,0,0,0,0,0,0,0,0,0,0,0,0,0,0,0,0,0,0,0,0,0,0,0,0,0,0,0,0,0,0,0,0,0,0,0,0,0,0,0,0,0,0,0,0,0,0,0,0,0,0,0,0,0,0,0,0,0,0,0,0,0,0,0,0,0,0,0,0,0,0,0,0,0,0,0,0,0,0,0,0,0,0,0,60,64,66,74,76,77,79,83,85,93,95,96,98,102,104,112,114,115,117,121,123,131,133,134],[-1,1,-1,1,-1,1,-1,1,-1,1,-1,1,-1,-1,-1,1,-1,-1,-1,-1,-1,-1,-1,-1,-1,-1,1,-1,-1,1,-1,-1,-1,-2,-3,-4,-1,-2,-1,-1,-1,1,-1,-1,-1,-1,-1,-1,-1,-1,-1,-1,1,-1,-1,1,-1,-1,-1,-2,-3,-4,-1,-2,-1,-1,-1,1,-1,-1,-1,-1,-1,-1,-1,-1,-1,-1,1,-1,-1,1,-1,-1,-1,-2,-3,-4,-1,-2,-1,-1,-1,1,-1,-1,-1,-1,-1,-1,-1,-1,-1,-1,1,-1,-1,1,-1,-1,-1,-2,-3,-4,-1,-2,-1,-1,1,16,17,18,19,-1,-1,1,25,26,16,17,18,19,-1,-1,1,16,17,18,19,-1,-1,1,15,1,3,3,1,1,15,1,3,3,1,1,15,1,3,3,1,1,15,1,3,3,1],[0,22,0,23,0,24,0,25,0,19,0,19,0,0,0,5,0,6,0,0,0,0,0,0,0,0,7,0,0,8,0,0,2,9,10,11,3,12,0,0,0,5,0,6,0,0,0,0,0,0,0,0,7,0,0,8,0,0,2,9,10,11,3,12,0,0,0,5,0,6,0,0,0,0,0,0,0,0,7,0,0,8,0,0,2,9,10,11,3,12,0,0,0,5,0,6,0,0,0,0,0,0,0,0,7,0,0,8,0,0,2,9,10,11,3,12,0,0,20,4,16,4,17,0,0,26,0,27,4,16,4,17,0,0,20,4,16,4,17,0,0,28,13,2,14,15,3,29,13,2,14,15,3,30,13,2,14,15,3,31,13,2,14,15,3]],[[{"name":"zhuangshi_4","rect":[0,0,1280,506],"offset":[0,0],"originalSize":[1280,506],"capInsets":[0,0,0,0]}],[0],0,[0],[2],[32]],[[{"name":"ui_jiesuan_xiajia","rect":[418,361,54,32],"offset":[0,0],"originalSize":[54,32],"capInsets":[0,0,0,0]}],[0],0,[0],[2],[1]],[[{"name":"zhuangshi_5","rect":[290,717,90,121],"offset":[0,0],"originalSize":[90,121],"rotated":1,"capInsets":[0,0,0,0]}],[0],0,[0],[2],[18]]]]