[1,["ecpdLyjvZBwrvm+cedCcQy","f0BIwQ8D5Ml7nTNQbh1YlS","1c61e69aa","9doOT+/k5Bc7JfaZ+7/BCs","e97GVMl6JHh5Ml5qEDdSGa","29FYIk+N1GYaeWH/q1NxQO","50bl9JJ8dHA7klnOcgF8Ys","daZ8zcsJZHGpQ/3Rm2RhR5","069GQPiWFG975cErjmFzQO","2ag0GrNTxMUr9PoV+Ttgfm","a1h1F5KdxKe7Ticb7/4euE","fe4H6F2CNKXIbPHPMiZQl2","e9eXzrnqNJq4H+w1DGLvH0","78VxAdKrJGoYi4xfH7zi21","ee4dqLW3pO/4osi5XUcK1G","a9ftADh3RNKo6fcUwqRzsP","faQFodYoZLB7yMzTxIDcBV"],["node","_spriteFrame","_textureSetter","root","_N$target","_N$normalSprite","_N$pressedSprite","_N$hoverSprite","_N$disabledSprite","target","menuBg","data"],["cc.SpriteFrame",["cc.Node",["_name","_objFlags","_components","_prefab","_contentSize","_parent","_trs","_children","_anchorPoint"],1,9,4,5,1,7,2,5],["cc.Button",["zoomScale","node","clickEvents","_N$target","_N$normalColor","_N$pressedColor","_N$disabledColor","_N$normalSprite","_N$pressedSprite","_N$hoverSprite","_N$disabledSprite"],2,1,9,1,5,5,5,6,6,6,6],["cc.PrefabInfo",["fileId","root"],2,1],["cc.Sprite",["_type","node","_materials","_spriteFrame"],2,1,3,6],["cc.Prefab",["_name"],2],["cc.ClickEvent",["_componentId","handler","customEventData","target"],0,1],["8cc4eqaSc5PwotQh9ZQ1Ues",["node","menuBtns","menuBg"],3,1,2,1],["cc.Layout",["_N$layoutType","_N$spacingY","node","_layoutSize"],1,1,5],["cc.BlockInputEvents",["node"],3,1],["cc.Widget",["_alignFlags","node"],2,1],["dc260WzHhJCNbdTPXKK45bp",["node"],3,1]],[[3,0,1,2],[4,1,2,3,1],[1,0,5,2,3,4,2],[6,0,1,2,3,4],[1,0,5,7,2,3,4,6,2],[2,0,1,2,4,5,6,3,7,8,9,10,2],[11,0,1],[1,0,1,5,2,3,4,6,3],[4,0,1,2,3,2],[5,0,2],[1,0,7,2,3,4,2],[1,0,5,7,2,3,4,8,6,2],[1,0,5,2,3,4,6,2],[2,1,2,1],[2,1,2,3,1],[7,0,1,2,1],[3,1,1],[8,0,1,2,3,3],[9,0,1],[10,0,1,2]],[[[{"name":"ui_caidan_hmd","rect":[300,473,227,53],"offset":[0,0],"originalSize":[227,53],"rotated":1,"capInsets":[0,0,0,0]}],[0],0,[0],[2],[2]],[[{"name":"ui_caidan_zj","rect":[3,933,230,53],"offset":[0,0],"originalSize":[230,53],"capInsets":[0,0,0,0]}],[0],0,[0],[2],[2]],[[{"name":"ui_caidan_yxgz","rect":[358,236,227,52],"offset":[0,0],"originalSize":[227,52],"rotated":1,"capInsets":[0,0,0,0]}],[0],0,[0],[2],[2]],[[{"name":"ui_caidan_jspz","rect":[300,3,229,52],"offset":[0,0],"originalSize":[229,52],"rotated":1,"capInsets":[0,0,0,0]}],[0],0,[0],[2],[2]],[[{"name":"ui_caidan_banzi2","rect":[3,729,287,79],"offset":[0,0],"originalSize":[287,79],"capInsets":[0,0,0,0]}],[0],0,[0],[2],[2]],[[{"name":"ui_caidan_jl","rect":[300,238,229,52],"offset":[0,0],"originalSize":[229,52],"rotated":1,"capInsets":[0,0,0,0]}],[0],0,[0],[2],[2]],[[{"name":"ui_caidan_mzsm","rect":[3,814,228,54],"offset":[0,0],"originalSize":[228,54],"capInsets":[0,0,0,0]}],[0],0,[0],[2],[2]],[[{"name":"ui_caidan_yqhy","rect":[3,874,231,53],"offset":[0,0],"originalSize":[231,53],"capInsets":[0,0,0,0]}],[0],0,[0],[2],[2]],[[[9,"mahjongMenuNode"],[10,"mahjongMenuNode",[-16],[[13,-3,[[3,"8cc4eqaSc5PwotQh9ZQ1Ues","btnClicked","close",-2]]],[15,-15,[-5,-6,-7,-8,-9,-10,-11,-12,-13,-14],-4]],[16,-1],[5,1280,720]],[11,"menuBg",1,[-21,-22,-23,-24,-25,-26,-27,-28,-29,-30],[[1,-17,[76],77],[17,2,-4,-18,[5,291,720]],[18,-19],[19,32,-20]],[0,"66XMdSztlDwp/mCetQ+HCx",1],[5,291,720],[0,0.5,1],[494.5,360,0,0,0,0,1,1,1,1]],[4,"rule",2,[-35,-36],[[5,0.9,-33,[[3,"8cc4eqaSc5PwotQh9ZQ1Ues","btnClicked","rule",1]],[4,4293322470],[4,4291348680],[4,3363338360],-32,4,5,6,7],[6,-34]],[0,"bbBUHUNzRClrx9y5HQka4C",-31],[5,287,79],[0,-39.5,0,0,0,0,1,1,1,1]],[4,"share",2,[-41,-42],[[5,0.9,-39,[[3,"8cc4eqaSc5PwotQh9ZQ1Ues","btnClicked","share",1]],[4,4293322470],[4,4291348680],[4,3363338360],-38,12,13,14,15],[6,-40]],[0,"26XZci7TNKQZ9qC5Y+h81I",-37],[5,287,79],[0,-114.5,0,0,0,0,1,1,1,1]],[4,"blacklist",2,[-47,-48],[[5,0.9,-45,[[3,"8cc4eqaSc5PwotQh9ZQ1Ues","btnClicked","blacklist",1]],[4,4293322470],[4,4291348680],[4,3363338360],-44,20,21,22,23],[6,-46]],[0,"32Avs66AVIfoQw6sQ+WNBV",-43],[5,287,79],[0,-189.5,0,0,0,0,1,1,1,1]],[4,"grade",2,[-53,-54],[[5,0.9,-51,[[3,"8cc4eqaSc5PwotQh9ZQ1Ues","btnClicked","grade",1]],[4,4293322470],[4,4291348680],[4,3363338360],-50,28,29,30,31],[6,-52]],[0,"6aICkaFkdLc6cfQQ0QVzNx",-49],[5,287,79],[0,-264.5,0,0,0,0,1,1,1,1]],[4,"record",2,[-59,-60],[[5,0.9,-57,[[3,"8cc4eqaSc5PwotQh9ZQ1Ues","btnClicked","record",1]],[4,4293322470],[4,4291348680],[4,3363338360],-56,36,37,38,39],[6,-58]],[0,"5cDyL4ZThMh4spJGpop/+a",-55],[5,287,79],[0,-339.5,0,0,0,0,1,1,1,1]],[4,"set",2,[-65,-66],[[5,0.9,-63,[[3,"8cc4eqaSc5PwotQh9ZQ1Ues","btnClicked","sound",1]],[4,4293322470],[4,4291348680],[4,3363338360],-62,44,45,46,47],[6,-64]],[0,"72ePg0r79JJKWc6D6pjxMA",-61],[5,287,79],[0,-414.5,0,0,0,0,1,1,1,1]],[4,"dissolution",2,[-71,-72],[[5,0.9,-69,[[3,"8cc4eqaSc5PwotQh9ZQ1Ues","btnClicked","dissolution",1]],[4,4293322470],[4,4291348680],[4,3363338360],-68,56,57,58,59],[6,-70]],[0,"6bhlf4pm9FxJ4w4a8Xos7n",-67],[5,287,79],[0,-564.5,0,0,0,0,1,1,1,1]],[4,"exit",2,[-77,-78],[[5,0.9,-75,[[3,"8cc4eqaSc5PwotQh9ZQ1Ues","btnClicked","exit",1]],[4,4293322470],[4,4291348680],[4,3363338360],-74,64,65,66,67],[6,-76]],[0,"dffRfTjq1KJZkptJfSdvJ5",-73],[5,287,79],[0,-639.5,0,0,0,0,1,1,1,1]],[4,"disclaimers",2,[-83,-84],[[5,0.9,-81,[[3,"8cc4eqaSc5PwotQh9ZQ1Ues","btnClicked","disclaimers",1]],[4,4293322470],[4,4291348680],[4,3363338360],-80,72,73,74,75],[6,-82]],[0,"2dWDFYzSdLdKlKe0jsO4uB",-79],[5,287,79],[0,-714.5,0,0,0,0,1,1,1,1]],[4,"watchGame",2,[-87,-88],[[14,-86,[[3,"8cc4eqaSc5PwotQh9ZQ1Ues","btnClicked","watchGame",1]],-85]],[0,"22ELfv941NyZjsge5Wp2HH",1],[5,287,79],[0,-489.5,0,0,0,0,1,1,1,1]],[7,"Background",512,3,[[1,-89,[0],1]],[0,"0eTlyurMtDRo9Mi6sn6J+O",3],[5,287,79],[0,0,0,0,0,0,1,1,1,0]],[7,"Background",512,4,[[8,1,-90,[8],9]],[0,"0eTlyurMtDRo9Mi6sn6J+O",4],[5,287,79],[0,0,0,0,0,0,1,1,1,0]],[7,"Background",512,5,[[8,1,-91,[16],17]],[0,"0eTlyurMtDRo9Mi6sn6J+O",5],[5,287,79],[0,0,0,0,0,0,1,1,1,0]],[7,"Background",512,6,[[8,1,-92,[24],25]],[0,"0eTlyurMtDRo9Mi6sn6J+O",6],[5,287,79],[0,0,0,0,0,0,1,1,1,0]],[7,"Background",512,7,[[8,1,-93,[32],33]],[0,"0eTlyurMtDRo9Mi6sn6J+O",7],[5,287,79],[0,0,0,0,0,0,1,1,1,0]],[12,"Background",8,[[8,1,-94,[40],41]],[0,"0eTlyurMtDRo9Mi6sn6J+O",8],[5,287,79],[0,0,0,0,0,0,1,1,1,0]],[2,"BackGround",12,[[1,-95,[48],49]],[0,"b9VXz5epxAKp2Kf7aBX5nM",1],[5,287,79]],[7,"Background",512,9,[[8,1,-96,[52],53]],[0,"0eTlyurMtDRo9Mi6sn6J+O",9],[5,287,79],[0,0,0,0,0,0,1,1,1,0]],[7,"Background",512,10,[[8,1,-97,[60],61]],[0,"0eTlyurMtDRo9Mi6sn6J+O",10],[5,287,79],[0,0,0,0,0,0,1,1,1,0]],[7,"Background",512,11,[[8,1,-98,[68],69]],[0,"0eTlyurMtDRo9Mi6sn6J+O",11],[5,287,79],[0,0,0,0,0,0,1,1,1,0]],[2,"icon",3,[[1,-99,[2],3]],[0,"b8AwlySbtMNqMgpDn/Okiq",3],[5,227,52]],[2,"icon",4,[[1,-100,[10],11]],[0,"b8AwlySbtMNqMgpDn/Okiq",4],[5,231,53]],[2,"icon",5,[[1,-101,[18],19]],[0,"b8AwlySbtMNqMgpDn/Okiq",5],[5,227,53]],[2,"icon",6,[[1,-102,[26],27]],[0,"b8AwlySbtMNqMgpDn/Okiq",6],[5,230,53]],[2,"icon",7,[[1,-103,[34],35]],[0,"b8AwlySbtMNqMgpDn/Okiq",7],[5,229,52]],[2,"icon",8,[[1,-104,[42],43]],[0,"b8AwlySbtMNqMgpDn/Okiq",8],[5,227,53]],[2,"icon",12,[[1,-105,[50],51]],[0,"a4QNftXt9H8r0btUFyHfry",1],[5,232,53]],[2,"icon",9,[[1,-106,[54],55]],[0,"b8AwlySbtMNqMgpDn/Okiq",9],[5,229,52]],[2,"icon",10,[[1,-107,[62],63]],[0,"b8AwlySbtMNqMgpDn/Okiq",10],[5,226,52]],[2,"icon",11,[[1,-108,[70],71]],[0,"b8AwlySbtMNqMgpDn/Okiq",11],[5,228,54]]],0,[0,3,1,0,9,1,0,0,1,0,10,2,0,-1,3,0,-2,4,0,-3,5,0,-4,6,0,-5,7,0,-6,8,0,-7,12,0,-8,9,0,-9,10,0,-10,11,0,0,1,0,-1,2,0,0,2,0,0,2,0,0,2,0,0,2,0,-1,3,0,-2,4,0,-3,5,0,-4,6,0,-5,7,0,-6,8,0,-7,12,0,-8,9,0,-9,10,0,-10,11,0,3,3,0,4,13,0,0,3,0,0,3,0,-1,13,0,-2,23,0,3,4,0,4,14,0,0,4,0,0,4,0,-1,14,0,-2,24,0,3,5,0,4,15,0,0,5,0,0,5,0,-1,15,0,-2,25,0,3,6,0,4,16,0,0,6,0,0,6,0,-1,16,0,-2,26,0,3,7,0,4,17,0,0,7,0,0,7,0,-1,17,0,-2,27,0,3,8,0,4,18,0,0,8,0,0,8,0,-1,18,0,-2,28,0,3,9,0,4,20,0,0,9,0,0,9,0,-1,20,0,-2,30,0,3,10,0,4,21,0,0,10,0,0,10,0,-1,21,0,-2,31,0,3,11,0,4,22,0,0,11,0,0,11,0,-1,22,0,-2,32,0,4,19,0,0,12,0,-1,19,0,-2,29,0,0,13,0,0,14,0,0,15,0,0,16,0,0,17,0,0,18,0,0,19,0,0,20,0,0,21,0,0,22,0,0,23,0,0,24,0,0,25,0,0,26,0,0,27,0,0,28,0,0,29,0,0,30,0,0,31,0,0,32,0,11,1,108],[0,0,0,0,0,0,0,0,0,0,0,0,0,0,0,0,0,0,0,0,0,0,0,0,0,0,0,0,0,0,0,0,0,0,0,0,0,0,0,0,0,0,0,0,0,0,0,0,0,0,0,0,0,0,0,0,0,0,0,0,0,0,0,0,0,0,0,0,0,0,0,0,0,0,0,0,0,0],[-1,1,-1,1,5,6,7,8,-1,1,-1,1,5,6,7,8,-1,1,-1,1,5,6,7,8,-1,1,-1,1,5,6,7,8,-1,1,-1,1,5,6,7,8,-1,1,-1,1,5,6,7,8,-1,1,-1,1,-1,1,-1,1,5,6,7,8,-1,1,-1,1,5,6,7,8,-1,1,-1,1,5,6,7,8,-1,1],[0,3,0,6,1,4,1,5,0,3,0,7,1,4,1,5,0,3,0,8,1,4,1,5,0,3,0,9,1,4,1,5,0,3,0,10,1,4,1,5,0,3,0,11,1,4,1,5,0,3,0,12,0,3,0,13,1,4,1,5,0,3,0,14,1,4,1,5,0,3,0,15,1,4,1,5,0,16]],[[{"name":"ui_caidan_gz","rect":[296,729,232,53],"offset":[0,0],"originalSize":[232,53],"rotated":1,"capInsets":[0,0,0,0]}],[0],0,[0],[2],[2]],[[{"name":"ui_caidan_tcfj","rect":[355,706,229,52],"offset":[0,0],"originalSize":[229,52],"rotated":1,"capInsets":[0,0,0,0]}],[0],0,[0],[2],[2]],[[{"name":"ui_caidan_banzi1","rect":[3,3,291,720],"offset":[0,0],"originalSize":[291,720],"capInsets":[0,0,0,0]}],[0],0,[0],[2],[2]],[[{"name":"ui_caidan_sz","rect":[358,3,227,53],"offset":[0,0],"originalSize":[227,53],"rotated":1,"capInsets":[0,0,0,0]}],[0],0,[0],[2],[2]]]]