[1,["85BsIDgMZHf59A0O9dDd1F","97w/StrgxKt4n8NOxqvZZu"],["spriteFrame","_textureSetter"],["cc.SpriteFrame",["cc.BitmapFont",["_name","fontSize","_fntConfig"],0]],[[1,0,1,2,4]],[[[[0,"smallResultFont",25,{"commonHeight":25,"fontSize":25,"atlasName":"smallResultFont_0.png","fontDefDictionary":{"48":{"xOffset":0,"yOffset":0,"xAdvance":20,"rect":{"x":29,"y":5,"width":20,"height":25}},"49":{"xOffset":0,"yOffset":0,"xAdvance":17,"rect":{"x":54,"y":5,"width":17,"height":25}},"50":{"xOffset":0,"yOffset":0,"xAdvance":19,"rect":{"x":76,"y":5,"width":19,"height":25}},"51":{"xOffset":0,"yOffset":0,"xAdvance":20,"rect":{"x":100,"y":5,"width":20,"height":25}},"52":{"xOffset":0,"yOffset":0,"xAdvance":21,"rect":{"x":125,"y":5,"width":21,"height":25}},"53":{"xOffset":0,"yOffset":0,"xAdvance":19,"rect":{"x":151,"y":5,"width":19,"height":25}},"54":{"xOffset":0,"yOffset":0,"xAdvance":19,"rect":{"x":175,"y":5,"width":19,"height":25}},"55":{"xOffset":0,"yOffset":0,"xAdvance":19,"rect":{"x":199,"y":5,"width":19,"height":25}},"56":{"xOffset":0,"yOffset":0,"xAdvance":20,"rect":{"x":223,"y":5,"width":20,"height":25}},"57":{"xOffset":0,"yOffset":0,"xAdvance":19,"rect":{"x":5,"y":5,"width":19,"height":25}}},"kerningDict":{}}]],0,0,[0],[0],[0]],[[{"name":"smallResultFont_0","rect":[5,5,238,25],"offset":[0,0],"originalSize":[248,35],"capInsets":[0,0,0,0]}],[0],0,[0],[1],[1]]]]