[1,["0eef5ea5-4393-443e-bbbb-83153a30d304@6c48a"],0,[["sp.SkeletonData",["_name","_atlasText","textureNames","_skeletonJson","textures"],-1,3]],[[0,0,1,2,3,4,5]],[[0,"daxiaoren","\ndaxiaoren.png\nsize: 1513,1513\nformat: RGBA4444\nfilter: Linear,Linear\nrepeat: none\n連續圖/10303\n  rotate: false\n  xy: 704, 743\n  size: 382, 382\n  orig: 400, 400\n  offset: 18, 6\n  index: -1\n連續圖/10304\n  rotate: true\n  xy: 2, 2\n  size: 349, 383\n  orig: 400, 400\n  offset: 20, 5\n  index: -1\n連續圖/10305\n  rotate: false\n  xy: 2, 353\n  size: 350, 384\n  orig: 400, 400\n  offset: 21, 4\n  index: -1\n連續圖/10306\n  rotate: false\n  xy: 2, 739\n  size: 348, 385\n  orig: 400, 400\n  offset: 23, 3\n  index: -1\n連續圖/10307\n  rotate: false\n  xy: 1057, 1129\n  size: 349, 382\n  orig: 400, 400\n  offset: 5, 3\n  index: -1\n連續圖/10308\n  rotate: false\n  xy: 354, 354\n  size: 347, 384\n  orig: 400, 400\n  offset: 5, 2\n  index: -1\n連續圖/10309\n  rotate: false\n  xy: 355, 1127\n  size: 348, 384\n  orig: 400, 400\n  offset: 12, 4\n  index: -1\n連續圖/10310\n  rotate: false\n  xy: 1055, 360\n  size: 372, 381\n  orig: 400, 400\n  offset: 0, 12\n  index: -1\n連續圖/10311\n  rotate: true\n  xy: 387, 2\n  size: 350, 383\n  orig: 400, 400\n  offset: 22, 12\n  index: -1\n連續圖/10312\n  rotate: false\n  xy: 352, 740\n  size: 350, 384\n  orig: 400, 400\n  offset: 19, 9\n  index: -1\n連續圖/10313\n  rotate: false\n  xy: 703, 355\n  size: 350, 383\n  orig: 400, 400\n  offset: 19, 9\n  index: -1\n連續圖/10314\n  rotate: false\n  xy: 705, 1129\n  size: 350, 382\n  orig: 400, 400\n  offset: 20, 9\n  index: -1\n連續圖/10315\n  rotate: false\n  xy: 2, 1126\n  size: 351, 385\n  orig: 400, 400\n  offset: 20, 5\n  index: -1\n連續圖/10316\n  rotate: true\n  xy: 772, 3\n  size: 350, 383\n  orig: 400, 400\n  offset: 18, 5\n  index: -1\n連續圖/10317\n  rotate: false\n  xy: 1088, 747\n  size: 349, 380\n  orig: 400, 400\n  offset: 17, 8\n  index: -1\n",["daxiaoren.png"],{"skeleton":{"hash":"uSex7khESxOXjptZ6VupFdmvnuw","spine":"3.8.99","images":"","audio":""},"bones":[{"name":"root"}],"slots":[{"name":"連續圖/10303","bone":"root"}],"skins":[{"name":"default","attachments":{"連續圖/10303":{"連續圖/10303":{"width":500,"height":500},"連續圖/10304":{"width":500,"height":500},"連續圖/10305":{"width":500,"height":500},"連續圖/10306":{"width":500,"height":500},"連續圖/10307":{"width":500,"height":500},"連續圖/10308":{"width":500,"height":500},"連續圖/10309":{"width":500,"height":500},"連續圖/10310":{"width":500,"height":500},"連續圖/10311":{"width":500,"height":500},"連續圖/10312":{"width":500,"height":500},"連續圖/10313":{"width":500,"height":500},"連續圖/10314":{"width":500,"height":500},"連續圖/10315":{"width":500,"height":500},"連續圖/10316":{"width":500,"height":500},"連續圖/10317":{"width":500,"height":500}}}}],"animations":{"animation":{"slots":{"連續圖/10303":{"attachment":[{"name":"連續圖/10303"},{"time":0.0333,"name":"連續圖/10304"},{"time":0.0667,"name":"連續圖/10305"},{"time":0.1,"name":"連續圖/10306"},{"time":0.1333,"name":"連續圖/10307"},{"time":0.1667,"name":"連續圖/10308"},{"time":0.2,"name":"連續圖/10309"},{"time":0.2333,"name":"連續圖/10310"},{"time":0.2667,"name":"連續圖/10311"},{"time":0.3,"name":"連續圖/10312"},{"time":0.3333,"name":"連續圖/10313"},{"time":0.3667,"name":"連續圖/10314"},{"time":0.4,"name":"連續圖/10315"},{"time":0.4333,"name":"連續圖/10316"},{"time":0.4667,"name":"連續圖/10317"}]}}}}},[0]]],0,0,[0],[-1],[0]]
