{
  "title": "client",
  "packageName": "org.cocos2d.demo",
  "startScene": "e55a3d14-7cc0-4778-97aa-3bb6083783a9",
  "excludeScenes": [],
  "orientation": {
    "landscapeLeft": true,
    "landscapeRight": true,
    "portrait": false,
    "upsideDown": false
  },
  "webOrientation": "landscape",
  "inlineSpriteFrames": true,
  "inlineSpriteFrames_native": true,
  "mainCompressionType": "default",
  "mainIsRemote": false,
  "optimizeHotUpdate": false,
  "md5Cache": true,
  "nativeMd5Cache": true,
  "encryptJs": true,
  "xxteaKey": "5a61aa33-4f7a-44",
  "zipCompressJs": true,
  "fb-instant-games": {},
  "android": {
    "REMOTE_SERVER_ROOT": "",
    "packageName": "org.cocos2d.demo"
  },
  "ios": {
    "REMOTE_SERVER_ROOT": "",
    "packageName": "org.cocos2d.demo",
    "ios_enable_jit": true
  },
  "mac": {
    "REMOTE_SERVER_ROOT": "",
    "height": 720,
    "packageName": "org.cocos2d.demo",
    "width": 1280
  },
  "win32": {
    "REMOTE_SERVER_ROOT": "",
    "height": 720,
    "width": 1280
  },
  "android-instant": {
    "REMOTE_SERVER_ROOT": "",
    "host": "",
    "packageName": "org.cocos2d.demo",
    "pathPattern": "",
    "recordPath": "",
    "scheme": "https",
    "skipRecord": false
  },
  "appBundle": false,
  "harmonyos-next": {
    "packageName": "org.cocos2d.demo",
    "REMOTE_SERVER_ROOT": "",
    "jsEngine": "JSVM"
  },
  "agreements": {}
}
