[1,["deb78f95-03ea-4d9c-82f0-d8a06da35e46@f9941","f7275b8f-10c9-47e3-97c9-36f649a69ae6@f9941","626b4fd8-bd5b-46bd-b34b-a33e3fafaf2a@f9941","e7be5b11-ee85-4e06-8df4-d089e22aca19@f9941","fcf25401-b1d3-4866-b112-398f22503064@f9941","83587e40-ab79-45ad-9a47-e4b6235fc922@f9941","55fa3647-037d-41c0-a97e-963436820c5e@f9941","824486ed-7a6a-4415-a71f-c1a1a48242d7@f9941","db114293-db57-4d4f-ae2f-22b45824a341@f9941","ad57f328-83e7-474a-b26a-dd2674efc34f@f9941","55fa3647-037d-41c0-a97e-963436820c5e@6c48a","626b4fd8-bd5b-46bd-b34b-a33e3fafaf2a@6c48a","7b0a8bbd-e2c9-4641-acb1-cb700cb7556a@6c48a","824486ed-7a6a-4415-a71f-c1a1a48242d7@6c48a","83587e40-ab79-45ad-9a47-e4b6235fc922@6c48a","ad57f328-83e7-474a-b26a-dd2674efc34f@6c48a","db114293-db57-4d4f-ae2f-22b45824a341@6c48a","dd17dbe4-6368-4ba4-84fe-206f594ad6cd@6c48a","e7be5b11-ee85-4e06-8df4-d089e22aca19@6c48a","7d8f9b89-4fd1-4c9f-a3ab-38ec7cded7ca@f9941","20835ba4-6145-4fbc-a58a-051ce700aa3e@f9941","544e49d6-3f05-4fa8-9a9e-091f98fc2ce8@f9941","951249e0-9f16-456d-8b85-a6ca954da16b@f9941","f955aa68-6a0c-4e1b-830b-8c060aff9644@f9941","7b0a8bbd-e2c9-4641-acb1-cb700cb7556a@f9941","dd17dbe4-6368-4ba4-84fe-206f594ad6cd@f9941","04e423e3-c42f-4f1a-8759-ea8eb23aaa20","be10bccf-6e1c-4e12-9c69-e11700e9f6d9","f7275b8f-10c9-47e3-97c9-36f649a69ae6@6c48a","f955aa68-6a0c-4e1b-830b-8c060aff9644@6c48a","fcf25401-b1d3-4866-b112-398f22503064@6c48a"],["node","_spriteFrame","_target","_textureSource","_checkMark","_parent","root","roundLabel","data","coinLabel","giftTypeLabel","gameLabel","timeLabel","recordScrollview","selectedEndDateLabel","selectedStartDateLabel","endDateToggle","startDateToggle","roundEditBox","_normalSprite","_hoverSprite","_pressedSprite","_disabledSprite","_backgroundImage"],["cc.SpriteFrame",["cc.Node",["_name","_layer","_active","_components","_prefab","_parent","_children","_lpos","_lscale"],0,9,4,1,2,5,5],["cc.Node",["_name","_layer","_active","_objFlags","_parent","_components","_prefab","_lpos","_children"],-1,1,12,4,5,2],["cc.Sprite",["_sizeMode","_type","node","__prefab","_spriteFrame","_color"],1,1,4,6,5],["cc.Label",["_string","_actualFontSize","_fontSize","_overflow","_enableWrapText","_lineHeight","_horizontalAlign","node","__prefab","_color"],-4,1,4,5],["cc.Layout",["_resizeMode","_layoutType","_spacingX","_affectedByScale","_paddingTop","_paddingBottom","node","__prefab"],-3,1,4],["cc.Toggle",["_isChecked","node","__prefab","_normalColor","_target","_checkMark","clickEvents"],2,1,4,5,1,1,9],["cc.Button",["_transition","node","__prefab","clickEvents","_normalColor","_target","_normalSprite","_hoverSprite","_pressedSprite","_disabledSprite"],2,1,4,9,5,1,6,6,6,6],["cc.UITransform",["node","__prefab","_contentSize","_anchorPoint"],3,1,4,5,5],["cc.ClickEvent",["_componentId","handler","customEventData","target"],0,1],["cc.Prefab",["_name"],2],["cc.CompPrefabInfo",["fileId"],2],["ac723yjuEtMx6u6YTxOaXqP",["node","__prefab","timeLabel","roundLabel","gameLabel","giftTypeLabel","coinLabel"],3,1,4,1,1,1,1,1],["cc.PrefabInfo",["fileId","instance","targetOverrides","nestedPrefabInstanceRoots","root","asset"],-1,1,1],["44622h8ZLpH+YtYDzLF23GG",["node","__prefab","roundEditBox","startDateToggle","endDateToggle","startDateLabels","endDateLabels","selectedStartDateLabel","selectedEndDateLabel","recordScrollview","recordPrefab","roundLabel","titleNode"],3,1,4,1,1,1,2,2,1,1,1,3,1,2],["423a9U7qctAe7BVL98KTvYm",["node","__prefab"],3,1,4],["cc.Widget",["_alignFlags","node","__prefab"],2,1,4],["cc.ToggleContainer",["node","__prefab"],3,1,4],["cc.Mask",["node","__prefab"],3,1,4],["cc.Graphics",["node","__prefab","_fillColor"],3,1,4,5],["cc.ScrollView",["bounceDuration","brake","horizontal","node","__prefab","_content"],0,1,4,1],["cc.BlockInputEvents",["node","__prefab"],3,1,4],["cc.EditBox",["_inputMode","_maxLength","node","__prefab","_textLabel","_placeholderLabel"],1,1,4,1,1]],[[11,0,2],[13,0,1,2,3,4,5,5],[8,0,1,2,1],[1,0,1,5,3,4,7,3],[4,0,1,2,5,7,8,5],[3,0,2,3,4,2],[9,0,1,2,3,4],[2,0,1,4,8,5,6,7,3],[16,0,1,2,2],[7,0,1,2,3,2],[4,0,1,2,7,8,4],[1,0,1,5,6,3,4,7,3],[3,0,2,3,2],[1,0,1,5,3,4,3],[2,0,1,4,5,6,7,3],[3,1,2,3,5,4,2],[9,0,1,3,3],[1,0,1,6,3,4,7,3],[2,0,2,1,4,5,6,4],[8,0,1,2,3,1],[3,1,0,2,3,4,3],[3,2,3,4,1],[7,0,1,2,3,4,5,2],[1,0,1,5,6,3,4,3],[6,0,1,2,6,3,4,5,2],[2,0,1,4,5,6,3],[3,1,0,2,3,3],[6,0,1,2,3,4,5,2],[18,0,1,1],[19,0,1,2,1],[20,0,1,2,3,4,5,4],[10,0,2],[1,0,1,6,3,4,3],[1,0,1,5,3,4,7,8,3],[2,0,2,1,4,8,5,6,4],[2,0,3,1,4,5,6,7,4],[4,0,1,2,3,4,7,8,6],[5,0,1,4,5,6,7,5],[17,0,1,1],[6,1,2,6,3,4,5,1],[1,0,2,1,5,6,3,4,7,4],[1,0,2,1,5,6,3,4,4],[2,0,2,1,4,5,6,7,4],[12,0,1,2,3,4,5,6,1],[4,0,1,2,5,7,8,9,5],[4,0,6,1,2,3,4,7,8,7],[4,0,6,1,2,3,4,7,8,9,7],[14,0,1,2,3,4,5,6,7,8,9,10,11,12,1],[15,0,1,1],[3,0,2,3,5,4,2],[5,0,1,2,3,6,7,5],[5,0,1,2,6,7,4],[5,0,1,3,6,7,4],[5,0,1,6,7,3],[7,0,1,2,3,4,5,6,7,8,9,2],[21,0,1,1],[22,0,1,2,3,4,5,3]],[[[{"name":"icon_close","rect":{"x":11,"y":11,"width":26,"height":26},"offset":{"x":0,"y":0},"originalSize":{"width":48,"height":48},"rotated":false,"capInsets":[0,0,0,0],"vertices":{"rawPosition":[-13,-13,0,13,-13,0,-13,13,0,13,13,0],"indexes":[0,1,2,2,1,3],"uv":[11,37,37,37,11,11,37,11],"nuv":[0.22916666666666666,0.22916666666666666,0.7708333333333334,0.22916666666666666,0.22916666666666666,0.7708333333333334,0.7708333333333334,0.7708333333333334],"minPos":{"x":-13,"y":-13,"z":0},"maxPos":{"x":13,"y":13,"z":0}},"packable":true,"pixelsToUnit":100,"pivot":{"x":0.5,"y":0.5},"meshType":0}],[0],0,[0],[3],[10]],[[{"name":"log_label","rect":{"x":0,"y":0,"width":100,"height":40},"offset":{"x":0,"y":0},"originalSize":{"width":100,"height":40},"rotated":false,"capInsets":[0,0,0,0],"vertices":{"rawPosition":[-50,-20,0,50,-20,0,-50,20,0,50,20,0],"indexes":[0,1,2,2,1,3],"uv":[0,40,100,40,0,0,100,0],"nuv":[0,0,1,0,0,1,1,1],"minPos":{"x":-50,"y":-20,"z":0},"maxPos":{"x":50,"y":20,"z":0}},"packable":true,"pixelsToUnit":100,"pivot":{"x":0.5,"y":0.5},"meshType":0}],[0],0,[0],[3],[11]],[[{"name":"arrow_6","rect":{"x":3,"y":5,"width":18,"height":14},"offset":{"x":0,"y":0},"originalSize":{"width":24,"height":24},"rotated":false,"capInsets":[0,0,0,0],"vertices":{"rawPosition":[-9,-7,0,9,-7,0,-9,7,0,9,7,0],"indexes":[0,1,2,2,1,3],"uv":[3,19,21,19,3,5,21,5],"nuv":[0.125,0.20833333333333334,0.875,0.20833333333333334,0.125,0.7916666666666666,0.875,0.7916666666666666],"minPos":{"x":-9,"y":-7,"z":0},"maxPos":{"x":9,"y":7,"z":0}},"packable":true,"pixelsToUnit":100,"pivot":{"x":0.5,"y":0.5},"meshType":0}],[0],0,[0],[3],[12]],[[{"name":"arrow_1","rect":{"x":5,"y":6,"width":14,"height":12},"offset":{"x":0,"y":0},"originalSize":{"width":24,"height":24},"rotated":false,"capInsets":[0,0,0,0],"vertices":{"rawPosition":[-7,-6,0,7,-6,0,-7,6,0,7,6,0],"indexes":[0,1,2,2,1,3],"uv":[5,18,19,18,5,6,19,6],"nuv":[0.20833333333333334,0.25,0.7916666666666666,0.25,0.20833333333333334,0.75,0.7916666666666666,0.75],"minPos":{"x":-7,"y":-6,"z":0},"maxPos":{"x":7,"y":6,"z":0}},"packable":true,"pixelsToUnit":100,"pivot":{"x":0.5,"y":0.5},"meshType":0}],[0],0,[0],[3],[13]],[[{"name":"log_label_bg","rect":{"x":0,"y":0,"width":100,"height":40},"offset":{"x":0,"y":0},"originalSize":{"width":100,"height":40},"rotated":false,"capInsets":[0,0,0,0],"vertices":{"rawPosition":[-50,-20,0,50,-20,0,-50,20,0,50,20,0],"indexes":[0,1,2,2,1,3],"uv":[0,40,100,40,0,0,100,0],"nuv":[0,0,1,0,0,1,1,1],"minPos":{"x":-50,"y":-20,"z":0},"maxPos":{"x":50,"y":20,"z":0}},"packable":true,"pixelsToUnit":100,"pivot":{"x":0.5,"y":0.5},"meshType":0}],[0],0,[0],[3],[14]],[[{"name":"arrow_5","rect":{"x":4,"y":8,"width":16,"height":10},"offset":{"x":0,"y":-1},"originalSize":{"width":24,"height":24},"rotated":false,"capInsets":[0,0,0,0],"vertices":{"rawPosition":[-8,-5,0,8,-5,0,-8,5,0,8,5,0],"indexes":[0,1,2,2,1,3],"uv":[4,16,20,16,4,6,20,6],"nuv":[0.16666666666666666,0.25,0.8333333333333334,0.25,0.16666666666666666,0.6666666666666666,0.8333333333333334,0.6666666666666666],"minPos":{"x":-8,"y":-5,"z":0},"maxPos":{"x":8,"y":5,"z":0}},"packable":true,"pixelsToUnit":100,"pivot":{"x":0.5,"y":0.5},"meshType":0}],[0],0,[0],[3],[15]],[[[31,"giftRecordItem"],[17,"giftRecordItem",33554432,[-9,-10,-11,-12,-13],[[2,-2,[0,"6bNFGSl7xOHLU9lFoP4iJ8"],[5,600,60]],[43,-8,[0,"d0V7TvHEVDGaNBh22UqHkR"],-7,-6,-5,-4,-3]],[1,"0ai5JToVdBCK2OehLZdnUI",null,null,null,-1,0],[1,0,122.193,0]],[14,"timeLabel",33554432,1,[[[2,-14,[0,"b8U4Cx7rxDn71Ns7Zo68Qu"],[5,106.7578125,25.2]],-15],4,1],[1,"66YE7OFxtPHpCKSU7rjs6p",null,null,null,1,0],[1,-228.501,0,0]],[14,"roundLabel",33554432,1,[[[2,-16,[0,"975w9HyNpPVICWZLE55v4D"],[5,88.984375,25.2]],-17],4,1],[1,"185/srzj1Knb2+f7F74LtP",null,null,null,1,0],[1,-108,0,0]],[14,"gameTypeLabel",33554432,1,[[[2,-18,[0,"3067iHNcNAkopyorr88PpK"],[5,60,27.72]],-19],4,1],[1,"c1lZBnn7lLV6vl9/LOJTcs",null,null,null,1,0],[1,15,0,0]],[14,"giftNameTitleLabel",33554432,1,[[[2,-20,[0,"a3LagcfIxEBZSVHMLFYclx"],[5,40,25.2]],-21],4,1],[1,"d7ZDZB+BtPp66M4Y+/Mfoe",null,null,null,1,0],[1,145,0,0]],[14,"coinTitleLabel",33554432,1,[[[2,-22,[0,"bfrleai6hJdZGeRKLqDn6d"],[5,50.048828125,25.2]],-23],4,1],[1,"3fV51DAFtPZ7dwRFu4JqMo",null,null,null,1,0],[1,259.542,0,0]],[4,"04-13 12:14",20,20,20,2,[0,"ddzMWxlLRPhbBnxXJXPkBq"]],[4,"88888888",20,20,20,3,[0,"cejJz2jItMdpdFF2Ex4noF"]],[4,"百家樂",20,20,22,4,[0,"94dh/gnKFL4oe1jyKRex8A"]],[4,"禮物",20,20,20,5,[0,"7afxhF46JK9J39CapyQFMU"]],[44,"8,000",20,20,20,6,[0,"16fkophQRISbN3JFX0l6/H"],[4,4286368767]]],0,[0,6,1,0,0,1,0,9,11,0,10,10,0,11,9,0,7,8,0,12,7,0,0,1,0,-1,2,0,-2,3,0,-3,4,0,-4,5,0,-5,6,0,0,2,0,-2,7,0,0,3,0,-2,8,0,0,4,0,-2,9,0,0,5,0,-2,10,0,0,6,0,-2,11,0,8,1,23],[],[],[]],[[{"name":"arrow_2","rect":{"x":8,"y":5,"width":8,"height":14},"offset":{"x":0,"y":0},"originalSize":{"width":24,"height":24},"rotated":false,"capInsets":[0,0,0,0],"vertices":{"rawPosition":[-4,-7,0,4,-7,0,-4,7,0,4,7,0],"indexes":[0,1,2,2,1,3],"uv":[8,19,16,19,8,5,16,5],"nuv":[0.3333333333333333,0.20833333333333334,0.6666666666666666,0.20833333333333334,0.3333333333333333,0.7916666666666666,0.6666666666666666,0.7916666666666666],"minPos":{"x":-4,"y":-7,"z":0},"maxPos":{"x":4,"y":7,"z":0}},"packable":true,"pixelsToUnit":100,"pivot":{"x":0.5,"y":0.5},"meshType":0}],[0],0,[0],[3],[16]],[[{"name":"logpop_bg_m","rect":{"x":0,"y":0,"width":640,"height":1200},"offset":{"x":0,"y":0},"originalSize":{"width":640,"height":1200},"rotated":false,"capInsets":[0,0,0,0],"vertices":{"rawPosition":[-320,-600,0,320,-600,0,-320,600,0,320,600,0],"indexes":[0,1,2,2,1,3],"uv":[0,1200,640,1200,0,0,640,0],"nuv":[0,0,1,0,0,1,1,1],"minPos":{"x":-320,"y":-600,"z":0},"maxPos":{"x":320,"y":600,"z":0}},"packable":true,"pixelsToUnit":100,"pivot":{"x":0.5,"y":0.5},"meshType":0}],[0],0,[0],[3],[17]],[[{"name":"log_serch_btn","rect":{"x":0,"y":0,"width":88,"height":30},"offset":{"x":0,"y":0},"originalSize":{"width":88,"height":30},"rotated":false,"capInsets":[3,3,3,3],"vertices":{"rawPosition":[-44,-15,0,44,-15,0,-44,15,0,44,15,0],"indexes":[0,1,2,2,1,3],"uv":[0,30,88,30,0,0,88,0],"nuv":[0,0,1,0,0,1,1,1],"minPos":{"x":-44,"y":-15,"z":0},"maxPos":{"x":44,"y":15,"z":0}},"packable":true,"pixelsToUnit":100,"pivot":{"x":0.5,"y":0.5},"meshType":0}],[0],0,[0],[3],[18]],[[[31,"recordView"],[32,"recordView",33554432,[-42,-43],[[2,-2,[0,"7cZzHqQ7pEcqEeTnG9nuQJ"],[5,720,1280]],[47,-40,[0,"c1KEbFQUdHYq8tr6da4TbO"],-39,-38,-37,[-23,-24,-25,-26,-27,-28,-29,-30,-31,-32,-33,-34,-35,-36],[-9,-10,-11,-12,-13,-14,-15,-16,-17,-18,-19,-20,-21,-22],-8,-7,-6,[59,60],-5,[-3,-4]],[48,-41,[0,"9bsZes6HxLe4s4dW5qc6ij"]]],[1,"564kmcrl1MN7xirFjJOhqi",null,null,null,-1,0]],[17,"startSelectNode",33554432,[-48,-49,-50,-51,-52,-53,-54,-55,-56,-57,-58,-59,-60,-61],[[19,-44,[0,"fe4546nzpNLayPzk4xkWSp"],[5,240,362.7999999999999],[0,0.5,1]],[20,1,0,-45,[0,"6a6aqCJghEK5Kqb/iEz29r"],38],[37,1,2,5,5,-46,[0,"a0EgaEJbFHSpginC03bXGq"]],[8,1,-47,[0,"9dXmQXXd1CdITJpWHfGNTI"]]],[1,"14oY5R1ixAdJ6u2Sq9G55Y",null,null,null,1,0],[1,0,92.5,0]],[17,"endSelectNode",33554432,[-66,-67,-68,-69,-70,-71,-72,-73,-74,-75,-76,-77,-78,-79],[[19,-62,[0,"a5otyymKZG6aReY4zp5dnk"],[5,240,362.7999999999999],[0,0.5,1]],[20,1,0,-63,[0,"90XAuAXN5Ir4uPVKrMKWfq"],55],[37,1,2,5,5,-64,[0,"3c3qRYLzdJU690vgDpJFbY"]],[8,1,-65,[0,"99pMLA/vRGTr2anxaS7zmt"]]],[1,"a1ZCvTIBtCAqDvDOXoy6xY",null,null,null,1,0],[1,0,92.5,0]],[23,"logpop_bg",33554432,1,[-82,-83,-84,-85,-86,-87,-88,-89,-90,-91,-92,-93,-94,-95,-96],[[2,-80,[0,"75kKQXm39GjLMzUHXjM3Dy"],[5,640,1200]],[21,-81,[0,"ddRpEBYjFBjrW3CRyblGQz"],58]],[1,"eaTdtnruJLpbaQdEcrnvQJ",null,null,null,1,0]],[11,"betTitleNode",33554432,4,[-99,-100,-101,-102,-103],[[2,-97,[0,"16wTFEmSBMeo0R7T4N+QIN"],[5,600,60]],[5,0,-98,[0,"47XW9DHQFLLbZRoTdvRPDB"],17]],[1,"18/iHDXCdLwLLv/6+MSHRV",null,null,null,1,0],[1,0,189.39,0]],[40,"giftTitleNode",false,33554432,4,[-106,-107,-108,-109,-110],[[2,-104,[0,"28HyAe1AZB+K6pZ/kMLRTr"],[5,600,60]],[5,0,-105,[0,"26P2p3YOBGPrJjmeMWwcNH"],18]],[1,"7a9UgY3KVG96wG8uDA28hf",null,null,null,1,0],[1,0,189.39,0]],[11,"recordDateToggleGroup",33554432,4,[-114,-115,-116,-117],[[38,-111,[0,"51+eh9P/FPGowqnYE+EU2C"]],[2,-112,[0,"43FUz4+iNAsJC9FhiU8SXP"],[5,590,60]],[50,1,1,10,true,-113,[0,"cb86RWf1RA7rAdVLEIdGTb"]]],[1,"34O08J45FMVYGAvnCz4q6l",null,null,null,1,0],[1,0,337.962,0]],[32,"Layout",33554432,[-120,-121,-122,-123,-124],[[2,-118,[0,"66nJ2hA29J+LJ968dXxDMa"],[5,109.0224609375,100]],[51,1,1,10,-119,[0,"8eimSafvxACrl4v1bS5QsX"]]],[1,"8dgK53vBxD24XajWhQHhnV",null,null,null,1,0]],[7,"startToggle",33554432,4,[-128,-129,-130],[[[2,-125,[0,"f6O5ZlZIJDOqbwH5R3ehRO"],[5,240,40]],[20,1,0,-126,[0,"ebAHq1OOhGM5L3zqyAeMk8"],40],-127],4,4,1],[1,"28IAqNsbZOlbI8BQDpA9xX",null,null,null,1,0],[1,-179,264,0]],[7,"endToggle",33554432,4,[-134,-135,-136],[[[2,-131,[0,"ccOW5fr/pBKqcdGZ9sqaXQ"],[5,240,40]],[20,1,0,-132,[0,"32AbfzZp1O2aiXSFMudY5n"],57],-133],4,4,1],[1,"2eRsss/MxKqpNKBgaYjEyQ",null,null,null,1,0],[1,99.026,264,0]],[11,"recordTypeToggleGroup",33554432,4,[-140,-141,-142],[[38,-137,[0,"de8pidbVxL6ZlXQxXI6USi"]],[2,-138,[0,"a3w39H6OhPi4iqm9ELAr9n"],[5,640,60]],[52,1,1,true,-139,[0,"76fSjJGo1MyIygvo+olt0E"]]],[1,"af0PTfbV5DU7+YcIgso66e",null,null,null,1,0],[1,0,492.32,0]],[11,"Toggle1",33554432,11,[-148,-149],[[2,-143,[0,"d96RAT7EBIvqG/nyPZ1rt4"],[5,320,60]],[5,0,-144,[0,"f4VM6ghYBPaZGbxj4m4DHx"],7],[39,-147,[0,"aaGaC2tmJKR6NeIYibu+gA"],[[6,"44622h8ZLpH+YtYDzLF23GG","searchTypeToggleClick","0",1]],[4,4292269782],-146,-145]],[1,"11yH/s17JPPpbZ07fDyR/Q",null,null,null,1,0],[1,-160,0,0]],[41,"Toggle2",false,33554432,11,[-155,-156],[[2,-150,[0,"6bX7MVKn1Jgb8LF9qE7/mG"],[5,213,60]],[5,0,-151,[0,"c5TMO+n31NZb3vwam8wz37"],8],[27,false,-154,[0,"85YHMAEJtIB7UdgbOCO+uZ"],[4,4292269782],-153,-152]],[1,"60NNyI0opGQ7RA9uD8ZDcM",null,null,null,1,0]],[11,"Toggle3",33554432,11,[-162,-163],[[2,-157,[0,"e94av4OqFHHKSKJ281aoOm"],[5,320,60]],[5,0,-158,[0,"61rr8HtNJEeoVAjkDfzm2j"],9],[24,false,-161,[0,"6436N5Ld5Ox5Cm793akT3Q"],[[6,"44622h8ZLpH+YtYDzLF23GG","searchTypeToggleClick","1",1]],[4,4292269782],-160,-159]],[1,"7cIyCuv/ZBwqALXzy6ZqAQ",null,null,null,1,0],[1,160,0,0]],[11,"Toggle1",33554432,7,[-169,-170],[[2,-164,[0,"a9dki3zvpDCpbfiYSVQOr/"],[5,140,50]],[5,0,-165,[0,"54BYvOCRdIx59ktQ8n8U2h"],10],[39,-168,[0,"6c+7OxFJ1EhIKBDbu+SM1x"],[[6,"44622h8ZLpH+YtYDzLF23GG","dateToggleClick","today",1]],[4,4292269782],-167,-166]],[1,"dfcpjysHlPt6XZ8ScR1IR2",null,null,null,1,0],[1,-225,0,0]],[11,"Toggle2",33554432,7,[-176,-177],[[2,-171,[0,"bcsOTysEhOTIYLma9PuUf2"],[5,140,50]],[5,0,-172,[0,"11OXoSgVRN2oDt9fUQrVTZ"],11],[24,false,-175,[0,"b89iWINcxHj49YxGfh+EI/"],[[6,"44622h8ZLpH+YtYDzLF23GG","dateToggleClick","yesterday",1]],[4,4292269782],-174,-173]],[1,"09QT/nP+FG/ZuHrD3mFucK",null,null,null,1,0],[1,-75,0,0]],[11,"Toggle3",33554432,7,[-183,-184],[[2,-178,[0,"a74OViRDpN+6PnxbPn+Uvy"],[5,140,50]],[5,0,-179,[0,"94uH1bf1tL16uROv85YZDw"],12],[24,false,-182,[0,"8e5ea9qI9KPJCoGTbKk0HA"],[[6,"44622h8ZLpH+YtYDzLF23GG","dateToggleClick","currentWeek",1]],[4,4292269782],-181,-180]],[1,"92tPPO3GZIBYYBsiwQ1LGX",null,null,null,1,0],[1,75,0,0]],[11,"Toggle4",33554432,7,[-190,-191],[[2,-185,[0,"52526K5qVEDbbEtQHqkIeT"],[5,140,50]],[5,0,-186,[0,"f3aaF7z7FBapZvLtAexkEr"],13],[24,false,-189,[0,"84xIFSgc5FYqbq+kpNm8ij"],[[6,"44622h8ZLpH+YtYDzLF23GG","dateToggleClick","lastWeek",1]],[4,4292269782],-188,-187]],[1,"3ecUa04vBKJKQMS0Rx4RRa",null,null,null,1,0],[1,225,0,0]],[7,"roundNumEditBox",33554432,4,[-195,-196],[[[2,-192,[0,"d2zvMC7jdFNolTiBb27lAy"],[5,500,45]],[20,1,0,-193,[0,"51O8UYW9NIMrOiQ0T6EYw/"],14],-194],4,4,1],[1,"50u6kHAVhAZotal7lzNRtd",null,null,null,1,0],[1,30,411.884,0]],[3,"closeButton",33554432,4,[[2,-197,[0,"f1aoRbv6tMwZ1jK3a252nm"],[5,26,26]],[15,1,-198,[0,"14iHx3EnlEhrJoFq1+LwT9"],[4,4292269782],2],[54,1,-200,[0,"batMCSXOxM8pZvwTvzZkyh"],[[16,"44622h8ZLpH+YtYDzLF23GG","close",1]],[4,4292269782],-199,3,4,5,6]],[1,"74ly9ihKREqKs5VIsEPq4/",null,null,null,1,0],[1,279.192,558.556,0]],[3,"searchButton",33554432,4,[[2,-201,[0,"dfBF9SnYNPf6K7uDO/Yzhe"],[5,60,50]],[15,1,-202,[0,"29pQi0rDBMmqjgXiDEAmVx"],[4,4292269782],15],[22,1,-204,[0,"6dPur+hEJMXaVc0LZQtawD"],[[16,"44622h8ZLpH+YtYDzLF23GG","searchBtnClicked",1]],[4,4292269782],-203]],[1,"0dGIbntqZFjayxjxB/92NH",null,null,null,1,0],[1,265.655,265.05,0]],[3,"firstPageButton",33554432,8,[[2,-205,[0,"5b5/6l6L9IyZP77W3rC7qu"],[5,14,12]],[15,1,-206,[0,"82TyHkYLhLyoP+KYgAq3Ag"],[4,4292269782],19],[22,1,-208,[0,"d1ihAundVKKap5v4ny1bF9"],[[16,"44622h8ZLpH+YtYDzLF23GG","firstPageButtonClicked",1]],[4,4292269782],-207]],[1,"15VWpyTFpDDI9le2VcrGqN",null,null,null,1,0],[1,-47.51123046875,-0.644999999999996,0]],[3,"previousPageButton",33554432,8,[[2,-209,[0,"4fvauxdW1NdqJ54+zP3NxY"],[5,8,14]],[15,1,-210,[0,"4du7Bh291HEqH3Y7hxqkJq"],[4,4292269782],20],[22,1,-212,[0,"97TY39AQJAy79WG8Anx8TR"],[[16,"44622h8ZLpH+YtYDzLF23GG","previousPageButtonClicked",1]],[4,4292269782],-211]],[1,"6augT0D+9PXLOGojStWiVf",null,null,null,1,0],[1,-26.51123046875,0,0]],[33,"nextPageButton",33554432,8,[[2,-213,[0,"7dBW4h7bxIVKvxeyakX94c"],[5,8,14]],[15,1,-214,[0,"86IHjYGIJPaKB/Is+gJFLq"],[4,4292269782],21],[22,1,-216,[0,"883UtOiWpBmaHnPFhP+plW"],[[16,"44622h8ZLpH+YtYDzLF23GG","nextPageButtonClicked",1]],[4,4292269782],-215]],[1,"66+lP4PA1Jwb4bhhf/O5zx",null,null,null,1,0],[1,26.51123046875,0,0],[1,-1,1,1]],[33,"lastPageButton",33554432,8,[[2,-217,[0,"ddnYBv559Jm66WBGEk0D07"],[5,14,12]],[15,1,-218,[0,"75bnkP/oFFZKzadMfWX/sE"],[4,4292269782],22],[22,1,-220,[0,"531IFuN0pEhajroAEpASVz"],[[16,"44622h8ZLpH+YtYDzLF23GG","lastPageButtonClicked",1]],[4,4292269782],-219]],[1,"c9sZQR77lBVIsCxmOSQLrv",null,null,null,1,0],[1,47.51123046875,-0.644999999999996,0],[1,-1,1,1]],[7,"recordScrollView",33554432,4,[-224],[[[2,-221,[0,"23HZg3AGZABb4fgiqQkeXR"],[5,600,680]],[26,1,0,-222,[0,"5e98MwnuZP5LrY80J8PoHj"]],-223],4,4,1],[1,"10/iINA4FAc4e7ITANlt7J",null,null,null,1,0],[1,0,-199.992,0]],[23,"view",33554432,26,[-228],[[2,-225,[0,"8ehuchH5FD45DbvpciXiSF"],[5,600,680]],[28,-226,[0,"e5XdTjtBZEN5Ysyv3aCQlt"]],[29,-227,[0,"0e1pbbQuBPHpTQo8TYG4ag"],[4,16777215]]],[1,"5167ZvowtNBoKOmx5J8vx/",null,null,null,1,0]],[3,"content",33554432,27,[[19,-229,[0,"cbZfV/UVFI7JRpn9c+0J+O"],[5,600,0],[0,0.5,1]],[53,1,2,-230,[0,"592t0QLnZDqpDIpyJOR1+q"]],[8,1,-231,[0,"9aW3bhY1xP77IVaAJy3k7j"]]],[1,"dfzbHhR1xKGbMaHqYu0uzn",null,null,null,1,0],[1,0,340,0]],[17,"ScrollView",33554432,[-235],[[2,-232,[0,"ffM3wo9BZMB4v7frck3JmY"],[5,240,185]],[26,1,0,-233,[0,"28FdInoRFMiJ8cSJMRTpGs"]],[30,0.23,0.75,false,-234,[0,"50XVpiZkpM1ah37Nwr+Dnb"],2]],[1,"38fI/BbWRC5ZSaTKbzMf+B",null,null,null,1,0],[1,0,-112.48,0]],[23,"view",33554432,29,[2],[[2,-236,[0,"3cnxUeYNtA3Ink/iHGrutL"],[5,240,185]],[28,-237,[0,"01cNo5jU9JBJZ21Cw5q7EX"]],[29,-238,[0,"f7YUD0qXZPcZFou9Q/6tMl"],[4,16777215]]],[1,"99qiC6+O1PJbhsp4bHavjN",null,null,null,1,0]],[7,"dateLabel1",33554432,2,[-242],[[[2,-239,[0,"8bkaBHTjhJRrSQyfqm3vFa"],[5,189.78515625,25.2]],-240,[9,1,-241,[0,"fe/zUbIFRFoa2cHWuEcfSP"],[[6,"44622h8ZLpH+YtYDzLF23GG","startDatSelectBtnClick","0",1]]]],4,1,4],[1,"b63WvLCl5HY6XaRwhtM0f5",null,null,null,1,0],[1,0,-17.6,0]],[7,"dateLabel2",33554432,2,[-246],[[[2,-243,[0,"c1Zm6R+rNCqLS2UB03Z9Qm"],[5,189.78515625,25.2]],-244,[9,1,-245,[0,"84dXJO7vtCGYSK9zdnUB3t"],[[6,"44622h8ZLpH+YtYDzLF23GG","startDatSelectBtnClick","1",1]]]],4,1,4],[1,"1adOKvCKhHZ4T4EHo4WiMG",null,null,null,1,0],[1,0,-42.800000000000004,0]],[7,"dateLabel3",33554432,2,[-250],[[[2,-247,[0,"3d+lXMdNNHPbp1QlJkWVM2"],[5,189.78515625,25.2]],-248,[9,1,-249,[0,"b5MShMf3RCTIvYg6Yi9d6/"],[[6,"44622h8ZLpH+YtYDzLF23GG","startDatSelectBtnClick","2",1]]]],4,1,4],[1,"f8caVdSedEoZFuzEVMXZu9",null,null,null,1,0],[1,0,-68,0]],[7,"dateLabel4",33554432,2,[-254],[[[2,-251,[0,"85N7TWMCdPk6ldk+CLuAP0"],[5,189.78515625,25.2]],-252,[9,1,-253,[0,"79AyAJydhM7L9neS3Xe5vV"],[[6,"44622h8ZLpH+YtYDzLF23GG","startDatSelectBtnClick","3",1]]]],4,1,4],[1,"e7y9UUllFBZYqoOkWOIfR5",null,null,null,1,0],[1,0,-93.19999999999999,0]],[7,"dateLabel5",33554432,2,[-258],[[[2,-255,[0,"7bT6NU44lHJL63Hbb8GPJL"],[5,189.78515625,25.2]],-256,[9,1,-257,[0,"bfbX/9s6dO4r/YELbQVCGn"],[[6,"44622h8ZLpH+YtYDzLF23GG","startDatSelectBtnClick","4",1]]]],4,1,4],[1,"618Ck5oixJvbeZf+z1plRV",null,null,null,1,0],[1,0,-118.39999999999998,0]],[7,"dateLabel6",33554432,2,[-262],[[[2,-259,[0,"16au2MtYtII5UoBvawikb+"],[5,189.78515625,25.2]],-260,[9,1,-261,[0,"8d6DaXTRpMQoTtvdPpP1eV"],[[6,"44622h8ZLpH+YtYDzLF23GG","startDatSelectBtnClick","5",1]]]],4,1,4],[1,"23KDVEvSxKNKUiEEAc/Hgw",null,null,null,1,0],[1,0,-143.59999999999997,0]],[7,"dateLabel7",33554432,2,[-266],[[[2,-263,[0,"d2kV1k7ZtCP7mYPX/Ckc2B"],[5,189.78515625,25.2]],-264,[9,1,-265,[0,"57BzDdDlVGcrA78WnOBwC3"],[[6,"44622h8ZLpH+YtYDzLF23GG","startDatSelectBtnClick","6",1]]]],4,1,4],[1,"a0sjNgApxNt61PdFt20j+I",null,null,null,1,0],[1,0,-168.79999999999995,0]],[7,"dateLabel8",33554432,2,[-270],[[[2,-267,[0,"bcqodE0JBFb7s18NGJayZL"],[5,189.78515625,25.2]],-268,[9,1,-269,[0,"8eKH1C4U5NT4/yg21+lrXh"],[[6,"44622h8ZLpH+YtYDzLF23GG","startDatSelectBtnClick","7",1]]]],4,1,4],[1,"22nCx7WRpPg5U9ignOgwTO",null,null,null,1,0],[1,0,-193.99999999999994,0]],[7,"dateLabel9",33554432,2,[-274],[[[2,-271,[0,"24MgluewdEOpDkHGVlQG9c"],[5,189.78515625,25.2]],-272,[9,1,-273,[0,"a54bmqlrNGAa6ba4+9zwkX"],[[6,"44622h8ZLpH+YtYDzLF23GG","startDatSelectBtnClick","8",1]]]],4,1,4],[1,"7ahkXiqltEML5NcX6I8R8g",null,null,null,1,0],[1,0,-219.19999999999993,0]],[7,"dateLabel10",33554432,2,[-278],[[[2,-275,[0,"1eAKLr5qRP77FDCi3bdxxb"],[5,189.78515625,25.2]],-276,[9,1,-277,[0,"1fWQq2SAJFvowIsyYQZnoQ"],[[6,"44622h8ZLpH+YtYDzLF23GG","startDatSelectBtnClick","9",1]]]],4,1,4],[1,"d9lGrFGaFMnIkfP2XxUFbn",null,null,null,1,0],[1,0,-244.39999999999992,0]],[7,"dateLabel11",33554432,2,[-282],[[[2,-279,[0,"298Njdpg9PKLpLpEccUJ8m"],[5,189.78515625,25.2]],-280,[9,1,-281,[0,"c8Hk57YdJG+qTxNarCJJVL"],[[6,"44622h8ZLpH+YtYDzLF23GG","startDatSelectBtnClick","10",1]]]],4,1,4],[1,"d60qk2vjVG1YWR4R2Fxz+7",null,null,null,1,0],[1,0,-269.59999999999997,0]],[7,"dateLabel12",33554432,2,[-286],[[[2,-283,[0,"93+vu70tVKzY082mTsjFje"],[5,189.78515625,25.2]],-284,[9,1,-285,[0,"5fvX41arBHT7kXfL11hHaZ"],[[6,"44622h8ZLpH+YtYDzLF23GG","startDatSelectBtnClick","11",1]]]],4,1,4],[1,"baerPrQu1D5ajRF3aLPfu8",null,null,null,1,0],[1,0,-294.8,0]],[7,"dateLabel13",33554432,2,[-290],[[[2,-287,[0,"c7OwLMrLhO4IQ4h1+ieZR+"],[5,189.78515625,25.2]],-288,[9,1,-289,[0,"6a7u9uWbZDVqWMospt77e2"],[[6,"44622h8ZLpH+YtYDzLF23GG","startDatSelectBtnClick","12",1]]]],4,1,4],[1,"39lW76dgpJMawMQxCOh8Gv",null,null,null,1,0],[1,0,-320.00000000000006,0]],[7,"dateLabel14",33554432,2,[-294],[[[2,-291,[0,"a2fCOxcstKTo3IrIX81v8u"],[5,189.78515625,25.2]],-292,[9,1,-293,[0,"bbHScoZ4VDobyTL8kXdFul"],[[6,"44622h8ZLpH+YtYDzLF23GG","startDatSelectBtnClick","13",1]]]],4,1,4],[1,"78VapBoRJP86Nh0SPHBvQ+",null,null,null,1,0],[1,0,-345.2000000000001,0]],[17,"ScrollView",33554432,[-298],[[2,-295,[0,"97QTUGItxJCoNEDEkeRtRJ"],[5,240,185]],[26,1,0,-296,[0,"cat1qsQK5N96xA/NDlwIaP"]],[30,0.23,0.75,false,-297,[0,"6ctiYrvA1LcopLEEOj4iJu"],3]],[1,"f2CUKh/ldLKYctNKrGkCNo",null,null,null,1,0],[1,0,-112.48000000000002,0]],[23,"view",33554432,45,[3],[[2,-299,[0,"0bqx6NcaZCW5HTxKwshAeN"],[5,240,185]],[28,-300,[0,"75eq7OnK5KkoOwg+Gmii2S"]],[29,-301,[0,"caTw+xYQxOnIin8w/Hy1mZ"],[4,16777215]]],[1,"91tADr+QREJb1qeF6Lu7dq",null,null,null,1,0]],[7,"dateLabel1",33554432,3,[-305],[[[2,-302,[0,"8bpk6VXlVCXZs5gaOmYaNo"],[5,189.78515625,25.2]],-303,[9,1,-304,[0,"adWRoQjLxEIaFAs6FwnN++"],[[6,"44622h8ZLpH+YtYDzLF23GG","endDatSelectBtnClick","0",1]]]],4,1,4],[1,"b8JiGAa5JKbILguExqlV16",null,null,null,1,0],[1,0,-17.6,0]],[7,"dateLabel2",33554432,3,[-309],[[[2,-306,[0,"f23YOCs/tJM5vh6f3h5dCc"],[5,189.78515625,25.2]],-307,[9,1,-308,[0,"f23Ufmn5hH75VDiAv555JM"],[[6,"44622h8ZLpH+YtYDzLF23GG","endDatSelectBtnClick","1",1]]]],4,1,4],[1,"09dpAlzqdLGIJxujtSrDzF",null,null,null,1,0],[1,0,-42.800000000000004,0]],[7,"dateLabel3",33554432,3,[-313],[[[2,-310,[0,"7es1nRRXtCh6RYtFy20hz2"],[5,189.78515625,25.2]],-311,[9,1,-312,[0,"93ueejlCRJkpnD9mpvcCQu"],[[6,"44622h8ZLpH+YtYDzLF23GG","endDatSelectBtnClick","2",1]]]],4,1,4],[1,"0b8YjBrn1NXIrWyUKgFru+",null,null,null,1,0],[1,0,-68,0]],[7,"dateLabel4",33554432,3,[-317],[[[2,-314,[0,"5eAOd2eSdCFYwu1dm4X7kz"],[5,189.78515625,25.2]],-315,[9,1,-316,[0,"ae2/1jCLhHc5CWpAJ2ULer"],[[6,"44622h8ZLpH+YtYDzLF23GG","endDatSelectBtnClick","3",1]]]],4,1,4],[1,"22Oqtczh9IDIBoinRJ3r1b",null,null,null,1,0],[1,0,-93.19999999999999,0]],[7,"dateLabel5",33554432,3,[-321],[[[2,-318,[0,"f3JscrWERCbLR/MCEy6Tpx"],[5,189.78515625,25.2]],-319,[9,1,-320,[0,"c9sXLXHGhPzrfaU0pQOZTw"],[[6,"44622h8ZLpH+YtYDzLF23GG","endDatSelectBtnClick","4",1]]]],4,1,4],[1,"e8r0I8PvBHpYezDexyK22/",null,null,null,1,0],[1,0,-118.39999999999998,0]],[7,"dateLabel6",33554432,3,[-325],[[[2,-322,[0,"0cXplgwuRGhrUssUlCeqz2"],[5,189.78515625,25.2]],-323,[9,1,-324,[0,"c7fOGQDa9E+qQyu38P5RbN"],[[6,"44622h8ZLpH+YtYDzLF23GG","endDatSelectBtnClick","5",1]]]],4,1,4],[1,"48HRL5iS5B1qUUtYgs1FDq",null,null,null,1,0],[1,0,-143.59999999999997,0]],[7,"dateLabel7",33554432,3,[-329],[[[2,-326,[0,"1awGdDxWlEGIMnFSmINvAr"],[5,189.78515625,25.2]],-327,[9,1,-328,[0,"34WPhwoiFJwZnskWeVEGZ3"],[[6,"44622h8ZLpH+YtYDzLF23GG","endDatSelectBtnClick","6",1]]]],4,1,4],[1,"95s/NT4bVBvawJgA2tr3h/",null,null,null,1,0],[1,0,-168.79999999999995,0]],[7,"dateLabel8",33554432,3,[-333],[[[2,-330,[0,"16G4twd/xI4arLUxDJ38FD"],[5,189.78515625,25.2]],-331,[9,1,-332,[0,"273r9RTBBMC6TiF4TNAoIZ"],[[6,"44622h8ZLpH+YtYDzLF23GG","endDatSelectBtnClick","7",1]]]],4,1,4],[1,"6fMVepQEVKDLYrGbKheqSC",null,null,null,1,0],[1,0,-193.99999999999994,0]],[7,"dateLabel9",33554432,3,[-337],[[[2,-334,[0,"55+89J071NP6/6dtWQDgzF"],[5,189.78515625,25.2]],-335,[9,1,-336,[0,"e4HFlz/HtORIttNi7gRQ97"],[[6,"44622h8ZLpH+YtYDzLF23GG","endDatSelectBtnClick","8",1]]]],4,1,4],[1,"7bw/0t4WpEyb6owj8LcrcW",null,null,null,1,0],[1,0,-219.19999999999993,0]],[7,"dateLabel10",33554432,3,[-341],[[[2,-338,[0,"ddB1Wpp25KDIk6NiTi58im"],[5,189.78515625,25.2]],-339,[9,1,-340,[0,"fczp+vgOlHe5/waH6ttos5"],[[6,"44622h8ZLpH+YtYDzLF23GG","endDatSelectBtnClick","9",1]]]],4,1,4],[1,"31Va8UzLhLxKoimJbv6K+e",null,null,null,1,0],[1,0,-244.39999999999992,0]],[7,"dateLabel11",33554432,3,[-345],[[[2,-342,[0,"83kkE2cy5EU4BB0l/6MxAD"],[5,189.78515625,25.2]],-343,[9,1,-344,[0,"45ti2+g2dNxoS4RF7pJowf"],[[6,"44622h8ZLpH+YtYDzLF23GG","endDatSelectBtnClick","10",1]]]],4,1,4],[1,"b2B9UHKr1FX7Wy3RNitxwj",null,null,null,1,0],[1,0,-269.59999999999997,0]],[7,"dateLabel12",33554432,3,[-349],[[[2,-346,[0,"5fgT+IAlhKlrdliydtH+Er"],[5,189.78515625,25.2]],-347,[9,1,-348,[0,"3ajW45MGlM97nCBZFTkRZi"],[[6,"44622h8ZLpH+YtYDzLF23GG","endDatSelectBtnClick","11",1]]]],4,1,4],[1,"ad8ra4rfZBVKSCZ8Vr2jvD",null,null,null,1,0],[1,0,-294.8,0]],[7,"dateLabel13",33554432,3,[-353],[[[2,-350,[0,"cbeOvH//dEIZB/68RydHj1"],[5,189.78515625,25.2]],-351,[9,1,-352,[0,"b2g/IatjVJIqxsOENBlBnZ"],[[6,"44622h8ZLpH+YtYDzLF23GG","endDatSelectBtnClick","12",1]]]],4,1,4],[1,"deX+ahmo1NpZFRInjSVzWN",null,null,null,1,0],[1,0,-320.00000000000006,0]],[7,"dateLabel14",33554432,3,[-357],[[[2,-354,[0,"d1ekEviLBO+5v35WP4hSRl"],[5,189.78515625,25.2]],-355,[9,1,-356,[0,"66H6WQgJRE1KCLFPRXwGkA"],[[6,"44622h8ZLpH+YtYDzLF23GG","endDatSelectBtnClick","13",1]]]],4,1,4],[1,"84PAFHuhZIXp1KTv9F9ugh",null,null,null,1,0],[1,0,-345.2000000000001,0]],[13,"mask",33554432,1,[[2,-358,[0,"a0LYcjITxDla48h+CRpaYU"],[5,720,1280]],[49,0,-359,[0,"fdcGjTEE1NyarC0gdSRNWz"],[4,2013265920],0],[55,-360,[0,"edv5IsIjZL4pG2jyHATtDw"]]],[1,"71fianD3BB0Zeo4TFOvykW",null,null,null,1,0]],[11,"roundShowNode",33554432,4,[8],[[2,-361,[0,"8cQljoAJBKWJYxFnHlYuj4"],[5,200,40]],[5,0,-362,[0,"db/R7QRY5MD5HWi1hsQRhw"],23]],[1,"b8e0DAx5JGtqoY68tO1oBL",null,null,null,1,0],[1,0,-560,0]],[34,"Checkmark",false,33554432,9,[29],[[[2,-363,[0,"e7iOkRqzdIM6ZSAV8LlKHy"],[5,240,40]],-364],4,1],[1,"deKunheeRLlYpJcOwtXn9n",null,null,null,1,0]],[3,"line",33554432,31,[[2,-365,[0,"b2U3GIeVVBQpvyuVJnTpjo"],[5,240,1]],[5,0,-366,[0,"8a8dHD1+xESqqrkR7ECjSd"],24],[8,4,-367,[0,"66Z4X0XnpNWZLXhQ9iIT2d"]]],[1,"0dPsLpE+tDu4jeW1PrBbI+",null,null,null,1,0],[1,0,-12.1,0]],[3,"line",33554432,32,[[2,-368,[0,"d1uwo6Hv9K46q4FWG7jLAY"],[5,240,1]],[5,0,-369,[0,"e2B41fKUNEUb7aIxiYKn+9"],25],[8,4,-370,[0,"756i7IlHZKDKAll69ntEKa"]]],[1,"47FMz9PMZH6rrZWvvk2pJA",null,null,null,1,0],[1,0,-12.1,0]],[3,"line",33554432,33,[[2,-371,[0,"f4GLcmGEZPkL6MXF8KlKbU"],[5,240,1]],[5,0,-372,[0,"8e+rOxekxLWYGMeqaz1bg6"],26],[8,4,-373,[0,"41Lbtxm1dAgbqgpNJ1FNc8"]]],[1,"9aZyeS2SVHp4SdzbUZooCI",null,null,null,1,0],[1,0,-12.1,0]],[3,"line",33554432,34,[[2,-374,[0,"3dXhMzPLNN046zTXvpze7G"],[5,240,1]],[5,0,-375,[0,"9blXU9TytLm4Ac50TGCwKX"],27],[8,4,-376,[0,"97adVt8+VEI6f2kX3SSaaW"]]],[1,"73eD6ylyBGi5Eq2SvkN+C7",null,null,null,1,0],[1,0,-12.1,0]],[3,"line",33554432,35,[[2,-377,[0,"00uWAL74xGT4dziPTq14NN"],[5,240,1]],[5,0,-378,[0,"06ZjVh0tNNKIXRJ53ZAEGE"],28],[8,4,-379,[0,"9fWHHeoeRB6L7/4+3/iTib"]]],[1,"93Ik9T/ZdOnKXwzuqKCfOG",null,null,null,1,0],[1,0,-12.1,0]],[3,"line",33554432,36,[[2,-380,[0,"6eYd5rBLBIQar8ihrWI5ti"],[5,240,1]],[5,0,-381,[0,"78Qb1XUYlH16cMNsLK9IAH"],29],[8,4,-382,[0,"d4HftZCOdIfYGgigwXle7m"]]],[1,"84M649HDlC3bj3EJsrl1Fl",null,null,null,1,0],[1,0,-12.1,0]],[3,"line",33554432,37,[[2,-383,[0,"6f+bbe++VNY4/W616T6kaV"],[5,240,1]],[5,0,-384,[0,"bdGii+BvlHap2ZsBo3sorb"],30],[8,4,-385,[0,"18HvrjgsFEP52Pppj7eHnU"]]],[1,"b3xL5oS01KwY87eoUIQyd8",null,null,null,1,0],[1,0,-12.1,0]],[3,"line",33554432,38,[[2,-386,[0,"b3wKdtPYVJh6r1UDQ2Gsyy"],[5,240,1]],[5,0,-387,[0,"22KEZ8K4lI3JgLzLFkv0YR"],31],[8,4,-388,[0,"efvzv/m8tEQ4yC4Q8H1lpz"]]],[1,"eeKhQ6YgVO1LxptsDTFLO+",null,null,null,1,0],[1,0,-12.1,0]],[3,"line",33554432,39,[[2,-389,[0,"fbyktzKVdLs5SoYvQd9Xt7"],[5,240,1]],[5,0,-390,[0,"76fUd7hjdET596mOiuBB6c"],32],[8,4,-391,[0,"8dSRufkxRAQLxtYZFCJ+JB"]]],[1,"6bcyk4IZtPKJih1VOfcX5K",null,null,null,1,0],[1,0,-12.1,0]],[3,"line",33554432,40,[[2,-392,[0,"22PiqEVZZHdob4rCC7mavp"],[5,240,1]],[5,0,-393,[0,"983YFJAERO378ku1FJgRqm"],33],[8,4,-394,[0,"b7Z0zfZ5lIq5vo9JhxRLk1"]]],[1,"fbj/LNOo5Im6noIFWkx4Yr",null,null,null,1,0],[1,0,-12.1,0]],[3,"line",33554432,41,[[2,-395,[0,"2e4kTTl9pE6KkBtE4upZWX"],[5,240,1]],[5,0,-396,[0,"0cpObuHzRILq3/8S/fCnxG"],34],[8,4,-397,[0,"5eIEUF8rFHmLHTu8pffnec"]]],[1,"4dHnda87BLprNci3tepn+l",null,null,null,1,0],[1,0,-12.1,0]],[3,"line",33554432,42,[[2,-398,[0,"f2WyQ2ZfNPNrcBpt6KU4UO"],[5,240,1]],[5,0,-399,[0,"c3czQEqwtBoptH9qs1qOyX"],35],[8,4,-400,[0,"a7x1Ax7hBAXaH5QHpY+iIE"]]],[1,"b350wGsARFRagGbd7VaFeO",null,null,null,1,0],[1,0,-12.1,0]],[3,"line",33554432,43,[[2,-401,[0,"95EU6KW31CTa+21UJ0MGW6"],[5,240,1]],[5,0,-402,[0,"74o9PHULJCu4cWQQ10khbJ"],36],[8,4,-403,[0,"a10vkKjyxDb4siLSiFqCGM"]]],[1,"37mMZWvfNAHq4xjQnIBC6T",null,null,null,1,0],[1,0,-12.1,0]],[3,"line",33554432,44,[[2,-404,[0,"75r0lLs2JPN4q3ucRLI+Ch"],[5,240,1]],[5,0,-405,[0,"2f+o+ovMVCXaWzKfuBafHF"],37],[8,4,-406,[0,"06yELpWeREr7ZDc26FuG6C"]]],[1,"4429oSz0ZBsbLEfMPvUNTg",null,null,null,1,0],[1,0,-12.1,0]],[34,"Checkmark",false,33554432,10,[45],[[[2,-407,[0,"640sdjevhP8pPNVgChyjFo"],[5,240,40]],-408],4,1],[1,"0byBAPXBJD5rpAa3Eeq3VT",null,null,null,1,0]],[3,"line",33554432,47,[[2,-409,[0,"07iMOOIghM/7mXXNI1DTbK"],[5,240,1]],[5,0,-410,[0,"9dQg5r2phIHK7rGoq+Z5z1"],41],[8,4,-411,[0,"53WpLRtBpMtLXcn8W4DdQa"]]],[1,"c1tQOL3M9LNbagx1vSk2XU",null,null,null,1,0],[1,0,-12.1,0]],[3,"line",33554432,48,[[2,-412,[0,"590KIF8HpADpsbtho2mf85"],[5,240,1]],[5,0,-413,[0,"690yNyoHlCHrJ8vDCsK04c"],42],[8,4,-414,[0,"78NXBS6fJAgo0k+3T+vUt8"]]],[1,"14a3GLIXRBMaev+h2TTnor",null,null,null,1,0],[1,0,-12.1,0]],[3,"line",33554432,49,[[2,-415,[0,"07/8v3E3NPJa/hpYHR0DgC"],[5,240,1]],[5,0,-416,[0,"fenXShdXtE/JrcIl9y3zE1"],43],[8,4,-417,[0,"85eYGh3/xEFKJ02AvyZ5JF"]]],[1,"d7ACcHRi9DKaUWF20uL4br",null,null,null,1,0],[1,0,-12.1,0]],[3,"line",33554432,50,[[2,-418,[0,"a2fnHPkr9Ol5cQxRFnLlii"],[5,240,1]],[5,0,-419,[0,"19Z3SRFAVPSIsyUyCA+M4m"],44],[8,4,-420,[0,"adXdY2XaVIgrc8hkMMkS8Y"]]],[1,"00b/35zptA/r6DWi7Vj6Zi",null,null,null,1,0],[1,0,-12.1,0]],[3,"line",33554432,51,[[2,-421,[0,"18ToIYyVBGJZj8bYrDnIOh"],[5,240,1]],[5,0,-422,[0,"58v7F62UVGoJUuCWKFkmTQ"],45],[8,4,-423,[0,"fb/zSZP4pBJ6eUsQTPcaES"]]],[1,"3fFJxD36lE1qupeYc/OjQv",null,null,null,1,0],[1,0,-12.1,0]],[3,"line",33554432,52,[[2,-424,[0,"e3JYThd75EiL72jtFXQyrS"],[5,240,1]],[5,0,-425,[0,"70xGL3hVpLW6wVp/1nRo3r"],46],[8,4,-426,[0,"c9xddOfxxBtrpi0Wp2K990"]]],[1,"ecfrDVRLZPhq6DRvtHyCMu",null,null,null,1,0],[1,0,-12.1,0]],[3,"line",33554432,53,[[2,-427,[0,"e3JbdxQHJK36dT8LdkzZEg"],[5,240,1]],[5,0,-428,[0,"ab7BWMx0RBuJIZIRly9naL"],47],[8,4,-429,[0,"e0vN8rmbtGz4HcD2wj9SYK"]]],[1,"e8MjbCkjtIq5iHWgYVQL99",null,null,null,1,0],[1,0,-12.1,0]],[3,"line",33554432,54,[[2,-430,[0,"80RE0vOQVJCK2pJW5X3lZd"],[5,240,1]],[5,0,-431,[0,"99jF0etcFMroYBb1O7JLRn"],48],[8,4,-432,[0,"75CWrZ/LVDO5EwKRFm1bnn"]]],[1,"b7AeM5oOVCkJ1p/Vlb79Hl",null,null,null,1,0],[1,0,-12.1,0]],[3,"line",33554432,55,[[2,-433,[0,"997EDKRhNCzqHCUYCPUrzq"],[5,240,1]],[5,0,-434,[0,"f8xubxOvRFGaRYaH7EGQsW"],49],[8,4,-435,[0,"91ctRU4GtFdY/lfW4hyKNY"]]],[1,"41hXQpON5LsoRIR6GO+UIn",null,null,null,1,0],[1,0,-12.1,0]],[3,"line",33554432,56,[[2,-436,[0,"4c029FtWJI5LgtDZdwjKKC"],[5,240,1]],[5,0,-437,[0,"337uK4Z81ACYsAUT84JKGC"],50],[8,4,-438,[0,"43iO30/CBLX5N5w3+xe0c9"]]],[1,"7bhB2xZSpFYY8PCvUUk5re",null,null,null,1,0],[1,0,-12.1,0]],[3,"line",33554432,57,[[2,-439,[0,"dfXKpUuztN/rO1v/M1XZ0O"],[5,240,1]],[5,0,-440,[0,"a8HrVGGYtPKonoC0VotrtP"],51],[8,4,-441,[0,"f2BqGfaqRLa4tHHDKePm9p"]]],[1,"38YJ3k235P+o7NoC672WlW",null,null,null,1,0],[1,0,-12.1,0]],[3,"line",33554432,58,[[2,-442,[0,"bdXnvyZclKiZxqXi7b3rld"],[5,240,1]],[5,0,-443,[0,"d273b6trpApIh5CmR467qF"],52],[8,4,-444,[0,"d6AE3ltVNAFJ/rvZ4oNA1j"]]],[1,"67VAQF4i5PuJMRe99TFLMs",null,null,null,1,0],[1,0,-12.1,0]],[3,"line",33554432,59,[[2,-445,[0,"9dhM2L8lhAnbcStbG/30qY"],[5,240,1]],[5,0,-446,[0,"9akhnKWNpHIZs7Nehrp6vE"],53],[8,4,-447,[0,"fdBRugQx1CFbKPuENwzcfn"]]],[1,"9cdZL9Oo1N65gJSaoa1xuq",null,null,null,1,0],[1,0,-12.1,0]],[3,"line",33554432,60,[[2,-448,[0,"f5165zxqdK96267UbdB5TM"],[5,240,1]],[5,0,-449,[0,"4dOGeJ+XREV7rgmbjdIlhv"],54],[8,4,-450,[0,"9aLMv5JMNHq6YdMRSw0zp0"]]],[1,"f8julUph1KeqNkNOM8iVUn",null,null,null,1,0],[1,0,-12.1,0]],[3,"title",33554432,4,[[2,-451,[0,"09tayYYTlBqoynwQUfsXn/"],[5,52,50.4]],[10,"紀錄",26,26,-452,[0,"56oBOGUOFHor+w02zeL2Qz"]]],[1,"dcfqeaW+NOl4lAYndNgzHY",null,null,null,1,0],[1,0,564.182,0]],[3,"line",33554432,4,[[2,-453,[0,"1dsi/zDVVF8LNEDQmimIms"],[5,640,1]],[21,-454,[0,"92hkeFPMdHjKIE9OqPSOXM"],1]],[1,"a5eUb5CVZPnLb5HpFL7ryK",null,null,null,1,0],[1,0,522.854,0]],[25,"Checkmark",33554432,12,[[[2,-455,[0,"90O3zDZplB9YwesfhjW6ph"],[5,320,60]],-456],4,1],[1,"daz89RewpJ0pRtExNHv7CJ",null,null,null,1,0]],[13,"Label",33554432,12,[[2,-457,[0,"4eElxihmVIwoXtV4P7RzSz"],[5,48,50.4]],[10,"投注",24,24,-458,[0,"d6EhEAPwNGPa5WeKPptXrm"]]],[1,"6dyzrRJSRNnY8GqO+6oOx4",null,null,null,1,0]],[18,"Checkmark",false,33554432,13,[[[2,-459,[0,"045x0A4a1DW6t7ljOgZIn7"],[5,213,60]],-460],4,1],[1,"3ckTT4emtMv6TVI642eYxd",null,null,null,1,0]],[13,"Label",33554432,13,[[2,-461,[0,"40k4PXzLNN5IHLfrr15nbs"],[5,48,50.4]],[10,"額度",24,24,-462,[0,"b3NBO0q4pA25XfINVby4nK"]]],[1,"10zy/2WgVMj4U7PClr+rbE",null,null,null,1,0]],[18,"Checkmark",false,33554432,14,[[[2,-463,[0,"01TTMe5MRObay4IvIxZY5X"],[5,320,60]],-464],4,1],[1,"9d4wsOGt5M9KSkmYhAsHQB",null,null,null,1,0]],[13,"Lbael",33554432,14,[[2,-465,[0,"e8tR+AMoJJl5p8EoPB9gNQ"],[5,48,50.4]],[10,"贈禮",24,24,-466,[0,"e6UHCqHPdAG6XRv9GSJEeh"]]],[1,"1cLQqIbchL147f73CFgjwE",null,null,null,1,0]],[25,"Checkmark",33554432,15,[[[2,-467,[0,"b0CxKXWeZJ2ZJrgdGP52Fy"],[5,150,50]],-468],4,1],[1,"c4YSCBTB9OI7iPf4rvpZ+O",null,null,null,1,0]],[13,"Label",33554432,15,[[2,-469,[0,"30DbsMsNhAVoeJu9wJeY2l"],[5,40,50.4]],[10,"今日",20,20,-470,[0,"16FuBfrapAd7P4nSElr2ts"]]],[1,"b93K4nx4hFgY2GSzFjzvJN",null,null,null,1,0]],[18,"Checkmark",false,33554432,16,[[[2,-471,[0,"7dTNrWTUVDT4Ozx2I1S44L"],[5,150,50]],-472],4,1],[1,"0bLe3/sn1NDbSsaP/bC6J5",null,null,null,1,0]],[13,"Label",33554432,16,[[2,-473,[0,"bdZpMwzgxASpFHVLhroHmb"],[5,40,50.4]],[10,"昨日",20,20,-474,[0,"32YS3Sk3xDZr4eO0GeWDHf"]]],[1,"efwoWKxodMX4D5+nkRks08",null,null,null,1,0]],[18,"Checkmark",false,33554432,17,[[[2,-475,[0,"94OJ+xgOBCG4B8GPK+Umub"],[5,150,50]],-476],4,1],[1,"89MTIrlDxCjKBWYxsGvFho",null,null,null,1,0]],[13,"Label",33554432,17,[[2,-477,[0,"f6eVC2FB5NuabPMrlt6XCm"],[5,40,50.4]],[10,"本周",20,20,-478,[0,"39MrZtNktO5JfO+aUvuB/T"]]],[1,"eeC1PLW0ZBTLVpJo2VUiCq",null,null,null,1,0]],[18,"Checkmark",false,33554432,18,[[[2,-479,[0,"70ptnZsrdI9pP3S7mtTCss"],[5,150,50]],-480],4,1],[1,"57Qmg3bE9LhZGGy6onrWWd",null,null,null,1,0]],[13,"Label",33554432,18,[[2,-481,[0,"72r0+K0/1Dno1CTumO8Pr3"],[5,40,50.4]],[10,"上周",20,20,-482,[0,"99hj8B3adLsJxxmLLg8AuL"]]],[1,"d0+/T6wflP34FMx6dxmnIn",null,null,null,1,0]],[3,"Label",33554432,4,[[2,-483,[0,"fdl9jF7tFN1rQareF/dIqT"],[5,48,50.4]],[10,"侷號",24,24,-484,[0,"c2aORWJUlJ9aBwR97u/zTP"]]],[1,"667lxCdJVGaoMbDkGtKNeG",null,null,null,1,0],[1,-274.728,411.096,0]],[42,"TEXT_LABEL",false,33554432,19,[[[19,-485,[0,"fbHP+gjjhN8ZaTfDL2G9Ny"],[5,498,45],[0,0,1]],-486],4,1],[1,"5fQoVZWEpJ9YdaatHXv+02",null,null,null,1,0],[1,-248,22.5,0]],[14,"PLACEHOLDER_LABEL",33554432,19,[[[19,-487,[0,"0fiC7bRQxOrIm0S7HPK1Ce"],[5,498,45],[0,0,1]],-488],4,1],[1,"fce316dopHg6pUnSkh1qis",null,null,null,1,0],[1,-248,22.5,0]],[3,"arrow_6",33554432,4,[[2,-489,[0,"e9qRwRDLtPg5MQBBTWvnJR"],[5,18,14]],[21,-490,[0,"e7npoKh85IB4Bz3S0CsNwA"],16]],[1,"134rN1yQxIfqLV5HrOAacX",null,null,null,1,0],[1,-38.207,264.972,0]],[3,"gameTitleLabel",33554432,5,[[2,-491,[0,"f1WfJj/xFB3rHJ11JUeTY5"],[5,40,50.4]],[10,"游戲",20,20,-492,[0,"0dDniKL8ZKOpBvrqKPrOXy"]]],[1,"b0u+2k2MVD9r1vaHK7h8Fc",null,null,null,1,0],[1,-259.667,0,0]],[3,"roundAndTimeTitleLabel",33554432,5,[[2,-493,[0,"devLUHcfpAb5Rh48Lm7BBw"],[5,40,45.199999999999996]],[4,"局\n時間",20,20,20,-494,[0,"cd9O578G5C/I/ZLobM0AYN"]]],[1,"5a6PdqwA5FFIqo1U9NaL97",null,null,null,1,0],[1,-108,0,0]],[3,"betTypeTitleLabel",33554432,5,[[2,-495,[0,"89BwesNT1NiIgcOjR3+l5S"],[5,80,25.2]],[4,"投注類型",20,20,20,-496,[0,"53KodIUvtKCIcrPCQOWfnC"]]],[1,"02i3gBvFREDId1dEgKuCmo",null,null,null,1,0],[1,19.5,0,0]],[3,"betCoinTitleLabel",33554432,5,[[2,-497,[0,"aau9SDs+tJ34jL+FbiIcG2"],[5,80,25.2]],[4,"投注金額",20,20,20,-498,[0,"06J7A4fsFAaYVYbat7KgWW"]]],[1,"dbMocwcKlBSqjwbm9HWIOQ",null,null,null,1,0],[1,148,0,0]],[3,"resultTitleLabel",33554432,5,[[2,-499,[0,"6bQahYe7pDQZCD/biCiouw"],[5,45.556640625,25.2]],[4,"輸/贏",20,20,20,-500,[0,"36XvhdqZNCfb8/TJ7VBqOE"]]],[1,"8dXNGPQYhBrLMm5ttl//qm",null,null,null,1,0],[1,258,0,0]],[3,"timeTitleLabel",33554432,6,[[2,-501,[0,"5cmwuxS5lDtIRzjNvWe2SY"],[5,40,25.2]],[4,"時間",20,20,20,-502,[0,"99qXuFZflIa7Jw1lvF5fAb"]]],[1,"58/LGvJvNCOKtYumVXPaV6",null,null,null,1,0],[1,-228.501,0,0]],[3,"roundTitleLabel",33554432,6,[[2,-503,[0,"ebT5SiAJ5B6pP97/FyO3wG"],[5,40,25.2]],[4,"局號",20,20,20,-504,[0,"e7Wn3H9xNLkrmZyZHahp9p"]]],[1,"acP2gp0l1ERrsSHx62NGPi",null,null,null,1,0],[1,-108,0,0]],[3,"gameTypeTitleLabel",33554432,6,[[2,-505,[0,"f8sPYLU/RNV6unmbDsu9B+"],[5,80,50.4]],[10,"游戲類型",20,20,-506,[0,"e2cS8h1PtA368/Rci9sN+s"]]],[1,"612T6txeZK/b+Wn8AP+eFw",null,null,null,1,0],[1,15,0,0]],[3,"giftNameTitleLabel",33554432,6,[[2,-507,[0,"4cvsp5rrRPCLBV1FHoF0ug"],[5,40,25.2]],[4,"禮物",20,20,20,-508,[0,"f97OV2uzlG37l4i+ZdKkFZ"]]],[1,"1a1kotcBlK/5cvjQVVHLVu",null,null,null,1,0],[1,145,0,0]],[3,"coinTitleLabel",33554432,6,[[2,-509,[0,"93ytH8ERNE/IuV/zWizRLp"],[5,40,25.2]],[4,"金額",20,20,20,-510,[0,"b9NisXIqNDE6mtOdmqFXme"]]],[1,"56srEi9UBPN7wzin1Phj32",null,null,null,1,0],[1,259.542,0,0]],[25,"roundLabel",33554432,8,[[[2,-511,[0,"b9IfBaIQ9HCq8+EGnEO6+k"],[5,25.0224609375,25.2]],-512],4,1],[1,"f8blF75wZKPp0evBarfMD3",null,null,null,1,0]],[35,"Label",512,33554432,9,[[[2,-513,[0,"adzblvXfVIPb2CN89teQ62"],[5,240,40]],-514],4,1],[1,"c37G50uE1N7IR5OKyjRkEw",null,null,null,1,0],[1,-10.705,0,0]],[3,"arrow_5",33554432,9,[[2,-515,[0,"a7po296zZE6o5m3HEmIz/I"],[5,16,10]],[21,-516,[0,"a89I3obwJIr7oNpXQi/TIL"],39]],[1,"22ljzqPElNdLENtUGdW1ea",null,null,null,1,0],[1,104.91,0.714,0]],[35,"Label",512,33554432,10,[[[2,-517,[0,"1aMFwPRiBIN5rUqZP9cihc"],[5,240,40]],-518],4,1],[1,"27pYSVcadCKYuLkYdYhT4c",null,null,null,1,0],[1,-10.705,0,0]],[3,"arrow_5",33554432,10,[[2,-519,[0,"28QM6J1NRGYqI6vEi70YdY"],[5,16,10]],[21,-520,[0,"82z8LH4OdHhb20Cb0cKYCR"],56]],[1,"012kfWoyNLtJf/l3GN6fI4",null,null,null,1,0],[1,104.91,0.714,0]],[12,0,95,[0,"232GmyLMpHPbUNAST5Cws4"]],[12,0,97,[0,"5fkCw1R3ZB842Vc79hEX2q"]],[12,0,99,[0,"9c76xWGtlD1pP0ZKKrsPNw"]],[12,0,101,[0,"8cCCI6aNhIM6fyYl6n9gTz"]],[12,0,103,[0,"8doU3a07VC0pGhlipDh2NC"]],[12,0,105,[0,"cbtVyLk8pNpITaqjRZMxgC"]],[12,0,107,[0,"1c6v2JbytDI4gOBwNlxBMZ"]],[45,"",0,40,20,1,false,110,[0,"caLsX0TBRLWpr5dLCDSGdf"]],[46,"請輸入侷號",0,20,20,1,false,111,[0,"ceeuznxb1A9L6Cpn3On66e"],[4,4290493371]],[56,6,8,19,[0,"9amelH9LlLn6a2m0KO4l9w"],135,136],[4,"1/1",18,18,20,123,[0,"29NvIdChVDq4L10Rp9NvUz"]],[30,0.23,0.75,false,26,[0,"d1eOt0mKRLzayqwwseHHhL"],28],[4,"2023-11-22  00:00:00",20,20,20,31,[0,"ecp5FrId5MuZKw9NStLGYH"]],[4,"2023-11-22  00:00:00",20,20,20,32,[0,"0cfONsefBKl4QHm+6yujwh"]],[4,"2023-11-22  00:00:00",20,20,20,33,[0,"ee0CU8bUtKHJnyHE2sdIk3"]],[4,"2023-11-22  00:00:00",20,20,20,34,[0,"59yJ5RB4tFErgUXbNWddJ6"]],[4,"2023-11-22  00:00:00",20,20,20,35,[0,"f7JYFEi6FHzIEPw22wvIV8"]],[4,"2023-11-22  00:00:00",20,20,20,36,[0,"d7KeouUKRJ3YiB7HY85kp4"]],[4,"2023-11-22  00:00:00",20,20,20,37,[0,"19HTMcq3JARY7fzq8cKogD"]],[4,"2023-11-22  00:00:00",20,20,20,38,[0,"e1VihF6hpJIKXq0uKK1qkh"]],[4,"2023-11-22  00:00:00",20,20,20,39,[0,"b8KPF9/AVPmrKBLRUUHBrZ"]],[4,"2023-11-22  00:00:00",20,20,20,40,[0,"bc5yTpp1hDsbbzz/7NlQzX"]],[4,"2023-11-22  00:00:00",20,20,20,41,[0,"03vy13mRVCaaiDN7h+8/LQ"]],[4,"2023-11-22  00:00:00",20,20,20,42,[0,"eeJI1mOLxJrJICMc4cKTDf"]],[4,"2023-11-22  00:00:00",20,20,20,43,[0,"7fLdFEWPJLALPtakaYm+Tr"]],[4,"2023-11-22  00:00:00",20,20,20,44,[0,"11/MON5KBJaaoMGwYmXAMg"]],[12,0,63,[0,"cbum6ctgJBTpBwRCREivhW"]],[36,"2023-11-22  00:00:00",20,20,1,false,124,[0,"42sWKBgjxPV7XY0VAOZHnn"]],[27,false,9,[0,"3dvFzY8ShO7q1/2e3RvU9m"],[4,4292269782],9,154],[4,"2023-11-22  00:00:00",20,20,20,47,[0,"42qDwk1vxBnb4z359c30p0"]],[4,"2023-11-22  00:00:00",20,20,20,48,[0,"22XUD+jk1IQ4wMPHdprRqU"]],[4,"2023-11-22  00:00:00",20,20,20,49,[0,"75SL667KZHAK1ibPJ3ww0c"]],[4,"2023-11-22  00:00:00",20,20,20,50,[0,"38mXeMgKBCxKVRVs7hGmGK"]],[4,"2023-11-22  00:00:00",20,20,20,51,[0,"6d9Zvwjg1IdbB1EiPKrCzb"]],[4,"2023-11-22  00:00:00",20,20,20,52,[0,"c3J9ccEEBCPoTr3qodpGPX"]],[4,"2023-11-22  00:00:00",20,20,20,53,[0,"1dj//z+zRBjbHBebUgCWDI"]],[4,"2023-11-22  00:00:00",20,20,20,54,[0,"81ZnYdcYJI1pDtgPJMQaCq"]],[4,"2023-11-22  00:00:00",20,20,20,55,[0,"c79DWCvWdHFJaeIp/9EHzz"]],[4,"2023-11-22  00:00:00",20,20,20,56,[0,"e4xty8EBpEnpDyDtqi7lpb"]],[4,"2023-11-22  00:00:00",20,20,20,57,[0,"7dSAlkYk5JppF10Mjmm1B8"]],[4,"2023-11-22  00:00:00",20,20,20,58,[0,"3cFEUKBvNHCKQxf9VdQ7KS"]],[4,"2023-11-22  00:00:00",20,20,20,59,[0,"89W1VrH1tHR6exS3HwHixf"]],[4,"2023-11-22  00:00:00",20,20,20,60,[0,"f9xK2NrMlKsoEUXZZ/8QyF"]],[12,0,78,[0,"79CulseMpPI5BYIjILLEeU"]],[36,"2023-11-22  00:00:00",20,20,1,false,126,[0,"88+nZhvIxFSKOFvxBq+MaQ"]],[27,false,10,[0,"fayThfiF5DabGVpEqxE1xb"],[4,4292269782],10,171]],0,[0,6,1,0,0,1,0,-1,5,0,-2,6,0,7,138,0,13,139,0,14,172,0,15,155,0,-1,157,0,-2,158,0,-3,159,0,-4,160,0,-5,161,0,-6,162,0,-7,163,0,-8,164,0,-9,165,0,-10,166,0,-11,167,0,-12,168,0,-13,169,0,-14,170,0,-1,140,0,-2,141,0,-3,142,0,-4,143,0,-5,144,0,-6,145,0,-7,146,0,-8,147,0,-9,148,0,-10,149,0,-11,150,0,-12,151,0,-13,152,0,-14,153,0,16,173,0,17,156,0,18,137,0,0,1,0,0,1,0,-1,61,0,-2,4,0,0,2,0,0,2,0,0,2,0,0,2,0,-1,31,0,-2,32,0,-3,33,0,-4,34,0,-5,35,0,-6,36,0,-7,37,0,-8,38,0,-9,39,0,-10,40,0,-11,41,0,-12,42,0,-13,43,0,-14,44,0,0,3,0,0,3,0,0,3,0,0,3,0,-1,47,0,-2,48,0,-3,49,0,-4,50,0,-5,51,0,-6,52,0,-7,53,0,-8,54,0,-9,55,0,-10,56,0,-11,57,0,-12,58,0,-13,59,0,-14,60,0,0,4,0,0,4,0,-1,93,0,-2,94,0,-3,20,0,-4,11,0,-5,7,0,-6,109,0,-7,19,0,-8,21,0,-9,112,0,-10,5,0,-11,6,0,-12,62,0,-13,26,0,-14,9,0,-15,10,0,0,5,0,0,5,0,-1,113,0,-2,114,0,-3,115,0,-4,116,0,-5,117,0,0,6,0,0,6,0,-1,118,0,-2,119,0,-3,120,0,-4,121,0,-5,122,0,0,7,0,0,7,0,0,7,0,-1,15,0,-2,16,0,-3,17,0,-4,18,0,0,8,0,0,8,0,-1,22,0,-2,23,0,-3,123,0,-4,24,0,-5,25,0,0,9,0,0,9,0,-3,156,0,-1,63,0,-2,124,0,-3,125,0,0,10,0,0,10,0,-3,173,0,-1,78,0,-2,126,0,-3,127,0,0,11,0,0,11,0,0,11,0,-1,12,0,-2,13,0,-3,14,0,0,12,0,0,12,0,4,128,0,2,12,0,0,12,0,-1,95,0,-2,96,0,0,13,0,0,13,0,4,129,0,2,13,0,0,13,0,-1,97,0,-2,98,0,0,14,0,0,14,0,4,130,0,2,14,0,0,14,0,-1,99,0,-2,100,0,0,15,0,0,15,0,4,131,0,2,15,0,0,15,0,-1,101,0,-2,102,0,0,16,0,0,16,0,4,132,0,2,16,0,0,16,0,-1,103,0,-2,104,0,0,17,0,0,17,0,4,133,0,2,17,0,0,17,0,-1,105,0,-2,106,0,0,18,0,0,18,0,4,134,0,2,18,0,0,18,0,-1,107,0,-2,108,0,0,19,0,0,19,0,-3,137,0,-1,110,0,-2,111,0,0,20,0,0,20,0,2,20,0,0,20,0,0,21,0,0,21,0,2,21,0,0,21,0,0,22,0,0,22,0,2,22,0,0,22,0,0,23,0,0,23,0,2,23,0,0,23,0,0,24,0,0,24,0,2,24,0,0,24,0,0,25,0,0,25,0,2,25,0,0,25,0,0,26,0,0,26,0,-3,139,0,-1,27,0,0,27,0,0,27,0,0,27,0,-1,28,0,0,28,0,0,28,0,0,28,0,0,29,0,0,29,0,0,29,0,-1,30,0,0,30,0,0,30,0,0,30,0,0,31,0,-2,140,0,0,31,0,-1,64,0,0,32,0,-2,141,0,0,32,0,-1,65,0,0,33,0,-2,142,0,0,33,0,-1,66,0,0,34,0,-2,143,0,0,34,0,-1,67,0,0,35,0,-2,144,0,0,35,0,-1,68,0,0,36,0,-2,145,0,0,36,0,-1,69,0,0,37,0,-2,146,0,0,37,0,-1,70,0,0,38,0,-2,147,0,0,38,0,-1,71,0,0,39,0,-2,148,0,0,39,0,-1,72,0,0,40,0,-2,149,0,0,40,0,-1,73,0,0,41,0,-2,150,0,0,41,0,-1,74,0,0,42,0,-2,151,0,0,42,0,-1,75,0,0,43,0,-2,152,0,0,43,0,-1,76,0,0,44,0,-2,153,0,0,44,0,-1,77,0,0,45,0,0,45,0,0,45,0,-1,46,0,0,46,0,0,46,0,0,46,0,0,47,0,-2,157,0,0,47,0,-1,79,0,0,48,0,-2,158,0,0,48,0,-1,80,0,0,49,0,-2,159,0,0,49,0,-1,81,0,0,50,0,-2,160,0,0,50,0,-1,82,0,0,51,0,-2,161,0,0,51,0,-1,83,0,0,52,0,-2,162,0,0,52,0,-1,84,0,0,53,0,-2,163,0,0,53,0,-1,85,0,0,54,0,-2,164,0,0,54,0,-1,86,0,0,55,0,-2,165,0,0,55,0,-1,87,0,0,56,0,-2,166,0,0,56,0,-1,88,0,0,57,0,-2,167,0,0,57,0,-1,89,0,0,58,0,-2,168,0,0,58,0,-1,90,0,0,59,0,-2,169,0,0,59,0,-1,91,0,0,60,0,-2,170,0,0,60,0,-1,92,0,0,61,0,0,61,0,0,61,0,0,62,0,0,62,0,0,63,0,-2,154,0,0,64,0,0,64,0,0,64,0,0,65,0,0,65,0,0,65,0,0,66,0,0,66,0,0,66,0,0,67,0,0,67,0,0,67,0,0,68,0,0,68,0,0,68,0,0,69,0,0,69,0,0,69,0,0,70,0,0,70,0,0,70,0,0,71,0,0,71,0,0,71,0,0,72,0,0,72,0,0,72,0,0,73,0,0,73,0,0,73,0,0,74,0,0,74,0,0,74,0,0,75,0,0,75,0,0,75,0,0,76,0,0,76,0,0,76,0,0,77,0,0,77,0,0,77,0,0,78,0,-2,171,0,0,79,0,0,79,0,0,79,0,0,80,0,0,80,0,0,80,0,0,81,0,0,81,0,0,81,0,0,82,0,0,82,0,0,82,0,0,83,0,0,83,0,0,83,0,0,84,0,0,84,0,0,84,0,0,85,0,0,85,0,0,85,0,0,86,0,0,86,0,0,86,0,0,87,0,0,87,0,0,87,0,0,88,0,0,88,0,0,88,0,0,89,0,0,89,0,0,89,0,0,90,0,0,90,0,0,90,0,0,91,0,0,91,0,0,91,0,0,92,0,0,92,0,0,92,0,0,93,0,0,93,0,0,94,0,0,94,0,0,95,0,-2,128,0,0,96,0,0,96,0,0,97,0,-2,129,0,0,98,0,0,98,0,0,99,0,-2,130,0,0,100,0,0,100,0,0,101,0,-2,131,0,0,102,0,0,102,0,0,103,0,-2,132,0,0,104,0,0,104,0,0,105,0,-2,133,0,0,106,0,0,106,0,0,107,0,-2,134,0,0,108,0,0,108,0,0,109,0,0,109,0,0,110,0,-2,135,0,0,111,0,-2,136,0,0,112,0,0,112,0,0,113,0,0,113,0,0,114,0,0,114,0,0,115,0,0,115,0,0,116,0,0,116,0,0,117,0,0,117,0,0,118,0,0,118,0,0,119,0,0,119,0,0,120,0,0,120,0,0,121,0,0,121,0,0,122,0,0,122,0,0,123,0,-2,138,0,0,124,0,-2,155,0,0,125,0,0,125,0,0,126,0,-2,172,0,0,127,0,0,127,0,8,1,2,5,30,3,5,46,8,5,62,29,5,63,45,5,78,520],[0,0,0,0,0,0,0,0,0,0,0,0,0,0,0,0,0,0,0,0,0,0,0,0,0,0,0,0,0,0,0,0,0,0,0,0,0,0,0,0,0,0,0,0,0,0,0,0,0,0,0,0,0,0,0,0,0,0,0,0,0,128,129,130,131,132,133,134,137],[1,1,1,19,20,21,22,1,1,1,1,1,1,1,1,1,1,1,1,1,1,1,1,1,1,1,1,1,1,1,1,1,1,1,1,1,1,1,1,1,1,1,1,1,1,1,1,1,1,1,1,1,1,1,1,1,1,1,1,-1,-2,1,1,1,1,1,1,1,23],[19,0,6,6,20,21,22,5,5,5,1,1,1,1,3,23,24,2,2,7,8,8,7,1,0,0,0,0,0,0,0,0,0,0,0,0,0,0,1,9,3,0,0,0,0,0,0,0,0,0,0,0,0,0,0,1,9,3,25,26,27,2,2,2,4,4,4,4,3]],[[{"name":"log_btn","rect":{"x":0,"y":0,"width":100,"height":30},"offset":{"x":0,"y":0},"originalSize":{"width":100,"height":30},"rotated":false,"capInsets":[3,3,3,3],"vertices":{"rawPosition":[-50,-15,0,50,-15,0,-50,15,0,50,15,0],"indexes":[0,1,2,2,1,3],"uv":[0,30,100,30,0,0,100,0],"nuv":[0,0,1,0,0,1,1,1],"minPos":{"x":-50,"y":-15,"z":0},"maxPos":{"x":50,"y":15,"z":0}},"packable":true,"pixelsToUnit":100,"pivot":{"x":0.5,"y":0.5},"meshType":0}],[0],0,[0],[3],[28]],[[{"name":"log_serch_btn_m","rect":{"x":0,"y":0,"width":60,"height":50},"offset":{"x":0,"y":0},"originalSize":{"width":60,"height":50},"rotated":false,"capInsets":[0,0,0,0],"vertices":{"rawPosition":[-30,-25,0,30,-25,0,-30,25,0,30,25,0],"indexes":[0,1,2,2,1,3],"uv":[0,50,60,50,0,0,60,0],"nuv":[0,0,1,0,0,1,1,1],"minPos":{"x":-30,"y":-25,"z":0},"maxPos":{"x":30,"y":25,"z":0}},"packable":true,"pixelsToUnit":100,"pivot":{"x":0.5,"y":0.5},"meshType":0}],[0],0,[0],[3],[29]],[[{"name":"log_btn_a","rect":{"x":0,"y":0,"width":100,"height":30},"offset":{"x":0,"y":0},"originalSize":{"width":100,"height":30},"rotated":false,"capInsets":[0,0,0,0],"vertices":{"rawPosition":[-50,-15,0,50,-15,0,-50,15,0,50,15,0],"indexes":[0,1,2,2,1,3],"uv":[0,30,100,30,0,0,100,0],"nuv":[0,0,1,0,0,1,1,1],"minPos":{"x":-50,"y":-15,"z":0},"maxPos":{"x":50,"y":15,"z":0}},"packable":true,"pixelsToUnit":100,"pivot":{"x":0.5,"y":0.5},"meshType":0}],[0],0,[0],[3],[30]]]]
