{"skeleton":{"hash":"Ldj0WWukL6xcdV9mpSS4lG1/k/c","spine":"3.8.99","images":"./image/","audio":"D:/work/工作/互动表情/animation/hd_woshou01"},"bones":[{"name":"root"},{"name":"fw_b","parent":"root","x":24.12,"y":204.97},{"name":"fw_p","parent":"root","x":-158.07,"y":93.58},{"name":"fw_y","parent":"root","x":177.99,"y":89.8},{"name":"dianzan","parent":"root","x":-5.44,"y":-7.74}],"slots":[{"name":"fw_b","bone":"fw_b"},{"name":"fw_y","bone":"fw_y"},{"name":"fw_p","bone":"fw_p"},{"name":"dianzan","bone":"dianzan"}],"skins":[{"name":"default","attachments":{"dianzan":{"dianzan":{"x":5.44,"y":26.9,"width":108,"height":108}},"fw_b":{"blue01":{"width":30,"height":29},"blue02":{"width":60,"height":60},"blue03":{"width":60,"height":56}},"fw_p":{"pink01":{"width":30,"height":29},"pink02":{"width":60,"height":60},"pink03":{"width":60,"height":56}},"fw_y":{"fireworks01":{"width":36,"height":36},"fireworks02":{"width":60,"height":59},"fireworks03":{"width":60,"height":59}}}}],"animations":{"dianzan":{"slots":{"dianzan":{"color":[{"color":"ffffff00"},{"time":0.0667,"color":"ffffffff"}],"attachment":[{"name":"dianzan"}]},"fw_b":{"color":[{"time":0.6667,"color":"ffffffff"},{"time":0.9667,"color":"ffffff00"},{"time":1.2333,"color":"ffffffff","curve":"stepped"},{"time":1.4333,"color":"ffffffff"},{"time":1.7333,"color":"ffffff00"}],"attachment":[{"time":0.4667,"name":"blue01"},{"time":0.5667,"name":"blue02"},{"time":0.6667,"name":"blue03"},{"time":0.9667,"name":null},{"time":1.2333,"name":"blue01"},{"time":1.3333,"name":"blue02"},{"time":1.4333,"name":"blue03"},{"time":1.7333,"name":null}]},"fw_p":{"color":[{"time":1.0667,"color":"ffffffff"},{"time":1.3,"color":"ffffff00"},{"time":1.7333,"color":"ffffffff","curve":"stepped"},{"time":2.0667,"color":"ffffffff"},{"time":2.4,"color":"ffffff00"}],"attachment":[{"time":0.8667,"name":"pink01"},{"time":0.9667,"name":"pink02"},{"time":1.0667,"name":"pink03"},{"time":1.3,"name":null},{"time":1.7333,"name":"pink01"},{"time":1.8333,"name":"pink02"},{"time":1.9333,"name":"pink03"},{"time":2.4,"name":null}]},"fw_y":{"color":[{"time":0.8667,"color":"ffffffff"},{"time":1.1667,"color":"ffffff00"},{"time":1.5,"color":"ffffffff","curve":"stepped"},{"time":1.7,"color":"ffffffff"},{"time":2,"color":"ffffff00"}],"attachment":[{"time":0.6667,"name":"fireworks01"},{"time":0.7667,"name":"fireworks02"},{"time":0.8667,"name":"fireworks03"},{"time":1.1667,"name":null},{"time":1.5,"name":"fireworks01"},{"time":1.6,"name":"fireworks02"},{"time":1.7,"name":"fireworks03"},{"time":2,"name":null}]}},"bones":{"fw_b":{"translate":[{"time":0.4667,"x":11.33,"y":-120.83,"curve":"stepped"},{"time":0.9667,"x":11.33,"y":-120.83},{"time":1.2333,"x":-92.1,"y":-153.14}],"scale":[{"time":0.4667},{"time":0.9667,"x":2.216,"y":2.216},{"time":1.2333},{"time":1.7333,"x":2.216,"y":2.216}]},"fw_p":{"translate":[{"time":0.8667,"x":234,"y":-117,"curve":"stepped"},{"time":1.3,"x":234,"y":-117},{"time":1.7333,"x":159.8,"y":-63.63}],"scale":[{"time":0.8667},{"time":1.3,"x":2.176,"y":2.176},{"time":1.7333},{"time":1.9,"x":1.919,"y":1.919},{"time":2.4,"x":2.64,"y":2.64}]},"fw_y":{"translate":[{"time":0.6667,"x":-246.38,"y":-141.13,"curve":"stepped"},{"time":1.1667,"x":-246.38,"y":-141.13},{"time":1.5,"x":-96.09,"y":-73.26}],"scale":[{"time":0.6667},{"time":1.1667,"x":2.07,"y":2.07},{"time":1.5},{"time":2,"x":2.07,"y":2.07}]},"dianzan":{"rotate":[{"angle":56.67},{"time":0.1333}],"translate":[{"x":-44.69,"y":-47.08},{"time":0.1333}],"scale":[{"x":0,"y":0},{"time":0.1333,"curve":"stepped"},{"time":0.2},{"time":0.3333,"x":1.6,"y":1.6},{"time":0.4667},{"time":0.6,"x":1.5,"y":1.5},{"time":0.7333,"x":1.2,"y":1.2}]}}},"fly":{"slots":{"dianzan":{"attachment":[{"name":"dianzan"}]}},"bones":{"dianzan":{"rotate":[{"angle":5.19}],"translate":[{"time":0.1333}]}}}}}