{"skeleton":{"hash":"Zeh4i+9NuQkFCDLLyJGi/c9CnwE","spine":"3.8.99","images":"./image/","audio":"D:/work/工作/互动表情/animation/hd_jidan01"},"bones":[{"name":"root"},{"name":"zong_jidan","parent":"root","rotation":-178.1},{"name":"bao","parent":"zong_jidan"},{"name":"baodian","parent":"bao"},{"name":"baodian4","parent":"bao"},{"name":"dan","parent":"zong_jidan"},{"name":"images/MJ_egg01","parent":"dan","x":-1.74,"y":-0.12},{"name":"zong","parent":"bao"},{"name":"images/MJ_egg05","parent":"zong","rotation":57,"scaleX":0.75,"scaleY":0.75},{"name":"images/MJ_egg17","parent":"zong","length":20.67,"rotation":-45.73,"x":154.22,"y":-105.37,"scaleX":1.12,"scaleY":1.12},{"name":"images/MJ_egg18","parent":"zong","length":21.19,"rotation":-106.22,"x":-53.04,"y":-97.89,"scaleX":1.416,"scaleY":1.307},{"name":"images/MJ_egg19","parent":"zong","length":14.34,"rotation":149.35,"x":-139.35,"y":89.9,"scaleX":1.688,"scaleY":1.688},{"name":"images/MJ_egg20","parent":"zong","length":24.86,"rotation":39.23,"x":152.47,"y":141.4,"scaleX":1.292,"scaleY":1.292},{"name":"bone","parent":"root","x":-1.55,"y":0.97},{"name":"bone2","parent":"root","x":-1.55,"y":0.97},{"name":"bone3","parent":"root","x":-2.54,"y":1.95},{"name":"bone4","parent":"root","x":43.8,"y":1.95}],"slots":[{"name":"images/zz","bone":"root"},{"name":"images/MJ_egg03","bone":"bone"},{"name":"images/MJ_egg04","bone":"bone2"},{"name":"images/MJ_egg20","bone":"images/MJ_egg20"},{"name":"images/MJ_egg17","bone":"images/MJ_egg17"},{"name":"images/MJ_egg19","bone":"images/MJ_egg19"},{"name":"images/MJ_egg18","bone":"images/MJ_egg18"},{"name":"images/boom_07","bone":"bone3"},{"name":"images/boom_7","bone":"bone4"},{"name":"images/MJ_egg05","bone":"images/MJ_egg05"},{"name":"images/MJ_egg01","bone":"images/MJ_egg01"},{"name":"images/baodian","bone":"baodian","color":"ffffffa8","blend":"additive"},{"name":"images/baodian4","bone":"baodian4","color":"ffffffa8","blend":"additive"}],"skins":[{"name":"default","attachments":{"images/MJ_egg01":{"images/MJ_egg01":{"x":3.74,"y":-8.19,"width":74,"height":74}},"images/MJ_egg03":{"images/MJ_egg03":{"x":4.53,"y":-1.08,"rotation":-178.1,"width":227,"height":215}},"images/MJ_egg04":{"images/MJ_egg04":{"x":4.53,"y":-1.08,"rotation":-178.1,"width":151,"height":159}},"images/MJ_egg05":{"images/MJ_egg05":{"type":"mesh","uvs":[1,1,0,1,0,0,1,0],"triangles":[1,2,3,1,3,0],"vertices":[37.74,-46.73,-39.26,-46.73,-39.26,37.27,37.74,37.27],"hull":4,"edges":[0,2,2,4,4,6,0,6],"width":77,"height":84}},"images/MJ_egg17":{"images/MJ_egg16":{"x":11.83,"y":-0.88,"rotation":45.73,"width":21,"height":21}},"images/MJ_egg18":{"images/MJ_egg17":{"x":12.03,"y":-1.42,"rotation":106.22,"width":18,"height":26}},"images/MJ_egg19":{"images/MJ_egg18":{"x":7.61,"y":-0.7,"rotation":-149.35,"width":17,"height":15}},"images/MJ_egg20":{"images/MJ_egg19":{"x":9.73,"y":0.32,"rotation":-39.23,"width":29,"height":24}},"images/baodian":{"images/baodian":{"width":100,"height":102}},"images/baodian4":{"images/baodian":{"width":100,"height":102}},"images/boom_07":{"images/boom_07":{"x":2.54,"y":-1.95,"width":22,"height":24}},"images/boom_7":{"images/boom_07":{"x":2.54,"y":-1.95,"width":22,"height":24}}}}],"animations":{"fanqie":{"slots":{"images/MJ_egg03":{"color":[{"time":1.3333,"color":"ffffffff"},{"time":1.6,"color":"ffffff00"}],"attachment":[{"time":0.1667,"name":"images/MJ_egg03"}]},"images/MJ_egg04":{"attachment":[{"name":"images/MJ_egg04"},{"time":0.1667,"name":null}]},"images/MJ_egg05":{"color":[{"time":0.5,"color":"ffffffff"},{"time":0.6667,"color":"ffffff00"}],"attachment":[{"name":"images/MJ_egg05"}]},"images/MJ_egg17":{"color":[{"time":0.8,"color":"ffffffff"},{"time":1.6667,"color":"ffffff00"}],"attachment":[{"name":"images/MJ_egg16"}]},"images/MJ_egg18":{"color":[{"time":0.8,"color":"ffffffff"},{"time":1.6667,"color":"ffffff00"}],"attachment":[{"name":"images/MJ_egg17"}]},"images/MJ_egg19":{"color":[{"time":0.8,"color":"ffffffff"},{"time":1.6667,"color":"ffffff00"}],"attachment":[{"name":"images/MJ_egg18"}]},"images/MJ_egg20":{"color":[{"time":0.8,"color":"ffffffff"},{"time":1.6667,"color":"ffffff00"}],"attachment":[{"name":"images/MJ_egg19"}]},"images/baodian":{"color":[{"color":"ffffffa8","curve":0,"c2":0.41,"c3":0.75},{"time":0.1333,"color":"ffffff00"}],"attachment":[{"name":"images/baodian"}]},"images/baodian4":{"color":[{"color":"ffffffa8","curve":0,"c2":0.41,"c3":0.75},{"time":0.2,"color":"ffffff00"}],"attachment":[{"name":"images/baodian"}]},"images/boom_07":{"color":[{"time":1.3333,"color":"ffffffff"},{"time":1.6,"color":"ffffff00"}],"attachment":[{"time":0.1667,"name":"images/boom_07"}]},"images/boom_7":{"color":[{"time":1.3333,"color":"ffffffff"},{"time":1.6,"color":"ffffff00"}],"attachment":[{"time":0.1667,"name":"images/boom_07"}]}},"bones":{"images/MJ_egg05":{"rotate":[{"angle":35.52}],"translate":[{"time":0.1333,"curve":0.333,"c3":0.666,"c4":0.33},{"time":0.2667,"x":-2.54,"y":57.79,"curve":0.327,"c2":0.06,"c3":0.66,"c4":0.4},{"time":1.6,"x":-3.81,"y":86.59}],"scale":[{"x":1.468,"y":1.483,"curve":0.25,"c3":0.75},{"time":0.1333,"x":1.367,"y":1.462}]},"images/MJ_egg17":{"rotate":[{"time":0.1333},{"time":1.6667,"angle":-35.92}],"translate":[{"x":-120.08,"y":92.05,"curve":0,"c2":0.59,"c3":0.75},{"time":0.1333},{"time":1.6667,"x":35.36,"y":114.25}],"scale":[{"x":0.505,"y":0.505,"curve":0,"c2":0.64,"c3":0.75},{"time":0.1333}]},"images/MJ_egg18":{"rotate":[{"time":0.1333,"angle":-0.28},{"time":1.6667,"angle":42.85}],"translate":[{"x":35.25,"y":66.27,"curve":0,"c2":0.93,"c3":0.75},{"time":0.1333,"x":-10.9,"y":-23.33},{"time":1.6667,"x":-31.08,"y":52.32}],"scale":[{"x":0.333,"y":0.333,"curve":0.016,"c2":0.77,"c3":0.75},{"time":0.1333}]},"images/MJ_egg19":{"rotate":[{"time":0.1333},{"time":1.6667,"angle":-52}],"translate":[{"x":102.95,"y":-63.18,"curve":0,"c2":0.73,"c3":0.75},{"time":0.1333},{"time":1.6667,"x":-6.03,"y":86.03}],"scale":[{"x":0.285,"y":0.285,"curve":0,"c2":0.73,"c3":0.75},{"time":0.1333}]},"images/MJ_egg20":{"rotate":[{"time":0.1667},{"time":1.6667,"angle":38.19}],"translate":[{"x":-111.98,"y":-96.71,"curve":0,"c2":0.79,"c3":0.75},{"time":0.1667},{"time":1.6667,"x":-2.54,"y":72.1}],"scale":[{"x":0.433,"y":0.433,"curve":0,"c2":0.79,"c3":0.75},{"time":0.1667}]},"baodian":{"scale":[{"x":2.136,"y":2.136,"curve":0,"c2":0.41,"c3":0.75},{"time":0.1333,"x":5,"y":5}]},"baodian4":{"rotate":[{"angle":112.71}],"scale":[{"x":2.136,"y":2.136,"curve":0,"c2":0.41,"c3":0.75},{"time":0.2,"x":5,"y":5}]},"zong":{"translate":[{},{"time":0.0333,"x":3,"y":-3},{"time":0.0667}]},"bone":{"translate":[{"time":0.1667},{"time":1.6,"y":-30.57}],"scale":[{"time":0.1667},{"time":1.6,"y":1.177}]},"bone2":{"scale":[{"x":0.823,"y":0.767},{"time":0.1333,"x":1.342,"y":1.342}]},"bone3":{"translate":[{"time":0.1667,"x":-20.71},{"time":1.6,"x":-20.71,"y":-18.69}],"scale":[{"time":0.8333},{"time":0.9,"y":0,"curve":"stepped"},{"time":0.9667,"y":0},{"time":1.0333,"curve":"stepped"},{"time":1.1},{"time":1.1667,"y":0,"curve":"stepped"},{"time":1.2333,"y":0},{"time":1.3}]},"bone4":{"translate":[{"time":0.1667,"x":-20.71},{"time":1.6,"x":-20.71,"y":-18.69}],"scale":[{"time":0.8333},{"time":0.9,"y":0,"curve":"stepped"},{"time":0.9667,"y":0},{"time":1.0333,"curve":"stepped"},{"time":1.1},{"time":1.1667,"y":0,"curve":"stepped"},{"time":1.2333,"y":0},{"time":1.3}]}},"deform":{"default":{"images/MJ_egg05":{"images/MJ_egg05":[{"curve":0.285,"c3":0.623,"c4":0.36},{"time":1.6,"vertices":[11.51208,1.14122,13.04512,0.97683,16.09669,-0.09749,10.96501,0.1264]}]}}}},"fly":{"slots":{"images/MJ_egg01":{"attachment":[{"name":"images/MJ_egg01"}]}},"bones":{"images/MJ_egg01":{"rotate":[{},{"time":0.1333,"angle":120},{"time":0.2667,"angle":-120},{"time":0.4}]}}}}}