{"skeleton":{"hash":"JTZWAnqebguTY+zDlanzol9s2Sc","spine":"3.8.99","x":-158.86,"y":-78.71,"width":103.32,"height":108.47,"images":"./image/","audio":"D:/work/工作/互动表情/animation/hd_ganbei01"},"bones":[{"name":"root"},{"name":"bone","parent":"root","x":-1.32,"y":-24.84},{"name":"fireworks","parent":"root","x":163.25,"y":215.24},{"name":"fireworks2","parent":"root","x":163.25,"y":215.24},{"name":"2","parent":"bone","x":-92.32,"y":-50.68},{"name":"glass","parent":"bone","x":-126.48,"y":0.19,"scaleX":1.033,"scaleY":1.033},{"name":"beer_01","parent":"glass","x":32.79,"y":40.53},{"name":"beer_02","parent":"glass","x":37.01,"y":34.85},{"name":"beer_03","parent":"glass","x":43.08,"y":41.05},{"name":"beer_04","parent":"glass","x":48.23,"y":37.09},{"name":"beer_1","parent":"glass","x":19.72,"y":38.94},{"name":"beer_10","parent":"glass","x":13.18,"y":22.93},{"name":"beer_11","parent":"glass","x":49.03,"y":84.16},{"name":"beer_12","parent":"glass","x":58.95,"y":92.94},{"name":"beer_13","parent":"glass","x":59.79,"y":87.45},{"name":"beer_14","parent":"glass","x":49.14,"y":77.54},{"name":"beer_15","parent":"glass","x":41.39,"y":73.86},{"name":"beer_16","parent":"glass","x":40.69,"y":67.6},{"name":"beer_2","parent":"glass","x":10.35,"y":36.57},{"name":"beer_3","parent":"glass","x":23.94,"y":45.54},{"name":"beer_4","parent":"glass","x":1.77,"y":32.08},{"name":"beer_5","parent":"glass","x":22.75,"y":33.4},{"name":"beer_6","parent":"glass","x":10.35,"y":30.63},{"name":"beer_7","parent":"glass","x":1.11,"y":26.67},{"name":"beer_8","parent":"glass","x":45.28,"y":31.78},{"name":"beer_9","parent":"glass","x":29.82,"y":24.7},{"name":"glass2","parent":"2","x":-34.18,"y":50.86,"scaleX":1.033,"scaleY":1.033},{"name":"beer_17","parent":"glass2","x":17.41,"y":43.1},{"name":"beer_18","parent":"glass2","x":21.63,"y":49.7},{"name":"beer_19","parent":"glass2","x":30.48,"y":44.69},{"name":"beer_20","parent":"glass2","x":40.77,"y":45.21},{"name":"beer_21","parent":"glass2","x":45.92,"y":41.25},{"name":"beer_22","parent":"glass2","x":34.7,"y":39.01},{"name":"beer_23","parent":"glass2","x":20.44,"y":37.56},{"name":"beer_24","parent":"glass2","x":8.04,"y":34.79},{"name":"beer_25","parent":"glass2","x":-1.2,"y":30.83},{"name":"beer_26","parent":"glass2","x":-0.54,"y":36.24},{"name":"beer_27","parent":"glass2","x":8.04,"y":40.73},{"name":"beer_28","parent":"glass2","x":42.97,"y":35.94},{"name":"beer_29","parent":"glass2","x":27.51,"y":28.86},{"name":"beer_30","parent":"glass2","x":10.87,"y":27.09},{"name":"beer_31","parent":"glass2","x":46.72,"y":88.32},{"name":"beer_32","parent":"glass2","x":56.64,"y":97.1},{"name":"beer_33","parent":"glass2","x":57.48,"y":91.61},{"name":"beer_34","parent":"glass2","x":46.83,"y":81.7},{"name":"beer_35","parent":"glass2","x":39.08,"y":78.02},{"name":"beer_36","parent":"glass2","x":38.38,"y":71.76}],"slots":[{"name":"glass","bone":"glass","attachment":"glass"},{"name":"glass2","bone":"glass2","attachment":"glass"},{"name":"glass_light2","bone":"glass","attachment":"glass_light2","blend":"additive"},{"name":"glass_light4","bone":"glass2","attachment":"glass_light2"},{"name":"beer_5","bone":"beer_5"},{"name":"beer_23","bone":"beer_23"},{"name":"beer_13","bone":"beer_13"},{"name":"beer_33","bone":"beer_33"},{"name":"beer_6","bone":"beer_6"},{"name":"beer_24","bone":"beer_24"},{"name":"beer_02","bone":"beer_02"},{"name":"beer_22","bone":"beer_22"},{"name":"beer_04","bone":"beer_04"},{"name":"beer_21","bone":"beer_21"},{"name":"beer_8","bone":"beer_8"},{"name":"beer_28","bone":"beer_28"},{"name":"beer_14","bone":"beer_14"},{"name":"beer_34","bone":"beer_34"},{"name":"beer_9","bone":"beer_9"},{"name":"beer_29","bone":"beer_29"},{"name":"beer_16","bone":"beer_16"},{"name":"beer_36","bone":"beer_36"},{"name":"beer_10","bone":"beer_10"},{"name":"beer_30","bone":"beer_30"},{"name":"beer_7","bone":"beer_7"},{"name":"beer_25","bone":"beer_25"},{"name":"beer_01","bone":"beer_01"},{"name":"beer_19","bone":"beer_19"},{"name":"beer_03","bone":"beer_03"},{"name":"beer_20","bone":"beer_20"},{"name":"beer_1","bone":"beer_1"},{"name":"beer_17","bone":"beer_17"},{"name":"beer_12","bone":"beer_12"},{"name":"beer_32","bone":"beer_32"},{"name":"beer_3","bone":"beer_3"},{"name":"beer_18","bone":"beer_18"},{"name":"beer_15","bone":"beer_15"},{"name":"beer_35","bone":"beer_35"},{"name":"beer_11","bone":"beer_11"},{"name":"beer_31","bone":"beer_31"},{"name":"beer_2","bone":"beer_2"},{"name":"beer_27","bone":"beer_27"},{"name":"beer_4","bone":"beer_4"},{"name":"beer_26","bone":"beer_26"},{"name":"fx01","bone":"fireworks"},{"name":"fx1","bone":"fireworks2"}],"skins":[{"name":"default","attachments":{"beer_01":{"beer_01":{"x":0.24,"y":1.23,"width":30,"height":26}},"beer_1":{"beer_01":{"x":0.99,"y":0.51,"width":30,"height":26}},"beer_02":{"beer_02":{"x":-0.8,"y":0.37,"width":29,"height":27}},"beer_2":{"beer_01":{"x":-0.12,"y":0.25,"rotation":34.09,"width":30,"height":26}},"beer_03":{"beer_03":{"x":-0.61,"y":-0.81,"width":19,"height":18}},"beer_3":{"beer_03":{"x":-0.33,"y":-0.47,"width":19,"height":18}},"beer_04":{"beer_04":{"x":-0.07,"y":0.13,"width":16,"height":14}},"beer_4":{"beer_03":{"x":0.02,"y":-0.83,"width":19,"height":18}},"beer_5":{"beer_02":{"x":0.11,"y":-0.82,"width":29,"height":27}},"beer_6":{"beer_02":{"x":-0.23,"y":-0.64,"width":29,"height":27}},"beer_7":{"beer_04":{"x":0.32,"y":0.15,"width":16,"height":14}},"beer_8":{"beer_04":{"x":-0.07,"y":0.13,"width":16,"height":14}},"beer_9":{"beer_04":{"x":-0.07,"y":0.13,"width":16,"height":14}},"beer_10":{"beer_04":{"x":-0.07,"y":0.13,"width":16,"height":14}},"beer_11":{"beer_03":{"x":-0.33,"y":-0.47,"width":19,"height":18}},"beer_12":{"beer_01":{"x":0.99,"y":0.51,"width":30,"height":26}},"beer_13":{"beer_02":{"x":0.11,"y":-0.82,"width":29,"height":27}},"beer_14":{"beer_04":{"x":-0.07,"y":0.13,"width":16,"height":14}},"beer_15":{"beer_03":{"x":-0.33,"y":-0.47,"width":19,"height":18}},"beer_16":{"beer_04":{"x":-0.07,"y":0.13,"width":16,"height":14}},"beer_17":{"beer_01":{"x":0.99,"y":0.51,"width":30,"height":26}},"beer_18":{"beer_03":{"x":-0.33,"y":-0.47,"width":19,"height":18}},"beer_19":{"beer_01":{"x":0.24,"y":1.23,"width":30,"height":26}},"beer_20":{"beer_03":{"x":-0.61,"y":-0.81,"width":19,"height":18}},"beer_21":{"beer_04":{"x":-0.07,"y":0.13,"width":16,"height":14}},"beer_22":{"beer_02":{"x":-0.8,"y":0.37,"width":29,"height":27}},"beer_23":{"beer_02":{"x":0.11,"y":-0.82,"width":29,"height":27}},"beer_24":{"beer_02":{"x":-0.23,"y":-0.64,"width":29,"height":27}},"beer_25":{"beer_04":{"x":0.32,"y":0.15,"width":16,"height":14}},"beer_26":{"beer_03":{"x":0.02,"y":-0.83,"width":19,"height":18}},"beer_27":{"beer_01":{"x":-0.12,"y":0.25,"rotation":34.09,"width":30,"height":26}},"beer_28":{"beer_04":{"x":-0.07,"y":0.13,"width":16,"height":14}},"beer_29":{"beer_04":{"x":-0.07,"y":0.13,"width":16,"height":14}},"beer_30":{"beer_04":{"x":-0.07,"y":0.13,"width":16,"height":14}},"beer_31":{"beer_03":{"x":-0.33,"y":-0.47,"width":19,"height":18}},"beer_32":{"beer_01":{"x":0.99,"y":0.51,"width":30,"height":26}},"beer_33":{"beer_02":{"x":0.11,"y":-0.82,"width":29,"height":27}},"beer_34":{"beer_04":{"x":-0.07,"y":0.13,"width":16,"height":14}},"beer_35":{"beer_03":{"x":-0.33,"y":-0.47,"width":19,"height":18}},"beer_36":{"beer_04":{"x":-0.07,"y":0.13,"width":16,"height":14}},"fx01":{"blue01":{"width":30,"height":29},"blue02":{"width":73,"height":73},"blue03":{"width":71,"height":66}},"fx1":{"pink01":{"width":30,"height":29},"pink02":{"width":73,"height":73},"pink03":{"width":71,"height":66}},"glass":{"glass":{"x":19.95,"y":0.18,"width":100,"height":105}},"glass2":{"glass":{"x":19.95,"y":0.18,"width":100,"height":105}},"glass_light2":{"glass_light2":{"x":39.37,"y":3.58,"width":17,"height":53}},"glass_light4":{"glass_light2":{"x":38.45,"y":3.58,"width":17,"height":53}}}}],"animations":{"fly":{"bones":{"glass":{"translate":[{"x":102.96,"y":22.18}]},"glass2":{"translate":[{"x":102.96,"y":22.18,"curve":"stepped"},{"time":0.0333,"x":102.96,"y":22.18}]}}},"ganbei":{"slots":{"beer_01":{"color":[{"time":1.7333,"color":"ffffffff"},{"time":2,"color":"ffffff00"}],"attachment":[{"time":0.2,"name":"beer_01"},{"time":2,"name":null}]},"beer_1":{"color":[{"time":1.7333,"color":"ffffffff"},{"time":2,"color":"ffffff00"}],"attachment":[{"time":0.2,"name":"beer_01"},{"time":2,"name":null}]},"beer_02":{"color":[{"time":1.7333,"color":"ffffffff"},{"time":2,"color":"ffffff00"}],"attachment":[{"time":0.2,"name":"beer_02"},{"time":2,"name":null}]},"beer_2":{"color":[{"time":1.7333,"color":"ffffffff"},{"time":2,"color":"ffffff00"}],"attachment":[{"time":0.2,"name":"beer_01"},{"time":2,"name":null}]},"beer_03":{"color":[{"time":1.7333,"color":"ffffffff"},{"time":2,"color":"ffffff00"}],"attachment":[{"time":0.2,"name":"beer_03"},{"time":2,"name":null}]},"beer_3":{"color":[{"time":1.7333,"color":"ffffffff"},{"time":2,"color":"ffffff00"}],"attachment":[{"time":0.2,"name":"beer_03"},{"time":2,"name":null}]},"beer_04":{"color":[{"time":1.7333,"color":"ffffffff"},{"time":2,"color":"ffffff00"}],"attachment":[{"time":0.2,"name":"beer_04"},{"time":2,"name":null}]},"beer_4":{"color":[{"time":1.7333,"color":"ffffffff"},{"time":2,"color":"ffffff00"}],"attachment":[{"time":0.2,"name":"beer_03"},{"time":2,"name":null}]},"beer_5":{"color":[{"time":1.7333,"color":"ffffffff"},{"time":2,"color":"ffffff00"}],"attachment":[{"time":0.2,"name":"beer_02"},{"time":2,"name":null}]},"beer_6":{"color":[{"time":1.7333,"color":"ffffffff"},{"time":2,"color":"ffffff00"}],"attachment":[{"time":0.2,"name":"beer_02"},{"time":2,"name":null}]},"beer_7":{"color":[{"time":1.7333,"color":"ffffffff"},{"time":2,"color":"ffffff00"}],"attachment":[{"time":0.2,"name":"beer_04"},{"time":2,"name":null}]},"beer_8":{"color":[{"time":0.3333,"color":"ffffffff"},{"time":0.4333,"color":"ffffff00"}],"attachment":[{"time":0.2667,"name":"beer_04"},{"time":0.4333,"name":null}]},"beer_9":{"color":[{"time":0.3333,"color":"ffffffff"},{"time":0.4333,"color":"ffffff00"},{"time":1.2333,"color":"ffffffff","curve":"stepped"},{"time":1.4,"color":"ffffffff"},{"time":1.6333,"color":"ffffff00"}],"attachment":[{"time":0.2667,"name":"beer_04"},{"time":0.4333,"name":null},{"time":1.2333,"name":"beer_04"},{"time":1.6333,"name":null}]},"beer_10":{"color":[{"time":0.9667,"color":"ffffffff"},{"time":1.2,"color":"ffffff00"},{"time":1.4,"color":"ffffffff","curve":"stepped"},{"time":1.5333,"color":"ffffffff"},{"time":1.7333,"color":"ffffff24"},{"time":1.7667,"color":"ffffff00"}],"attachment":[{"time":0.8333,"name":"beer_04"},{"time":1.2,"name":null},{"time":1.4,"name":"beer_04"},{"time":2,"name":null}]},"beer_11":{"color":[{"time":0.3333,"color":"ffffffff"},{"time":0.4333,"color":"ffffff00"}],"attachment":[{"time":0.2333,"name":"beer_03"},{"time":0.4333,"name":null}]},"beer_12":{"color":[{"time":0.3333,"color":"ffffffff"},{"time":0.4333,"color":"ffffff00"}],"attachment":[{"time":0.2,"name":"beer_01"},{"time":0.4333,"name":null}]},"beer_13":{"color":[{"time":0.3333,"color":"ffffffff"},{"time":0.4333,"color":"ffffff00"}],"attachment":[{"time":0.2,"name":"beer_02"},{"time":0.4333,"name":null}]},"beer_14":{"color":[{"time":0.3333,"color":"ffffffff"},{"time":0.4333,"color":"ffffff00"}],"attachment":[{"time":0.2333,"name":"beer_04"},{"time":0.4333,"name":null}]},"beer_15":{"color":[{"time":0.3333,"color":"ffffffff"},{"time":0.4333,"color":"ffffff00"}],"attachment":[{"time":0.2667,"name":"beer_03"},{"time":0.4333,"name":null}]},"beer_16":{"color":[{"time":0.3333,"color":"ffffffff"},{"time":0.4667,"color":"ffffff00"}],"attachment":[{"time":0.2667,"name":"beer_04"},{"time":0.4667,"name":null}]},"beer_17":{"color":[{"time":1.7333,"color":"ffffffff"},{"time":2,"color":"ffffff00"}],"attachment":[{"time":0.2,"name":"beer_01"},{"time":2,"name":null}]},"beer_18":{"color":[{"time":1.7333,"color":"ffffffff"},{"time":2,"color":"ffffff00"}],"attachment":[{"time":0.2,"name":"beer_03"},{"time":2,"name":null}]},"beer_19":{"color":[{"time":1.7333,"color":"ffffffff"},{"time":2,"color":"ffffff00"}],"attachment":[{"time":0.2,"name":"beer_01"},{"time":2,"name":null}]},"beer_20":{"color":[{"time":1.7333,"color":"ffffffff"},{"time":2,"color":"ffffff00"}],"attachment":[{"time":0.2,"name":"beer_03"},{"time":2,"name":null}]},"beer_21":{"color":[{"time":1.7333,"color":"ffffffff"},{"time":2,"color":"ffffff00"}],"attachment":[{"time":0.2,"name":"beer_04"},{"time":2,"name":null}]},"beer_22":{"color":[{"time":1.7333,"color":"ffffffff"},{"time":2,"color":"ffffff00"}],"attachment":[{"time":0.2,"name":"beer_02"},{"time":2,"name":null}]},"beer_23":{"color":[{"time":1.7333,"color":"ffffffff"},{"time":2,"color":"ffffff00"}],"attachment":[{"time":0.2,"name":"beer_02"},{"time":2,"name":null}]},"beer_24":{"color":[{"time":1.7333,"color":"ffffffff"},{"time":2,"color":"ffffff00"}],"attachment":[{"time":0.2,"name":"beer_02"},{"time":2,"name":null}]},"beer_25":{"color":[{"time":1.7333,"color":"ffffffff"},{"time":2,"color":"ffffff00"}],"attachment":[{"time":0.2,"name":"beer_04"},{"time":2,"name":null}]},"beer_26":{"color":[{"time":1.7333,"color":"ffffffff"},{"time":2,"color":"ffffff00"}],"attachment":[{"time":0.2,"name":"beer_03"},{"time":2,"name":null}]},"beer_27":{"color":[{"time":1.7333,"color":"ffffffff"},{"time":2,"color":"ffffff00"}],"attachment":[{"time":0.2,"name":"beer_01"},{"time":2,"name":null}]},"beer_28":{"color":[{"time":0.3333,"color":"ffffffff"},{"time":0.4333,"color":"ffffff00"}],"attachment":[{"time":0.2667,"name":"beer_04"},{"time":0.4333,"name":null}]},"beer_29":{"color":[{"time":0.3333,"color":"ffffffff"},{"time":0.4333,"color":"ffffff00"},{"time":1.2333,"color":"ffffffff","curve":"stepped"},{"time":1.4,"color":"ffffffff"},{"time":1.6333,"color":"ffffff00"}],"attachment":[{"time":0.2667,"name":"beer_04"},{"time":0.4333,"name":null},{"time":1.2333,"name":"beer_04"},{"time":1.6333,"name":null}]},"beer_30":{"color":[{"time":0.9667,"color":"ffffffff"},{"time":1.2,"color":"ffffff00"},{"time":1.4,"color":"ffffffff","curve":"stepped"},{"time":1.5333,"color":"ffffffff"},{"time":1.7333,"color":"ffffff24"},{"time":1.7667,"color":"ffffff00"}],"attachment":[{"time":0.8333,"name":"beer_04"},{"time":1.2,"name":null},{"time":1.4,"name":"beer_04"},{"time":2,"name":null}]},"beer_31":{"color":[{"time":0.3333,"color":"ffffffff"},{"time":0.4333,"color":"ffffff00"}],"attachment":[{"time":0.2333,"name":"beer_03"},{"time":0.4333,"name":null}]},"beer_32":{"color":[{"time":0.3333,"color":"ffffffff"},{"time":0.4333,"color":"ffffff00"}],"attachment":[{"time":0.2,"name":"beer_01"},{"time":0.4333,"name":null}]},"beer_33":{"color":[{"time":0.3333,"color":"ffffffff"},{"time":0.4333,"color":"ffffff00"}],"attachment":[{"time":0.2,"name":"beer_02"},{"time":0.4333,"name":null}]},"beer_34":{"color":[{"time":0.3333,"color":"ffffffff"},{"time":0.4333,"color":"ffffff00"}],"attachment":[{"time":0.2333,"name":"beer_04"},{"time":0.4333,"name":null}]},"beer_35":{"color":[{"time":0.3333,"color":"ffffffff"},{"time":0.4333,"color":"ffffff00"}],"attachment":[{"time":0.2667,"name":"beer_03"},{"time":0.4333,"name":null}]},"beer_36":{"color":[{"time":0.3333,"color":"ffffffff"},{"time":0.4667,"color":"ffffff00"}],"attachment":[{"time":0.2667,"name":"beer_04"},{"time":0.4667,"name":null}]},"fx01":{"color":[{"time":0.5,"color":"ffffffff"},{"time":0.6667,"color":"ffffff00"},{"time":0.8667,"color":"ffffffff","curve":"stepped"},{"time":1.0667,"color":"ffffffff"},{"time":1.2333,"color":"ffffff00"}],"attachment":[{"time":0.3,"name":"blue01"},{"time":0.3667,"name":"blue02"},{"time":0.4333,"name":"blue03"},{"time":0.6667,"name":null},{"time":0.8667,"name":"blue01"},{"time":0.9333,"name":"blue02"},{"time":1,"name":"blue03"},{"time":1.2333,"name":null}]},"fx1":{"color":[{"time":0.6,"color":"ffffffff"},{"time":0.8,"color":"ffffff00"},{"time":0.9667,"color":"ffffffff","curve":"stepped"},{"time":1.1333,"color":"ffffffff"},{"time":1.3333,"color":"ffffff00"},{"time":1.4333,"color":"ffffffff","curve":"stepped"},{"time":1.6,"color":"ffffffff"},{"time":1.8,"color":"ffffff00"}],"attachment":[{"time":0.4333,"name":"pink01"},{"time":0.5,"name":"pink02"},{"time":0.5667,"name":"pink03"},{"time":0.8,"name":null},{"time":0.9667,"name":"pink01"},{"time":1.0333,"name":"pink02"},{"time":1.1,"name":"pink03"},{"time":1.3333,"name":null},{"time":1.4333,"name":"pink01"},{"time":1.5,"name":"pink02"},{"time":1.5667,"name":"pink03"},{"time":1.8,"name":null}]},"glass":{"color":[{"time":1.7333,"color":"ffffffff"},{"time":2,"color":"ffffff00"}],"attachment":[{"name":null},{"time":0.0333,"name":"glass"},{"time":2,"name":null}]},"glass2":{"color":[{"time":1.7333,"color":"ffffffff"},{"time":2,"color":"ffffff00"}],"attachment":[{"name":null},{"time":0.0333,"name":"glass"},{"time":2,"name":null}]},"glass_light2":{"color":[{"time":1.7333,"color":"ffffffff"},{"time":2,"color":"ffffff00"}],"attachment":[{"name":null},{"time":0.0333,"name":"glass_light2"},{"time":2,"name":null}]},"glass_light4":{"color":[{"time":1.7333,"color":"ffffffff"},{"time":2,"color":"ffffff00"}],"attachment":[{"name":null},{"time":0.0333,"name":"glass_light2"},{"time":2,"name":null}]}},"bones":{"beer_1":{"rotate":[{"time":0.2},{"time":0.3333,"angle":-21.41},{"time":0.5},{"time":0.6667,"angle":-17.95},{"time":0.8}],"translate":[{"time":0.2,"x":2.42,"y":0.52},{"time":0.8,"x":1.1,"y":-1.74},{"time":0.9667,"x":1.05,"y":0.42},{"time":1.1,"x":1.1,"y":-1.74}],"scale":[{"time":0.2,"x":0.487,"y":0.487},{"time":0.8,"x":1.156,"y":1.156},{"time":0.9667,"x":1.024,"y":1.024},{"time":1.1,"x":1.156,"y":1.156}]},"beer_01":{"rotate":[{"time":0.2},{"time":0.3333,"angle":-11.26},{"time":0.5},{"time":0.6667,"angle":19.03},{"time":0.8}],"translate":[{"time":0.2,"x":2.42,"y":0.52},{"time":0.8,"x":1.1,"y":-1.74},{"time":0.9667,"x":2.29,"y":-0.78},{"time":1.1,"x":1.1,"y":-1.74},{"time":1.2667,"x":1.58,"y":-1.86},{"time":1.4,"x":1.1,"y":-1.74},{"time":1.5667,"x":1.58,"y":-1.86},{"time":1.7,"x":1.1,"y":-1.74},{"time":1.8333,"x":1.58,"y":-1.86},{"time":2,"x":1.1,"y":-1.74}],"scale":[{"time":0.2,"x":0.487,"y":0.487},{"time":0.8,"x":1.156,"y":1.156}]},"beer_02":{"rotate":[{"time":0.2},{"time":0.3333,"angle":2.48},{"time":0.5},{"time":0.6667,"angle":-19.29},{"time":0.8}],"translate":[{"time":0.2,"x":-4.71,"y":3.44},{"time":0.8,"x":1.1,"y":-1.74},{"time":0.9667,"x":1.31,"y":-3.09},{"time":1.1,"x":1.1,"y":-1.74},{"time":1.2667,"x":0.42,"y":-1.71},{"time":1.4,"x":1.1,"y":-1.74},{"time":1.5667,"x":0.42,"y":-1.71},{"time":1.7,"x":1.1,"y":-1.74},{"time":1.8333,"x":0.42,"y":-1.71},{"time":2,"x":1.1,"y":-1.74}],"scale":[{"time":0.2,"x":0.487,"y":0.487},{"time":0.8,"x":1.156,"y":1.156}]},"beer_2":{"rotate":[{"time":0.2},{"time":0.3333,"angle":23.88},{"time":0.5},{"time":0.6667,"angle":18.83},{"time":0.8},{"time":0.9667,"angle":-9.47},{"time":1.1}],"translate":[{"time":0.2,"x":2.42,"y":0.52},{"time":0.8,"x":1.1,"y":-1.74},{"time":0.9667,"x":-0.01,"y":-2.49},{"time":1.1,"x":1.1,"y":-1.74},{"time":1.2667,"x":1.54,"y":-0.78},{"time":1.4,"x":1.1,"y":-1.74},{"time":1.5667,"x":1.54,"y":-0.78},{"time":1.7,"x":1.1,"y":-1.74},{"time":1.8333,"x":1.54,"y":-0.78},{"time":2,"x":1.1,"y":-1.74}],"scale":[{"time":0.2,"x":0.487,"y":0.487},{"time":0.8,"x":1.156,"y":1.156},{"time":0.9667,"x":1.034,"y":1.034},{"time":1.1,"x":1.156,"y":1.156}]},"beer_03":{"rotate":[{"time":0.2},{"time":0.3333,"angle":2.48},{"time":0.5},{"time":0.6667,"angle":17.94},{"time":0.8}],"translate":[{"time":0.2,"x":-2.25,"y":1.94},{"time":0.8,"x":1.1,"y":-1.74},{"time":0.9667,"x":4.55,"y":-0.01},{"time":1.1,"x":1.1,"y":-1.74},{"time":1.2667,"x":1.35,"y":-0.48},{"time":1.4,"x":1.1,"y":-1.74},{"time":1.5667,"x":1.35,"y":-0.48},{"time":1.7,"x":1.1,"y":-1.74},{"time":1.8333,"x":1.35,"y":-0.48},{"time":2,"x":1.1,"y":-1.74}],"scale":[{"time":0.2,"x":0.487,"y":0.487},{"time":0.8,"x":1.156,"y":1.156}]},"beer_3":{"rotate":[{"time":0.2},{"time":0.3333,"angle":23.88},{"time":0.5},{"time":0.6667,"angle":16.32},{"time":0.8}],"translate":[{"time":0.2,"x":4.84,"y":-4.69},{"time":0.8,"x":1.1,"y":-1.74},{"time":0.9667,"x":4.73,"y":-4.87},{"time":1.1,"x":1.1,"y":-1.74},{"time":1.2667,"x":1.36,"y":-2.43},{"time":1.4,"x":1.1,"y":-1.74},{"time":1.5667,"x":1.36,"y":-2.43},{"time":1.7,"x":1.1,"y":-1.74},{"time":1.8333,"x":1.36,"y":-2.43},{"time":2,"x":1.1,"y":-1.74}],"scale":[{"time":0.2,"x":0.487,"y":0.487},{"time":0.8,"x":1.156,"y":1.156}]},"beer_04":{"rotate":[{"time":0.2},{"time":0.3333,"angle":-21.41},{"time":0.5},{"time":0.6667,"angle":-9.96},{"time":0.8}],"translate":[{"time":0.2,"x":-6.87,"y":2.52},{"time":0.8,"x":1.1,"y":-1.74},{"time":0.9667,"x":2.33,"y":-4.21},{"time":1.1,"x":1.1,"y":-1.74},{"time":1.2667,"x":1.94,"y":-2.75},{"time":1.4,"x":1.1,"y":-1.74},{"time":1.5667,"x":1.94,"y":-2.75},{"time":1.7,"x":1.1,"y":-1.74},{"time":1.8333,"x":1.94,"y":-2.75},{"time":2,"x":1.1,"y":-1.74}],"scale":[{"time":0.2,"x":0.487,"y":0.487},{"time":0.8,"x":1.156,"y":1.156},{"time":0.9667,"x":1.176,"y":1.176},{"time":1.1,"x":1.156,"y":1.156}]},"beer_4":{"rotate":[{"time":0.2},{"time":0.3333,"angle":23.88},{"time":0.5},{"time":0.6667,"angle":-19.67},{"time":0.8}],"translate":[{"time":0.2,"x":4.01,"y":2.03},{"time":0.8,"x":1.1,"y":-1.74},{"time":0.9667,"x":3.13,"y":-2.67},{"time":1.1,"x":1.1,"y":-1.74},{"time":1.2667,"x":0.42,"y":-1.61},{"time":1.4,"x":1.1,"y":-1.74},{"time":1.5667,"x":0.42,"y":-1.61},{"time":1.7,"x":1.1,"y":-1.74},{"time":1.8333,"x":0.42,"y":-1.61},{"time":2,"x":1.1,"y":-1.74}],"scale":[{"time":0.2,"x":0.487,"y":0.487},{"time":0.8,"x":1.156,"y":1.156}]},"beer_5":{"rotate":[{"time":0.2},{"time":0.3333,"angle":-21.41},{"time":0.5},{"time":0.6667,"angle":11.85},{"time":0.8}],"translate":[{"time":0.2,"x":-0.32,"y":3.83},{"time":0.8,"x":1.1,"y":-1.74,"curve":"stepped"},{"time":1.1,"x":1.1,"y":-1.74},{"time":1.2667,"x":1.15,"y":-2.72},{"time":1.4,"x":1.1,"y":-1.74},{"time":1.5667,"x":1.15,"y":-2.72},{"time":1.7,"x":1.1,"y":-1.74},{"time":1.8333,"x":1.15,"y":-2.72},{"time":2,"x":1.1,"y":-1.74}],"scale":[{"time":0.2,"x":0.487,"y":0.487},{"time":0.8,"x":1.156,"y":1.156},{"time":0.9667,"x":1.024,"y":1.024},{"time":1.1,"x":1.156,"y":1.156}]},"beer_6":{"rotate":[{"time":0.2},{"time":0.3333,"angle":-21.41},{"time":0.5},{"time":0.6667,"angle":-8.88},{"time":0.8},{"time":0.9667,"angle":22.02},{"time":1.1}],"translate":[{"time":0.2,"x":3.06,"y":4.89},{"time":0.8,"x":1.1,"y":-1.74},{"time":0.9667,"x":2.36,"y":-3.69},{"time":1.1,"x":1.1,"y":-1.74},{"time":1.2667,"x":1.21,"y":-1.45},{"time":1.4,"x":1.1,"y":-1.74},{"time":1.5667,"x":1.21,"y":-1.45},{"time":1.7,"x":1.1,"y":-1.74},{"time":1.8333,"x":1.21,"y":-1.45},{"time":2,"x":1.1,"y":-1.74}],"scale":[{"time":0.2,"x":0.487,"y":0.487},{"time":0.8,"x":1.156,"y":1.156},{"time":0.9667,"x":1.215,"y":1.215},{"time":1.1,"x":1.156,"y":1.156}]},"beer_7":{"rotate":[{"time":0.2},{"time":0.3333,"angle":-21.41},{"time":0.5},{"time":0.6667,"angle":19.95},{"time":0.8}],"translate":[{"time":0.2,"x":3.19,"y":5.02},{"time":0.8,"x":1.1,"y":-1.74},{"time":0.9667,"x":1.3,"y":-4.12},{"time":1.1,"x":1.1,"y":-1.74},{"time":1.2667,"x":1.05,"y":-2.62},{"time":1.4,"x":1.1,"y":-1.74},{"time":1.5667,"x":1.05,"y":-2.62},{"time":1.7,"x":1.1,"y":-1.74},{"time":1.8333,"x":1.05,"y":-2.62},{"time":2,"x":1.1,"y":-1.74}],"scale":[{"time":0.2,"x":0.487,"y":0.487},{"time":0.8,"x":1.156,"y":1.156}]},"beer_8":{"translate":[{"time":0.2667,"x":-39.59,"y":53.23},{"time":0.3333,"x":-51.17,"y":33.18},{"time":0.4333,"x":-69.33,"y":-13.97}]},"beer_9":{"rotate":[{"time":0.4,"angle":23.88},{"time":1.2333,"angle":8.64},{"time":1.6333,"angle":4.29}],"translate":[{"time":0.2667,"x":3.37,"y":46.77},{"time":0.3333,"x":-11.06,"y":39.43},{"time":0.4333,"x":-29.97,"y":-15.69},{"time":1.2333,"x":-1.67,"y":-5.48},{"time":1.4333,"x":-3.03,"y":-9.01},{"time":1.6333,"x":-1.87,"y":-20.34}],"scale":[{"time":0.2667,"x":0.684,"y":0.684},{"time":1.4333,"x":0.607,"y":1.629},{"time":1.6333,"x":0.684,"y":0.684}]},"beer_10":{"rotate":[{"time":1.4},{"time":1.6,"angle":10.02},{"time":1.7667,"angle":7.13}],"translate":[{"time":0.8333,"x":1.51,"y":-11.01},{"time":1.2,"x":3.55,"y":-29.24},{"time":1.4,"x":24.46,"y":-0.26},{"time":1.6,"x":26.41,"y":-5.6},{"time":1.7667,"x":27.64,"y":-18.82}],"scale":[{"time":0.8333},{"time":1.0333,"x":0.91,"y":1.541},{"time":1.2,"x":0.835},{"time":1.4,"x":0.617,"y":0.617},{"time":1.6,"x":0.432,"y":2.383},{"time":1.7667,"x":0.617,"y":0.617}]},"beer_11":{"rotate":[{"time":0.2333,"angle":-34.71},{"time":0.2667,"angle":16.45}],"translate":[{"time":0.2333,"x":6.64,"y":-23.86},{"time":0.2667,"x":9.02,"y":-6.19},{"time":0.3333,"x":12.93,"y":12.67},{"time":0.4333,"x":1.21,"y":-27.17}],"scale":[{"time":0.2333,"x":1.239,"y":1.414},{"time":0.2667,"x":2.118,"y":2.417},{"time":0.3333,"x":1.258,"y":1.435}]},"beer_12":{"rotate":[{"time":0.2,"angle":62.92},{"time":0.2333,"angle":116.94},{"time":0.2667,"angle":179.17}],"translate":[{"time":0.2,"x":-12.94,"y":-41.79},{"time":0.2333,"x":2.08,"y":-3.8},{"time":0.2667,"x":-24.39,"y":15.12},{"time":0.3333,"x":-60.83,"y":1.17},{"time":0.4333,"x":-77.08,"y":-37.68}],"scale":[{"time":0.2,"x":0.76,"y":0.76},{"time":0.2333,"x":1.634,"y":1.634},{"time":0.2667,"x":1.354,"y":1.354},{"time":0.3333,"x":0.913,"y":0.913}]},"beer_13":{"rotate":[{"time":0.2,"angle":10.94},{"time":0.2333,"angle":52.81},{"time":0.2667,"angle":94.77},{"time":0.3333,"angle":128.72}],"translate":[{"time":0.2,"x":-18.17,"y":-43.16},{"time":0.2333,"x":0.73,"y":-15.02},{"time":0.2667,"x":-11.51,"y":9.89},{"time":0.3333,"x":-23.76,"y":16.93},{"time":0.4333,"x":-43.66,"y":-18.34}],"scale":[{"time":0.2,"x":0.504,"y":0.504},{"time":0.2333,"x":0.943,"y":0.943},{"time":0.2667,"x":1.718,"y":1.718},{"time":0.3333,"x":0.883,"y":0.883}]},"beer_14":{"rotate":[{"time":0.2333,"angle":31.4},{"time":0.2667,"angle":81.29}],"translate":[{"time":0.2333,"x":-4.07,"y":-33.18},{"time":0.2667,"x":9.31,"y":-13.57},{"time":0.3333,"x":21.7,"y":-9.18},{"time":0.4333,"x":26.31,"y":-58.15}],"scale":[{"time":0.2333,"x":1.587,"y":1.188},{"time":0.2667,"x":2.681,"y":2.007},{"time":0.3333,"x":1.542,"y":1.155}]},"beer_15":{"translate":[{"time":0.2667,"x":6.74,"y":-23.76},{"time":0.3333,"x":17.15,"y":-21.19},{"time":0.4333,"x":17.51,"y":-79.87}],"scale":[{"time":0.2667,"x":1.25,"y":1.25},{"time":0.3333,"x":0.861,"y":0.861}]},"beer_16":{"translate":[{"time":0.2667,"x":-0.49,"y":-26.79},{"time":0.3333,"x":2.57,"y":-26.28},{"time":0.4667,"x":-4.46,"y":-80.32}],"scale":[{"time":0.3333,"x":0.46,"y":0.46}]},"beer_17":{"rotate":[{"time":0.2},{"time":0.3333,"angle":-21.41},{"time":0.5},{"time":0.6667,"angle":-17.95},{"time":0.8}],"translate":[{"time":0.2,"x":2.42,"y":0.52},{"time":0.8,"x":1.1,"y":-1.74},{"time":0.9667,"x":1.05,"y":0.42},{"time":1.1,"x":1.1,"y":-1.74}],"scale":[{"time":0.2,"x":0.487,"y":0.487},{"time":0.8,"x":1.156,"y":1.156},{"time":0.9667,"x":1.024,"y":1.024},{"time":1.1,"x":1.156,"y":1.156}]},"beer_18":{"rotate":[{"time":0.2},{"time":0.3333,"angle":23.88},{"time":0.5},{"time":0.6667,"angle":16.32},{"time":0.8}],"translate":[{"time":0.2,"x":4.84,"y":-4.69},{"time":0.8,"x":1.1,"y":-1.74},{"time":0.9667,"x":4.73,"y":-4.87},{"time":1.1,"x":1.1,"y":-1.74},{"time":1.2667,"x":1.36,"y":-2.43},{"time":1.4,"x":1.1,"y":-1.74},{"time":1.5667,"x":1.36,"y":-2.43},{"time":1.7,"x":1.1,"y":-1.74},{"time":1.8333,"x":1.36,"y":-2.43},{"time":2,"x":1.1,"y":-1.74}],"scale":[{"time":0.2,"x":0.487,"y":0.487},{"time":0.8,"x":1.156,"y":1.156}]},"beer_19":{"rotate":[{"time":0.2},{"time":0.3333,"angle":-11.26},{"time":0.5},{"time":0.6667,"angle":19.03},{"time":0.8}],"translate":[{"time":0.2,"x":2.42,"y":0.52},{"time":0.8,"x":1.1,"y":-1.74},{"time":0.9667,"x":2.29,"y":-0.78},{"time":1.1,"x":1.1,"y":-1.74},{"time":1.2667,"x":1.58,"y":-1.86},{"time":1.4,"x":1.1,"y":-1.74},{"time":1.5667,"x":1.58,"y":-1.86},{"time":1.7,"x":1.1,"y":-1.74},{"time":1.8333,"x":1.58,"y":-1.86},{"time":2,"x":1.1,"y":-1.74}],"scale":[{"time":0.2,"x":0.487,"y":0.487},{"time":0.8,"x":1.156,"y":1.156}]},"beer_20":{"rotate":[{"time":0.2},{"time":0.3333,"angle":2.48},{"time":0.5},{"time":0.6667,"angle":17.94},{"time":0.8}],"translate":[{"time":0.2,"x":-2.25,"y":1.94},{"time":0.8,"x":1.1,"y":-1.74},{"time":0.9667,"x":4.55,"y":-0.01},{"time":1.1,"x":1.1,"y":-1.74},{"time":1.2667,"x":1.35,"y":-0.48},{"time":1.4,"x":1.1,"y":-1.74},{"time":1.5667,"x":1.35,"y":-0.48},{"time":1.7,"x":1.1,"y":-1.74},{"time":1.8333,"x":1.35,"y":-0.48},{"time":2,"x":1.1,"y":-1.74}],"scale":[{"time":0.2,"x":0.487,"y":0.487},{"time":0.8,"x":1.156,"y":1.156}]},"beer_21":{"rotate":[{"time":0.2},{"time":0.3333,"angle":-21.41},{"time":0.5},{"time":0.6667,"angle":-9.96},{"time":0.8}],"translate":[{"time":0.2,"x":-6.87,"y":2.52},{"time":0.8,"x":1.1,"y":-1.74},{"time":0.9667,"x":2.33,"y":-4.21},{"time":1.1,"x":1.1,"y":-1.74},{"time":1.2667,"x":1.94,"y":-2.75},{"time":1.4,"x":1.1,"y":-1.74},{"time":1.5667,"x":1.94,"y":-2.75},{"time":1.7,"x":1.1,"y":-1.74},{"time":1.8333,"x":1.94,"y":-2.75},{"time":2,"x":1.1,"y":-1.74}],"scale":[{"time":0.2,"x":0.487,"y":0.487},{"time":0.8,"x":1.156,"y":1.156},{"time":0.9667,"x":1.176,"y":1.176},{"time":1.1,"x":1.156,"y":1.156}]},"beer_22":{"rotate":[{"time":0.2},{"time":0.3333,"angle":2.48},{"time":0.5},{"time":0.6667,"angle":-19.29},{"time":0.8}],"translate":[{"time":0.2,"x":-4.71,"y":3.44},{"time":0.8,"x":1.1,"y":-1.74},{"time":0.9667,"x":1.31,"y":-3.09},{"time":1.1,"x":1.1,"y":-1.74},{"time":1.2667,"x":0.42,"y":-1.71},{"time":1.4,"x":1.1,"y":-1.74},{"time":1.5667,"x":0.42,"y":-1.71},{"time":1.7,"x":1.1,"y":-1.74},{"time":1.8333,"x":0.42,"y":-1.71},{"time":2,"x":1.1,"y":-1.74}],"scale":[{"time":0.2,"x":0.487,"y":0.487},{"time":0.8,"x":1.156,"y":1.156}]},"beer_23":{"rotate":[{"time":0.2},{"time":0.3333,"angle":-21.41},{"time":0.5},{"time":0.6667,"angle":11.85},{"time":0.8}],"translate":[{"time":0.2,"x":-0.32,"y":3.83},{"time":0.8,"x":1.1,"y":-1.74,"curve":"stepped"},{"time":1.1,"x":1.1,"y":-1.74},{"time":1.2667,"x":1.15,"y":-2.72},{"time":1.4,"x":1.1,"y":-1.74},{"time":1.5667,"x":1.15,"y":-2.72},{"time":1.7,"x":1.1,"y":-1.74},{"time":1.8333,"x":1.15,"y":-2.72},{"time":2,"x":1.1,"y":-1.74}],"scale":[{"time":0.2,"x":0.487,"y":0.487},{"time":0.8,"x":1.156,"y":1.156},{"time":0.9667,"x":1.024,"y":1.024},{"time":1.1,"x":1.156,"y":1.156}]},"beer_24":{"rotate":[{"time":0.2},{"time":0.3333,"angle":-21.41},{"time":0.5},{"time":0.6667,"angle":-8.88},{"time":0.8},{"time":0.9667,"angle":22.02},{"time":1.1}],"translate":[{"time":0.2,"x":3.06,"y":4.89},{"time":0.8,"x":1.1,"y":-1.74},{"time":0.9667,"x":2.36,"y":-3.69},{"time":1.1,"x":1.1,"y":-1.74},{"time":1.2667,"x":1.21,"y":-1.45},{"time":1.4,"x":1.1,"y":-1.74},{"time":1.5667,"x":1.21,"y":-1.45},{"time":1.7,"x":1.1,"y":-1.74},{"time":1.8333,"x":1.21,"y":-1.45},{"time":2,"x":1.1,"y":-1.74}],"scale":[{"time":0.2,"x":0.487,"y":0.487},{"time":0.8,"x":1.156,"y":1.156},{"time":0.9667,"x":1.215,"y":1.215},{"time":1.1,"x":1.156,"y":1.156}]},"beer_25":{"rotate":[{"time":0.2},{"time":0.3333,"angle":-21.41},{"time":0.5},{"time":0.6667,"angle":19.95},{"time":0.8}],"translate":[{"time":0.2,"x":3.19,"y":5.02},{"time":0.8,"x":1.1,"y":-1.74},{"time":0.9667,"x":1.3,"y":-4.12},{"time":1.1,"x":1.1,"y":-1.74},{"time":1.2667,"x":1.05,"y":-2.62},{"time":1.4,"x":1.1,"y":-1.74},{"time":1.5667,"x":1.05,"y":-2.62},{"time":1.7,"x":1.1,"y":-1.74},{"time":1.8333,"x":1.05,"y":-2.62},{"time":2,"x":1.1,"y":-1.74}],"scale":[{"time":0.2,"x":0.487,"y":0.487},{"time":0.8,"x":1.156,"y":1.156}]},"beer_26":{"rotate":[{"time":0.2},{"time":0.3333,"angle":23.88},{"time":0.5},{"time":0.6667,"angle":-19.67},{"time":0.8}],"translate":[{"time":0.2,"x":4.01,"y":2.03},{"time":0.8,"x":1.1,"y":-1.74},{"time":0.9667,"x":3.13,"y":-2.67},{"time":1.1,"x":1.1,"y":-1.74},{"time":1.2667,"x":0.42,"y":-1.61},{"time":1.4,"x":1.1,"y":-1.74},{"time":1.5667,"x":0.42,"y":-1.61},{"time":1.7,"x":1.1,"y":-1.74},{"time":1.8333,"x":0.42,"y":-1.61},{"time":2,"x":1.1,"y":-1.74}],"scale":[{"time":0.2,"x":0.487,"y":0.487},{"time":0.8,"x":1.156,"y":1.156}]},"beer_27":{"rotate":[{"time":0.2},{"time":0.3333,"angle":23.88},{"time":0.5},{"time":0.6667,"angle":18.83},{"time":0.8},{"time":0.9667,"angle":-9.47},{"time":1.1}],"translate":[{"time":0.2,"x":2.42,"y":0.52},{"time":0.8,"x":1.1,"y":-1.74},{"time":0.9667,"x":-0.01,"y":-2.49},{"time":1.1,"x":1.1,"y":-1.74},{"time":1.2667,"x":1.54,"y":-0.78},{"time":1.4,"x":1.1,"y":-1.74},{"time":1.5667,"x":1.54,"y":-0.78},{"time":1.7,"x":1.1,"y":-1.74},{"time":1.8333,"x":1.54,"y":-0.78},{"time":2,"x":1.1,"y":-1.74}],"scale":[{"time":0.2,"x":0.487,"y":0.487},{"time":0.8,"x":1.156,"y":1.156},{"time":0.9667,"x":1.034,"y":1.034},{"time":1.1,"x":1.156,"y":1.156}]},"beer_28":{"translate":[{"time":0.2667,"x":-39.59,"y":53.23},{"time":0.3333,"x":-51.17,"y":33.18},{"time":0.4333,"x":-69.33,"y":-13.97}]},"beer_29":{"rotate":[{"time":0.4,"angle":23.88},{"time":1.2333,"angle":8.64},{"time":1.6333,"angle":4.29}],"translate":[{"time":0.2667,"x":3.37,"y":46.77},{"time":0.3333,"x":-11.06,"y":39.43},{"time":0.4333,"x":-29.97,"y":-15.69},{"time":1.2333,"x":-1.67,"y":-5.48},{"time":1.4333,"x":-3.03,"y":-9.01},{"time":1.6333,"x":-1.87,"y":-20.34}],"scale":[{"time":0.2667,"x":0.684,"y":0.684},{"time":1.4333,"x":0.607,"y":1.629},{"time":1.6333,"x":0.684,"y":0.684}]},"beer_30":{"rotate":[{"time":1.4},{"time":1.6,"angle":10.02},{"time":1.7667,"angle":7.13}],"translate":[{"time":0.8333,"x":1.51,"y":-11.01},{"time":1.2,"x":3.55,"y":-29.24},{"time":1.4,"x":24.46,"y":-0.26},{"time":1.6,"x":26.41,"y":-5.6},{"time":1.7667,"x":27.64,"y":-18.82}],"scale":[{"time":0.8333},{"time":1.0333,"x":0.91,"y":1.541},{"time":1.2,"x":0.835},{"time":1.4,"x":0.617,"y":0.617},{"time":1.6,"x":0.432,"y":2.383},{"time":1.7667,"x":0.617,"y":0.617}]},"beer_31":{"rotate":[{"time":0.2333,"angle":-34.71},{"time":0.2667,"angle":16.45}],"translate":[{"time":0.2333,"x":6.64,"y":-23.86},{"time":0.2667,"x":9.02,"y":-6.19},{"time":0.3333,"x":12.93,"y":12.67},{"time":0.4333,"x":1.21,"y":-27.17}],"scale":[{"time":0.2333,"x":1.239,"y":1.414},{"time":0.2667,"x":2.118,"y":2.417},{"time":0.3333,"x":1.258,"y":1.435}]},"beer_32":{"rotate":[{"time":0.2,"angle":62.92},{"time":0.2333,"angle":116.94},{"time":0.2667,"angle":179.17}],"translate":[{"time":0.2,"x":-12.94,"y":-41.79},{"time":0.2333,"x":2.08,"y":-3.8},{"time":0.2667,"x":-24.39,"y":15.12},{"time":0.3333,"x":-60.83,"y":1.17},{"time":0.4333,"x":-77.08,"y":-37.68}],"scale":[{"time":0.2,"x":0.76,"y":0.76},{"time":0.2333,"x":1.634,"y":1.634},{"time":0.2667,"x":1.354,"y":1.354},{"time":0.3333,"x":0.913,"y":0.913}]},"beer_33":{"rotate":[{"time":0.2,"angle":10.94},{"time":0.2333,"angle":52.81},{"time":0.2667,"angle":94.77},{"time":0.3333,"angle":128.72}],"translate":[{"time":0.2,"x":-18.17,"y":-43.16},{"time":0.2333,"x":0.73,"y":-15.02},{"time":0.2667,"x":-11.51,"y":9.89},{"time":0.3333,"x":-23.76,"y":16.93},{"time":0.4333,"x":-43.66,"y":-18.34}],"scale":[{"time":0.2,"x":0.504,"y":0.504},{"time":0.2333,"x":0.943,"y":0.943},{"time":0.2667,"x":1.718,"y":1.718},{"time":0.3333,"x":0.883,"y":0.883}]},"beer_34":{"rotate":[{"time":0.2333,"angle":31.4},{"time":0.2667,"angle":81.29}],"translate":[{"time":0.2333,"x":-4.07,"y":-33.18},{"time":0.2667,"x":9.31,"y":-13.57},{"time":0.3333,"x":21.7,"y":-9.18},{"time":0.4333,"x":26.31,"y":-58.15}],"scale":[{"time":0.2333,"x":1.587,"y":1.188},{"time":0.2667,"x":2.681,"y":2.007},{"time":0.3333,"x":1.542,"y":1.155}]},"beer_35":{"translate":[{"time":0.2667,"x":6.74,"y":-23.76},{"time":0.3333,"x":17.15,"y":-21.19},{"time":0.4333,"x":17.51,"y":-79.87}],"scale":[{"time":0.2667,"x":1.25,"y":1.25},{"time":0.3333,"x":0.861,"y":0.861}]},"beer_36":{"translate":[{"time":0.2667,"x":-0.49,"y":-26.79},{"time":0.3333,"x":2.57,"y":-26.28},{"time":0.4667,"x":-4.46,"y":-80.32}],"scale":[{"time":0.3333,"x":0.46,"y":0.46}]},"fireworks":{"translate":[{"time":0.3,"x":-220.58,"y":-162.99,"curve":"stepped"},{"time":0.6667,"x":-220.58,"y":-162.99},{"time":0.8667,"x":-82.96,"y":-214.72}],"scale":[{"time":0.3},{"time":0.6667,"x":1.529,"y":1.529},{"time":0.8667},{"time":1.2333,"x":1.529,"y":1.529}]},"fireworks2":{"translate":[{"time":0.4333,"x":-111.96,"y":-128.6,"curve":"stepped"},{"time":0.8,"x":-111.96,"y":-128.6},{"time":0.9667,"x":-211.82,"y":-242.08,"curve":"stepped"},{"time":1.3333,"x":-211.82,"y":-242.08},{"time":1.4333,"x":-185.12,"y":-160.64}],"scale":[{"time":0.4333},{"time":0.8,"x":2.1,"y":2.1},{"time":0.9667},{"time":1.3333,"x":1.904,"y":1.904},{"time":1.4333},{"time":1.8,"x":2.2,"y":2.2}]},"glass":{"rotate":[{},{"time":0.1,"angle":-13.69},{"time":0.2,"angle":3.92},{"time":0.3,"angle":1.33},{"time":0.4333,"angle":2.62}],"translate":[{},{"time":0.1,"x":26.98,"y":-7.18},{"time":0.2,"x":68.94,"y":9.41},{"time":0.3,"x":62.62,"y":8.43},{"time":0.4333,"x":64.57,"y":8.43}]},"glass2":{"rotate":[{},{"time":0.1,"angle":-13.69},{"time":0.2,"angle":3.92},{"time":0.3,"angle":1.33},{"time":0.4333,"angle":2.62}],"translate":[{},{"time":0.1,"x":26.98,"y":-7.18},{"time":0.2,"x":68.94,"y":9.41},{"time":0.3,"x":62.62,"y":8.43},{"time":0.4333,"x":64.57,"y":8.43}]},"2":{"translate":[{"x":179.15,"y":-4.79}],"scale":[{"x":-1}]},"bone":{"translate":[{"time":0.3333},{"time":0.7333,"y":-5.02},{"time":1.1667},{"time":1.6,"y":-5.02},{"time":2}]}}}}}