{"skeleton":{"hash":"LVa6Ri9qGqiRijQQ+woVdkRFrB0","spine":"3.8.99","x":-81.28,"y":-51.88,"width":138.89,"height":140.01,"images":"./image/","audio":"D:/work/工作/互动表情/animation/hd_meigui01"},"bones":[{"name":"root"},{"name":"rose","parent":"root"},{"name":"light","parent":"rose","rotation":171.78,"x":-1.25,"y":-20.34},{"name":"light1","parent":"light","x":2.73,"y":86.12},{"name":"light2","parent":"light1","rotation":-18.45,"x":23.71,"y":-1.48,"scaleX":1.17},{"name":"light3","parent":"light1","x":39.97,"y":-8.89,"scaleX":0.888,"scaleY":0.888},{"name":"light4","parent":"light1","x":52.36,"y":-15.55,"scaleX":0.576,"scaleY":0.576},{"name":"light5","parent":"light1","x":61.54,"y":-22.81,"scaleX":0.389,"scaleY":0.389},{"name":"light6","parent":"light1","x":67.67,"y":-29.42,"scaleX":0.316,"scaleY":0.316},{"name":"light7","parent":"light1","x":74.15,"y":-37.06,"scaleX":0.224,"scaleY":0.224},{"name":"light8","parent":"light1","x":79.76,"y":-43.77,"scaleX":0.131,"scaleY":0.131},{"name":"light9","parent":"light1","x":83.02,"y":-49.74,"scaleX":0.099,"scaleY":0.099},{"name":"light10","parent":"light1","x":86.04,"y":-57.69,"scaleX":0.081,"scaleY":0.081},{"name":"light11","parent":"light1","x":89.78,"y":-68.75,"scaleX":0.066,"scaleY":0.066},{"name":"light12","parent":"light1","x":54.16,"y":-4.94,"scaleX":0.066,"scaleY":0.066},{"name":"light13","parent":"light1","x":51.56,"y":-26.09,"scaleX":0.104,"scaleY":0.104},{"name":"light14","parent":"light1","x":67.14,"y":-21.26,"scaleX":0.104,"scaleY":0.104},{"name":"light15","parent":"light1","x":75.31,"y":-30.91,"scaleX":0.059,"scaleY":0.059},{"name":"light16","parent":"light1","x":75.68,"y":-45.75,"scaleX":0.059,"scaleY":0.059},{"name":"light17","parent":"light1","x":87.92,"y":-53.17,"scaleX":0.059,"scaleY":0.059},{"name":"light18","parent":"rose","rotation":171.78,"x":-96.55,"y":-30.48,"scaleX":0.059,"scaleY":0.059},{"name":"light19","parent":"rose","rotation":171.78,"x":-96.68,"y":-15.84,"scaleX":0.059,"scaleY":0.059},{"name":"light20","parent":"rose","rotation":171.78,"x":-53.17,"y":-101.23,"scaleX":0.335,"scaleY":0.335},{"name":"rose1","parent":"rose","x":77.64,"y":49.89},{"name":"rose2","parent":"rose","x":-17.58,"y":29.77},{"name":"rose3","parent":"rose","x":-19,"y":45.91},{"name":"rose4","parent":"rose","x":-71.33,"y":33.49},{"name":"rose5","parent":"rose","x":-91.08,"y":-15.95},{"name":"rose6","parent":"rose","x":-0.12,"y":-123.51},{"name":"rose7","parent":"rose","x":56.91,"y":-93.7},{"name":"rose8","parent":"rose","x":84.94,"y":-41.43},{"name":"rose9","parent":"rose","x":-61.39,"y":-94.52},{"name":"rose10","parent":"rose","length":63.81,"rotation":134.22,"x":21.33,"y":-18.15},{"name":"rose11","parent":"rose10","length":22.28,"rotation":-10.53,"x":63.81},{"name":"star","parent":"rose","x":45.78,"y":93.76},{"name":"star2","parent":"rose","x":39.04,"y":-75.07},{"name":"star3","parent":"rose","x":98.69,"y":5.74},{"name":"star4","parent":"rose","x":-37.91,"y":68.26},{"name":"star5","parent":"rose","x":-94.19,"y":-7.73},{"name":"star6","parent":"rose","x":-48.02,"y":-77.48},{"name":"rose12","parent":"rose","x":30.48,"y":63.87}],"slots":[{"name":"rose2","bone":"rose2"},{"name":"rose11","bone":"rose12"},{"name":"rose3","bone":"rose3"},{"name":"rose4","bone":"rose4"},{"name":"rose5","bone":"rose5"},{"name":"rose6","bone":"rose6"},{"name":"rose7","bone":"rose7"},{"name":"rose8","bone":"rose8"},{"name":"rose9","bone":"rose9"},{"name":"rose1","bone":"rose1"},{"name":"light01","bone":"light1"},{"name":"light03","bone":"light2","blend":"additive"},{"name":"light4","bone":"light3","blend":"additive"},{"name":"light6","bone":"light4","blend":"additive"},{"name":"light8","bone":"light5","blend":"additive"},{"name":"light10","bone":"light6","blend":"additive"},{"name":"light12","bone":"light7","blend":"additive"},{"name":"light14","bone":"light8","blend":"additive"},{"name":"light16","bone":"light9","blend":"additive"},{"name":"light18","bone":"light10","blend":"additive"},{"name":"light20","bone":"light11","blend":"additive"},{"name":"light22","bone":"light12","blend":"additive"},{"name":"light24","bone":"light13","blend":"additive"},{"name":"light26","bone":"light14","blend":"additive"},{"name":"light28","bone":"light15","blend":"additive"},{"name":"light30","bone":"light16","blend":"additive"},{"name":"light32","bone":"light17","blend":"additive"},{"name":"light36","bone":"light19","blend":"additive"},{"name":"light38","bone":"light20","blend":"additive"},{"name":"light02","bone":"light1"},{"name":"star","bone":"star","blend":"additive"},{"name":"star2","bone":"star2","blend":"additive"},{"name":"star3","bone":"star3","blend":"additive"},{"name":"star4","bone":"star4","blend":"additive"},{"name":"star5","bone":"star5","blend":"additive"},{"name":"star6","bone":"star6","blend":"additive"},{"name":"light3","bone":"light2","blend":"additive"},{"name":"light5","bone":"light3","blend":"additive"},{"name":"light7","bone":"light4","blend":"additive"},{"name":"light9","bone":"light5","blend":"additive"},{"name":"light11","bone":"light6","blend":"additive"},{"name":"light13","bone":"light7","blend":"additive"},{"name":"light15","bone":"light8","blend":"additive"},{"name":"light17","bone":"light9","blend":"additive"},{"name":"light19","bone":"light10","blend":"additive"},{"name":"light21","bone":"light11","blend":"additive"},{"name":"light23","bone":"light12","blend":"additive"},{"name":"light25","bone":"light13","blend":"additive"},{"name":"light27","bone":"light14","blend":"additive"},{"name":"light29","bone":"light15","blend":"additive"},{"name":"light31","bone":"light16","blend":"additive"},{"name":"light33","bone":"light17","blend":"additive"},{"name":"light35","bone":"light18","blend":"additive"},{"name":"rose10","bone":"rose10","attachment":"rose2"},{"name":"rose","bone":"rose11","attachment":"rose"}],"skins":[{"name":"default","attachments":{"light01":{"light01":{"x":-0.31,"y":0.29,"width":70,"height":65}},"light02":{"light02":{"x":-0.02,"y":1.08,"width":32,"height":31}},"light03":{"light03":{"x":-0.14,"y":0.71,"scaleY":1.047,"width":53,"height":50}},"light3":{"light02":{"scaleX":0.76,"scaleY":0.76,"width":32,"height":31}},"light4":{"light03":{"x":-0.14,"y":0.71,"width":53,"height":50}},"light5":{"light02":{"scaleX":0.76,"scaleY":0.76,"width":32,"height":31}},"light6":{"light03":{"x":-0.14,"y":0.71,"width":53,"height":50}},"light7":{"light02":{"scaleX":0.76,"scaleY":0.76,"width":32,"height":31}},"light8":{"light03":{"x":-0.14,"y":0.71,"width":53,"height":50}},"light9":{"light02":{"scaleX":0.76,"scaleY":0.76,"width":32,"height":31}},"light10":{"light03":{"x":-0.14,"y":0.71,"width":53,"height":50}},"light11":{"light02":{"scaleX":0.76,"scaleY":0.76,"width":32,"height":31}},"light12":{"light03":{"x":-0.14,"y":0.71,"width":53,"height":50}},"light13":{"light02":{"scaleX":0.76,"scaleY":0.76,"width":32,"height":31}},"light14":{"light03":{"x":-0.14,"y":0.71,"width":53,"height":50}},"light15":{"light02":{"scaleX":0.76,"scaleY":0.76,"width":32,"height":31}},"light16":{"light03":{"x":-0.14,"y":0.71,"width":53,"height":50}},"light17":{"light02":{"scaleX":0.76,"scaleY":0.76,"width":32,"height":31}},"light18":{"light03":{"x":-0.14,"y":0.71,"width":53,"height":50}},"light19":{"light02":{"scaleX":0.76,"scaleY":0.76,"width":32,"height":31}},"light20":{"light03":{"x":-0.14,"y":0.71,"width":53,"height":50}},"light21":{"light02":{"scaleX":0.76,"scaleY":0.76,"width":32,"height":31}},"light22":{"light03":{"x":-0.14,"y":0.71,"width":53,"height":50}},"light23":{"light02":{"scaleX":0.76,"scaleY":0.76,"width":32,"height":31}},"light24":{"light03":{"x":-0.14,"y":0.71,"width":53,"height":50}},"light25":{"light02":{"scaleX":0.76,"scaleY":0.76,"width":32,"height":31}},"light26":{"light03":{"x":-0.14,"y":0.71,"width":53,"height":50}},"light27":{"light02":{"scaleX":0.76,"scaleY":0.76,"width":32,"height":31}},"light28":{"light03":{"x":-0.14,"y":0.71,"width":53,"height":50}},"light29":{"light02":{"scaleX":0.76,"scaleY":0.76,"width":32,"height":31}},"light30":{"light03":{"x":-0.14,"y":0.71,"width":53,"height":50}},"light31":{"light02":{"scaleX":0.76,"scaleY":0.76,"width":32,"height":31}},"light32":{"light03":{"x":-0.14,"y":0.71,"width":53,"height":50}},"light33":{"light02":{"scaleX":0.76,"scaleY":0.76,"width":32,"height":31}},"light35":{"light02":{"rotation":-171.78,"width":32,"height":31}},"light36":{"light02":{"width":32,"height":31}},"light38":{"light02":{"rotation":-171.78,"width":32,"height":31}},"rose":{"rose":{"x":15.62,"y":1.36,"rotation":-114.26,"width":84,"height":84}},"rose1":{"rose":{"x":33.39,"y":-20.31,"width":84,"height":84}},"rose2":{"rose":{"x":14.91,"y":-0.77,"width":84,"height":84}},"rose3":{"rose":{"x":-41.67,"y":16.36,"width":84,"height":84}},"rose4":{"rose":{"x":-45.83,"y":-11.02,"width":84,"height":84}},"rose5":{"rose":{"x":-12.8,"y":-30.06,"width":84,"height":84}},"rose6":{"rose":{"x":-0.43,"y":3.15,"width":84,"height":84}},"rose7":{"rose":{"x":1.25,"y":8.07,"width":84,"height":84}},"rose8":{"rose":{"x":22.81,"y":4.54,"width":84,"height":84}},"rose9":{"rose":{"x":5.99,"y":7.42,"width":84,"height":84}},"rose10":{"rose2":{"x":21.75,"y":-0.96,"rotation":-122.28,"width":86,"height":84}},"rose11":{"rose":{"x":25.88,"y":-0.08,"width":84,"height":84}},"star":{"star":{"x":0.07,"y":-0.03,"width":67,"height":64}},"star2":{"star":{"x":0.07,"y":-0.03,"width":67,"height":64}},"star3":{"star":{"x":0.07,"y":-0.03,"width":67,"height":64}},"star4":{"star":{"x":0.07,"y":-0.03,"width":67,"height":64}},"star5":{"star":{"x":0.07,"y":-0.03,"width":67,"height":64}},"star6":{"star":{"x":0.07,"y":-0.03,"width":67,"height":64}}}}],"animations":{"fly":{"slots":{"rose10":{"attachment":[{"time":0.0667,"name":"rose2"}]}},"bones":{"rose10":{"rotate":[{"angle":-22.68}],"translate":[{"x":-13.31,"y":5.32}]}}},"meigui":{"slots":{"light01":{"color":[{"time":0.9,"color":"ffffffff"},{"time":1.5,"color":"ffffff00"}],"attachment":[{"name":"light01"},{"time":1.5,"name":null}]},"light02":{"color":[{"time":0.9,"color":"ffffffff"},{"time":1.5,"color":"ffffff00"}],"attachment":[{"name":"light02"},{"time":1.5,"name":null}]},"light03":{"color":[{"time":0.9,"color":"ffffffff"},{"time":1.5,"color":"ffffff00"}],"attachment":[{"time":0.0333,"name":"light03"},{"time":2,"name":null}]},"light3":{"color":[{"time":0.9,"color":"ffffffff"},{"time":1.5,"color":"ffffff00"}],"attachment":[{"time":0.0333,"name":"light02"},{"time":2,"name":null}]},"light4":{"color":[{"time":0.9,"color":"ffffffff"},{"time":1.5,"color":"ffffff00"}],"attachment":[{"time":0.0667,"name":"light03"},{"time":2,"name":null}]},"light5":{"color":[{"time":0.9,"color":"ffffffff"},{"time":1.5,"color":"ffffff00"}],"attachment":[{"time":0.0667,"name":"light02"},{"time":2,"name":null}]},"light6":{"color":[{"time":0.9,"color":"ffffffff"},{"time":1.4667,"color":"ffffff00"}],"attachment":[{"time":0.1,"name":"light03"},{"time":2,"name":null}]},"light7":{"color":[{"time":0.9,"color":"ffffffff"},{"time":1.4667,"color":"ffffff00"}],"attachment":[{"time":0.1,"name":"light02"},{"time":2,"name":null}]},"light8":{"color":[{"time":0.9,"color":"ffffffff"},{"time":1.4667,"color":"ffffff00"}],"attachment":[{"time":0.1333,"name":"light03"},{"time":2,"name":null}]},"light9":{"color":[{"time":0.9,"color":"ffffffff"},{"time":1.4667,"color":"ffffff00"}],"attachment":[{"time":0.1333,"name":"light02"},{"time":2,"name":null}]},"light10":{"color":[{"time":0.9,"color":"ffffffff"},{"time":1.4333,"color":"ffffff00"}],"attachment":[{"time":0.1667,"name":"light03"},{"time":2,"name":null}]},"light11":{"color":[{"time":0.9,"color":"ffffffff"},{"time":1.4333,"color":"ffffff00"}],"attachment":[{"time":0.1667,"name":"light02"},{"time":2,"name":null}]},"light12":{"color":[{"time":0.9,"color":"ffffffff"},{"time":1.4333,"color":"ffffff00"}],"attachment":[{"time":0.2,"name":"light03"},{"time":2,"name":null}]},"light13":{"color":[{"time":0.9,"color":"ffffffff"},{"time":1.4333,"color":"ffffff00"}],"attachment":[{"time":0.2,"name":"light02"},{"time":2,"name":null}]},"light14":{"color":[{"time":0.9,"color":"ffffffff"},{"time":1.4333,"color":"ffffff00"}],"attachment":[{"time":0.2333,"name":"light03"},{"time":2,"name":null}]},"light15":{"color":[{"time":0.9,"color":"ffffffff"},{"time":1.4333,"color":"ffffff00"}],"attachment":[{"time":0.2333,"name":"light02"},{"time":2,"name":null}]},"light16":{"color":[{"time":0.9,"color":"ffffffff"},{"time":1.4,"color":"ffffff00"}],"attachment":[{"time":0.2667,"name":"light03"},{"time":2,"name":null}]},"light17":{"color":[{"time":0.9,"color":"ffffffff"},{"time":1.4,"color":"ffffff00"}],"attachment":[{"time":0.2667,"name":"light02"},{"time":2,"name":null}]},"light18":{"color":[{"time":0.9,"color":"ffffffff"},{"time":1.4,"color":"ffffff00"}],"attachment":[{"time":0.3,"name":"light03"},{"time":2,"name":null}]},"light19":{"color":[{"time":0.9,"color":"ffffffff"},{"time":1.4,"color":"ffffff00"}],"attachment":[{"time":0.3,"name":"light02"},{"time":2,"name":null}]},"light20":{"color":[{"time":0.9,"color":"ffffffff"},{"time":1.3667,"color":"ffffff00"}],"attachment":[{"time":0.3333,"name":"light03"},{"time":2,"name":null}]},"light21":{"color":[{"time":0.9,"color":"ffffffff"},{"time":1.3667,"color":"ffffff00"}],"attachment":[{"time":0.3333,"name":"light02"},{"time":2,"name":null}]},"light22":{"attachment":[{"time":0.1667,"name":"light03"},{"time":0.3667,"name":null},{"time":0.5667,"name":"light03"},{"time":0.6667,"name":null},{"time":0.7333,"name":"light03"},{"time":0.8333,"name":null},{"time":0.9333,"name":"light03"},{"time":1.0333,"name":null},{"time":1.1333,"name":"light03"},{"time":1.2333,"name":null},{"time":1.3,"name":"light03"},{"time":1.4,"name":null}]},"light23":{"attachment":[{"time":0.1667,"name":"light02"},{"time":0.3667,"name":null},{"time":0.5667,"name":"light02"},{"time":0.6667,"name":null},{"time":0.7333,"name":"light02"},{"time":0.8333,"name":null},{"time":0.9333,"name":"light02"},{"time":1.0333,"name":null},{"time":1.1333,"name":"light02"},{"time":1.2333,"name":null},{"time":1.3,"name":"light02"},{"time":1.4,"name":null}]},"light24":{"attachment":[{"time":0.1667,"name":"light03"},{"time":0.2667,"name":null},{"time":0.4667,"name":"light03"},{"time":0.5667,"name":null},{"time":0.6667,"name":"light03"},{"time":0.7667,"name":null},{"time":0.8667,"name":"light03"},{"time":0.9667,"name":null},{"time":1.0667,"name":"light03"},{"time":1.1667,"name":null},{"time":1.2667,"name":"light03"},{"time":1.3667,"name":null}]},"light25":{"attachment":[{"time":0.1667,"name":"light02"},{"time":0.2667,"name":null},{"time":0.4667,"name":"light02"},{"time":0.5667,"name":null},{"time":0.6667,"name":"light02"},{"time":0.7667,"name":null},{"time":0.8667,"name":"light02"},{"time":0.9667,"name":null},{"time":1.0667,"name":"light02"},{"time":1.1667,"name":null},{"time":1.2667,"name":"light02"},{"time":1.3667,"name":null}]},"light26":{"attachment":[{"time":0.1667,"name":"light03"},{"time":0.2667,"name":null},{"time":0.3667,"name":"light03"},{"time":0.4667,"name":null},{"time":0.5667,"name":"light03"},{"time":0.6667,"name":null},{"time":0.7667,"name":"light03"},{"time":0.8667,"name":null},{"time":0.9667,"name":"light03"},{"time":1.0667,"name":null},{"time":1.1667,"name":"light03"},{"time":1.2667,"name":null},{"time":1.3667,"name":"light03"},{"time":1.4667,"name":null}]},"light27":{"attachment":[{"time":0.1667,"name":"light02"},{"time":0.2667,"name":null},{"time":0.3667,"name":"light02"},{"time":0.4667,"name":null},{"time":0.5667,"name":"light02"},{"time":0.6667,"name":null},{"time":0.7667,"name":"light02"},{"time":0.8667,"name":null},{"time":0.9667,"name":"light02"},{"time":1.0667,"name":null},{"time":1.1667,"name":"light02"},{"time":1.2667,"name":null},{"time":1.3667,"name":"light02"},{"time":1.4667,"name":null}]},"light28":{"attachment":[{"time":0.1333,"name":"light03"},{"time":0.2333,"name":null},{"time":0.4,"name":"light03"},{"time":0.5,"name":null},{"time":0.6,"name":"light03"},{"time":0.7,"name":null},{"time":0.8,"name":"light03"},{"time":0.9,"name":null},{"time":1,"name":"light03"},{"time":1.1,"name":null},{"time":1.2,"name":"light03"},{"time":1.3,"name":null},{"time":1.3667,"name":"light03"},{"time":1.4667,"name":null}]},"light29":{"attachment":[{"time":0.1333,"name":"light02"},{"time":0.2333,"name":null},{"time":0.4,"name":"light02"},{"time":0.5,"name":null},{"time":0.6,"name":"light02"},{"time":0.7,"name":null},{"time":0.8,"name":"light02"},{"time":0.9,"name":null},{"time":1,"name":"light02"},{"time":1.1,"name":null},{"time":1.2,"name":"light02"},{"time":1.3,"name":null},{"time":1.3667,"name":"light02"},{"time":1.4667,"name":null}]},"light30":{"attachment":[{"time":0.1333,"name":"light03"},{"time":0.2333,"name":null},{"time":0.3667,"name":"light03"},{"time":0.4667,"name":null},{"time":0.7,"name":"light03"},{"time":0.8,"name":null},{"time":1,"name":"light03"},{"time":1.1,"name":null},{"time":1.2667,"name":"light03"},{"time":1.3667,"name":null}]},"light31":{"attachment":[{"time":0.1333,"name":"light02"},{"time":0.2333,"name":null},{"time":0.3667,"name":"light02"},{"time":0.4667,"name":null},{"time":0.7,"name":"light02"},{"time":0.8,"name":null},{"time":1,"name":"light02"},{"time":1.1,"name":null},{"time":1.2667,"name":"light02"},{"time":1.3667,"name":null}]},"light32":{"attachment":[{"time":0.3667,"name":"light03"},{"time":0.4667,"name":null},{"time":0.7,"name":"light03"},{"time":0.8,"name":null},{"time":1.0667,"name":"light03"},{"time":1.1667,"name":null}]},"light33":{"attachment":[{"time":0.3667,"name":"light02"},{"time":0.4667,"name":null},{"time":0.7,"name":"light02"},{"time":0.8,"name":null},{"time":1.0667,"name":"light02"},{"time":1.1667,"name":null}]},"light35":{"color":[{"time":0.4333,"color":"ffffffff"},{"time":0.6333,"color":"ffffff00"},{"time":0.8333,"color":"ffffffff","curve":"stepped"},{"time":1,"color":"ffffffff"},{"time":1.2,"color":"ffffff00"},{"time":1.4667,"color":"ffffffff","curve":"stepped"},{"time":1.6333,"color":"ffffffff"},{"time":1.8333,"color":"ffffff00"}],"attachment":[{"time":0.2667,"name":"light02"},{"time":0.6333,"name":null},{"time":0.8333,"name":"light02"},{"time":1.2,"name":null},{"time":1.4667,"name":"light02"},{"time":1.8333,"name":null}]},"light36":{"color":[{"time":0.4333,"color":"ffffffff"},{"time":0.6667,"color":"ffffff00"},{"time":0.7333,"color":"ffffffff"},{"time":0.9667,"color":"ffffff00"},{"time":1.0333,"color":"ffffffff"},{"time":1.2667,"color":"ffffff00"},{"time":1.3667,"color":"ffffffff"},{"time":1.6,"color":"ffffff00"}],"attachment":[{"time":0.4333,"name":"light02"},{"time":0.6667,"name":null},{"time":0.7333,"name":"light02"},{"time":0.9667,"name":null},{"time":1.0333,"name":"light02"},{"time":1.2667,"name":null},{"time":1.3667,"name":"light02"},{"time":1.6,"name":null}]},"light38":{"color":[{"time":0.5,"color":"ffffffff"},{"time":0.7333,"color":"ffffff00"},{"time":0.8667,"color":"ffffffff"},{"time":1.1,"color":"ffffff00"},{"time":1.1667,"color":"ffffffff"},{"time":1.4,"color":"ffffff00"},{"time":1.5333,"color":"ffffffff"},{"time":1.7667,"color":"ffffff00"}],"attachment":[{"time":0.5,"name":"light02"},{"time":0.7333,"name":null},{"time":0.8667,"name":"light02"},{"time":1.1,"name":null},{"time":1.1667,"name":"light02"},{"time":1.4,"name":null},{"time":1.5333,"name":"light02"},{"time":1.7667,"name":null}]},"rose":{"attachment":[{"name":null}]},"rose1":{"color":[{"time":1.6667,"color":"ffffffff"},{"time":2,"color":"ffffff00"}],"attachment":[{"time":0.2333,"name":"rose"},{"time":2,"name":null}]},"rose2":{"color":[{"time":1.6667,"color":"ffffffff"},{"time":2,"color":"ffffff00"}],"attachment":[{"time":0.3,"name":"rose"},{"time":2,"name":null}]},"rose3":{"color":[{"time":1.6667,"color":"ffffffff"},{"time":2,"color":"ffffff00"}],"attachment":[{"time":0.3667,"name":"rose"},{"time":2,"name":null}]},"rose4":{"color":[{"time":1.6667,"color":"ffffffff"},{"time":2,"color":"ffffff00"}],"attachment":[{"time":0.4333,"name":"rose"},{"time":2,"name":null}]},"rose5":{"color":[{"time":1.6667,"color":"ffffffff"},{"time":2,"color":"ffffff00"}],"attachment":[{"time":0.5,"name":"rose"},{"time":2,"name":null}]},"rose6":{"color":[{"time":1.6667,"color":"ffffffff"},{"time":2,"color":"ffffff00"}],"attachment":[{"time":0.0333,"name":"rose"},{"time":2,"name":null}]},"rose7":{"color":[{"time":1.6667,"color":"ffffffff"},{"time":2,"color":"ffffff00"}],"attachment":[{"time":0.1,"name":"rose"},{"time":2,"name":null}]},"rose8":{"color":[{"time":1.6667,"color":"ffffffff"},{"time":2,"color":"ffffff00"}],"attachment":[{"time":0.1667,"name":"rose"},{"time":2,"name":null}]},"rose9":{"color":[{"time":1.6667,"color":"ffffffff"},{"time":2,"color":"ffffff00"}],"attachment":[{"time":0.5667,"name":"rose"},{"time":2,"name":null}]},"rose10":{"attachment":[{"name":null}]},"rose11":{"color":[{"time":1.6667,"color":"ffffffff"},{"time":2,"color":"ffffff00"}],"attachment":[{"time":0.3,"name":"rose"},{"time":2,"name":null}]},"star":{"attachment":[{"time":0.4333,"name":"star"},{"time":0.9333,"name":null},{"time":1.2333,"name":"star"},{"time":1.7333,"name":null}]},"star2":{"attachment":[{"time":0.3333,"name":"star"},{"time":0.8333,"name":null},{"time":1.1667,"name":"star"},{"time":1.6667,"name":null}]},"star3":{"attachment":[{"time":0.5,"name":"star"},{"time":1,"name":null},{"time":1.3333,"name":"star"},{"time":1.8333,"name":null}]},"star4":{"attachment":[{"time":0.5333,"name":"star"},{"time":1.0333,"name":null},{"time":1.1667,"name":"star"},{"time":1.2667,"name":null},{"time":1.5,"name":"star"},{"time":1.6667,"name":null}]},"star5":{"attachment":[{"time":0.7667,"name":"star"},{"time":1.2667,"name":null},{"time":1.5,"name":"star"},{"time":2,"name":null}]},"star6":{"attachment":[{"time":0.8667,"name":"star"},{"time":1.3667,"name":null}]}},"bones":{"light2":{"translate":[{},{"time":0.3333,"x":-0.34,"y":1.03,"curve":"stepped"},{"time":1.1667,"x":-0.34,"y":1.03},{"time":1.4,"x":-10.18,"y":1.03},{"time":1.5}],"scale":[{},{"time":0.3333,"x":1.194,"y":1.154,"curve":"stepped"},{"time":1.1667,"x":1.194,"y":1.154},{"time":1.5}]},"light3":{"rotate":[{},{"time":0.3333,"angle":-26.21,"curve":"stepped"},{"time":1.1667,"angle":-26.21},{"time":1.5}],"translate":[{},{"time":0.3333,"x":7.19,"y":-2.39,"curve":"stepped"},{"time":1.1667,"x":7.19,"y":-2.39},{"time":1.4,"x":-11.61,"y":6.86},{"time":1.5}],"scale":[{},{"time":0.3333,"x":1.343,"y":1.136,"curve":"stepped"},{"time":1.1667,"x":1.343,"y":1.136},{"time":1.5}]},"light4":{"rotate":[{},{"time":0.3333,"angle":-44.1,"curve":"stepped"},{"time":1.1667,"angle":-44.1},{"time":1.5}],"translate":[{},{"time":0.3333,"x":12.37,"y":-9.84,"curve":"stepped"},{"time":1.1667,"x":12.37,"y":-9.84},{"time":1.4,"x":-13.02,"y":9.24},{"time":1.5}],"scale":[{},{"time":0.3333,"x":1.914,"y":1.383,"curve":"stepped"},{"time":1.1667,"x":1.914,"y":1.383},{"time":1.5}]},"light5":{"rotate":[{},{"time":0.3333,"angle":24.98,"curve":"stepped"},{"time":1.1667,"angle":24.98},{"time":1.5}],"translate":[{},{"time":0.3333,"x":14.93,"y":-18.31,"curve":"stepped"},{"time":1.1667,"x":14.93,"y":-18.31},{"time":1.4,"x":-14.09,"y":11.78},{"time":1.5}],"scale":[{},{"time":0.3333,"x":1.293,"y":2.365,"curve":"stepped"},{"time":1.1667,"x":1.293,"y":2.365},{"time":1.5}]},"light6":{"translate":[{},{"time":0.3333,"x":16.66,"y":-28.63,"curve":"stepped"},{"time":1.1667,"x":16.66,"y":-28.63},{"time":1.4,"x":-15.59,"y":15.16},{"time":1.5}]},"light7":{"translate":[{},{"time":0.3333,"x":12.9,"y":-32.39,"curve":"stepped"},{"time":1.1667,"x":12.9,"y":-32.39},{"time":1.4,"x":-18.77,"y":19.95},{"time":1.5}]},"light8":{"translate":[{},{"time":0.3333,"x":8.97,"y":-36.22,"curve":"stepped"},{"time":1.1667,"x":8.97,"y":-36.22},{"time":1.4,"x":-17.86,"y":21.13},{"time":1.5}]},"light9":{"translate":[{},{"time":0.3333,"x":5.52,"y":-44,"curve":"stepped"},{"time":1.1667,"x":5.52,"y":-44},{"time":1.4,"x":-14.62,"y":20.96},{"time":1.5}]},"light10":{"translate":[{},{"time":0.3333,"x":0.85,"y":-47.72,"curve":"stepped"},{"time":1.1667,"x":0.85,"y":-47.72},{"time":1.4,"x":-13.34,"y":22.68},{"time":1.5}]},"light11":{"translate":[{},{"time":0.3333,"x":-6.35,"y":-48.71,"curve":"stepped"},{"time":1.1667,"x":-6.35,"y":-48.71},{"time":1.4,"x":-13.72,"y":28.04},{"time":1.5}]},"light12":{"translate":[{"time":0.1667},{"time":0.2667,"x":32.37,"y":-1.15},{"time":0.3667},{"time":0.4667,"x":32.37,"y":-1.15},{"time":0.5667},{"time":0.6667,"x":32.37,"y":-1.15},{"time":0.7333},{"time":0.8333,"x":32.37,"y":-1.15},{"time":0.9333},{"time":1.0333,"x":32.37,"y":-1.15},{"time":1.1333},{"time":1.2333,"x":32.37,"y":-1.15},{"time":1.3},{"time":1.4,"x":32.37,"y":-1.15}],"scale":[{"time":0.1667,"x":4.299,"y":4.299},{"time":0.2667,"x":0.208,"y":0.208},{"time":0.3667,"x":4.299,"y":4.299},{"time":0.4667,"x":0.208,"y":0.208},{"time":0.5667,"x":4.299,"y":4.299},{"time":0.6667,"x":0.208,"y":0.208},{"time":0.7333,"x":4.299,"y":4.299},{"time":0.8333,"x":0.208,"y":0.208},{"time":0.9333,"x":4.299,"y":4.299},{"time":1.0333,"x":0.208,"y":0.208},{"time":1.1333,"x":4.299,"y":4.299},{"time":1.2333,"x":0.208,"y":0.208},{"time":1.3,"x":4.299,"y":4.299},{"time":1.4,"x":0.208,"y":0.208}]},"light13":{"translate":[{"time":0.2667,"x":-1.27,"y":-5.76},{"time":0.3667,"x":1.56,"y":-36.73},{"time":0.4667,"x":-1.27,"y":-5.76},{"time":0.5667,"x":1.56,"y":-36.73},{"time":0.6667,"x":-1.27,"y":-5.76},{"time":0.7667,"x":1.56,"y":-36.73},{"time":0.8667,"x":-1.27,"y":-5.76},{"time":0.9667,"x":1.56,"y":-36.73},{"time":1.0667,"x":-1.27,"y":-5.76},{"time":1.1667,"x":1.56,"y":-36.73},{"time":1.2667,"x":-1.27,"y":-5.76},{"time":1.3667,"x":1.56,"y":-36.73}],"scale":[{"time":0.2667,"x":4.299,"y":4.299},{"time":0.3667,"x":0.208,"y":0.208},{"time":0.4667,"x":4.299,"y":4.299},{"time":0.5667,"x":0.208,"y":0.208},{"time":0.6667,"x":4.299,"y":4.299},{"time":0.7667,"x":0.208,"y":0.208},{"time":0.8667,"x":4.299,"y":4.299},{"time":0.9667,"x":0.208,"y":0.208},{"time":1.0667,"x":4.299,"y":4.299},{"time":1.1667,"x":0.208,"y":0.208},{"time":1.2667,"x":4.299,"y":4.299},{"time":1.3667,"x":0.208,"y":0.208}]},"light14":{"translate":[{"time":0.1667,"x":-1.27,"y":-5.76},{"time":0.2667,"x":1.56,"y":-36.73},{"time":0.3667,"x":-1.27,"y":-5.76},{"time":0.4667,"x":1.56,"y":-36.73},{"time":0.5667,"x":-1.27,"y":-5.76},{"time":0.6667,"x":1.56,"y":-36.73},{"time":0.7667,"x":-1.27,"y":-5.76},{"time":0.8667,"x":1.56,"y":-36.73},{"time":0.9667,"x":-1.27,"y":-5.76},{"time":1.0667,"x":1.56,"y":-36.73},{"time":1.1667,"x":-1.27,"y":-5.76},{"time":1.2667,"x":1.56,"y":-36.73},{"time":1.3667,"x":-1.27,"y":-5.76},{"time":1.4667,"x":1.56,"y":-36.73}],"scale":[{"time":0.1667,"x":4.299,"y":4.299},{"time":0.2667,"x":0.208,"y":0.208},{"time":0.3667,"x":4.299,"y":4.299},{"time":0.4667,"x":0.208,"y":0.208},{"time":0.5667,"x":4.299,"y":4.299},{"time":0.6667,"x":0.208,"y":0.208},{"time":0.7667,"x":4.299,"y":4.299},{"time":0.8667,"x":0.208,"y":0.208},{"time":0.9667,"x":4.299,"y":4.299},{"time":1.0667,"x":0.208,"y":0.208},{"time":1.1667,"x":4.299,"y":4.299},{"time":1.2667,"x":0.208,"y":0.208},{"time":1.3667,"x":4.299,"y":4.299},{"time":1.4667,"x":0.208,"y":0.208}]},"light15":{"translate":[{"time":0.2,"x":5.36,"y":-2.86},{"time":0.3,"x":33.72,"y":-46.76},{"time":0.4,"x":5.36,"y":-2.86},{"time":0.5,"x":33.72,"y":-46.76},{"time":0.6,"x":5.36,"y":-2.86},{"time":0.7,"x":33.72,"y":-46.76},{"time":0.8,"x":5.36,"y":-2.86},{"time":0.9,"x":33.72,"y":-46.76},{"time":1,"x":5.36,"y":-2.86},{"time":1.1,"x":33.72,"y":-46.76},{"time":1.2,"x":5.36,"y":-2.86},{"time":1.3,"x":33.72,"y":-46.76},{"time":1.3667,"x":5.36,"y":-2.86},{"time":1.4667,"x":33.72,"y":-46.76}],"scale":[{"time":0.2,"x":4.299,"y":4.299},{"time":0.3,"x":0.208,"y":0.208},{"time":0.4,"x":4.299,"y":4.299},{"time":0.5,"x":0.208,"y":0.208},{"time":0.6,"x":4.299,"y":4.299},{"time":0.7,"x":0.208,"y":0.208},{"time":0.8,"x":4.299,"y":4.299},{"time":0.9,"x":0.208,"y":0.208},{"time":1,"x":4.299,"y":4.299},{"time":1.1,"x":0.208,"y":0.208},{"time":1.2,"x":4.299,"y":4.299},{"time":1.3,"x":0.208,"y":0.208},{"time":1.3667,"x":4.299,"y":4.299},{"time":1.4667,"x":0.208,"y":0.208}]},"light16":{"translate":[{"time":0.1333,"x":5.36,"y":-2.86},{"time":0.2333,"x":33.72,"y":-46.76},{"time":0.4333,"x":5.36,"y":-2.86},{"time":0.5333,"x":33.72,"y":-46.76},{"time":0.7,"x":5.36,"y":-2.86},{"time":0.8,"x":33.72,"y":-46.76},{"time":1,"x":5.36,"y":-2.86},{"time":1.1,"x":33.72,"y":-46.76},{"time":1.2667,"x":5.36,"y":-2.86},{"time":1.3667,"x":33.72,"y":-46.76}],"scale":[{"time":0.1333,"x":4.299,"y":4.299},{"time":0.2333,"x":0.208,"y":0.208},{"time":0.4333,"x":4.299,"y":4.299},{"time":0.5333,"x":0.208,"y":0.208},{"time":0.7,"x":4.299,"y":4.299},{"time":0.8,"x":0.208,"y":0.208},{"time":1,"x":4.299,"y":4.299},{"time":1.1,"x":0.208,"y":0.208},{"time":1.2667,"x":4.299,"y":4.299},{"time":1.3667,"x":0.208,"y":0.208}]},"light17":{"translate":[{"time":0.3667,"x":5.36,"y":-2.86},{"time":0.4667,"x":33.72,"y":-46.76},{"time":0.7,"x":5.36,"y":-2.86},{"time":0.8,"x":33.72,"y":-46.76},{"time":1.0667,"x":5.36,"y":-2.86},{"time":1.1667,"x":33.72,"y":-46.76}],"scale":[{"time":0.3667,"x":4.299,"y":4.299},{"time":0.4667,"x":0.208,"y":0.208},{"time":0.7,"x":4.299,"y":4.299},{"time":0.8,"x":0.208,"y":0.208},{"time":1.0667,"x":4.299,"y":4.299},{"time":1.1667,"x":0.208,"y":0.208}]},"light18":{"translate":[{"time":0.2667,"x":66.37,"y":-38.05,"curve":"stepped"},{"time":0.6333,"x":66.37,"y":-38.05},{"time":0.8333,"x":184.29,"y":66.66,"curve":"stepped"},{"time":1.2,"x":184.29,"y":66.66},{"time":1.4667,"x":22.81,"y":83.82}],"scale":[{"time":0.2667,"x":1.62,"y":1.62},{"time":0.3667,"x":5.665,"y":5.665},{"time":0.6333,"x":1.62,"y":1.62,"curve":"stepped"},{"time":0.8333,"x":1.62,"y":1.62},{"time":0.9333,"x":5.665,"y":5.665},{"time":1.2,"x":1.62,"y":1.62,"curve":"stepped"},{"time":1.4667,"x":1.62,"y":1.62},{"time":1.5667,"x":5.665,"y":5.665},{"time":1.8333,"x":1.62,"y":1.62}]},"light19":{"translate":[{"time":0.4333,"x":197.82,"y":35.91,"curve":"stepped"},{"time":0.6667,"x":197.82,"y":35.91},{"time":0.7333,"x":69.3,"y":49.77,"curve":"stepped"},{"time":0.9667,"x":69.3,"y":49.77},{"time":1.0333,"x":141.75,"y":-71.19,"curve":"stepped"},{"time":1.2667,"x":141.75,"y":-71.19},{"time":1.3667,"x":148.05,"y":71.19}],"scale":[{"time":0.4333,"x":2.799,"y":2.799},{"time":0.5,"x":7.304,"y":7.304},{"time":0.6667,"x":2.753,"y":2.753},{"time":0.7333,"x":2.799,"y":2.799},{"time":0.8,"x":7.304,"y":7.304},{"time":0.9667,"x":2.753,"y":2.753},{"time":1.0333,"x":2.799,"y":2.799},{"time":1.1,"x":7.304,"y":7.304},{"time":1.2667,"x":2.753,"y":2.753},{"time":1.3667,"x":2.799,"y":2.799},{"time":1.4333,"x":7.304,"y":7.304},{"time":1.6,"x":2.753,"y":2.753}]},"light20":{"translate":[{"time":0.5,"x":148.05,"y":71.19,"curve":"stepped"},{"time":0.7333,"x":148.05,"y":71.19},{"time":0.8667,"x":-58.75,"y":102.1,"curve":"stepped"},{"time":1.1,"x":-58.75,"y":102.1},{"time":1.1667,"x":57.44,"y":-14.09,"curve":"stepped"},{"time":1.4,"x":57.44,"y":-14.09},{"time":1.5333,"x":151.25,"y":92.51}],"scale":[{"time":0.5,"x":0.266,"y":0.266},{"time":0.5667,"x":1.5,"y":1.5},{"time":0.7333,"x":0.266,"y":0.266,"curve":"stepped"},{"time":0.8667,"x":0.266,"y":0.266},{"time":0.9333,"x":1.5,"y":1.5},{"time":1.1,"x":0.266,"y":0.266,"curve":"stepped"},{"time":1.1667,"x":0.266,"y":0.266},{"time":1.2333,"x":1.5,"y":1.5},{"time":1.4,"x":0.266,"y":0.266,"curve":"stepped"},{"time":1.5333,"x":0.266,"y":0.266},{"time":1.6,"x":1.5,"y":1.5},{"time":1.7667,"x":0.266,"y":0.266}]},"rose1":{"scale":[{"time":0.2333,"x":0.605,"y":0.605},{"time":0.3,"x":1.69,"y":1.69},{"time":0.4,"x":0.889,"y":0.84},{"time":0.4667,"y":1.036},{"time":0.5}]},"rose2":{"scale":[{"time":0.3,"x":0.605,"y":0.605},{"time":0.3667,"x":1.69,"y":1.69},{"time":0.4667,"x":0.889,"y":0.84},{"time":0.5333,"y":1.036},{"time":0.5667}]},"rose3":{"scale":[{"time":0.3667,"x":0.605,"y":0.605},{"time":0.4333,"x":1.69,"y":1.69},{"time":0.5333,"x":0.889,"y":0.84},{"time":0.6,"y":1.036},{"time":0.6333}]},"rose4":{"scale":[{"time":0.4333,"x":0.605,"y":0.605},{"time":0.5,"x":1.69,"y":1.69},{"time":0.6,"x":0.889,"y":0.84},{"time":0.6667,"y":1.036},{"time":0.7}]},"rose5":{"scale":[{"time":0.5,"x":0.605,"y":0.605},{"time":0.5667,"x":1.69,"y":1.69},{"time":0.6667,"x":0.889,"y":0.84},{"time":0.7333,"y":1.036},{"time":0.7667}]},"rose6":{"scale":[{"time":0.0333,"x":0.605,"y":0.605},{"time":0.1,"x":1.69,"y":1.69},{"time":0.2,"x":0.889,"y":0.84},{"time":0.2667,"y":1.036},{"time":0.3}]},"rose7":{"scale":[{"time":0.1,"x":0.605,"y":0.605},{"time":0.1667,"x":1.69,"y":1.69},{"time":0.2667,"x":0.889,"y":0.84},{"time":0.3333,"y":1.036},{"time":0.3667}]},"rose8":{"scale":[{"time":0.1667,"x":0.605,"y":0.605},{"time":0.2333,"x":1.69,"y":1.69},{"time":0.3333,"x":0.889,"y":0.84},{"time":0.4,"y":1.036},{"time":0.4333}]},"rose9":{"scale":[{"time":0.5667,"x":0.605,"y":0.605},{"time":0.6333,"x":1.187,"y":1.187},{"time":0.7333,"y":0.945},{"time":0.8,"y":1.036},{"time":0.8333}]},"star":{"rotate":[{"time":0.4333},{"time":0.6667,"angle":-72.32},{"time":0.9333,"curve":"stepped"},{"time":1.2333},{"time":1.4667,"angle":-72.32},{"time":1.7333}],"scale":[{"time":0.4333,"x":0.177,"y":0.177},{"time":0.6,"x":0.955,"y":0.955},{"time":0.9333,"x":0.207,"y":0.207},{"time":1.2333,"x":0.177,"y":0.177},{"time":1.4,"x":0.955,"y":0.955},{"time":1.7333,"x":0.207,"y":0.207}]},"star2":{"rotate":[{"time":0.3333},{"time":0.5667,"angle":-72.32},{"time":0.8333,"curve":"stepped"},{"time":1.1667},{"time":1.4,"angle":-72.32},{"time":1.6667}],"scale":[{"time":0.3333,"x":0.177,"y":0.177},{"time":0.5,"x":0.955,"y":0.955},{"time":0.8333,"x":0.207,"y":0.207},{"time":1.1667,"x":0.177,"y":0.177},{"time":1.3333,"x":0.955,"y":0.955},{"time":1.6667,"x":0.207,"y":0.207}]},"star3":{"rotate":[{"time":0.5},{"time":0.7333,"angle":-72.32},{"time":1,"curve":"stepped"},{"time":1.3333},{"time":1.5667,"angle":-72.32},{"time":1.8333}],"scale":[{"time":0.5,"x":0.177,"y":0.177},{"time":0.6667,"x":0.955,"y":0.955},{"time":1,"x":0.207,"y":0.207},{"time":1.3333,"x":0.177,"y":0.177},{"time":1.5,"x":0.955,"y":0.955},{"time":1.8333,"x":0.207,"y":0.207}]},"star4":{"rotate":[{"time":0.5333},{"time":0.7667,"angle":-72.32},{"time":1.0333,"curve":"stepped"},{"time":1.1667},{"time":1.4,"angle":-72.32},{"time":1.6667}],"scale":[{"time":0.5333,"x":0.177,"y":0.177},{"time":0.7,"x":0.955,"y":0.955},{"time":1.0333,"x":0.207,"y":0.207},{"time":1.1667,"x":0.177,"y":0.177},{"time":1.3333,"x":0.955,"y":0.955},{"time":1.6667,"x":0.207,"y":0.207}]},"star5":{"rotate":[{"time":0.7667},{"time":1,"angle":-72.32},{"time":1.2667,"curve":"stepped"},{"time":1.5},{"time":1.7333,"angle":-72.32},{"time":2}],"scale":[{"time":0.7667,"x":0.177,"y":0.177},{"time":0.9333,"x":0.955,"y":0.955},{"time":1.2667,"x":0.207,"y":0.207},{"time":1.5,"x":0.177,"y":0.177},{"time":1.6667,"x":0.955,"y":0.955},{"time":2,"x":0.207,"y":0.207}]},"star6":{"rotate":[{"time":0.8667},{"time":1.1,"angle":-72.32},{"time":1.3667}],"scale":[{"time":0.8667,"x":0.177,"y":0.177},{"time":1.0333,"x":0.955,"y":0.955},{"time":1.3667,"x":0.207,"y":0.207}]},"light":{"rotate":[{},{"time":0.1667,"angle":94.43},{"time":0.3333,"angle":-163.53},{"time":0.6667},{"time":0.8333,"angle":94.43},{"time":1,"angle":-163.53},{"time":1.5}]},"rose12":{"scale":[{"time":0.3,"x":0.605,"y":0.605},{"time":0.3667,"x":1.69,"y":1.69},{"time":0.4667,"x":0.889,"y":0.84},{"time":0.5333,"y":1.036},{"time":0.5667}]},"rose":{"translate":[{"x":2.72,"y":28.99}],"scale":[{"x":0.8,"y":0.8}]}}}}}