{"skeleton":{"hash":"zKkt/vxt7b+94/xbonY3IYBkJ9c","spine":"3.8.99","x":-228.9,"y":-114.45,"width":127,"height":126.89,"images":"./image/","audio":"D:/work/工作/互动表情/animation/hd_bingtong01"},"bones":[{"name":"root"},{"name":"bucket","parent":"root","x":-165.26,"y":-66.67},{"name":"ice","parent":"root"},{"name":"water02","parent":"root","length":80.14,"rotation":-58.44,"x":-41.04,"y":119.86},{"name":"bone","parent":"ice","x":71.55,"y":49.41},{"name":"eye","parent":"ice","x":-23.95,"y":4.21},{"name":"eye2","parent":"ice","x":22.37,"y":4.21},{"name":"fx01","parent":"ice","x":114.86,"y":11.79},{"name":"fx1","parent":"ice","x":114.86,"y":11.79},{"name":"fx2","parent":"ice","x":114.86,"y":11.79},{"name":"fx3","parent":"ice","x":114.86,"y":11.79},{"name":"fx4","parent":"ice","x":114.86,"y":11.79},{"name":"ice2","parent":"ice","x":114.86,"y":-24.86},{"name":"ice3","parent":"bucket","x":0.41,"y":58.79},{"name":"ice4","parent":"ice","x":114.86,"y":-24.86},{"name":"ice5","parent":"ice","x":114.86,"y":-24.86},{"name":"ice6","parent":"ice","x":114.86,"y":-24.86},{"name":"water01","parent":"ice","length":113.66,"rotation":-90,"x":-0.73,"y":46.47},{"name":"water04","parent":"ice","x":1.19,"y":-108.94},{"name":"water4","parent":"ice","x":1.19,"y":-108.94},{"name":"water5","parent":"ice","x":2.83,"y":7.96},{"name":"water6","parent":"ice","x":2.83,"y":7.96}],"slots":[{"name":"ice","bone":"ice"},{"name":"eye","bone":"eye"},{"name":"eye2","bone":"eye2"},{"name":"water01","bone":"water01"},{"name":"water1","bone":"water01"},{"name":"water05","bone":"water5"},{"name":"water5","bone":"water6"},{"name":"water04","bone":"water04"},{"name":"water4","bone":"water4"},{"name":"fx01","bone":"fx01"},{"name":"fx1","bone":"fx1"},{"name":"bucket2","bone":"bucket","attachment":"bucket2"},{"name":"water02","bone":"water02"},{"name":"ice3","bone":"ice3","attachment":"ice3"},{"name":"ice2","bone":"ice2"},{"name":"ice4","bone":"ice4"},{"name":"ice5","bone":"ice5"},{"name":"ice6","bone":"ice6"},{"name":"bucket","bone":"bucket","attachment":"bucket"},{"name":"fx2","bone":"fx2"},{"name":"fx3","bone":"fx3"},{"name":"fx4","bone":"fx4"},{"name":"star","bone":"bone"}],"skins":[{"name":"default","attachments":{"bucket":{"bucket":{"x":-0.14,"y":14.22,"width":127,"height":124}},"bucket2":{"bucket2":{"x":0.58,"y":63.61,"width":107,"height":31}},"eye":{"eye":{"width":39,"height":39}},"eye2":{"eye":{"width":39,"height":39}},"fx01":{"fx01":{"x":-0.15,"y":0.59,"width":13,"height":12}},"fx1":{"fx01":{"x":-0.15,"y":0.59,"width":13,"height":12}},"fx2":{"fx01":{"x":-0.15,"y":0.59,"width":13,"height":12}},"fx3":{"fx01":{"x":-0.15,"y":0.59,"width":13,"height":12}},"fx4":{"fx01":{"x":-0.15,"y":0.59,"width":13,"height":12}},"ice":{"ice":{"x":0.2,"y":-0.1,"width":102,"height":103}},"ice2":{"ice2":{"x":-1.34,"y":0.04,"width":24,"height":25}},"ice3":{"ice3":{"x":-1.05,"y":2,"width":84,"height":25}},"ice4":{"ice2":{"x":-1.34,"y":0.04,"width":24,"height":25}},"ice5":{"ice2":{"x":-1.34,"y":0.04,"width":24,"height":25}},"ice6":{"ice2":{"x":-1.34,"y":0.04,"width":24,"height":25}},"star":{"star":{"width":67,"height":64}},"water01":{"water01":{"x":59.08,"y":1.94,"rotation":90,"width":124,"height":130}},"water1":{"water01":{"x":59.08,"y":-0.81,"scaleX":-1,"rotation":90,"width":124,"height":130}},"water02":{"water02":{"x":54.48,"y":8.49,"rotation":58.44,"width":83,"height":83},"water03":{"x":58.28,"y":10.85,"rotation":58.44,"width":91,"height":87}},"water04":{"water04":{"x":-0.98,"y":9.37,"width":172,"height":66}},"water4":{"water04":{"x":-0.98,"y":9.37,"scaleX":-1,"width":172,"height":66}},"water05":{"water05":{"x":-2.62,"y":6.92,"width":118,"height":31}},"water5":{"water05":{"x":-2.62,"y":6.92,"scaleX":-1,"width":118,"height":31}}}}],"animations":{"fly":{"bones":{"bucket":{"translate":[{"x":169.2,"y":54.89}]},"ice3":{"rotate":[{},{"time":0.0667,"angle":2},{"time":0.2,"angle":-2.11},{"time":0.2667}],"translate":[{},{"time":0.0667,"x":1.06,"y":-0.01},{"time":0.2,"x":-0.47,"y":-0.15},{"time":0.2667}]}}},"poshui":{"slots":{"bucket":{"color":[{"time":1.0333,"color":"ffffffff"},{"time":1.2,"color":"ffffff00"}],"attachment":[{"time":1.2,"name":null}]},"bucket2":{"color":[{"time":1.0333,"color":"ffffffff"},{"time":1.2,"color":"ffffff00"}],"attachment":[{"time":1.2,"name":null}]},"eye":{"color":[{"time":2.1667,"color":"ffffffff"},{"time":2.3333,"color":"ffffff00"}],"attachment":[{"time":1,"name":"eye"},{"time":2.3333,"name":null}]},"eye2":{"color":[{"time":2.1667,"color":"ffffffff"},{"time":2.3333,"color":"ffffff00"}],"attachment":[{"time":1,"name":"eye"},{"time":2.3333,"name":null}]},"fx01":{"color":[{"time":0.5,"color":"ffffffff"},{"time":0.8333,"color":"ffffff00"}],"attachment":[{"time":0.3333,"name":"fx01"},{"time":0.8333,"name":null}]},"fx1":{"color":[{"time":0.6,"color":"ffffffff"},{"time":0.9333,"color":"ffffff00"}],"attachment":[{"time":0.4,"name":"fx01"},{"time":0.9333,"name":null}]},"fx2":{"color":[{"time":0.7667,"color":"ffffffff"},{"time":1,"color":"ffffff00"}],"attachment":[{"time":0.5,"name":"fx01"},{"time":1,"name":null}]},"fx3":{"color":[{"time":0.8333,"color":"ffffffff"},{"time":1.1667,"color":"ffffff00"}],"attachment":[{"time":0.6667,"name":"fx01"},{"time":1.1667,"name":null}]},"fx4":{"color":[{"time":1,"color":"ffffffff"},{"time":1.3333,"color":"ffffff00"}],"attachment":[{"time":0.8333,"name":"fx01"},{"time":1.3333,"name":null}]},"ice":{"color":[{"time":2.1667,"color":"ffffffff"},{"time":2.3333,"color":"ffffff00"}],"attachment":[{"time":1,"name":"ice"},{"time":2.3333,"name":null}]},"ice3":{"color":[{"time":0.3333,"color":"ffffffff"},{"time":0.4,"color":"ffffff00"}],"attachment":[{"time":0.4,"name":null},{"time":1.1,"name":"ice3"},{"time":2.3333,"name":null}]},"star":{"attachment":[{"time":1.2333,"name":"star"},{"time":1.5,"name":null},{"time":1.5667,"name":"star"},{"time":1.8333,"name":null},{"time":1.9,"name":"star"},{"time":2.1667,"name":null}]},"water01":{"color":[{"time":1.0333,"color":"ffffffff"},{"time":1.3,"color":"ffffff00"}],"attachment":[{"time":0.3,"name":"water01"},{"time":0.3667,"name":null},{"time":0.4333,"name":"water01"},{"time":0.5,"name":null},{"time":0.5667,"name":"water01"},{"time":0.6333,"name":null},{"time":0.7,"name":"water01"},{"time":0.7667,"name":null},{"time":0.8333,"name":"water01"},{"time":0.9,"name":null},{"time":0.9667,"name":"water01"},{"time":1.0333,"name":null},{"time":1.1,"name":"water01"},{"time":1.1667,"name":null},{"time":1.2333,"name":"water01"},{"time":1.3,"name":null}]},"water1":{"color":[{"time":1.0333,"color":"ffffffff"},{"time":1.3,"color":"ffffff00"}],"attachment":[{"time":0.3667,"name":"water01"},{"time":0.4333,"name":null},{"time":0.5,"name":"water01"},{"time":0.5667,"name":null},{"time":0.6333,"name":"water01"},{"time":0.7,"name":null},{"time":0.7667,"name":"water01"},{"time":0.8333,"name":null},{"time":0.9,"name":"water01"},{"time":0.9667,"name":null},{"time":1.0333,"name":"water01"},{"time":1.1,"name":null},{"time":1.1667,"name":"water01"},{"time":1.2333,"name":null}]},"water02":{"color":[{"time":0.6333,"color":"ffffffff"},{"time":0.7333,"color":"ffffff00"}],"attachment":[{"time":0.2333,"name":"water02"},{"time":0.3,"name":"water03"},{"time":0.3667,"name":"water02"},{"time":0.4333,"name":"water03"},{"time":0.5,"name":"water02"},{"time":0.5667,"name":"water03"},{"time":0.6333,"name":"water02"},{"time":0.7,"name":"water03"},{"time":0.7333,"name":null}]},"water04":{"color":[{"time":0.5333,"color":"ffffffff"},{"time":0.6333,"color":"ffffff00"},{"time":0.7,"color":"ffffffff","curve":"stepped"},{"time":0.7667,"color":"ffffffff"},{"time":0.8667,"color":"ffffff00"},{"time":0.9333,"color":"ffffffff","curve":"stepped"},{"time":1,"color":"ffffffff"},{"time":1.1,"color":"ffffff00"},{"time":1.1667,"color":"ffffffff"},{"time":1.3333,"color":"ffffff00"}],"attachment":[{"time":0.4667,"name":"water04"},{"time":0.6333,"name":null},{"time":0.7,"name":"water04"},{"time":0.8667,"name":null},{"time":0.9333,"name":"water04"},{"time":1.1,"name":null},{"time":1.1667,"name":"water04"},{"time":1.3333,"name":null}]},"water4":{"color":[{"time":0.6,"color":"ffffffff"},{"time":0.7,"color":"ffffff00"},{"time":0.7667,"color":"ffffffff","curve":"stepped"},{"time":0.8333,"color":"ffffffff"},{"time":0.9333,"color":"ffffff00"},{"time":1,"color":"ffffffff","curve":"stepped"},{"time":1.0667,"color":"ffffffff"},{"time":1.1667,"color":"ffffff00"}],"attachment":[{"time":0.5333,"name":"water04"},{"time":0.7,"name":null},{"time":0.7667,"name":"water04"},{"time":0.9333,"name":null},{"time":1,"name":"water04"},{"time":1.1667,"name":null}]},"water05":{"attachment":[{"time":0.4667,"name":"water05"},{"time":0.7,"name":null},{"time":0.7333,"name":"water05"},{"time":0.9333,"name":null},{"time":0.9667,"name":"water05"},{"time":1.2,"name":null}]},"water5":{"attachment":[{"time":0.3,"name":"water05"},{"time":0.5333,"name":null},{"time":0.5667,"name":"water05"},{"time":0.7667,"name":null},{"time":0.8,"name":"water05"},{"time":1.0333,"name":null}]}},"bones":{"bucket":{"rotate":[{},{"time":0.2,"angle":-35.64},{"time":0.5333,"angle":-107.93},{"time":0.8667,"angle":-142.57},{"time":1.0333,"angle":-104.82},{"time":1.2,"angle":-70.58},{"time":2.3333}],"translate":[{},{"time":0.2,"x":15.8,"y":158.91},{"time":0.5333,"x":79.18,"y":222.9},{"time":0.8667,"x":118.97,"y":226.12},{"time":1.0333,"x":55.48,"y":233.27},{"time":1.2,"x":-9.15,"y":199.24},{"time":2.3333}]},"eye":{"scale":[{"time":1.4},{"time":1.4667,"y":0.072,"curve":"stepped"},{"time":1.5,"y":0.072},{"time":1.5667,"curve":"stepped"},{"time":1.6333},{"time":1.7,"y":0.072,"curve":"stepped"},{"time":1.7333,"y":0.072},{"time":1.8}]},"eye2":{"scale":[{"time":1.4},{"time":1.4667,"y":0.072,"curve":"stepped"},{"time":1.5,"y":0.072},{"time":1.5667,"curve":"stepped"},{"time":1.6333},{"time":1.7,"y":0.072,"curve":"stepped"},{"time":1.7333,"y":0.072},{"time":1.8}]},"fx01":{"translate":[{"time":0.3333,"x":-132.65,"y":94.33},{"time":0.5,"x":-49.37,"y":56.74},{"time":0.8333,"x":-19.16,"y":-13.26}]},"fx1":{"translate":[{"time":0.4,"x":-147.39,"y":75.17},{"time":0.6,"x":-189.4,"y":27.26},{"time":0.9333,"x":-210.04,"y":-79.59}],"scale":[{"time":0.4,"x":0.436,"y":0.436}]},"fx2":{"translate":[{"time":0.5,"x":-123.81,"y":89.91},{"time":0.6667,"x":-107.43,"y":51.42},{"time":1,"x":-88.59,"y":-11.64}]},"fx3":{"translate":[{"time":0.6667,"x":-143.32,"y":72.07},{"time":0.8333,"x":-167.89,"y":-0.81},{"time":1.1667,"x":-176.9,"y":-96.64}],"scale":[{"time":0.6667,"x":0.739,"y":0.739},{"time":1.1667,"x":1.086,"y":1.086}]},"fx4":{"translate":[{"time":0.8333,"x":-116.29,"y":89.27},{"time":1,"x":-99.09,"y":-10.64},{"time":1.3333,"x":-81.08,"y":-153.15}],"scale":[{"time":0.8333,"x":0.639,"y":0.639},{"time":1.3333,"x":1.005,"y":1.005}]},"ice":{"translate":[{"time":1},{"time":2.3333,"y":-3.73}],"scale":[{"time":1},{"time":2.3333,"y":1.13}]},"ice2":{"rotate":[{"time":0.5667},{"time":0.7667,"angle":-149.78},{"time":0.9333,"angle":116.15}],"translate":[{"time":0.5667,"x":-137.54,"y":99.95},{"time":0.7667,"x":-150.38,"y":-98.11},{"time":0.8667,"x":-176.98,"y":-77.02},{"time":0.9333,"x":-178.81,"y":-125.62}]},"ice3":{"rotate":[{"time":0.2},{"time":0.3,"angle":12.54},{"time":0.4,"angle":13.79}],"translate":[{"time":0.2,"y":-1.67},{"time":0.4,"x":54.96,"y":13.23}]},"ice4":{"rotate":[{"time":0.4667,"angle":-132.03},{"time":0.7667,"angle":126.84},{"time":0.8333,"angle":35.02}],"translate":[{"time":0.4667,"x":-124.71,"y":112.79},{"time":0.6667,"x":-110.95,"y":-98.11},{"time":0.7667,"x":-88.94,"y":-75.19},{"time":0.8333,"x":-49.51,"y":-114.62}],"scale":[{"time":0.4667,"x":0.905,"y":0.905}]},"ice5":{"rotate":[{"time":0.3667,"angle":-153.61},{"time":0.5667,"angle":117.73},{"time":0.7333,"angle":5.37}],"translate":[{"time":0.3667,"x":-117.37,"y":105.45},{"time":0.5667,"x":-55.93,"y":-99.03},{"time":0.6667,"x":-30.26,"y":-83.44},{"time":0.7333,"x":-7.33,"y":-103.62}],"scale":[{"time":0.3667,"x":0.618,"y":0.618}]},"ice6":{"rotate":[{"time":0.3,"angle":-123.92},{"time":0.5,"angle":126.53},{"time":0.6333,"angle":5.19}],"translate":[{"time":0.3,"x":-148.91,"y":110.76},{"time":0.5,"x":-181.58,"y":-79.8},{"time":0.5667,"x":-210.98,"y":-52.58},{"time":0.6333,"x":-250.19,"y":-87.42}]},"bone":{"rotate":[{"time":1.2333},{"time":1.5,"angle":-133.11},{"time":1.5667},{"time":1.8333,"angle":-133.11},{"time":1.9},{"time":2.1667,"angle":-133.11}],"translate":[{"time":1.2333,"x":-112.1,"y":-8.42,"curve":"stepped"},{"time":1.5,"x":-112.1,"y":-8.42},{"time":1.5667,"x":-34.34,"y":-94.6,"curve":"stepped"},{"time":1.8333,"x":-34.34,"y":-94.6},{"time":1.9,"x":-31.75,"y":-14.9}],"scale":[{"time":1.2333,"x":0.39,"y":0.39},{"time":1.3667},{"time":1.5,"x":0.39,"y":0.39,"curve":"stepped"},{"time":1.5667,"x":0.39,"y":0.39},{"time":1.7},{"time":1.8333,"x":0.39,"y":0.39,"curve":"stepped"},{"time":1.9,"x":0.39,"y":0.39},{"time":2.0333},{"time":2.1667,"x":0.39,"y":0.39}]},"water01":{"translate":[{"time":1.0333},{"time":1.3,"y":-86.29}],"scale":[{"time":0.3,"x":0.01,"y":0.583},{"time":0.3667,"x":0.677,"y":0.878},{"time":0.4333,"x":1.344,"curve":"stepped"},{"time":1.0333,"x":1.344},{"time":1.3,"x":0.702,"y":0.862}]},"water02":{"rotate":[{"time":0.2333,"angle":35.5},{"time":0.3,"angle":5.67},{"time":0.5},{"time":0.7333,"angle":-4.3}],"translate":[{"time":0.2333,"x":-50.93,"y":14.93},{"time":0.3,"x":-6.53},{"time":0.5},{"time":0.7333,"x":9.8,"y":-19.61}],"scale":[{"time":0.2333,"x":0.615,"y":0.5},{"time":0.3,"y":0.911},{"time":0.5},{"time":0.7333,"x":0.802,"y":0.839}]},"water04":{"scale":[{"time":0.4667},{"time":0.6333,"x":1.201,"y":1.201},{"time":0.7},{"time":0.8667,"x":1.201,"y":1.201},{"time":0.9333},{"time":1.1,"x":1.201,"y":1.201},{"time":1.1667},{"time":1.3333,"x":1.201,"y":1.201}]},"water4":{"scale":[{"time":0.5333},{"time":0.7,"x":1.201,"y":1.201},{"time":0.7667},{"time":0.9333,"x":1.201,"y":1.201},{"time":1},{"time":1.1667,"x":1.201,"y":1.201}]},"water5":{"translate":[{"time":0.4667,"x":1.05,"y":39.59},{"time":0.7,"x":3.9,"y":-111.77},{"time":0.7333,"x":1.05,"y":39.59},{"time":0.9333,"x":3.9,"y":-111.77},{"time":0.9667,"x":1.05,"y":39.59},{"time":1.2,"x":3.9,"y":-111.77}],"scale":[{"time":0.4667,"x":0.779,"y":0.676},{"time":0.7,"x":1.254,"y":1.254},{"time":0.7333,"x":0.779,"y":0.676},{"time":0.9333,"x":1.254,"y":1.254},{"time":0.9667,"x":0.779,"y":0.676},{"time":1.2,"x":1.254,"y":1.254}]},"water6":{"translate":[{"time":0.3,"x":1.05,"y":39.59},{"time":0.5333,"x":3.9,"y":-111.77},{"time":0.5667,"x":1.05,"y":39.59},{"time":0.7667,"x":3.9,"y":-111.77},{"time":0.8,"x":1.05,"y":39.59},{"time":1.0333,"x":3.9,"y":-111.77}],"scale":[{"time":0.3,"x":0.779,"y":0.676},{"time":0.5333,"x":1.254,"y":1.254},{"time":0.5667,"x":0.779,"y":0.676},{"time":0.7667,"x":1.254,"y":1.254},{"time":0.8,"x":0.779,"y":0.676},{"time":1.0333,"x":1.254,"y":1.254}]}}}}}