{"importBase":"import","nativeBase":"native","name":"main","deps":["resources"],"uuids":["2e8NqqQINPuKPjvrWn0FXb","54T7HpaidGRqiUmh/yfCzz","73BUn6bONG3Y7pWitA37pt","78v+n272lFN7uADQ7ZpT3y","e80NcHd5lCrrTEDYvgPZax","e9KjW1Lx1A86oJetA2dtKO","f2P9Umz7RAKY5+2BJPZO+l","03EsQcRqFBj4lBENNITzhC","0aEywwGXNC8ZHFZ6NDcmtq","0b0xjPWlFAVq0VmFJ5unMQ","0eRBIrq9dHCqMgOJF4WAPc","11vcSwZKhOt6Knn7niM+l3","18A2MX1a1Hp7wO7HiUN0cP","19hfA7J1JHvLbgzM0Z0Bb8","1a800Gf1tNVppDcIIE2Nt3","1c1WG8X2BE4IT4H0EFE1GV","1dgcNa5bBAdpuW+b9QYn9E","1f066ecc9","1fl1b4vW5Ip7mIFDmZ+k7l","259WfOS7tHl57GqCSPBjcK","27QNLUhwNKoJt76Bn9OpWH","2c521HD/hI64o4axcXDcN4","2fK+8arSVMMpMIMU7v6kVt","34CF5VWehJGLJSAmhwyi/g","39Uif9vwBDub88DYhNWj/b","3cFPEHSylEL6y+wz+/tvml","3dHIGI2sVLCqntralMGxZF","47a6LCXmNH6Zt4bOUlZIJx","48Mm2u+KxBiKJUgNilFzr7","4bK/SjX0RDaIBPaOG1QTMu","4f1pZvYYJJXp5baxuRgn/Y","5f0SRy9S1EEox7j6rCy6pF","6ad4g5eCxCZqJQiLy2fOq9","6by57tF8VK2rGvUOUn0Lxa","6colKdavNCCLZZpblYtnz8","71XiMJfmpInqOg1iYGfM+u","74zMsjX3lGj62UKWw3LjuT","75TWwsrNdHQ4hRT6LEN0re","75roTOulhB67TwHKV5E9d0","76p8XhaGxMHLrfYP5sZdYl","7aYppUCYpEuJ7uKI7ErZ6a","7bL0BEfR1DW7oCPjDD3XmS","7dIdxIi8pNd5P1oFYDyofS","8278wBbDRGjIInMMQlPnUU","83ZfalSuxP3r3SadI7W4D2","89OqtuCL5PQoj9JFfWXrcR","8dcHjukiRMl4pSXcXGiGu5","8fhQlcCK5DjIwRCEhDG8om","93EqSj1UBEf4Zs9kqSlH6a","95RFtESt5Cp7YY/zAqjcAd","98jtmH1fJP17HpgEEBu0NQ","989RFLCRRO0pcSMCaY6/sZ","9eX0CUPBpHipPSBwTcDij4","a4iLj8KK1EeIWiZ2EvEPjo","a8ZajNkxlLX5KcZjBjfhnf","aa5FcRzzpJ6YDXX6I8Qarm","aa9hMJytxJELgsdkrR+Ly1","aclojLyQpLAoQcsKeG3aGU","b6LlTjsjhJLbZDc455t5TR","b7Y7TvJ1REJpT3ftlu7BSg","baIUdvKGZPgZxNbjWTFuRI","bcJk2cPo5PIYVLNh7XxuQv","c10aQI9QVCrbx+7I3z1BSE","c3A9Xy0CJNhbzplj/pJEtk","c4oLi59NREQ7+5iXy6laLz","c5Lg62VOBMh5ghpcjr4ROQ","c5Rosn/z5Mp48iaUtGxg0M","c6J/hD3+lPwI6Vjusykbay","c6LwSzBE9EWphfzwku4R27","c7tF4hetRHc5wVk0W+vp8X","c8fENYK2dKBacq20vcQFOo","d2WlLv9oNJmqxbsV2VBJD8","d5Pw1aiZpJs6ZIx6yWba/4","d6+YznK2xGB419rCrqJnZ+","d8+MyVYs1BToc1aCbwxZwC","dcGiMk4yVG1Z17zPD37Ksk","ddOBDwKQ1MAojPCmtgXCnj","dfIR5itY9CHLBZnPWx47bp","e0CofzVjRC/YB7cqyAJ2um","e8SnSKZLdHsa1MNexlShOL","ecTE1M8O1K1K4VEkDL+y4H","eesKUHy91PCI186CxpMqTt","f1KiPEuSRDIqJgPZgkKPHo","f2BvzbovtI0JJ6N8bVxfoM","f8L9RW34BBQJ6DLbag33RF","fcv7g6OR9DsK5JhBDPw1zk","fdjsU2o1RKF5x0TziDw3jI","014ef0fde","023bb9dd9","028e41509","02/5lydMRA8oJSutUzIbQf@f9941","03EsQcRqFBj4lBENNITzhC@6c48a","03EsQcRqFBj4lBENNITzhC@f9941","03264eab8","03301a28b","036b44f43","05fb6e0a0","09c56b884","0aEywwGXNC8ZHFZ6NDcmtq@6c48a","0aEywwGXNC8ZHFZ6NDcmtq@f9941","0a4656b53","0a9f053d6","0b1497846","0b1d38fe3","0b908e117","0bcf09705","0b0xjPWlFAVq0VmFJ5unMQ@6c48a","0b0xjPWlFAVq0VmFJ5unMQ@f9941","0dacebb21","0eRBIrq9dHCqMgOJF4WAPc@6c48a","0eRBIrq9dHCqMgOJF4WAPc@f9941","11GcVtnk9HY5wanGbtdr1w","11vcSwZKhOt6Knn7niM+l3@6c48a","11vcSwZKhOt6Knn7niM+l3@f9941","127W1fMB9JN5lPIu9PPOuj@f9941","170faPuu1MzrnPC+zw9NKt@f9941","18A2MX1a1Hp7wO7HiUN0cP@6c48a","18A2MX1a1Hp7wO7HiUN0cP@f9941","18mC/+QB5MOI63e0fq1OvR","19hfA7J1JHvLbgzM0Z0Bb8@6c48a","19hfA7J1JHvLbgzM0Z0Bb8@f9941","1a800Gf1tNVppDcIIE2Nt3@6c48a","1a800Gf1tNVppDcIIE2Nt3@f9941","1c1WG8X2BE4IT4H0EFE1GV@6c48a","1c1WG8X2BE4IT4H0EFE1GV@f9941","1dgcNa5bBAdpuW+b9QYn9E@6c48a","1dgcNa5bBAdpuW+b9QYn9E@f9941","1eEb7gFpRJRqNzLECy3g4M@f9941","1f066ecc9@6c48a","20YzUl2n9NQ4Wdt4CJXLM7@f9941","20g1ukYUVPvKWKBRznAKo+@f9941","259WfOS7tHl57GqCSPBjcK@6c48a","259WfOS7tHl57GqCSPBjcK@f9941","27QNLUhwNKoJt76Bn9OpWH@6c48a","27QNLUhwNKoJt76Bn9OpWH@f9941","28x+RWRCBPrJuQZHBQslY2@f9941","293ULKSQBNPaG0dqivhZAD@f9941","2aEE8H8UdGBJucCQi/18nu@f9941","2byDUhRw5E56UJje3uOKCo","2b5NrrUwhIN6I6gHxPY+a6","2c521HD/hI64o4axcXDcN4@6c48a","2c521HD/hI64o4axcXDcN4@f9941","2fK+8arSVMMpMIMU7v6kVt@6c48a","2fK+8arSVMMpMIMU7v6kVt@f9941","32PZN4MlFEN7KY+w15Dmbw@f9941","34CF5VWehJGLJSAmhwyi/g@6c48a","34CF5VWehJGLJSAmhwyi/g@f9941","39Uif9vwBDub88DYhNWj/b@6c48a","39Uif9vwBDub88DYhNWj/b@f9941","393CdjrXdE/ajrCX8tNcJU@f9941","3cFPEHSylEL6y+wz+/tvml@6c48a","3cFPEHSylEL6y+wz+/tvml@f9941","3dHIGI2sVLCqntralMGxZF@6c48a","3dHIGI2sVLCqntralMGxZF@f9941","41gNWCigdA3oaUpSnEuDNE","41ygQxVj5LQaGo4wZLVbx+","47a6LCXmNH6Zt4bOUlZIJx@6c48a","47a6LCXmNH6Zt4bOUlZIJx@f9941","48Mm2u+KxBiKJUgNilFzr7@6c48a","48Mm2u+KxBiKJUgNilFzr7@f9941","4bK/SjX0RDaIBPaOG1QTMu@6c48a","4bK/SjX0RDaIBPaOG1QTMu@f9941","4cVRKr8zdFPKtc9/OQGl7C","4dFd4I3x5FkqhVYucQ/07+","4fBpuML2lNLJtnEo2XLs/c@f9941","4f1pZvYYJJXp5baxuRgn/Y@6c48a","4f1pZvYYJJXp5baxuRgn/Y@f9941","52Cv77UspApoAxQHMLLeiP@f9941","54TknWPwVPqJqeCR+Y/Czo@f9941","5cBnF0VatMdYWZtUlynvWf@f9941","5f0SRy9S1EEox7j6rCy6pF@6c48a","5f0SRy9S1EEox7j6rCy6pF@f9941","6ad4g5eCxCZqJQiLy2fOq9@6c48a","6ad4g5eCxCZqJQiLy2fOq9@f9941","6by57tF8VK2rGvUOUn0Lxa@6c48a","6by57tF8VK2rGvUOUn0Lxa@f9941","6colKdavNCCLZZpblYtnz8@6c48a","6colKdavNCCLZZpblYtnz8@f9941","6dCt2tBbpG8r3QgVCx4qpF@f9941","6de8S0ehhMp7Gr8pL/9Mtb@f9941","6e8jpIdJpHsZsbxnnLW928","71XiMJfmpInqOg1iYGfM+u@6c48a","71XiMJfmpInqOg1iYGfM+u@f9941","731sprJ6VEqq2SKt7CtmCj@f9941","74zMsjX3lGj62UKWw3LjuT@6c48a","74zMsjX3lGj62UKWw3LjuT@f9941","75TWwsrNdHQ4hRT6LEN0re@6c48a","75TWwsrNdHQ4hRT6LEN0re@f9941","75roTOulhB67TwHKV5E9d0@6c48a","75roTOulhB67TwHKV5E9d0@f9941","76WT/ZYcFGu6J1iC03wYNl@f9941","76p8XhaGxMHLrfYP5sZdYl@6c48a","76p8XhaGxMHLrfYP5sZdYl@f9941","7aYppUCYpEuJ7uKI7ErZ6a@6c48a","7aYppUCYpEuJ7uKI7ErZ6a@f9941","7bL0BEfR1DW7oCPjDD3XmS@6c48a","7bL0BEfR1DW7oCPjDD3XmS@f9941","7dIdxIi8pNd5P1oFYDyofS@6c48a","7dIdxIi8pNd5P1oFYDyofS@f9941","7dj5uJT9FMn6OrOOx83tfK@f9941","7fl1VTfI9IRpBOjaYIhdJI@f9941","8278wBbDRGjIInMMQlPnUU@6c48a","8278wBbDRGjIInMMQlPnUU@f9941","83ZfalSuxP3r3SadI7W4D2@6c48a","83ZfalSuxP3r3SadI7W4D2@f9941","84gyRG/EZKi4kvLmwGVGmu@f9941","89OqtuCL5PQoj9JFfWXrcR@6c48a","89OqtuCL5PQoj9JFfWXrcR@f9941","8clRQnfNNHCJLZPDZ6e7r8","8dcHjukiRMl4pSXcXGiGu5@6c48a","8dcHjukiRMl4pSXcXGiGu5@f9941","8fhQlcCK5DjIwRCEhDG8om@6c48a","8fhQlcCK5DjIwRCEhDG8om@f9941","95EkngnxZFbYuFpsqVTaFr@f9941","95RFtESt5Cp7YY/zAqjcAd@6c48a","95RFtESt5Cp7YY/zAqjcAd@f9941","98jtmH1fJP17HpgEEBu0NQ@6c48a","98jtmH1fJP17HpgEEBu0NQ@f9941","989RFLCRRO0pcSMCaY6/sZ@6c48a","989RFLCRRO0pcSMCaY6/sZ@f9941","99kSrvxgRFxaWspTlbW1Va","99t+H++RVO3q+lpyS4t8x6","9cEFLMJxJER6IbyCPzGdnm@f9941","9eX0CUPBpHipPSBwTcDij4@6c48a","9eX0CUPBpHipPSBwTcDij4@f9941","a21h/+NzFKJ5WrU5SMw7WW","a3M5fr6UJHzqiDdloscGQt","a4iLj8KK1EeIWiZ2EvEPjo@6c48a","a4iLj8KK1EeIWiZ2EvEPjo@f9941","a8ZajNkxlLX5KcZjBjfhnf@6c48a","a8ZajNkxlLX5KcZjBjfhnf@f9941","aa5FcRzzpJ6YDXX6I8Qarm@6c48a","aa5FcRzzpJ6YDXX6I8Qarm@f9941","aa9hMJytxJELgsdkrR+Ly1@6c48a","aa9hMJytxJELgsdkrR+Ly1@f9941","aa+Xl4ZYlN656CxUK6ZLa3","aclojLyQpLAoQcsKeG3aGU@6c48a","aclojLyQpLAoQcsKeG3aGU@f9941","b2hvSd+m5Jb5GjavS4tVFt","b6LlTjsjhJLbZDc455t5TR@6c48a","b6LlTjsjhJLbZDc455t5TR@f9941","b7Y7TvJ1REJpT3ftlu7BSg@6c48a","b7Y7TvJ1REJpT3ftlu7BSg@f9941","b8vSL7yWdGz47P/IPerYBM@f9941","bcJk2cPo5PIYVLNh7XxuQv@6c48a","bcJk2cPo5PIYVLNh7XxuQv@f9941","c10aQI9QVCrbx+7I3z1BSE@6c48a","c10aQI9QVCrbx+7I3z1BSE@f9941","c3A9Xy0CJNhbzplj/pJEtk@6c48a","c3A9Xy0CJNhbzplj/pJEtk@f9941","c3lne2d0pGCIXBYkIM9CDm@f9941","c3/2H2yiVF2ZYXtK06xsPj","c4T1HLHZFG051D4PLN7CAW@f9941","c4oLi59NREQ7+5iXy6laLz@6c48a","c4oLi59NREQ7+5iXy6laLz@f9941","c5Lg62VOBMh5ghpcjr4ROQ@6c48a","c5Lg62VOBMh5ghpcjr4ROQ@f9941","c5Rosn/z5Mp48iaUtGxg0M@6c48a","c5Rosn/z5Mp48iaUtGxg0M@f9941","c6AH+GFrxO94nt8pfiu/4Q@f9941","c6J/hD3+lPwI6Vjusykbay@6c48a","c6J/hD3+lPwI6Vjusykbay@f9941","c6LwSzBE9EWphfzwku4R27@6c48a","c6LwSzBE9EWphfzwku4R27@f9941","c7Z6vdUSxF1JiKEqaQP8Dx@f9941","c7tF4hetRHc5wVk0W+vp8X@6c48a","c7tF4hetRHc5wVk0W+vp8X@f9941","c8fENYK2dKBacq20vcQFOo@6c48a","c8fENYK2dKBacq20vcQFOo@f9941","d2WlLv9oNJmqxbsV2VBJD8@6c48a","d2WlLv9oNJmqxbsV2VBJD8@f9941","d5Pw1aiZpJs6ZIx6yWba/4@6c48a","d5Pw1aiZpJs6ZIx6yWba/4@f9941","d6+YznK2xGB419rCrqJnZ+@6c48a","d6+YznK2xGB419rCrqJnZ+@f9941","d8+MyVYs1BToc1aCbwxZwC@6c48a","d8+MyVYs1BToc1aCbwxZwC@f9941","d9v3fnufhEJ6SBKSOoAG68@f9941","dbacvYFRdH67iztMvefFO8","dcGiMk4yVG1Z17zPD37Ksk@6c48a","dcGiMk4yVG1Z17zPD37Ksk@f9941","ddOBDwKQ1MAojPCmtgXCnj@6c48a","ddOBDwKQ1MAojPCmtgXCnj@f9941","ddPt3CeHdDgKAxW2+pHu2Z","dfCTgVompDwZZgKD9B2LAY@f9941","dfIR5itY9CHLBZnPWx47bp@6c48a","dfIR5itY9CHLBZnPWx47bp@f9941","e0CofzVjRC/YB7cqyAJ2um@6c48a","e0CofzVjRC/YB7cqyAJ2um@f9941","e11lqAoYlB6Y4n3umww3wK@f9941","e2Y4zNzHRF/b5LWdLVt36+@f9941","e28RDkGfxIG4CKPAZgK1+K","e7Y4ycydREAoio4XnnVWLD","e8SnSKZLdHsa1MNexlShOL@6c48a","e8SnSKZLdHsa1MNexlShOL@f9941","ecTE1M8O1K1K4VEkDL+y4H@6c48a","ecTE1M8O1K1K4VEkDL+y4H@f9941","efGBqlUhVLcaJyGzgHDCvp@f9941","f1KiPEuSRDIqJgPZgkKPHo@6c48a","f1KiPEuSRDIqJgPZgkKPHo@f9941","f2BvzbovtI0JJ6N8bVxfoM@6c48a","f2BvzbovtI0JJ6N8bVxfoM@f9941","f4U4QQEyBOmqlFREphs8ox@f9941","f5EXhgHW9Eqbyrx+MZJiyS@f9941","f8L9RW34BBQJ6DLbag33RF@6c48a","f8L9RW34BBQJ6DLbag33RF@f9941","f9tVgR1pdDu57+ZGzXDYZ6","fcv7g6OR9DsK5JhBDPw1zk@6c48a","fcv7g6OR9DsK5JhBDPw1zk@f9941","ffBy5GR8tKpLoNw+VJXIYY"],"paths":{"0":["db:/assets/load/loadScene",0,1],"1":["db:/assets/lobby/lobbyScene",0,1],"2":["db:/assets/lobby/lobbyScenePC",0,1],"3":["db:/assets/launcher/launcherScene",0,1],"4":["db:/assets/load/loadScenePC",0,1],"5":["db:/assets/launcher/launcherScenePC",0,1],"6":["db:/assets/test/nineCardsGameScene",0,1],"60":["db:/internal/physics/default-physics-material",2,1],"86":["db:/internal/default_renderpipeline/builtin-forward",1,1]},"scenes":{"db://assets/launcher/launcherScene.scene":3,"db://assets/launcher/launcherScenePC.scene":5,"db://assets/load/loadScene.scene":0,"db://assets/load/loadScenePC.scene":4,"db://assets/lobby/lobbyScene.scene":1,"db://assets/lobby/lobbyScenePC.scene":2,"db://assets/test/nineCardsGameScene.scene":6},"packs":{"014ef0fde":[139,294],"023bb9dd9":[210,212,221,240,249,288,305],"028e41509":[98,106,109,121,123,125,128,140,142,150,152,160,165,170,172,174,176,193,195,197,209,211,223,112,131,184,188,191,201,218,91,156,181,186,206,216,119,133,203,145,158,214,147,116,227,229,231,233,236,239,241,244,246,253,265,255,262,267,248,260,257,273,275,269,271,279,281,285,287,293,295,298,304,300,307],"03264eab8":[0,175,276,286],"03301a28b":[151,154,192,296],"036b44f43":[162,180,2,225],"05fb6e0a0":[99,107,120,122,126,132,148,157,159,182,189,194,196,204,207,219,224,234,247,258,270,272,274,280,301,6,308],"09c56b884":[90,114,115,127,18,135,136,137,144,164,167,169,178,179,183,190,200,205,222,243,250,252,259,264,277,284,289,290,297,302,303],"0a4656b53":[92,111,18,138,153,155,163,251,283,292,299],"0a9f053d6":[118,198,261,282],"0b1497846":[113,141,208,242],"0b1d38fe3":[110,117,124,134,146,161,1,171,185,215,217,220,226,228,237,245,254,256,278,306,309],"0b908e117":[166,173,230,235,266,268],"0bcf09705":[143,177,187,202,232,238,263,291],"0dacebb21":[3,81]},"versions":{"import":[87,"e5891",88,"c1f95",89,"c3f73",7,"a2533",93,"368be",94,"8e2f7",95,"19918",96,"dbeb8",97,"494b9",8,"a2533",100,"44789",101,"fa176",102,"061f6",103,"b1a71",104,"25cb8",105,"fcea1",9,"a2533",108,"28da0",10,"a2533",11,"a2533",12,"a2533",13,"a2533",14,"a2533",15,"a2533",16,"a2533",17,"fddc3",19,"a2533",20,"a2533",21,"a2533",22,"a2533",23,"a2533",24,"c16a8",25,"a2533",26,"a2533",27,"a2533",28,"c16a8",29,"a2533",30,"a2533",31,"a2533",32,"a2533",33,"a2533",34,"a2533",35,"a2533",36,"a2533",37,"a2533",38,"a2533",39,"a2533",40,"a2533",41,"a2533",42,"a2533",43,"a2533",44,"a2533",45,"a2533",46,"a2533",47,"a2533",48,"8a2aa",49,"a2533",50,"a2533",51,"c16a8",52,"a2533",53,"a2533",54,"a2533",55,"a2533",56,"a2533",57,"a2533",58,"a2533",59,"a2533",60,"8bce7",61,"a2533",62,"a2533",63,"a2533",64,"a2533",65,"a2533",66,"a2533",67,"a2533",68,"a2533",69,"a2533",70,"a2533",71,"a2533",72,"a2533",73,"a2533",74,"a2533",75,"a2533",76,"a2533",77,"a2533",78,"a2533",79,"a2533",4,"70eb2",5,"e0392",80,"a2533",82,"a2533",83,"a2533",84,"a2533",85,"a2533",86,"731f4"],"native":[7,"2b2b0",8,"060c0",9,"2007e",10,"e7b43",11,"65417",12,"e66af",13,"e3467",14,"e843b",15,"4dbaa",16,"cee89",17,"94df2",19,"8f73e",20,"92f9b",21,"e74cb",22,"ef622",23,"10ac2",24,"23bac",25,"beee7",26,"dd45f",27,"d8a35",28,"abfc9",29,"99f40",30,"ec8d0",31,"f8183",32,"b2f36",33,"a734a",34,"25cb6",35,"be4da",36,"99492",37,"f43c3",38,"e1d58",39,"53bf2",40,"282bc",41,"98c78",42,"e5061",43,"a9aab",44,"41e55",45,"301be",46,"d4351",47,"31b11",49,"4aedf",50,"5c86c",51,"5fd94",52,"485d9",53,"9f37e",54,"50946",55,"f2f1e",56,"331e9",57,"e9baf",58,"1dd65",59,"f8418",61,"fb049",62,"65171",63,"06564",64,"cd48d",65,"4886b",66,"1004d",67,"1e9ce",68,"d28b5",69,"67bb3",70,"a84fb",71,"a54e8",72,"78c49",73,"65937",74,"3316f",75,"b68bc",76,"6864f",77,"88eed",78,"fb92c",79,"961f0",80,"70706",81,"90dab",82,"5f1d9",83,"1878d",84,"b5163",85,"addf5"]},"redirect":[129,"0",130,"0",149,"0",168,"0",199,"0",213,"0"],"debug":false,"extensionMap":{".cconb":[48]},"hasPreloadScript":true,"dependencyRelationships":{},"types":["cc.SceneAsset","cc.RenderPipeline","cc.PhysicsMaterial"]}