[1,["det4+VA+pNnILw2KBto15G@f9941","20g1ukYUVPvKWKBRznAKo+@f9941","54TknWPwVPqJqeCR+Y/Czo@f9941","95EkngnxZFbYuFpsqVTaFr@f9941","10xnJmL5FMVIOvso5/drZW@f9941","55+jZHA31BwKl+ljQ2ggxe@f9941","89Wqux7l9M/7PokgavQWTl@f9941","15rsA8VhFKFpBosiNwb4qb@6c48a","7dj5uJT9FMn6OrOOx83tfK@f9941","f7J1uPEMlH45fJNvZJpprm@f9941","adV/Mog+dHSrJq3SZ078NP@f9941","e7vlsR7oVOBo300IniKsoZ@f9941","81GHAJmdxJhbiPHUO367vz@f9941","15rsA8VhFKFpBosiNwb4qb@f9941"],["node","_spriteFrame","_parent","_target","_normalSprite","_hoverSprite","_pressedSprite","_disabledSprite","_textureSource","root","flyRoundTipNode","flyingCardRoundLabel","roundToggle","setRoundLabel","setRoundPanel","flyCardInfoNode","data"],[["cc.Node",["_name","_layer","_active","_objFlags","_components","_prefab","_parent","_children","_lpos"],-1,9,4,1,2,5],["cc.Sprite",["_sizeMode","_type","node","__prefab","_spriteFrame","_color"],1,1,4,6,5],["cc.Node",["_name","_layer","_active","_objFlags","_parent","_components","_prefab","_children","_lpos"],-1,1,12,4,2,5],["cc.Label",["_string","_actualFontSize","_fontSize","_lineHeight","_overflow","_enableWrapText","_isBold","node","__prefab"],-4,1,4],["cc.UITransform",["node","__prefab","_contentSize","_anchorPoint"],3,1,4,5,5],["cc.Button",["_transition","node","__prefab","clickEvents","_target","_normalSprite","_hoverSprite","_pressedSprite","_disabledSprite","_normalColor"],2,1,4,9,1,6,6,6,6,5],["cc.PrefabInfo",["fileId","instance","nestedPrefabInstanceRoots","targetOverrides","root","asset"],-1,1,1],["cc.ClickEvent",["_componentId","handler","customEventData","target"],0,1],"cc.SpriteFrame",["cc.Prefab",["_name"],2],["cc.CompPrefabInfo",["fileId"],2],["2797eIOdUlJ54UxIpQ6HnC7",["node","__prefab","flyCardInfoNode","setRoundPanel","setRoundLabel","roundToggle","flyingCardRoundLabel","flyRoundTipNode"],3,1,4,1,1,1,1,1,1],["cc.Layout",["_resizeMode","_layoutType","_paddingTop","_paddingBottom","node","__prefab"],-1,1,4],["cc.Widget",["_alignFlags","node","__prefab"],2,1,4],["cc.ScrollView",["bounceDuration","brake","horizontal","node","__prefab","_content"],0,1,4,1],["cc.Mask",["node","__prefab"],3,1,4],["cc.Graphics",["node","__prefab","_fillColor"],3,1,4,5],["cc.BlockInputEvents",["node","__prefab"],3,1,4],["cc.Toggle",["_isChecked","node","__prefab","_normalColor","_target","_checkMark"],2,1,4,5,1,1]],[[10,0,2],[6,0,1,3,2,4,5,5],[4,0,1,2,1],[0,0,1,6,4,5,8,3],[0,0,1,6,7,4,5,8,3],[1,0,2,3,4,2],[13,0,1,2,2],[3,0,1,2,3,7,8,5],[5,0,1,2,3,2],[7,0,1,2,3,4],[0,0,1,7,4,5,8,3],[1,1,0,2,3,4,3],[1,2,3,4,1],[7,0,1,3,3],[3,0,1,2,4,5,7,8,6],[3,0,1,2,7,8,4],[0,0,1,7,4,5,3],[0,0,1,6,7,4,5,3],[0,0,1,6,4,5,3],[0,0,3,1,6,4,5,4],[4,0,1,1],[1,1,2,3,5,4,2],[5,0,1,2,3,9,4,5,6,7,8,2],[9,0,2],[0,0,2,1,6,7,4,5,4],[2,0,1,4,7,5,6,8,3],[2,0,2,1,4,7,5,6,4],[2,0,2,1,4,5,6,8,4],[2,0,3,1,4,5,6,4],[4,0,1,2,3,1],[11,0,1,2,3,4,5,6,7,1],[6,0,1,2,3,4,5,5],[1,1,0,2,3,3],[1,0,2,3,5,4,2],[1,0,2,3,2],[12,0,1,2,3,4,5,5],[5,0,1,2,3,4,5,6,7,8,2],[14,0,1,2,3,4,5,4],[15,0,1,1],[16,0,1,2,1],[3,0,1,2,6,7,8,5],[17,0,1,1],[18,0,1,2,3,4,5,2]],[[[{"name":"label_freehand_m","rect":{"x":1,"y":0,"width":686,"height":54},"offset":{"x":0,"y":0},"originalSize":{"width":688,"height":54},"rotated":false,"capInsets":[0,0,0,0],"vertices":{"rawPosition":[-343,-27,0,343,-27,0,-343,27,0,343,27,0],"indexes":[0,1,2,2,1,3],"uv":[1,54,687,54,1,0,687,0],"nuv":[0.0014534883720930232,0,0.998546511627907,0,0.0014534883720930232,1,0.998546511627907,1],"minPos":{"x":-343,"y":-27,"z":0},"maxPos":{"x":343,"y":27,"z":0}},"packable":true,"pixelsToUnit":100,"pivot":{"x":0.5,"y":0.5},"meshType":0}],[8],0,[0],[8],[7]],[[[23,"flyingCardsViewMob"],[16,"flyingCardsViewMob",33554432,[-10,-11,-12],[[2,-2,[0,"19bFH8LzNIqIXh4g/c4DYH"],[5,720,1280]],[30,-9,[0,"40s9B7mW9JTZQNwr2cRwEa"],-8,-7,-6,-5,-4,-3]],[31,"397d/Hj8NN7KzHYUGvmXgI",null,null,[],-1,0]],[10,"endSelectNode",33554432,[-17,-18,-19,-20,-21,-22,-23,-24,-25,-26],[[29,-13,[0,"37crIIFYVIRLnwPliB+vLM"],[5,240,261.99999999999994],[0,0.5,1]],[11,1,0,-14,[0,"00igK+JgFE9bYthwZDFlvY"],27],[35,1,2,5,5,-15,[0,"8e58M24g1DDqttaTEqmrHo"]],[6,1,-16,[0,"b5Qo7CGbtHR6bsgBfn/IYX"]]],[1,"55QT43a3NOJpTZWoy3lIpy",null,null,null,1,0],[1,0,92.5,0]],[16,"pop_bg",33554432,[-29,-30,-31,-32,-33,-34],[[2,-27,[0,"b4z8E+o11A2pl7z399zD8J"],[5,639.8,371]],[5,0,-28,[0,"c7R4yA0GBLiqiIPeKswXfi"],30]],[1,"f2AmMb9IpIMpaKfTpl1/TN",null,null,null,1,0]],[25,"selectRoundToggle",33554432,3,[-38,-39,-40],[[[2,-35,[0,"16yTsZ9chFj6qLUV9Js9ic"],[5,240,40]],[11,1,0,-36,[0,"a12svtG31Kabk47rx9IVeK"],29],-37],4,4,1],[1,"617UTGVGVII58VjTep0Jnh",null,null,null,1,0],[1,70.904,29.608,0]],[4,"sureButton",33554432,3,[-45,-46],[[2,-41,[0,"4dq3bZSNlGQ734Um9NqhAN"],[5,240,60]],[21,1,-42,[0,"09zDrTGXtBU42pAx44H0A9"],[4,4292269782],12],[22,1,-44,[0,"9bo+7RxiNAcJcxuk3i6sCx"],[[13,"2797eIOdUlJ54UxIpQ6HnC7","sureBtnClicked",1]],[4,4292269782],-43,13,14,15,16]],[1,"2cllile7ZFprCHLCnmDQE1",null,null,null,1,0],[1,0,-140.749,0]],[10,"setRoundButton",33554432,[-51],[[2,-47,[0,"02DvVi+M5Oy7/RswfcqbWP"],[5,100,40]],[11,1,0,-48,[0,"e6lMo+YBxAq6MOh8yBVqsC"],0],[36,1,-50,[0,"c5YCDqG3lBzZtmJLqGl69I"],[[13,"2797eIOdUlJ54UxIpQ6HnC7","sureBtnClicked",1]],-49,1,2,3,4]],[1,"fee3Gf+LRJapDRKdTuygL1",null,null,null,1,0],[1,-306.035,550.237,0]],[17,"flyCardInfoNode",33554432,1,[6,-53],[[20,-52,[0,"be22TNyHBDiJnFJzx79xrF"]]],[1,"1aalMPfTpJc6OZWgzMOhGj",null,null,null,1,0]],[24,"setRoundPanel",false,33554432,1,[-55,3],[[20,-54,[0,"4e5GD0OZpHmoZujt21uGu4"]]],[1,"06b5mXiVVMKJuxnr6TXSA1",null,null,null,1,0]],[3,"closeButton",33554432,3,[[2,-56,[0,"4f5k6dzzRJF6qdFEo2U+P/"],[5,26,26]],[21,1,-57,[0,"8bdhKzjttPI6SYvFsmhaxY"],[4,4292269782],6],[22,1,-59,[0,"be2wEBrtdJfZ+GTGXIx6nx"],[[13,"2797eIOdUlJ54UxIpQ6HnC7","hide",1]],[4,4292269782],-58,7,8,9,10]],[1,"91f70u0GVAWYohxUOK/Abg",null,null,null,1,0],[1,291.3,158.44,0]],[10,"ScrollView",33554432,[-63],[[2,-60,[0,"25Vksh48BAYpxBFIWmBXih"],[5,240,185]],[32,1,0,-61,[0,"0eUTmp6GJGuqwsFip985O1"]],[37,0.23,0.75,false,-62,[0,"bd132mo/xCEoFaE/s7ThJ6"],2]],[1,"02QnBX2YJFl75aS3LQS4b6",null,null,null,1,0],[1,0,-112.48000000000002,0]],[17,"view",33554432,10,[2],[[2,-64,[0,"f313oxT0JK/6X+kifNguIt"],[5,240,185]],[38,-65,[0,"94U7yvZutFyoB6Ico40SfQ"]],[39,-66,[0,"7dCwF/EjhER422aYiNdI9K"],[4,16777215]]],[1,"daY7oy+JxJH5NYhvv8IcYT",null,null,null,1,0]],[4,"roundLabel1",33554432,2,[-70],[[2,-67,[0,"b1kGFXBS9Pf6O+SmkZeTlN"],[5,11.123046875,25.2]],[7,"1",20,20,20,-68,[0,"a6SGaS3e9MQp/LnPyimiCQ"]],[8,1,-69,[0,"39QLq4T05FVLv+ns/DZclK"],[[9,"2797eIOdUlJ54UxIpQ6HnC7","roundSelectedClicked","0",1]]]],[1,"2cZJe7GYVAbJVoVULS/66K",null,null,null,1,0],[1,0,-17.6,0]],[4,"roundLabel2",33554432,2,[-74],[[2,-71,[0,"fdjznk8SRLeJjEmZALuPtd"],[5,11.123046875,25.2]],[7,"2",20,20,20,-72,[0,"32H8g8e2pJWIF4VdlLvcpr"]],[8,1,-73,[0,"29s+0AaghKtJJSioDpohvl"],[[9,"2797eIOdUlJ54UxIpQ6HnC7","roundSelectedClicked","1",1]]]],[1,"acMx1yXW1DW6XcPYaqSNFd",null,null,null,1,0],[1,0,-42.800000000000004,0]],[4,"roundLabel3",33554432,2,[-78],[[2,-75,[0,"d0cUAZBT5DK4K5QJ0QOL6b"],[5,11.123046875,25.2]],[7,"3",20,20,20,-76,[0,"e3OAtc4LBCtp7R7kjhpaX9"]],[8,1,-77,[0,"3cvP0gdldDrIRxbcONJIPV"],[[9,"2797eIOdUlJ54UxIpQ6HnC7","roundSelectedClicked","2",1]]]],[1,"5dCSv8qQVDMIxxmsBVMHiF",null,null,null,1,0],[1,0,-68,0]],[4,"roundLabel4",33554432,2,[-82],[[2,-79,[0,"37DB2XkvNA2qm4lKqJIsSs"],[5,11.123046875,25.2]],[7,"4",20,20,20,-80,[0,"c0Zu0TNJBG5LlxgKHNdbtT"]],[8,1,-81,[0,"96SHJ+oTRFFJ6/SbIWcEo6"],[[9,"2797eIOdUlJ54UxIpQ6HnC7","roundSelectedClicked","3",1]]]],[1,"9atD7yLw1DfaZMMJ/YG/wB",null,null,null,1,0],[1,0,-93.19999999999999,0]],[4,"roundLabel5",33554432,2,[-86],[[2,-83,[0,"44DsoDyB1LCY3U1Q8UL+BA"],[5,11.123046875,25.2]],[7,"5",20,20,20,-84,[0,"e92QbnXUZAEa6jHqDHUhjC"]],[8,1,-85,[0,"02+ScyKiNJ4o4m7cjvhDpZ"],[[9,"2797eIOdUlJ54UxIpQ6HnC7","roundSelectedClicked","4",1]]]],[1,"ee3mm918dJ8LhxaY5nOF4a",null,null,null,1,0],[1,0,-118.39999999999998,0]],[4,"roundLabel6",33554432,2,[-90],[[2,-87,[0,"86PuGZMA9FZLBYBouqDrlR"],[5,11.123046875,25.2]],[7,"6",20,20,20,-88,[0,"86hgxxfLREbqhE/3+xXRwX"]],[8,1,-89,[0,"8bydPTkRVCQI7Dae6p5mkF"],[[9,"2797eIOdUlJ54UxIpQ6HnC7","roundSelectedClicked","5",1]]]],[1,"8agHw1cbdIu6dzc3Wk/nNn",null,null,null,1,0],[1,0,-143.59999999999997,0]],[4,"roundLabel7",33554432,2,[-94],[[2,-91,[0,"18rSNpeOhIgqvoM40p0VAr"],[5,11.123046875,25.2]],[7,"7",20,20,20,-92,[0,"2bxXLVqe9Dv6YRu0rRdX9j"]],[8,1,-93,[0,"a4d7xzNZlEOKsFykjjTxTC"],[[9,"2797eIOdUlJ54UxIpQ6HnC7","roundSelectedClicked","6",1]]]],[1,"ffJwABXNhLJKuSXtpSM4+8",null,null,null,1,0],[1,0,-168.79999999999995,0]],[4,"roundLabel8",33554432,2,[-98],[[2,-95,[0,"70mXWSIpZDXJXy8V4roXlk"],[5,11.123046875,25.2]],[7,"8",20,20,20,-96,[0,"54jm/ZEnlCBZH2iNH33QUI"]],[8,1,-97,[0,"40Z5e5gXxESLnxt113vjMR"],[[9,"2797eIOdUlJ54UxIpQ6HnC7","roundSelectedClicked","7",1]]]],[1,"e26z/yBZNCOrVrg0E6SpKe",null,null,null,1,0],[1,0,-193.99999999999994,0]],[4,"roundLabel9",33554432,2,[-102],[[2,-99,[0,"30X7oQropPcavsnxgnVppa"],[5,11.123046875,25.2]],[7,"9",20,20,20,-100,[0,"ffZhuTmt9N1ab1BE13Uqcq"]],[8,1,-101,[0,"8ato3TU/9Mu4Z2pVGRmHs8"],[[9,"2797eIOdUlJ54UxIpQ6HnC7","roundSelectedClicked","8",1]]]],[1,"9fwUgy8AFL/KMn4dS7NOog",null,null,null,1,0],[1,0,-219.19999999999993,0]],[4,"roundLabel10",33554432,2,[-106],[[2,-103,[0,"1dP1MWktVO/K8wvpJe7lbG"],[5,22.24609375,25.2]],[7,"10",20,20,20,-104,[0,"0256kW9wlH04TZ2pjOcqx9"]],[8,1,-105,[0,"66MH2mtbhIYrARCNarRxt6"],[[9,"2797eIOdUlJ54UxIpQ6HnC7","roundSelectedClicked","9",1]]]],[1,"8fVDigyQZDUYoZ/8h7oFf2",null,null,null,1,0],[1,0,-244.39999999999992,0]],[4,"flopRoundTip",33554432,1,[-109],[[2,-107,[0,"8bT6FD4fdLqZ+fUvPfoFW9"],[5,686,54]],[12,-108,[0,"2cxKwCiRJJJr/YBq5LLICi"],31]],[1,"30Up9EWVREMrW65beXUj86",null,null,null,1,0],[1,0,500.696,0]],[18,"mask",33554432,8,[[2,-110,[0,"deb4QT6k5OZKezuRV3vV9A"],[5,720,1280]],[33,0,-111,[0,"90jabW8+NNBo0IhE2CHbQZ"],[4,2013265920],5],[41,-112,[0,"eb9qLkNZBAjYtqG394QAUR"]]],[1,"84UdiwM9lB9Zf7HdSvrq6D",null,null,null,1,0]],[26,"Checkmark",false,33554432,4,[10],[[[2,-113,[0,"f0Har+OVlMwYeA1A+/xQCD"],[5,240,40]],-114],4,1],[1,"28W9swZ8FFSqyyxWhGwUfe",null,null,null,1,0]],[3,"line",33554432,12,[[2,-115,[0,"9dr/D3eHJBT7g69sHqNyqG"],[5,240,1]],[5,0,-116,[0,"aefLWW7+1FqpaYe3f3O3LY"],17],[6,4,-117,[0,"ecT1XIvARNE7CuRtRanbSr"]]],[1,"1eBFC8A5lHnpy4aHTs4Rpj",null,null,null,1,0],[1,0,-12.1,0]],[3,"line",33554432,13,[[2,-118,[0,"49BX6dpn9Kw5mOPWwiFhRA"],[5,240,1]],[5,0,-119,[0,"62LgFwHllCbq/RWiHmfADf"],18],[6,4,-120,[0,"834e5QPjZKoIrc5RYFZco9"]]],[1,"46P0sh8k1O6rt69tJohY3g",null,null,null,1,0],[1,0,-12.1,0]],[3,"line",33554432,14,[[2,-121,[0,"94Y9YJSwZGu49T0GyvJjcH"],[5,240,1]],[5,0,-122,[0,"bbsh0oTzxNpJ7ZyQyrwpAF"],19],[6,4,-123,[0,"f26p+d6wdGZJ9int65wx+x"]]],[1,"47I9EagpVNT6az5YU7wlO3",null,null,null,1,0],[1,0,-12.1,0]],[3,"line",33554432,15,[[2,-124,[0,"c8j4qP2YZBg5Kr5DToGOaO"],[5,240,1]],[5,0,-125,[0,"4cpsvxXDBPSp6F0gD5MhBB"],20],[6,4,-126,[0,"2eFEwhdqtHLKkkvb+0zkA+"]]],[1,"52Z4CLWLJF+477xRRfflZz",null,null,null,1,0],[1,0,-12.1,0]],[3,"line",33554432,16,[[2,-127,[0,"e6cXdU2ddN0pQryYrY/oHX"],[5,240,1]],[5,0,-128,[0,"58bSWnorhGM4a7WgNmIjev"],21],[6,4,-129,[0,"c1Qd2gTGZFdb00W6f1/sww"]]],[1,"feF27RtTtNjb6MX5yjxj8d",null,null,null,1,0],[1,0,-12.1,0]],[3,"line",33554432,17,[[2,-130,[0,"6c3sdQ1fxHdZPauJR7UhB8"],[5,240,1]],[5,0,-131,[0,"2bl0RlKt1Ec42uc+SvWmHg"],22],[6,4,-132,[0,"fd1P+qwkdO04RWERfJVgOm"]]],[1,"67ZMrUXnlOxY+PGcpQFW5h",null,null,null,1,0],[1,0,-12.1,0]],[3,"line",33554432,18,[[2,-133,[0,"71hXXp8I1I54Tif6mHStBS"],[5,240,1]],[5,0,-134,[0,"eea/C4pd1P0ITLVdl3eqs9"],23],[6,4,-135,[0,"05m/XBJPNJUpm5NEGhAsNx"]]],[1,"3bvUZJSdlNO6WNof180/cG",null,null,null,1,0],[1,0,-12.1,0]],[3,"line",33554432,19,[[2,-136,[0,"8b+S5uklNKzoaKttUZA4Sq"],[5,240,1]],[5,0,-137,[0,"b6/iIsbBJPhb394dNLM+2h"],24],[6,4,-138,[0,"80yefPQKVNZaN6DD+ZILGC"]]],[1,"3eTWyW/plD9ZJQPZTiwQgO",null,null,null,1,0],[1,0,-12.1,0]],[3,"line",33554432,20,[[2,-139,[0,"90tTvxWetO/4sx7tS7btvN"],[5,240,1]],[5,0,-140,[0,"351cyzGdlEraobG2pzm22X"],25],[6,4,-141,[0,"c3uJY9QbRO9peKnJHnXIJf"]]],[1,"41lFpZxUBCGL8/INYJHpCR",null,null,null,1,0],[1,0,-12.1,0]],[3,"line",33554432,21,[[2,-142,[0,"85qUz9HtJOlLyZeGNlTin2"],[5,240,1]],[5,0,-143,[0,"6fJdxv+/9ICKGXNw9fBeZG"],26],[6,4,-144,[0,"84Mg4arDdORZmLGgapTLsQ"]]],[1,"5fkXl/nRtMO4QS6hqeH9II",null,null,null,1,0],[1,0,-12.1,0]],[19,"Label",512,33554432,6,[[2,-145,[0,"6fpPlCKo9IebhHsCj1apdQ"],[5,100,40]],[14,"飛牌",20,20,1,false,-146,[0,"b2B4ktX6lPd5XdgM4SFppN"]]],[1,"c3km9L1ltOWZAlQoKuswzz",null,null,null,1,0]],[27,"roundInfoLabel",false,33554432,7,[[[2,-147,[0,"d8+Az3NlFFaotedzdnurHh"],[5,87.802734375,37.8]],-148],4,1],[1,"3fDNcb5TFM0JnsQWVAQahd",null,null,null,1,0],[1,-271.189,443.226,0]],[3,"title",33554432,3,[[2,-149,[0,"68fGSkDHpHNa95HkoSo6+Z"],[5,60,50.4]],[40,"飛牌",30,30,true,-150,[0,"64+3zO/BlELbUlZzHnQBTU"]]],[1,"2f5v0b731LRLoxc68/hJaN",null,null,null,1,0],[1,0,156.386,0]],[3,"line",33554432,3,[[2,-151,[0,"c0t/DbfytH/pznFDMU1vHh"],[5,640,1]],[12,-152,[0,"d9rO3HRUdGAIphr3gB1QTC"],11]],[1,"40lidI5qVEAboDOM1uzk5w",null,null,null,1,0],[1,0,125.234,0]],[19,"Label",512,33554432,5,[[2,-153,[0,"03AFxw5CxJA6Rd78dTNnee"],[5,100,40]],[14,"確認",26,26,1,false,-154,[0,"b5eksa3elFi60P0+kDfJfj"]]],[1,"6a6U2jWCdHWrRhyVQGdcKu",null,null,null,1,0]],[3,"tipLabel",33554432,5,[[2,-155,[0,"2bnEbjK+1MErQtX0Hsg9uN"],[5,240,50.4]],[15,"飛牌過程中不可下注，瞇牌",20,20,-156,[0,"3cAwpIZohIbqgcd1Ltfc2W"]]],[1,"6acpnCreRI45h6bovXmdDr",null,null,null,1,0],[1,0,64.779,0]],[3,"Label",33554432,3,[[2,-157,[0,"65G5RvDuVMDbq7EgNkosmN"],[5,80,50.4]],[15,"飛牌局數",20,20,-158,[0,"2cgdLguwlCQJA0ajJgBcbK"]]],[1,"77DcST5XVG8bfakHGSPo2I",null,null,null,1,0],[1,-100.422,32.079,0]],[28,"selectLabel",512,33554432,4,[[[2,-159,[0,"6dCEDNKeZHZYXBX5iSbYqQ"],[5,240,40]],-160],4,1],[1,"707FoupnJCYZYsCyal4g+f",null,null,null,1,0]],[3,"arrow_5",33554432,4,[[2,-161,[0,"148VQcU79Htorpj7hv0psV"],[5,16,10]],[12,-162,[0,"3biZ9msfdOjbflTFIv11cD"],28]],[1,"efp6F8wZhCHoOoyJue4zxx",null,null,null,1,0],[1,104.91,0.714,0]],[18,"Label",33554432,22,[[2,-163,[0,"53vbS+8+5N+5Ol4uwZTEik"],[5,90,50.4]],[15,"飛牌中",30,30,-164,[0,"03JkE/DQxPDJD+sedXqmlN"]]],[1,"32hQa9ZxZL3IrRnn8/bCm6",null,null,null,1,0]],[7,"飛牌：0/5",20,20,30,36,[0,"80C8C2vOVHyolA9g15bXkZ"]],[34,0,24,[0,"68+8AJqqhDtamLfYovGXnh"]],[14,"1",20,20,1,false,42,[0,"95U0ufB/JDhILgNRdgQQM2"]],[42,false,4,[0,"a0BogRsEpP55eaw4ApXRAQ"],[4,4292269782],4,46]],0,[0,9,1,0,0,1,0,10,22,0,11,45,0,12,48,0,13,47,0,14,8,0,15,7,0,0,1,0,-1,7,0,-2,8,0,-3,22,0,0,2,0,0,2,0,0,2,0,0,2,0,-1,12,0,-2,13,0,-3,14,0,-4,15,0,-5,16,0,-6,17,0,-7,18,0,-8,19,0,-9,20,0,-10,21,0,0,3,0,0,3,0,-1,9,0,-2,37,0,-3,38,0,-4,5,0,-5,41,0,-6,4,0,0,4,0,0,4,0,-3,48,0,-1,24,0,-2,42,0,-3,43,0,0,5,0,0,5,0,3,5,0,0,5,0,-1,39,0,-2,40,0,0,6,0,0,6,0,3,6,0,0,6,0,-1,35,0,0,7,0,-2,36,0,0,8,0,-1,23,0,0,9,0,0,9,0,3,9,0,0,9,0,0,10,0,0,10,0,0,10,0,-1,11,0,0,11,0,0,11,0,0,11,0,0,12,0,0,12,0,0,12,0,-1,25,0,0,13,0,0,13,0,0,13,0,-1,26,0,0,14,0,0,14,0,0,14,0,-1,27,0,0,15,0,0,15,0,0,15,0,-1,28,0,0,16,0,0,16,0,0,16,0,-1,29,0,0,17,0,0,17,0,0,17,0,-1,30,0,0,18,0,0,18,0,0,18,0,-1,31,0,0,19,0,0,19,0,0,19,0,-1,32,0,0,20,0,0,20,0,0,20,0,-1,33,0,0,21,0,0,21,0,0,21,0,-1,34,0,0,22,0,0,22,0,-1,44,0,0,23,0,0,23,0,0,23,0,0,24,0,-2,46,0,0,25,0,0,25,0,0,25,0,0,26,0,0,26,0,0,26,0,0,27,0,0,27,0,0,27,0,0,28,0,0,28,0,0,28,0,0,29,0,0,29,0,0,29,0,0,30,0,0,30,0,0,30,0,0,31,0,0,31,0,0,31,0,0,32,0,0,32,0,0,32,0,0,33,0,0,33,0,0,33,0,0,34,0,0,34,0,0,34,0,0,35,0,0,35,0,0,36,0,-2,45,0,0,37,0,0,37,0,0,38,0,0,38,0,0,39,0,0,39,0,0,40,0,0,40,0,0,41,0,0,41,0,0,42,0,-2,47,0,0,43,0,0,43,0,0,44,0,0,44,0,16,1,2,2,11,3,2,8,6,2,7,10,2,24,164],[0,0,0,0,0,0,0,0,0,0,0,0,0,0,0,0,0,0,0,0,0,0,0,0,0,0,0,0,0,0,0,0],[1,4,5,6,7,1,1,4,5,6,7,1,1,4,5,6,7,1,1,1,1,1,1,1,1,1,1,1,1,1,1,1],[4,4,1,2,3,8,5,5,1,2,3,0,6,6,1,2,3,0,0,0,0,0,0,0,0,0,0,9,10,11,12,13]]]]
