[1,["e1d65a80-a189-41e9-8e27-dee9b0c37c0a@f9941","9312a4a3-d540-447f-866c-f64a92947e9a","5c067174-55ab-4c75-8599-b549729ef59f@f9941","5c067174-55ab-4c75-8599-b549729ef59f@6c48a","e1d65a80-a189-41e9-8e27-dee9b0c37c0a@6c48a"],["node","_textureSource","root","data","_spriteFrame","_defaultClip"],["cc.SpriteFrame",["cc.Prefab",["_name"],2],["cc.Node",["_name","_layer","_components","_prefab","_lpos"],1,9,4,5],["cc.UITransform",["node","__prefab","_contentSize"],3,1,4,5],["cc.CompPrefabInfo",["fileId"],2],["cc.Sprite",["node","__prefab","_spriteFrame"],3,1,4,6],["c2623jJSYVEd76jmLDd9sqD",["node","__prefab","bgSpriteFrame"],3,1,4,3],["cc.Animation",["node","__prefab","_clips","_defaultClip"],3,1,4,3,6],["cc.PrefabInfo",["fileId","instance","targetOverrides","nestedPrefabInstanceRoots","root","asset"],-1,1,1]],[[4,0,2],[1,0,2],[2,0,1,2,3,4,3],[3,0,1,2,1],[5,0,1,2,1],[6,0,1,2,1],[7,0,1,2,3,1],[8,0,1,2,3,4,5,5]],[[[[1,"cockroachRoadItem"],[2,"cockroachRoadItem",33554432,[[3,-2,[0,"d8AkILWIVC/qJiaJzAueWv"],[5,10,10]],[4,-3,[0,"cad3OIPVpFlpRmxqYZgF2i"],0],[5,-4,[0,"478Ke9yHxKDpIgNZZrXfsx"],[1,2]],[6,-5,[0,"5fYEzCdPJCzYUc13PA43n8"],[3],4]],[7,"b3vlAAFwZGP4EC3Vf9a5BA",null,null,null,-1,0],[1,8.271,-12.342,0]]],0,[0,2,1,0,0,1,0,0,1,0,0,1,0,0,1,0,3,1,5],[0,0,0,0,0],[4,-1,-2,-1,5],[0,2,0,1,1]],[[{"name":"road_bline_small","rect":{"x":0,"y":0,"width":10,"height":10},"offset":{"x":0,"y":0},"originalSize":{"width":10,"height":10},"rotated":false,"capInsets":[0,0,0,0],"vertices":{"rawPosition":[-5,-5,0,5,-5,0,-5,5,0,5,5,0],"indexes":[0,1,2,2,1,3],"uv":[0,10,10,10,0,0,10,0],"nuv":[0,0,1,0,0,1,1,1],"minPos":{"x":-5,"y":-5,"z":0},"maxPos":{"x":5,"y":5,"z":0}},"packable":true,"pixelsToUnit":100,"pivot":{"x":0.5,"y":0.5},"meshType":0}],[0],0,[0],[1],[3]],[[{"name":"road_pline_small","rect":{"x":0,"y":0,"width":10,"height":10},"offset":{"x":0,"y":0},"originalSize":{"width":10,"height":10},"rotated":false,"capInsets":[0,0,0,0],"vertices":{"rawPosition":[-5,-5,0,5,-5,0,-5,5,0,5,5,0],"indexes":[0,1,2,2,1,3],"uv":[0,10,10,10,0,0,10,0],"nuv":[0,0,1,0,0,1,1,1],"minPos":{"x":-5,"y":-5,"z":0},"maxPos":{"x":5,"y":5,"z":0}},"packable":true,"pixelsToUnit":100,"pivot":{"x":0.5,"y":0.5},"meshType":0}],[0],0,[0],[1],[4]]]]
