[1,["f34e81a6-1e38-4710-a2b7-a5e792907801@6c48a"],["_textureSource"],["cc.SpriteFrame"],0,[{"name":"Disconnected_bg","rect":{"x":0,"y":0,"width":640,"height":390},"offset":{"x":0,"y":0},"originalSize":{"width":640,"height":390},"rotated":false,"capInsets":[0,0,0,0],"vertices":{"rawPosition":[-320,-195,0,320,-195,0,-320,195,0,320,195,0],"indexes":[0,1,2,2,1,3],"uv":[0,390,640,390,0,0,640,0],"nuv":[0,0,1,0,0,1,1,1],"minPos":{"x":-320,"y":-195,"z":0},"maxPos":{"x":320,"y":195,"z":0}},"packable":true,"pixelsToUnit":100,"pivot":{"x":0.5,"y":0.5},"meshType":0}],[0],0,[0],[0],[0]]
