[1,["79+Z9313pHP5/Z7/SjQJpM"],0,[["sp.SkeletonData",["_name","_atlasText","textureNames","_skeletonJson","textures"],-1,3]],[[0,0,1,2,3,4,5]],[[0,"qingchupai","\nqingchupai.png\nsize: 325,75\nformat: RGBA4444\nfilter: Linear,Linear\nrepeat: none\nlight_star3\n  rotate: false\n  xy: 227, 8\n  size: 17, 19\n  orig: 28, 28\n  offset: 4, 4\n  index: -1\nmove_qcp1\n  rotate: false\n  xy: 2, 2\n  size: 223, 71\n  orig: 225, 74\n  offset: 0, 3\n  index: -1\nmove_qcp2\n  rotate: false\n  xy: 227, 29\n  size: 96, 44\n  orig: 98, 45\n  offset: 1, 1\n  index: -1\n",["qingchupai.png"],{"skeleton":{"hash":"tc8VuXCp5M3MBh4kvBAEqzdnYps","spine":"3.8.99","x":-582,"y":-185,"width":1165,"height":659,"images":"./请出牌/","audio":""},"bones":[{"name":"root"},{"name":"bg","parent":"root","y":144},{"name":"move","parent":"root"},{"name":"arrow","parent":"root","y":58.51},{"name":"arrow2","parent":"root","y":79.66},{"name":"arrow3","parent":"root","y":102.71},{"name":"bone","parent":"root","x":-103.13,"y":7.42,"scaleX":0.6818,"scaleY":0.6818},{"name":"bone2","parent":"root","x":95.7,"y":-14.85,"scaleX":0.3755,"scaleY":0.3755},{"name":"bone3","parent":"root","x":-77.55,"y":-32.18,"scaleX":0.3755,"scaleY":0.3755},{"name":"bone4","parent":"root","x":19.8,"y":28.87,"scaleX":0.6818,"scaleY":0.6818},{"name":"bone5","parent":"root","x":103.12,"y":23.1,"scaleX":0.5049,"scaleY":0.5049},{"name":"bone6","parent":"root","x":-20.63,"y":-4.13,"scaleX":0.5049,"scaleY":0.5049},{"name":"bone7","parent":"root","x":51.97,"y":-16.5,"scaleX":0.2341,"scaleY":0.2341},{"name":"bone8","parent":"root","x":-81.67,"y":28.05,"scaleX":0.2341,"scaleY":0.2341}],"slots":[{"name":"20220104-140551","bone":"bg"},{"name":"move_qcp2","bone":"arrow"},{"name":"move_qcp3","bone":"arrow2"},{"name":"move_qcp4","bone":"arrow3"},{"name":"move_qcp1","bone":"move","attachment":"move_qcp1"},{"name":"light_star3","bone":"bone","color":"ffe943ff","blend":"additive"},{"name":"light_star6","bone":"bone4","color":"ffe943ff","blend":"additive"},{"name":"light_star4","bone":"bone2","color":"ffe943ff","blend":"additive"},{"name":"light_star5","bone":"bone3","color":"ffe943ff","blend":"additive"},{"name":"light_star7","bone":"bone5","color":"ffe943ff","blend":"additive"},{"name":"light_star8","bone":"bone6","color":"ffe943ff","blend":"additive"},{"name":"light_star9","bone":"bone7","color":"ffe943ff","blend":"additive"},{"name":"light_star10","bone":"bone8","color":"ffe943ff","blend":"additive"}],"skins":[{"name":"default","attachments":{"light_star3":{"light_star3":{"width":28,"height":28}},"light_star4":{"light_star3":{"width":28,"height":28}},"light_star5":{"light_star3":{"width":28,"height":28}},"light_star6":{"light_star3":{"width":28,"height":28}},"light_star7":{"light_star3":{"width":28,"height":28}},"light_star8":{"light_star3":{"width":28,"height":28}},"light_star9":{"light_star3":{"width":28,"height":28}},"light_star10":{"light_star3":{"width":28,"height":28}},"move_qcp1":{"move_qcp1":{"x":0.5,"width":225,"height":74}},"move_qcp2":{"move_qcp2":{"y":0.5,"width":98,"height":45}},"move_qcp3":{"move_qcp2":{"y":0.5,"width":98,"height":45}},"move_qcp4":{"move_qcp2":{"y":0.5,"width":98,"height":45}}}}],"animations":{"animation":{"slots":{"light_star3":{"color":[{"color":"ffe943ff"},{"time":0.4,"color":"ffe94300"},{"time":0.8,"color":"ffe943ff"}],"attachment":[{"name":"light_star3"}]},"light_star4":{"color":[{"time":0.2667,"color":"ffe943ff"},{"time":0.6667,"color":"ffe94300"},{"time":1.0667,"color":"ffe943ff"}],"attachment":[{"time":0.2667,"name":"light_star3"}]},"light_star5":{"color":[{"time":0.3667,"color":"ffe943ff"},{"time":0.7667,"color":"ffe94300"},{"time":1.1667,"color":"ffe943ff"}],"attachment":[{"time":0.3667,"name":"light_star3"}]},"light_star6":{"color":[{"time":0.4667,"color":"ffe943ff"},{"time":0.8667,"color":"ffe94300"},{"time":1.2667,"color":"ffe943ff"}],"attachment":[{"time":0.4667,"name":"light_star3"}]},"light_star7":{"color":[{"time":0.1667,"color":"ffe943ff"},{"time":0.5667,"color":"ffe94300"},{"time":0.9667,"color":"ffe943ff"}],"attachment":[{"time":0.1667,"name":"light_star3"}]},"light_star8":{"color":[{"time":0.0667,"color":"ffe943ff"},{"time":0.4667,"color":"ffe94300"},{"time":0.8667,"color":"ffe943ff"}],"attachment":[{"time":0.0667,"name":"light_star3"}]},"light_star9":{"color":[{"time":0.3,"color":"ffe943ff"},{"time":0.7,"color":"ffe94300"},{"time":1.1,"color":"ffe943ff"}],"attachment":[{"time":0.3,"name":"light_star3"}]},"light_star10":{"color":[{"time":0.2333,"color":"ffe943ff"},{"time":0.6333,"color":"ffe94300"},{"time":1.0333,"color":"ffe943ff"}],"attachment":[{"time":0.2333,"name":"light_star3"}]},"move_qcp1":{"color":[{"time":0.4667,"color":"ffffffff","curve":0.25,"c3":0.75},{"time":0.8667,"color":"ffffffa0","curve":0.25,"c3":0.75},{"time":1.2667,"color":"ffffffff"}]},"move_qcp2":{"color":[{"color":"ffffff00","curve":0.25,"c3":0.75},{"time":0.1667,"color":"ffffffff","curve":"stepped"},{"time":0.3667,"color":"ffffffff","curve":0.25,"c3":0.75},{"time":0.5333,"color":"ffffff00"}],"attachment":[{"name":"move_qcp2"}]},"move_qcp3":{"color":[{"time":0.0667,"color":"ffffff00","curve":0.25,"c3":0.75},{"time":0.2667,"color":"ffffffff","curve":"stepped"},{"time":0.4667,"color":"ffffffff","curve":0.25,"c3":0.75},{"time":0.6667,"color":"ffffff00"}],"attachment":[{"time":0.0667,"name":"move_qcp2"}]},"move_qcp4":{"color":[{"time":0.1333,"color":"ffffff00","curve":0.25,"c3":0.75},{"time":0.3667,"color":"ffffffff","curve":"stepped"},{"time":0.6333,"color":"ffffffff","curve":0.25,"c3":0.75},{"time":0.8,"color":"ffffff00"}],"attachment":[{"time":0.1333,"name":"move_qcp2"}]}},"bones":{"arrow":{"scale":[{"x":0.889,"y":0.889}]},"arrow2":{"scale":[{"x":0.889,"y":0.889}]},"arrow3":{"scale":[{"x":0.889,"y":0.889}]}}}}},[0]]],0,0,[0],[-1],[0]]