[1,["17d1f68f-baed-4cce-b9cf-0becf0f4d2ad@f9941","9312a4a3-d540-447f-866c-f64a92947e9a","17d1f68f-baed-4cce-b9cf-0becf0f4d2ad@6c48a","76593fd9-61c1-46bb-a275-882d37c18365@f9941","76593fd9-61c1-46bb-a275-882d37c18365@6c48a"],["node","_textureSource","root","data","_spriteFrame","_defaultClip"],["cc.SpriteFrame",["cc.Prefab",["_name"],2],["cc.Node",["_name","_layer","_components","_prefab","_lpos","_lscale"],1,9,4,5,5],["cc.UITransform",["node","__prefab","_contentSize"],3,1,4,5],["cc.CompPrefabInfo",["fileId"],2],["cc.Sprite",["node","__prefab","_spriteFrame"],3,1,4,6],["ed1a0+J+HhB/aEWcxJWMoNM",["node","__prefab","bgSpriteFrame"],3,1,4,3],["cc.Animation",["node","__prefab","_clips","_defaultClip"],3,1,4,3,6],["cc.PrefabInfo",["fileId","instance","targetOverrides","nestedPrefabInstanceRoots","root","asset"],-1,1,1]],[[4,0,2],[1,0,2],[2,0,1,2,3,4,5,3],[3,0,1,2,1],[5,0,1,2,1],[6,0,1,2,1],[7,0,1,2,3,1],[8,0,1,2,3,4,5,5]],[[[{"name":"road_ps_small","rect":{"x":0,"y":0,"width":14,"height":14},"offset":{"x":0,"y":0},"originalSize":{"width":14,"height":14},"rotated":false,"capInsets":[0,0,0,0],"vertices":{"rawPosition":[-7,-7,0,7,-7,0,-7,7,0,7,7,0],"indexes":[0,1,2,2,1,3],"uv":[0,14,14,14,0,0,14,0],"nuv":[0,0,1,0,0,1,1,1],"minPos":{"x":-7,"y":-7,"z":0},"maxPos":{"x":7,"y":7,"z":0}},"packable":true,"pixelsToUnit":100,"pivot":{"x":0.5,"y":0.5},"meshType":0}],[0],0,[0],[1],[2]],[[[1,"bigEyeRoadItem"],[2,"bigEyeRoadItem",33554432,[[3,-2,[0,"c4CBIwCE5JQYOsRQp1QivM"],[5,14,14]],[4,-3,[0,"84p4ZCJsZGbpOEeBr+e5Tr"],0],[5,-4,[0,"c3w/WBWxxBRo7IzsfHIMgh"],[1,2]],[6,-5,[0,"91/2l+solO/K/bXSh0b6bY"],[3],4]],[7,"39sDfdt3pF+JaOgqCc3q7O",null,null,null,-1,0],[1,5.5,-7.068,0],[1,0.8,0.8,1]]],0,[0,2,1,0,0,1,0,0,1,0,0,1,0,0,1,0,3,1,5],[0,0,0,0,0],[4,-1,-2,-1,5],[0,3,0,1,1]],[[{"name":"road_bs_small","rect":{"x":0,"y":0,"width":14,"height":14},"offset":{"x":0,"y":0},"originalSize":{"width":14,"height":14},"rotated":false,"capInsets":[0,0,0,0],"vertices":{"rawPosition":[-7,-7,0,7,-7,0,-7,7,0,7,7,0],"indexes":[0,1,2,2,1,3],"uv":[0,14,14,14,0,0,14,0],"nuv":[0,0,1,0,0,1,1,1],"minPos":{"x":-7,"y":-7,"z":0},"maxPos":{"x":7,"y":7,"z":0}},"packable":true,"pixelsToUnit":100,"pivot":{"x":0.5,"y":0.5},"meshType":0}],[0],0,[0],[1],[4]]]]
