[1,["65e3b22a-7ddc-4de6-b39c-4d37bf5077d1@6c48a"],["_textureSource"],["cc.SpriteFrame"],0,[{"name":"verify_frame2","rect":{"x":0,"y":0,"width":259,"height":103},"offset":{"x":0,"y":0},"originalSize":{"width":259,"height":103},"rotated":false,"capInsets":[0,0,0,0],"vertices":{"rawPosition":[-129.5,-51.5,0,129.5,-51.5,0,-129.5,51.5,0,129.5,51.5,0],"indexes":[0,1,2,2,1,3],"uv":[0,103,259,103,0,0,259,0],"nuv":[0,0,1,0,0,1,1,1],"minPos":{"x":-129.5,"y":-51.5,"z":0},"maxPos":{"x":129.5,"y":51.5,"z":0}},"packable":true,"pixelsToUnit":100,"pivot":{"x":0.5,"y":0.5},"meshType":0}],[0],0,[0],[0],[0]]
