[1,["824486ed-7a6a-4415-a71f-c1a1a48242d7@6c48a"],["_textureSource"],["cc.SpriteFrame"],0,[{"name":"arrow_1","rect":{"x":5,"y":6,"width":14,"height":12},"offset":{"x":0,"y":0},"originalSize":{"width":24,"height":24},"rotated":false,"capInsets":[0,0,0,0],"vertices":{"rawPosition":[-7,-6,0,7,-6,0,-7,6,0,7,6,0],"indexes":[0,1,2,2,1,3],"uv":[5,18,19,18,5,6,19,6],"nuv":[0.20833333333333334,0.25,0.7916666666666666,0.25,0.20833333333333334,0.75,0.7916666666666666,0.75],"minPos":{"x":-7,"y":-6,"z":0},"maxPos":{"x":7,"y":6,"z":0}},"packable":true,"pixelsToUnit":100,"pivot":{"x":0.5,"y":0.5},"meshType":0}],[0],0,[0],[0],[0]]
