[1,["a2e4f7b0-10e4-4b86-8a33-27761b337fbe@6c48a"],["_textureSource"],["cc.SpriteFrame"],0,[{"name":"btn_6","rect":{"x":0,"y":0,"width":120,"height":40},"offset":{"x":0,"y":0},"originalSize":{"width":120,"height":40},"rotated":false,"capInsets":[0,0,0,0],"vertices":{"rawPosition":[-60,-20,0,60,-20,0,-60,20,0,60,20,0],"indexes":[0,1,2,2,1,3],"uv":[0,40,120,40,0,0,120,0],"nuv":[0,0,1,0,0,1,1,1],"minPos":{"x":-60,"y":-20,"z":0},"maxPos":{"x":60,"y":20,"z":0}},"packable":true,"pixelsToUnit":100,"pivot":{"x":0.5,"y":0.5},"meshType":0}],[0],0,[0],[0],[0]]
