[1,["5fYnj5Q9BBIaez6ysBliEa"],0,[["sp.SkeletonData",["_name","_atlasText","textureNames","_skeletonJson","textures"],-1,3]],[[0,0,1,2,3,4,5]],[[0,"emoji_15_shangxin","\nemoji_15_shangxin.png\nsize: 512,1024\nformat: RGBA8888\nfilter: Linear,Linear\nrepeat: none\nbiaoqing\n  rotate: false\n  xy: 2, 349\n  size: 285, 228\n  orig: 285, 228\n  offset: 0, 0\n  index: -1\nlei1\n  rotate: true\n  xy: 121, 579\n  size: 72, 212\n  orig: 72, 212\n  offset: 0, 0\n  index: -1\nlei2\n  rotate: false\n  xy: 23, 627\n  size: 96, 24\n  orig: 96, 24\n  offset: 0, 0\n  index: -1\nlei3\n  rotate: false\n  xy: 2, 634\n  size: 19, 17\n  orig: 19, 18\n  offset: 0, 0\n  index: -1\nshangxin\n  rotate: false\n  xy: 2, 2\n  size: 374, 345\n  orig: 374, 345\n  offset: 0, 0\n  index: -1\n",["emoji_15_shangxin.png"],{"skeleton":{"hash":"bGmW90pmjznK/p8pG9jJdxKq4xI","spine":"3.8.99","x":-37.4,"y":-34.5,"width":74.8,"height":69,"images":"./images/","audio":"D:/work/工作/魔法表情/15_shangxin/images"},"bones":[{"name":"root","scaleX":0.2,"scaleY":0.2},{"name":"bone_bg","parent":"root"},{"name":"biaoqing-zong","parent":"root","x":-1.23,"y":48.9},{"name":"biaoqing","parent":"biaoqing-zong","x":1.23,"y":-25.9},{"name":"lei","parent":"root","x":-86.06,"y":43.36},{"name":"bone","parent":"lei","x":-0.06,"y":-97.69},{"name":"bone2","parent":"lei","x":-1.23,"y":-198.83},{"name":"bone3","parent":"lei","x":-45.92,"y":-183.54},{"name":"bone4","parent":"lei","x":-45.92,"y":-183.54},{"name":"bone5","parent":"lei","x":-45.92,"y":-183.54},{"name":"lei2","parent":"root","x":88.99,"y":43.36},{"name":"bone6","parent":"lei2","x":-0.06,"y":-97.69},{"name":"bone7","parent":"lei2","x":-1.23,"y":-198.83},{"name":"bone8","parent":"lei2","x":-45.92,"y":-183.54},{"name":"bone9","parent":"lei2","x":-45.92,"y":-183.54},{"name":"bone10","parent":"lei2","x":-45.92,"y":-183.54}],"slots":[{"name":"shangxin","bone":"bone_bg","attachment":"shangxin"},{"name":"lei1","bone":"bone","attachment":"lei1"},{"name":"lei6","bone":"bone6","attachment":"lei1"},{"name":"lei2","bone":"bone2","attachment":"lei2"},{"name":"lei7","bone":"bone7","attachment":"lei2"},{"name":"lei3","bone":"bone3","attachment":"lei3"},{"name":"lei8","bone":"bone8","attachment":"lei3"},{"name":"lei4","bone":"bone4","attachment":"lei3"},{"name":"lei9","bone":"bone9","attachment":"lei3"},{"name":"lei5","bone":"bone5","attachment":"lei3"},{"name":"lei10","bone":"bone10","attachment":"lei3"},{"name":"biaoqing","bone":"biaoqing","attachment":"biaoqing"}],"skins":[{"name":"default","attachments":{"biaoqing":{"biaoqing":{"x":1.76,"y":-1.2,"width":285,"height":228}},"lei1":{"lei1":{"type":"mesh","hull":4,"width":72,"height":212,"uvs":[1,0,1,1,0,1,0,0],"triangles":[2,3,0,1,2,0],"vertices":[36.85,105.12,36.85,-106.88,-35.15,-106.88,-35.15,105.12],"edges":[0,6,0,2,2,4,4,6]}},"lei2":{"lei2":{"type":"mesh","hull":18,"width":96,"height":24,"uvs":[0,0.17251,0,0.83284,0.02808,1,0.31566,1,0.40899,0.86084,0.53266,1,0.63591,1,0.71232,0.90517,0.81616,1,0.94449,1,1,0.8515,1,0.14217,0.96024,0,0.79166,0,0.62307,0.14451,0.46908,0.23551,0.30049,0,0.0241,0.00684],"triangles":[16,1,0,9,8,12,4,16,15,7,14,13,17,16,0,3,2,16,2,1,16,4,3,16,5,15,14,6,5,14,4,15,5,7,6,14,8,13,12,12,11,9,7,13,8,10,9,11],"vertices":[-43.97,7.11,-43.97,-8.73,-41.28,-12.75,-13.67,-12.75,-4.71,-9.41,7.16,-12.75,17.07,-12.75,24.41,-10.47,34.38,-12.75,46.7,-12.75,52.03,-9.18,52.03,7.84,48.21,11.25,32.03,11.25,15.84,7.79,1.06,5.6,-15.13,11.25,-41.66,11.09],"edges":[0,2,2,4,4,6,6,8,8,10,10,12,12,14,14,16,16,18,18,20,20,22,22,24,24,26,26,28,28,30,30,32,32,34,0,34]}},"lei3":{"lei3":{"x":0.22,"y":1.97,"width":19,"height":18}},"lei4":{"lei3":{"x":0.22,"y":1.97,"width":19,"height":18}},"lei5":{"lei3":{"x":0.22,"y":1.97,"width":19,"height":18}},"lei6":{"lei1":{"type":"mesh","hull":4,"width":72,"height":212,"uvs":[1,0,1,1,0,1,0,0],"triangles":[2,3,0,1,2,0],"vertices":[36.85,105.12,36.85,-106.88,-35.15,-106.88,-35.15,105.12],"edges":[0,6,0,2,2,4,4,6]}},"lei7":{"lei2":{"type":"mesh","hull":18,"width":96,"height":24,"uvs":[0,0.17251,0,0.83284,0.02808,1,0.31566,1,0.40899,0.86084,0.53266,1,0.63591,1,0.71232,0.90517,0.81616,1,0.94449,1,1,0.8515,1,0.14217,0.96024,0,0.79166,0,0.62307,0.14451,0.46908,0.23551,0.30049,0,0.0241,0.00684],"triangles":[16,1,0,9,8,12,4,16,15,7,14,13,17,16,0,3,2,16,2,1,16,4,3,16,5,15,14,6,5,14,4,15,5,7,6,14,8,13,12,12,11,9,7,13,8,10,9,11],"vertices":[-43.97,7.11,-43.97,-8.73,-41.28,-12.75,-13.67,-12.75,-4.71,-9.41,7.16,-12.75,17.07,-12.75,24.41,-10.47,34.38,-12.75,46.7,-12.75,52.03,-9.18,52.03,7.84,48.21,11.25,32.03,11.25,15.84,7.79,1.06,5.6,-15.13,11.25,-41.66,11.09],"edges":[0,2,2,4,4,6,6,8,8,10,10,12,12,14,14,16,16,18,18,20,20,22,22,24,24,26,26,28,28,30,30,32,32,34,0,34]}},"lei8":{"lei3":{"x":0.22,"y":1.97,"width":19,"height":18}},"lei9":{"lei3":{"x":0.22,"y":1.97,"width":19,"height":18}},"lei10":{"lei3":{"x":0.22,"y":1.97,"width":19,"height":18}},"shangxin":{"shangxin":{"width":374,"height":345}}}}],"animations":{"shangxin":{"slots":{"lei3":{"color":[{"time":0.1667,"color":"ffffff00"},{"time":0.2,"color":"ffffffff","curve":"stepped"},{"time":0.3333,"color":"ffffffff"},{"time":0.3667,"color":"ffffff00"}],"attachment":[{"name":null},{"time":0.1667,"name":"lei3"}]},"lei4":{"color":[{"time":0.0333,"color":"ffffff00"},{"time":0.0667,"color":"ffffffff","curve":"stepped"},{"time":0.2,"color":"ffffffff"},{"time":0.2333,"color":"ffffff00"}],"attachment":[{"name":null},{"time":0.0333,"name":"lei3"}]},"lei5":{"color":[{"time":0.2667,"color":"ffffff00"},{"time":0.3,"color":"ffffffff","curve":"stepped"},{"time":0.4,"color":"ffffffff"},{"time":0.4667,"color":"ffffff00"}],"attachment":[{"name":null},{"time":0.2667,"name":"lei3"}]},"lei8":{"color":[{"time":0.1667,"color":"ffffff00"},{"time":0.2,"color":"ffffffff","curve":"stepped"},{"time":0.3333,"color":"ffffffff"},{"time":0.3667,"color":"ffffff00"}],"attachment":[{"name":null},{"time":0.1667,"name":"lei3"}]},"lei9":{"color":[{"time":0.0333,"color":"ffffff00"},{"time":0.0667,"color":"ffffffff","curve":"stepped"},{"time":0.2,"color":"ffffffff"},{"time":0.2333,"color":"ffffff00"}],"attachment":[{"name":null},{"time":0.0333,"name":"lei3"}]},"lei10":{"color":[{"time":0.2667,"color":"ffffff00"},{"time":0.3,"color":"ffffffff","curve":"stepped"},{"time":0.4,"color":"ffffffff"},{"time":0.4667,"color":"ffffff00"}],"attachment":[{"name":null},{"time":0.2667,"name":"lei3"}]}},"bones":{"biaoqing":{"translate":[{"y":24.03},{"time":0.3,"y":15.75},{"time":0.6,"y":24.03},{"time":0.9,"y":15.75},{"time":1.2,"y":24.03}]},"bone2":{"translate":[{"y":231.22},{"time":0.3333}],"scale":[{},{"time":0.0667,"x":1.06},{"time":0.1667,"x":0.899,"y":1.284},{"time":0.2667,"x":1.106,"y":1.26},{"time":0.3333}]},"bone3":{"translate":[{"time":0.1667,"x":89.18,"y":131.36},{"time":0.3667,"x":101.46,"y":37.91}]},"bone4":{"translate":[{"time":0.0333,"x":6.41,"y":169.28},{"time":0.2333,"x":-16.55,"y":59.27}]},"bone5":{"translate":[{"time":0.2667,"x":62.48,"y":-2.14},{"time":0.4667,"x":115.88,"y":-82.24}]},"bone7":{"translate":[{"y":231.22},{"time":0.3333}],"scale":[{},{"time":0.0667,"x":1.06},{"time":0.1667,"x":0.899,"y":1.284},{"time":0.2667,"x":1.106,"y":1.26},{"time":0.3333}]},"bone8":{"translate":[{"time":0.1667,"x":13.02,"y":76.15},{"time":0.3667,"x":21.49,"y":-83.94}]},"bone9":{"translate":[{"time":0.0333,"x":65.43,"y":110.25},{"time":0.2333,"x":104.35,"y":-42.59}]},"bone10":{"translate":[{"time":0.2667,"x":20.59,"y":9.29},{"time":0.4667,"x":25.44,"y":-65.1}]},"bone_bg":{"translate":[{},{"time":0.3,"y":2},{"time":0.6},{"time":0.9,"y":2},{"time":1.2}],"scale":[{},{"time":0.3,"x":1.01},{"time":0.6},{"time":0.9,"x":1.01},{"time":1.2}]}},"deform":{"default":{"lei1":{"lei1":[{"offset":1,"vertices":[28.52299,0,238.164,0,239.23193,0,29.32906]},{"time":0.3333,"offset":1,"vertices":[28.52299,0,0,0,0,0,29.32906]}]},"lei6":{"lei1":[{"offset":1,"vertices":[35.224,0,239.90393,0.00001,237.99995,0,34.27197]},{"time":0.2333,"offset":1,"vertices":[30.95972,0,68.84532,0,67.81911,0,31.12649]},{"time":0.3,"offset":1,"vertices":[29.74135,0,22.5554,0,21.77991,0,30.22777]},{"time":0.3333,"offset":1,"vertices":[29.13217,0,4.17056,0,3.52036,0,29.77842]},{"time":0.3667,"offset":1,"vertices":[28.52299,0,1.01759,0,0.49283,0,29.32906]}]}}}}}},[0]]],0,0,[0],[-1],[0]]