[1,["13f29b2d0@6c48a"],["_textureSource"],["cc.SpriteFrame","cc.SpriteAtlas"],0,[[[{"name":"road_banker_small","rect":{"x":229,"y":203,"width":14,"height":14},"offset":{"x":0,"y":0},"originalSize":{"width":14,"height":14},"rotated":false,"capInsets":[0,0,0,0],"packable":true,"pixelsToUnit":100,"pivot":{"x":0.5,"y":0.5},"meshType":0}],[0],0,[0],[0],[0]],[[{"name":"pair_banker","rect":{"x":3,"y":283,"width":22,"height":22},"offset":{"x":0,"y":0},"originalSize":{"width":22,"height":22},"rotated":false,"capInsets":[0,0,0,0],"packable":true,"pixelsToUnit":100,"pivot":{"x":0.5,"y":0.5},"meshType":0}],[0],0,[0],[0],[0]],[[{"name":"road_ps_small","rect":{"x":229,"y":223,"width":14,"height":14},"offset":{"x":0,"y":0},"originalSize":{"width":14,"height":14},"rotated":false,"capInsets":[0,0,0,0],"packable":true,"pixelsToUnit":100,"pivot":{"x":0.5,"y":0.5},"meshType":0}],[0],0,[0],[0],[0]],[[{"name":"road_ps_big","rect":{"x":232,"y":155,"width":18,"height":19},"offset":{"x":0,"y":0},"originalSize":{"width":18,"height":19},"rotated":true,"capInsets":[0,0,0,0],"packable":true,"pixelsToUnit":100,"pivot":{"x":0.5,"y":0.5},"meshType":0}],[0],0,[0],[0],[0]],[[{"name":"auto-atlas","spriteFrames":["6","6de8S0ehhMp7Gr8pL/9Mtb@f9941","photo_bg_ai","84gyRG/EZKi4kvLmwGVGmu@f9941","clock_line","dfCTgVompDwZZgKD9B2LAY@f9941","clock_b","efGBqlUhVLcaJyGzgHDCvp@f9941","photo_bg","c6AH+GFrxO94nt8pfiu/4Q@f9941","pair_banker","127W1fMB9JN5lPIu9PPOuj@f9941","dot_tie","28x+RWRCBPrJuQZHBQslY2@f9941","piar_player","2aEE8H8UdGBJucCQi/18nu@f9941","dot_player","52Cv77UspApoAxQHMLLeiP@f9941","icon_player","7fl1VTfI9IRpBOjaYIhdJI@f9941","dot_banker","b8vSL7yWdGz47P/IPerYBM@f9941","road_tie","9cEFLMJxJER6IbyCPzGdnm@f9941","game_label","32PZN4MlFEN7KY+w15Dmbw@f9941","road_pline_big","6dCt2tBbpG8r3QgVCx4qpF@f9941","road_bline_small","5cBnF0VatMdYWZtUlynvWf@f9941","road_ps_big","1eEb7gFpRJRqNzLECy3g4M@f9941","road_bs_big","731sprJ6VEqq2SKt7CtmCj@f9941","road_tie_big","4fBpuML2lNLJtnEo2XLs/c@f9941","road_pline_small","e11lqAoYlB6Y4n3umww3wK@f9941","B","f4U4QQEyBOmqlFREphs8ox@f9941","road_banker_small","02/5lydMRA8oJSutUzIbQf@f9941","road_ps_small","170faPuu1MzrnPC+zw9NKt@f9941","road_player_big","c7Z6vdUSxF1JiKEqaQP8Dx@f9941","P","c3lne2d0pGCIXBYkIM9CDm@f9941","T","f5EXhgHW9Eqbyrx+MZJiyS@f9941","road_player_small","293ULKSQBNPaG0dqivhZAD@f9941","road_bs_small","76WT/ZYcFGu6J1iC03wYNl@f9941","road_banker_big","e2Y4zNzHRF/b5LWdLVt36+@f9941"]}],[1],0,[],[],[]],[[{"name":"dot_tie","rect":{"x":31,"y":283,"width":22,"height":22},"offset":{"x":0,"y":0},"originalSize":{"width":22,"height":22},"rotated":false,"capInsets":[0,0,0,0],"packable":true,"pixelsToUnit":100,"pivot":{"x":0.5,"y":0.5},"meshType":0}],[0],0,[0],[0],[0]],[[{"name":"road_player_small","rect":{"x":179,"y":260,"width":14,"height":14},"offset":{"x":0,"y":0},"originalSize":{"width":14,"height":14},"rotated":false,"capInsets":[0,0,0,0],"packable":true,"pixelsToUnit":100,"pivot":{"x":0.5,"y":0.5},"meshType":0}],[0],0,[0],[0],[0]],[[{"name":"piar_player","rect":{"x":59,"y":283,"width":22,"height":22},"offset":{"x":0,"y":0},"originalSize":{"width":22,"height":22},"rotated":false,"capInsets":[0,0,0,0],"packable":true,"pixelsToUnit":100,"pivot":{"x":0.5,"y":0.5},"meshType":0}],[0],0,[0],[0],[0]],[[{"name":"game_label","rect":{"x":196,"y":155,"width":30,"height":30},"offset":{"x":0,"y":0},"originalSize":{"width":30,"height":30},"rotated":false,"capInsets":[3,3,3,3],"packable":true,"pixelsToUnit":100,"pivot":{"x":0.5,"y":0.5},"meshType":0}],[0],0,[0],[0],[0]],[[{"name":"road_tie_big","rect":{"x":196,"y":191,"width":27,"height":27},"offset":{"x":0,"y":0},"originalSize":{"width":27,"height":27},"rotated":false,"capInsets":[0,0,0,0],"packable":true,"pixelsToUnit":100,"pivot":{"x":0.5,"y":0.5},"meshType":0}],[0],0,[0],[0],[0]],[[{"name":"dot_player","rect":{"x":87,"y":283,"width":22,"height":22},"offset":{"x":0,"y":0},"originalSize":{"width":22,"height":22},"rotated":false,"capInsets":[0,0,0,0],"packable":true,"pixelsToUnit":100,"pivot":{"x":0.5,"y":0.5},"meshType":0}],[0],0,[0],[0],[0]],[[{"name":"road_bline_small","rect":{"x":179,"y":185,"width":10,"height":10},"offset":{"x":0,"y":0},"originalSize":{"width":10,"height":10},"rotated":false,"capInsets":[0,0,0,0],"packable":true,"pixelsToUnit":100,"pivot":{"x":0.5,"y":0.5},"meshType":0}],[0],0,[0],[0],[0]],[[{"name":"road_pline_big","rect":{"x":179,"y":155,"width":11,"height":11},"offset":{"x":0,"y":0},"originalSize":{"width":11,"height":11},"rotated":false,"capInsets":[0,0,0,0],"packable":true,"pixelsToUnit":100,"pivot":{"x":0.5,"y":0.5},"meshType":0}],[0],0,[0],[0],[0]],[[{"name":"6","rect":{"x":179,"y":172,"width":7,"height":11},"offset":{"x":0,"y":0},"originalSize":{"width":7,"height":11},"rotated":true,"capInsets":[0,0,0,0],"packable":true,"pixelsToUnit":100,"pivot":{"x":0.5,"y":0.5},"meshType":0}],[0],0,[0],[0],[0]],[[{"name":"road_bs_big","rect":{"x":232,"y":179,"width":18,"height":18},"offset":{"x":0,"y":0},"originalSize":{"width":18,"height":18},"rotated":false,"capInsets":[0,0,0,0],"packable":true,"pixelsToUnit":100,"pivot":{"x":0.5,"y":0.5},"meshType":0}],[0],0,[0],[0],[0]],[[{"name":"road_bs_small","rect":{"x":229,"y":243,"width":14,"height":14},"offset":{"x":0,"y":0},"originalSize":{"width":14,"height":14},"rotated":false,"capInsets":[0,0,0,0],"packable":true,"pixelsToUnit":100,"pivot":{"x":0.5,"y":0.5},"meshType":0}],[0],0,[0],[0],[0]],[[{"name":"icon_player","rect":{"x":115,"y":283,"width":22,"height":22},"offset":{"x":0,"y":0},"originalSize":{"width":24,"height":24},"rotated":false,"capInsets":[0,0,0,0],"packable":true,"pixelsToUnit":100,"pivot":{"x":0.5,"y":0.5},"meshType":0}],[0],0,[0],[0],[0]],[[{"name":"photo_bg_ai","rect":{"x":3,"y":3,"width":134,"height":170},"offset":{"x":0,"y":0},"originalSize":{"width":134,"height":170},"rotated":true,"capInsets":[0,0,0,0],"packable":true,"pixelsToUnit":100,"pivot":{"x":0.5,"y":0.5},"meshType":0}],[0],0,[0],[0],[0]],[[{"name":"road_tie","rect":{"x":171,"y":283,"width":19,"height":19},"offset":{"x":0,"y":0},"originalSize":{"width":19,"height":19},"rotated":false,"capInsets":[0,0,0,0],"packable":true,"pixelsToUnit":100,"pivot":{"x":0.5,"y":0.5},"meshType":0}],[0],0,[0],[0],[0]],[[{"name":"dot_banker","rect":{"x":143,"y":283,"width":22,"height":22},"offset":{"x":0,"y":0},"originalSize":{"width":22,"height":22},"rotated":false,"capInsets":[0,0,0,0],"packable":true,"pixelsToUnit":100,"pivot":{"x":0.5,"y":0.5},"meshType":0}],[0],0,[0],[0],[0]],[[{"name":"P","rect":{"x":179,"y":232,"width":8,"height":10},"offset":{"x":0,"y":0},"originalSize":{"width":8,"height":10},"rotated":true,"capInsets":[0,0,0,0],"packable":true,"pixelsToUnit":100,"pivot":{"x":0.5,"y":0.5},"meshType":0}],[0],0,[0],[0],[0]],[[{"name":"photo_bg","rect":{"x":3,"y":143,"width":134,"height":170},"offset":{"x":0,"y":0},"originalSize":{"width":134,"height":170},"rotated":true,"capInsets":[0,0,0,0],"packable":true,"pixelsToUnit":100,"pivot":{"x":0.5,"y":0.5},"meshType":0}],[0],0,[0],[0],[0]],[[{"name":"road_player_big","rect":{"x":196,"y":224,"width":27,"height":27},"offset":{"x":0,"y":0},"originalSize":{"width":27,"height":27},"rotated":false,"capInsets":[0,0,0,0],"packable":true,"pixelsToUnit":100,"pivot":{"x":0.5,"y":0.5},"meshType":0}],[0],0,[0],[0],[0]],[[{"name":"clock_line","rect":{"x":179,"y":3,"width":70,"height":70},"offset":{"x":0,"y":0},"originalSize":{"width":70,"height":70},"rotated":false,"capInsets":[0,0,0,0],"packable":true,"pixelsToUnit":100,"pivot":{"x":0.5,"y":0.5},"meshType":0}],[0],0,[0],[0],[0]],[[{"name":"road_pline_small","rect":{"x":179,"y":201,"width":10,"height":10},"offset":{"x":0,"y":0},"originalSize":{"width":10,"height":10},"rotated":false,"capInsets":[0,0,0,0],"packable":true,"pixelsToUnit":100,"pivot":{"x":0.5,"y":0.5},"meshType":0}],[0],0,[0],[0],[0]],[[{"name":"road_banker_big","rect":{"x":199,"y":263,"width":27,"height":27},"offset":{"x":0,"y":0},"originalSize":{"width":27,"height":27},"rotated":false,"capInsets":[0,0,0,0],"packable":true,"pixelsToUnit":100,"pivot":{"x":0.5,"y":0.5},"meshType":0}],[0],0,[0],[0],[0]],[[{"name":"clock_b","rect":{"x":179,"y":79,"width":70,"height":70},"offset":{"x":0,"y":0},"originalSize":{"width":70,"height":70},"rotated":false,"capInsets":[0,0,0,0],"packable":true,"pixelsToUnit":100,"pivot":{"x":0.5,"y":0.5},"meshType":0}],[0],0,[0],[0],[0]],[[{"name":"B","rect":{"x":179,"y":217,"width":9,"height":10},"offset":{"x":0,"y":0},"originalSize":{"width":9,"height":10},"rotated":true,"capInsets":[0,0,0,0],"packable":true,"pixelsToUnit":100,"pivot":{"x":0.5,"y":0.5},"meshType":0}],[0],0,[0],[0],[0]],[[{"name":"T","rect":{"x":179,"y":246,"width":8,"height":10},"offset":{"x":0,"y":0},"originalSize":{"width":8,"height":10},"rotated":true,"capInsets":[0,0,0,0],"packable":true,"pixelsToUnit":100,"pivot":{"x":0.5,"y":0.5},"meshType":0}],[0],0,[0],[0],[0]]]]
