[1,["6by57tF8VK2rGvUOUn0Lxa@6c48a","d8+MyVYs1BToc1aCbwxZwC@6c48a","dfIR5itY9CHLBZnPWx47bp@6c48a","6by57tF8VK2rGvUOUn0Lxa@f9941","d8+MyVYs1BToc1aCbwxZwC@f9941","dfIR5itY9CHLBZnPWx47bp@f9941"],["node","_textureSource","_spriteFrame","_parent","_cameraComponent","loadResNode","scene"],["cc.SpriteFrame",["cc.Node",["_name","_layer","_components","_children","_lpos","_parent"],1,12,2,5,1],["cc.Sprite",["_type","_sizeMode","node","_spriteFrame"],1,1,6],["cc.Node",["_name","_layer","_id","_children","_components","_lpos","_parent"],0,2,9,5,1],["cc.UITransform",["node","_contentSize","_anchorPoint"],3,1,5,5],["cc.SceneAsset",["_name"],2],["cc.Node",["_name","_parent","_components","_lpos"],2,1,2,5],["cc.Canvas",["node","_cameraComponent"],3,1,1],["cc.Widget",["_alignFlags","_top","_bottom","node"],0,1],["6de46y/111KxYA5hbNsmBQk",["node","loadResNode"],3,1,1],["cc.Scene",["_name","_children","_globals"],2,2,4],["cc.SceneGlobals",["ambient","shadows","_skybox","fog","octree","skin","lightProbeInfo","postSettings"],3,4,4,4,4,4,4,4,4],["cc.AmbientInfo",["_skyColorHDR","_groundAlbedoHDR"],3,5,5],["cc.ShadowsInfo",["_shadowColor","_size"],3,5,5],["cc.SkyboxInfo",[],3],["cc.FogInfo",[],3],["cc.OctreeInfo",[],3],["cc.SkinInfo",["_enabled"],2],["cc.LightProbeInfo",[],3],["cc.PostSettingsInfo",[],3],["cc.Camera",["_projection","_orthoHeight","_near","_far","_visibility","node","_color"],-2,1,5],["cc.ProgressBar",["_totalLength","_progress","node","_barSprite"],1,1,1],["1d1fe7QK3JIxLk6qffhHUF7",["node","loadProgress"],3,1,1]],[[4,0,1,1],[5,0,2],[3,0,1,2,3,4,5,4],[3,0,1,6,3,4,3],[1,0,1,3,2,4,3],[1,0,1,5,3,2,3],[1,0,1,5,2,4,3],[6,0,1,2,3,2],[4,0,1,2,1],[7,0,1,1],[8,0,1,2,3,4],[9,0,1,1],[2,0,2,3,2],[2,1,2,3,2],[2,0,1,2,3],[10,0,1,2,2],[11,0,1,2,3,4,5,6,7,1],[12,0,1,1],[13,0,1,1],[14,1],[15,1],[16,1],[17,0,2],[18,1],[19,1],[20,0,1,2,3,4,5,6,6],[21,0,1,2,3,3],[22,0,1,1]],[[[{"name":"load_bg","rect":{"x":0,"y":0,"width":580,"height":24},"offset":{"x":0,"y":0},"originalSize":{"width":580,"height":24},"rotated":false,"capInsets":[0,0,0,0],"vertices":{"rawPosition":[-290,-12,0,290,-12,0,-290,12,0,290,12,0],"indexes":[0,1,2,2,1,3],"uv":[0,24,580,24,0,0,580,0],"nuv":[0,0,1,0,0,1,1,1],"minPos":{"x":-290,"y":-12,"z":0},"maxPos":{"x":290,"y":12,"z":0}},"packable":true,"pixelsToUnit":100,"pivot":{"x":0.5,"y":0.5},"meshType":0}],[0],0,[0],[1],[0]],[[{"name":"load_bg_m","rect":{"x":0,"y":0,"width":720,"height":1400},"offset":{"x":0,"y":0},"originalSize":{"width":720,"height":1400},"rotated":false,"capInsets":[0,0,0,0],"vertices":{"rawPosition":[-360,-700,0,360,-700,0,-360,700,0,360,700,0],"indexes":[0,1,2,2,1,3],"uv":[0,1400,720,1400,0,0,720,0],"nuv":[0,0,1,0,0,1,1,1],"minPos":{"x":-360,"y":-700,"z":0},"maxPos":{"x":360,"y":700,"z":0}},"packable":true,"pixelsToUnit":100,"pivot":{"x":0.5,"y":0.5},"meshType":0}],[0],0,[0],[1],[1]],[[{"name":"load_line","rect":{"x":0,"y":0,"width":25,"height":18},"offset":{"x":0,"y":0},"originalSize":{"width":25,"height":18},"rotated":false,"capInsets":[5,0,5,0],"vertices":{"rawPosition":[-12.5,-9,0,12.5,-9,0,-12.5,9,0,12.5,9,0],"indexes":[0,1,2,2,1,3],"uv":[0,18,25,18,0,0,25,0],"nuv":[0,0,1,0,0,1,1,1],"minPos":{"x":-12.5,"y":-9,"z":0},"maxPos":{"x":12.5,"y":9,"z":0}},"packable":true,"pixelsToUnit":100,"pivot":{"x":0.5,"y":0.5},"meshType":0}],[0],0,[0],[1],[2]],[[[1,"loadScenePC"],[2,"Canvas",33554432,"beI88Z2HpFELqR4T5EMHpg",[-7,-8],[[0,-1,[5,1920,1080]],[9,-3,-2],[10,45,5.684341886080802e-14,5.684341886080802e-14,-4],[11,-6,-5]],[1,960,540,0]],[4,"loadProgressBar",33554432,[-12],[[[0,-9,[5,580,24]],[12,1,-10,0],-11],4,4,1],[1,0,-512.711,0]],[3,"loadBg",33554432,1,[-15],[[0,-13,[5,1920,1080]],[13,0,-14,1]]],[5,"content",33554432,3,[2],[[[0,-16,[5,720,1280]],-17],4,1]],[6,"Bar",33554432,2,[[[8,-18,[5,0,24],[0,0,0.5]],-19],4,1],[1,-290,0,0]],[15,"loadScenePC",[1],[16,[17,[2,0,0,0,0.520833125],[2,0,0,0,0]],[18,[4,4283190348],[0,512,512]],[19],[20],[21],[22,false],[23],[24]]],[7,"Camera",1,[-20],[1,0,0,1000]],[25,0,696.2801556420233,0,2000,1108344832,7,[4,4278190080]],[14,1,0,5],[26,580,0,2,9],[27,4,10]],0,[0,0,1,0,4,8,0,0,1,0,0,1,0,5,11,0,0,1,0,-1,7,0,-2,3,0,0,2,0,0,2,0,-3,10,0,-1,5,0,0,3,0,0,3,0,-1,4,0,0,4,0,-2,11,0,0,5,0,-2,9,0,-1,8,0,6,6,1,3,6,2,3,4,20],[0,0,9],[2,2,2],[3,4,5]]]]
