{"importBase":"import","nativeBase":"native","name":"resources","deps":[],"uuids":["05Et3h5SFNIqCj5T0hAXtY","06biWhlXtD+oMHyQxVT9o0","0dXLtiVZhIjYlj7NAnZAWl","0ePRdQbMNNIbRFIkUoZJAU","0e716lQ5NEPru7gxU6MNME","0fTqaWMQ9KSJYgkaT4WUOh","11/kCa/2JHfKVJ6idZmCc/","16avN0KRlKWq2rE6oRgVeK","1aWdnVg2lNVZmfffL2Sn+5","21mJ29sUZCp5l84eSwByLI","23Sa7b8ARB77KqhjXx8ROW","23a4eoPXBPgaLS9FPOKfyh","25jJFO8XhGoptmLppM//zv","25o4zGh2NMvJdffA5oLB9r","33N6DGYcJGGJBhsn24JJy8","343o2JmrVH2bGbRTEUkbcF","3c/MCIu9pOU6JBUQ5RXk+b","3ezh82W91CHpbxpSK8nl6u","3e1P9RuBRDXKqOXwVTe9Rq","3foopU+xxKi6914+0LmZMm","4391OvD0pKFZVEkmRyBLjw","45+7PMEyZDWpsgbLVqsl8t","4abeLNmI5FL5/i54qyJlUI","4fyj+YD1ZMdKuOKzU7h2kY","50k0ns4DFIArB7n6hmMUyW","54dWeVl59FlodtguSLgDuH","5717ZYepFKJ46pqbQ54bg9","5b8RscVcRMKIBZVYMLYusi","5fvp/WqBNEX4xjktBHxadz","60HeaG0OpATpZOpN2XdjT5","60gM8xak5HK6E12U6Jcyom","66Ml4LsR5Nyr6EFUgoD+Kr","704a/vJFZJIJ1mmgdrb8Rf","71wF98AgVBf54dougKwOgT","72a5RXgttO/5UCvfSu2nbZ","79uO3QTEhK+JrzvyVBHi3S","7amt9wjgRCEaHeq1ASqOkc","7cSg3PwspFjZQkXkuQV/U7","83YBIUwFFDZIUwwUgxdtOx","86MNIWwIRGOJF1CF3Z3kZ3","8d474XddFNKoYzn4GIu28G","8fpDDau+JBN6ycKslZZm4P","9eDNdH7EhJ9ZjdgTH7P3pv","a1Krk0cEhPUboYX3e7QpIP","a1cJhNE4FG94Z1GdOCvJJp","a2vc2FBJxNm7CP5C2sUW7p","a3fej1qNNO8rshXw4GXzRV","a3uYhT29xHh78cBP9qxBQj","a4zjjAwdRPW6FKBZcw0yuk","a5ykf2/tJN6YGHsiDdQKFF","abrU17cylBL7ECPxW6uw+A","adXQQXB1ZCAJG4Z2cf/pic","admdE0WoNDTIQoUZQYvPoL","b6ddhi3tlHIaT1MNFx4996","bc1+coX4BFi5ym5/BiKMZ/","bfXGgx7C1K4buCY6zr8Rf6","c0Qzm+VtxESo776GkkjTGX","c357yRjsFHErtJon4Neou6","cbM7ZPl/dO97clkFJvxlIV","d3nK/M+/hLBoRTRLdeFxjB","df5ZnUk/xGmquDO8FUa+51","e0sb9ceDpLeaecn1b0PgOh","e3UzLjCQdKI7CbkHb9m4C1","e5lYGDMMdF/7CzvJCBIcLr","e6Gd8ngrZO/ZnCdM6W4kvt","e9f1zUK0ZClqdg3iRrZ2Wz","eaI3FLvXJC/Z2x27lZ8uhM","eduM5zqvpGGozbwlSJ87a6","f0I7bEsTJKPJN/6IaKZO0k","f1IFwr42tEPqC99Ifz2U5/","f1gSSbwjBJqa3dFKn8no/D","f1io/+KH9JW4LPMBBQR6Ny","f2uAtuCTtFnq6I1xLGWKPk","faZvqHocBDSqPoBPnxNWgg","fenmjOAllBkq9xe8F3DgiR","fe/T+R6EFEkajAjNIxJrQA","05Et3h5SFNIqCj5T0hAXtY@6c48a","05Et3h5SFNIqCj5T0hAXtY@f9941","05bLss+fVHX5kDkmeGjFqV","0d15JVOvlII69icfuUFsGt","0e716lQ5NEPru7gxU6MNME@6c48a","0e716lQ5NEPru7gxU6MNME@f9941","0fTqaWMQ9KSJYgkaT4WUOh@6c48a","0fTqaWMQ9KSJYgkaT4WUOh@f9941","13LZ6I67xDQoX0C9IbgQZk","18HRuRTXdHM6Eh0JkgPy9l","1aWdnVg2lNVZmfffL2Sn+5@6c48a","1aWdnVg2lNVZmfffL2Sn+5@f9941","1erF1igNBNir8ZJJn0NLlj","20YzUl2n9NQ4Wdt4CJXLM7","20g1ukYUVPvKWKBRznAKo+","200w17syhFG6iM4NB6I/0O","23AGmVCA9EvIIKEvEMkkk1","23a4eoPXBPgaLS9FPOKfyh@6c48a","23a4eoPXBPgaLS9FPOKfyh@f9941","289/xsXU9GAqOKzSSMR2zo","299lEq0M5OgaU9FKt4sdUG","311i3L0vxCg5iG+W5ejR0x","3199U5RypOXr+5OEo6+7ZJ","343o2JmrVH2bGbRTEUkbcF@6c48a","343o2JmrVH2bGbRTEUkbcF@f9941","393CdjrXdE/ajrCX8tNcJU","3beSGxGHxKCJHsQPxXsPLZ","4391OvD0pKFZVEkmRyBLjw@6c48a","4391OvD0pKFZVEkmRyBLjw@f9941","44Gl1hxwlF+5fq/2dUKri6","4cTZo9VBFM8ZBftyPqDvms","4dBnJQI3ZM6I+ZAL1FbzW/","50k0ns4DFIArB7n6hmMUyW@6c48a","50k0ns4DFIArB7n6hmMUyW@f9941","54TknWPwVPqJqeCR+Y/Czo","55+jZHA31BwKl+ljQ2ggxe","5717ZYepFKJ46pqbQ54bg9@6c48a","5717ZYepFKJ46pqbQ54bg9@f9941","60HeaG0OpATpZOpN2XdjT5@6c48a","60HeaG0OpATpZOpN2XdjT5@f9941","60gM8xak5HK6E12U6Jcyom@6c48a","60gM8xak5HK6E12U6Jcyom@f9941","62a0/YvVtGvbNLoz4/r68q","73ilGv9lxAi6q4axIIgLVO","75QAfkVDZKfLSlrz8s3emx","7amt9wjgRCEaHeq1ASqOkc@6c48a","7amt9wjgRCEaHeq1ASqOkc@f9941","7bCou94slGQayxy3AMt1Vq","7bnBLq4kVNjJMzLnQT9iZ/","7dj5uJT9FMn6OrOOx83tfK","82RIbtempEFacfwaGkgkLX","83WH5Aq3lFrZpH5LYjX8ki","83YBIUwFFDZIUwwUgxdtOx@6c48a","83YBIUwFFDZIUwwUgxdtOx@f9941","84MJ9rtFdDYIKtxZd6CPlH","86mCd2mkdA5p2sNxj/NPoL","89CrZF4Q5KiIo9kGvmwt1H","8aLwq2BilETJfIFweT8tgx","8a9/qMv0pDC6aviFzTGzUs","8dDt/hMZVIKYDeEN9xbgyx","8dFzqnhntOUqBU+j3tzXWy","8d474XddFNKoYzn4GIu28G@6c48a","8d474XddFNKoYzn4GIu28G@f9941","8fpDDau+JBN6ycKslZZm4P@6c48a","8fpDDau+JBN6ycKslZZm4P@f9941","94gcMpSqdPIL1e1WUm5AvT","95EkngnxZFbYuFpsqVTaFr","9ah1L1MuZNXqYhBi56Rx3B","a5ykf2/tJN6YGHsiDdQKFF@6c48a","a5ykf2/tJN6YGHsiDdQKFF@f9941","abrU17cylBL7ECPxW6uw+A@6c48a","abrU17cylBL7ECPxW6uw+A@f9941","adV/Mog+dHSrJq3SZ078NP","adXQQXB1ZCAJG4Z2cf/pic@6c48a","adXQQXB1ZCAJG4Z2cf/pic@f9941","afUBUldcdIoLJqyzHLqYwM","b03r3suUxDnrZmB/PXxcSL","b5GOWFrxBAzahgnLcKY1Yj","bc1+coX4BFi5ym5/BiKMZ/@6c48a","bc1+coX4BFi5ym5/BiKMZ/@f9941","betMMluHtDCargSz7u3lmO","c3Cja1vSVIQaFIkt0AATBL","c3LENQUmdHzK1nqi/H4pI+","c50yd7PeRBMZao4IhDgis5","cbFjVtRzRAYagxLuEvsrBh","d3iUI1ZxdGlqH0VRUrG++k","d4/h544p5Icbs34c6fEeDL","dbEUKT21dNT64vIrRYJKNB","db/Wwdv/5Jaaj9SN9tVsC5","ddF9vkY2hLpIT+IG9ZStbN","det4+VA+pNnILw2KBto15G","e0sb9ceDpLeaecn1b0PgOh@6c48a","e0sb9ceDpLeaecn1b0PgOh@f9941","e3UzLjCQdKI7CbkHb9m4C1@6c48a","e3UzLjCQdKI7CbkHb9m4C1@f9941","e5lYGDMMdF/7CzvJCBIcLr@6c48a","e5lYGDMMdF/7CzvJCBIcLr@f9941","e7vlsR7oVOBo300IniKsoZ","eaI3FLvXJC/Z2x27lZ8uhM@6c48a","eaI3FLvXJC/Z2x27lZ8uhM@f9941","ec2HOZH99FJ44vgKKnseI0","ed/wU4b09CDK8HdPao4Tej","f2g4Etf4BJaq4D9Q3lUVwU","f3ToGmHjhHEKK3peeSkHgB","f3+k5FQx9Eu7A8PbFjQRme","f7J1uPEMlH45fJNvZJpprm","f8iUYqUAVN5pMZ1H2mKh0p","f9VapoagxOG4MLjAYK/5ZE","faZvqHocBDSqPoBPnxNWgg@6c48a","faZvqHocBDSqPoBPnxNWgg@f9941","fbBlwD9L9JeoP7hR89d0PQ","fcetrL2o5E4JJgU7yr0RBB","fc8lQBsdNIZrESOY8iUDBk","fenmjOAllBkq9xe8F3DgiR@6c48a","fenmjOAllBkq9xe8F3DgiR@f9941","ffrf1ll4pDV6dxPbnGAGVW","030cb5b89","047afb5d3","045CPjxC9PGodZ6o6yOqog","09856c69c","099f9622d","09f1a3aa4","0ae34c180","0cc38f6fb","0d0b9bbe0","0e6d0d015","13LZ6I67xDQoX0C9IbgQZk@6c48a","13LZ6I67xDQoX0C9IbgQZk@f9941","20YzUl2n9NQ4Wdt4CJXLM7@6c48a","20YzUl2n9NQ4Wdt4CJXLM7@f9941","20g1ukYUVPvKWKBRznAKo+@6c48a","20g1ukYUVPvKWKBRznAKo+@f9941","299lEq0M5OgaU9FKt4sdUG@6c48a","299lEq0M5OgaU9FKt4sdUG@f9941","393CdjrXdE/ajrCX8tNcJU@6c48a","393CdjrXdE/ajrCX8tNcJU@f9941","54TknWPwVPqJqeCR+Y/Czo@6c48a","54TknWPwVPqJqeCR+Y/Czo@f9941","55+jZHA31BwKl+ljQ2ggxe@6c48a","55+jZHA31BwKl+ljQ2ggxe@f9941","62a0/YvVtGvbNLoz4/r68q@6c48a","62a0/YvVtGvbNLoz4/r68q@f9941","73ilGv9lxAi6q4axIIgLVO@6c48a","73ilGv9lxAi6q4axIIgLVO@f9941","77U5wiKxpI6YnxV6Lnc1KQ","7bCou94slGQayxy3AMt1Vq@6c48a","7bCou94slGQayxy3AMt1Vq@f9941","7dj5uJT9FMn6OrOOx83tfK@6c48a","7dj5uJT9FMn6OrOOx83tfK@f9941","82RIbtempEFacfwaGkgkLX@6c48a","82RIbtempEFacfwaGkgkLX@f9941","83WH5Aq3lFrZpH5LYjX8ki@6c48a","83WH5Aq3lFrZpH5LYjX8ki@f9941","89CrZF4Q5KiIo9kGvmwt1H@6c48a","89CrZF4Q5KiIo9kGvmwt1H@f9941","8aLwq2BilETJfIFweT8tgx@6c48a","8aLwq2BilETJfIFweT8tgx@f9941","8a9/qMv0pDC6aviFzTGzUs@6c48a","8a9/qMv0pDC6aviFzTGzUs@f9941","95EkngnxZFbYuFpsqVTaFr@6c48a","95EkngnxZFbYuFpsqVTaFr@f9941","adV/Mog+dHSrJq3SZ078NP@6c48a","adV/Mog+dHSrJq3SZ078NP@f9941","ad1dITTfRMcbJSoHVY6jtS","b03r3suUxDnrZmB/PXxcSL@6c48a","b03r3suUxDnrZmB/PXxcSL@f9941","b5GOWFrxBAzahgnLcKY1Yj@6c48a","b5GOWFrxBAzahgnLcKY1Yj@f9941","beELzPbhxOEpxp4RcA6fbZ","d4/h544p5Icbs34c6fEeDL@6c48a","d4/h544p5Icbs34c6fEeDL@f9941","dbEUKT21dNT64vIrRYJKNB@6c48a","dbEUKT21dNT64vIrRYJKNB@f9941","ddF9vkY2hLpIT+IG9ZStbN@6c48a","ddF9vkY2hLpIT+IG9ZStbN@f9941","det4+VA+pNnILw2KBto15G@6c48a","det4+VA+pNnILw2KBto15G@f9941","e7vlsR7oVOBo300IniKsoZ@6c48a","e7vlsR7oVOBo300IniKsoZ@f9941","ed/wU4b09CDK8HdPao4Tej@6c48a","ed/wU4b09CDK8HdPao4Tej@f9941","f2g4Etf4BJaq4D9Q3lUVwU@6c48a","f2g4Etf4BJaq4D9Q3lUVwU@f9941","f3ToGmHjhHEKK3peeSkHgB@6c48a","f3ToGmHjhHEKK3peeSkHgB@f9941","f7J1uPEMlH45fJNvZJpprm@6c48a","f7J1uPEMlH45fJNvZJpprm@f9941","f8iUYqUAVN5pMZ1H2mKh0p@6c48a","f8iUYqUAVN5pMZ1H2mKh0p@f9941","f9VapoagxOG4MLjAYK/5ZE@6c48a","f9VapoagxOG4MLjAYK/5ZE@f9941","fcetrL2o5E4JJgU7yr0RBB@6c48a","fcetrL2o5E4JJgU7yr0RBB@f9941","fc8lQBsdNIZrESOY8iUDBk@6c48a","fc8lQBsdNIZrESOY8iUDBk@f9941"],"paths":{"0":["gift/caishen",2,1],"1":["gift/2025",0,1],"2":["sound/Chips",6,1],"3":["gift/chun",0,1],"4":["gift/daxiaoren",2,1],"5":["gift/huojian",2,1],"6":["gift/jigu",0,1],"7":["gift/caishen",0,1],"8":["gift/jigu",2,1],"9":["gift/feibiao",0,1],"10":["sound/Female/Female_Point_9",6,1],"11":["gift/egg",2,1],"12":["sound/Female/Female_Point_5",6,1],"13":["sound/ClickChips",6,1],"14":["gift/daxiaoren",0,1],"15":["gift/zhishengji",2,1],"16":["sound/Female/Female_Point_4",6,1],"17":["sound/Female/Female_Point_3",6,1],"18":["sound/Female/Female_StartBet",6,1],"19":["sound/Female/Female_PlayerDraw",6,1],"20":["gift/dajidali",2,1],"21":["gift/danjiutao",0,1],"22":["sound/Female/Female_Point_6",6,1],"23":["gift/wushi",0,1],"24":["gift/chuinixiongkou",2,1],"25":["gift/yuanbao",0,1],"26":["gift/feibiao",2,1],"27":["sound/Female/Female_EndBet",6,1],"28":["gift/dajidali",0,1],"29":["gift/bindou",2,1],"30":["gift/bazhang",2,1],"31":["sound/Countdown",6,1],"32":["sound/ClearBet",6,1],"33":["sound/ClickBtn",6,1],"34":["sound/Female/Female_Point_8",6,1],"35":["gift/chuinixiongkou",0,1],"36":["gift/tuoxie",2,1],"37":["sound/Female/Female_Point_0",6,1],"38":["gift/saqian",2,1],"39":["sound/Female/Female_Point_7",6,1],"40":["gift/bangbangtang",2,1],"41":["gift/2025",2,1],"42":["gift/fotiaoqiang",0,1],"43":["sound/Female/Female_Player",6,1],"44":["gift/bangbangtang",0,1],"45":["gift/fudai",0,1],"46":["gift/egg",0,1],"47":["gift/bazhang",0,1],"48":["sound/Female/Female_BankerWin",6,1],"49":["gift/fudai",2,1],"50":["gift/chun",2,1],"51":["gift/paoche",2,1],"52":["gift/paoche",0,1],"53":["sound/Female/Female_Tie",6,1],"54":["gift/hongbao",2,1],"55":["sound/Female/Female_Banker",6,1],"56":["gift/bindou",0,1],"57":["gift/saqian",0,1],"58":["gift/zhadan",0,1],"59":["sound/Female/Female_Point_2",6,1],"60":["gift/tuoxie",0,1],"61":["gift/wushi",2,1],"62":["gift/danjiutao",2,1],"63":["gift/yuanbao",2,1],"64":["gift/zhishengji",0,1],"65":["sound/Female/Female_PlayerWin",6,1],"66":["gift/zhadan",2,1],"67":["sound/ConfirmBet",6,1],"68":["sound/Female/Female_BankerDraws",6,1],"69":["gift/huojian",0,1],"70":["gift/hongbao",0,1],"71":["sound/Female/Female_Point_1",6,1],"72":["sound/BGM-OriginalVolume",6,1],"73":["gift/fotiaoqiang",2,1],"74":["gift/huojian2",2,1],"75":["sound/BGM",6,1],"76":["gift/caishen/texture",3,1],"77":["gift/caishen/spriteFrame",4,1],"78":["gift/bindou",1,1],"79":["gift/daxiaoren",1,1],"80":["gift/daxiaoren/texture",3,1],"81":["gift/daxiaoren/spriteFrame",4,1],"82":["gift/huojian/texture",3,1],"83":["gift/huojian/spriteFrame",4,1],"85":["gift/zhadan",1,1],"86":["gift/jigu/texture",3,1],"87":["gift/jigu/spriteFrame",4,1],"88":["gift/danjiutao",1,1],"91":["gift/fudai",1,1],"92":["gift/hongbao",1,1],"93":["gift/egg/texture",3,1],"94":["gift/egg/spriteFrame",4,1],"95":["gift/bangbangtang",1,1],"97":["prefab/tipPopup",5,1],"98":["gift/2025",1,1],"99":["gift/zhishengji/texture",3,1],"100":["gift/zhishengji/spriteFrame",4,1],"102":["prefab/gameSettingViewPC",5,1],"103":["gift/dajidali/texture",3,1],"104":["gift/dajidali/spriteFrame",4,1],"105":["gift/fotiaoqiang",1,1],"106":["gift/caishen",1,1],"107":["gift/jigu",1,1],"108":["gift/chuinixiongkou/texture",3,1],"109":["gift/chuinixiongkou/spriteFrame",4,1],"112":["gift/feibiao/texture",3,1],"113":["gift/feibiao/spriteFrame",4,1],"114":["gift/bindou/texture",3,1],"115":["gift/bindou/spriteFrame",4,1],"116":["gift/bazhang/texture",3,1],"117":["gift/bazhang/spriteFrame",4,1],"120":["gift/saqian",1,1],"121":["gift/tuoxie/texture",3,1],"122":["gift/tuoxie/spriteFrame",4,1],"124":["gift/huojian",1,1],"128":["gift/saqian/texture",3,1],"129":["gift/saqian/spriteFrame",4,1],"130":["prefab/tipPopupPC",5,1],"131":["gift/bazhang",1,1],"135":["prefab/toastPopup",5,1],"136":["gift/egg",1,1],"137":["gift/bangbangtang/texture",3,1],"138":["gift/bangbangtang/spriteFrame",4,1],"139":["gift/2025/texture",3,1],"140":["gift/2025/spriteFrame",4,1],"141":["gift/zhishengji",1,1],"143":["prefab/soundSettingViewPC",5,1],"144":["gift/fudai/texture",3,1],"145":["gift/fudai/spriteFrame",4,1],"146":["gift/chun/texture",3,1],"147":["gift/chun/spriteFrame",4,1],"149":["gift/paoche/texture",3,1],"150":["gift/paoche/spriteFrame",4,1],"151":["prefab/soundSettingView",5,1],"154":["gift/hongbao/texture",3,1],"155":["gift/hongbao/spriteFrame",4,1],"156":["prefab/recordViewPC",5,1],"157":["gift/chuinixiongkou",1,1],"158":["gift/wushi",1,1],"159":["gift/yuanbao",1,1],"160":["gift/chun",1,1],"161":["gift/dajidali",1,1],"164":["gift/feibiao",1,1],"167":["gift/wushi/texture",3,1],"168":["gift/wushi/spriteFrame",4,1],"169":["gift/danjiutao/texture",3,1],"170":["gift/danjiutao/spriteFrame",4,1],"171":["gift/yuanbao/texture",3,1],"172":["gift/yuanbao/spriteFrame",4,1],"174":["gift/zhadan/texture",3,1],"175":["gift/zhadan/spriteFrame",4,1],"176":["prefab/recordView",5,1],"180":["gift/paoche",1,1],"184":["gift/fotiaoqiang/texture",3,1],"185":["gift/fotiaoqiang/spriteFrame",4,1],"186":["prefab/gameSettingView",5,1],"189":["gift/huojian2/texture",3,1],"190":["gift/huojian2/spriteFrame",4,1],"191":["gift/tuoxie",1,1]},"scenes":{},"packs":{"030cb5b89":[205,207,209,211,102,213,234,236,246,256],"047afb5d3":[203,230,143,243],"09856c69c":[232,135],"099f9622d":[194,252],"09f1a3aa4":[80,82,86,121,221,223,231,233,137,139,208,99,210,103,214,112,202,93,76,212,114,216,218,229,116,206,227,108,225,235,204,128,144,146,149,237,240,242,154,245,247,249,251,167,253,169,171,174,255,259,265,261,257,263,184,267,269,189],"0ae34c180":[97,219,224,260,264],"0cc38f6fb":[215,217,220,222,226,228,238,239,156,248,250,254,262,266,270],"0d0b9bbe0":[130,241,258,268],"0e6d0d015":[244,176]},"versions":{"import":[192,"e3cec",193,"b1f91",0,"a2533",77,"290bb",78,"7a0ab",1,"79b79",195,"f76a1",196,"6d738",197,"d183e",198,"597c4",199,"ab9f8",200,"7ac89",2,"bad9f",79,"f47b7",3,"40191",201,"13933",4,"a2533",81,"3b1a2",5,"a2533",83,"bdac7",6,"8f3c6",84,"a2533",7,"bd5b2",85,"45c61",8,"a2533",87,"082d8",88,"d70e2",89,"a2533",90,"a2533",91,"d67c6",9,"3b66f",92,"7e925",10,"b68f5",11,"a2533",94,"2ef00",12,"c8763",13,"73273",95,"1a4c2",96,"a2533",98,"3df06",14,"11e05",15,"a2533",100,"b51ca",101,"a2533",16,"28438",17,"e67d0",18,"76abb",19,"80a32",20,"a2533",104,"90c71",105,"e8d0b",21,"4053f",22,"b4aca",106,"e2f7d",107,"ca61d",23,"91a05",24,"a2533",109,"73ae9",110,"a2533",25,"09e9b",111,"a2533",26,"a2533",113,"d105c",27,"8dd42",28,"52d5d",29,"a2533",115,"d6f06",30,"a2533",117,"e85ee",118,"a2533",31,"5820d",32,"cc05a",33,"b4cbf",34,"f0340",119,"a2533",120,"eddd2",35,"290cd",36,"a2533",122,"b0548",123,"a2533",124,"2c4d4",37,"5497d",125,"a2533",126,"a2533",127,"a2533",38,"a2533",129,"e84bb",39,"bbe9d",131,"7f24b",132,"a2533",133,"a2533",134,"a2533",136,"a03a7",40,"a2533",138,"3596b",41,"a2533",140,"1ddac",141,"3ba1a",142,"a2533",42,"6e50a",43,"6ed26",44,"ad6c8",45,"60442",46,"6204d",47,"a496b",48,"249fd",49,"a2533",145,"b8716",50,"a2533",147,"6ebd9",148,"a2533",51,"a2533",150,"01a1b",52,"51863",151,"c27ee",152,"a2533",153,"a2533",53,"53c09",54,"a2533",155,"98d3c",55,"9bb9c",56,"33892",157,"737cd",158,"0ca6e",57,"4f155",159,"662c8",160,"d37c9",58,"f6789",161,"adb6a",59,"ab3e5",162,"a2533",163,"a2533",164,"aace1",165,"a2533",166,"a2533",60,"125bb",61,"a2533",168,"4840f",62,"a2533",170,"30490",63,"a2533",172,"a48c5",64,"07efa",173,"a2533",65,"79e50",66,"a2533",175,"b9fe2",67,"65679",177,"a2533",68,"4090d",69,"ebb71",70,"852e3",71,"2fcff",178,"a2533",72,"eb91a",179,"a2533",180,"7f05e",181,"a2533",182,"a2533",183,"a2533",73,"a2533",185,"bb762",186,"3f711",187,"a2533",188,"a2533",74,"a2533",190,"5a543",75,"0de73",191,"840c1"],"native":[0,"6eb7b",1,"237f3",2,"bb1b2",3,"ddba2",4,"a6a54",5,"59095",6,"5c5d5",84,"a06d1",7,"90496",8,"fbaa7",89,"27ca2",90,"90cf4",9,"aca45",10,"cc11f",11,"d89a8",12,"21ac7",13,"e5ee9",96,"53818",14,"42a92",15,"53128",101,"8b44f",16,"0185d",17,"70167",18,"e003f",19,"0efc4",20,"cf248",21,"69bd9",22,"c2f79",23,"0f74b",24,"45ffe",110,"83fcc",25,"6d126",111,"27ca2",26,"7293a",27,"92620",28,"c149a",29,"61515",30,"6bbb8",118,"8809c",31,"772f6",32,"e2b2b",33,"515ce",34,"b9686",119,"dcdbc",35,"7d040",36,"2b458",123,"f099c",37,"74733",125,"cea68",126,"34955",127,"1db36",38,"b6007",39,"d3f26",132,"10347",133,"febd8",134,"dae6a",40,"2f08a",41,"23e85",142,"c06a9",42,"e6813",43,"68cd3",44,"60b73",45,"ae815",46,"d5638",47,"a140f",48,"30a3d",49,"bc0fa",50,"cf593",148,"a45fe",51,"81abd",52,"c64f9",152,"fe97e",153,"02e73",53,"d12f1",54,"9a04d",55,"c605f",56,"50154",57,"8ae28",58,"19d5e",59,"52b8d",162,"101fe",163,"33d04",165,"697fd",166,"10a6d",60,"8f95f",61,"d5f5f",62,"54a98",63,"cf938",64,"37d44",173,"9e251",65,"ccf35",66,"ff4f0",67,"df51f",177,"e7385",68,"be375",69,"91904",70,"e0a36",71,"c5556",178,"15b2e",72,"f8624",179,"95b8a",181,"fc57a",182,"523ae",183,"5ede1",73,"65bd3",187,"c1c76",188,"8191a",74,"ed11c",75,"17716"]},"redirect":[],"debug":false,"extensionMap":{},"hasPreloadScript":true,"dependencyRelationships":{},"types":["cc.Asset","sp.SkeletonData","cc.ImageAsset","cc.Texture2D","cc.SpriteFrame","cc.Prefab","cc.AudioClip"]}