{"importBase":"import","nativeBase":"native","name":"bacPusherTBundle","deps":["main","resources"],"uuids":["0fx/3E4ntFTI6c8LdQ9Efx","5curayVuxFb6SzKKoEnQ3/","5eCBdIyUpDcJz3svbrtTuI","62klB70/1NnJ/d2oodSjzT","6f0huxu1ZNtrsJGsEPblWV","75x+1SBQdF2KHQhOyzwSJp","77rXNItzdCO7xTzfMIREyj","7bbXckTGhBWYwmKgXs9Ja6","7cpi8/mn5K76gzBgHfbBfM","83SifE2OhEibmM9+R/O5a1","878QxQQphNk6cn6FZO6OT2","a5979NIv9BX79BmuHiB0WV","aaNJjuRqVFrL6/AJ3SyVDH","ab+gFJQldAHL1kzpZmsJz1","b1q9VCGxZCvpYS5Kkv0mrN","b7sVhyiqdKDr1O3syD1aLi","b99E6+PvZII4C6LjWCb3AS","c7jN8mtYdDyJ1962a1BGz0","cbIoup4YBNkaLNSolfZIn8","dcdqMrq3dBaLDuIyvS33g5","efcSFnTTtGHL5Fpxc3v748","feiXYrh5ZA7aCM+4roFnAI","02E8gutvJALbJYvYLpjL33","020gHFCKdBM6jU7J0TpLRB","0425PhImJArpbKLiabiTmF","05FvcGNTdGQ4DYXpJB3/mG","06xhqwFgtJAYnsBhyhUoug@f9941","08t95af4ZA2YFK4UGYdLrX","0brOF/2ClHtaxNil/etn4Q","0fx/3E4ntFTI6c8LdQ9Efx@6c48a","0fx/3E4ntFTI6c8LdQ9Efx@f9941","10FyAIawFGcYyOCxtXXZqX","10nkgK8W1KQbMd/PkBAEft","11Ah31BnlL3aZZFo8vxwA/@f9941","11zoVtRmpIw7hW+WSQgFfb","12KDX0CQVLfaiM1Mn+XSYE","13ykflF29KwIUhhMCA5Ega","14nLalIPNOB73wBjPFbx3g","16cqyrtcdDFJtCg94+muIV","17706fd10","180b4110d","19qDD2uk1Hv4fnrDscDMEB","1b3sDuiKRDRpF0pmLsYaR+@f9941","1chMF9cjFBEqDBI6tOuM17","1e1e315fb","1fpZc+doFBgJrg3jRtqXkb","20AsYH2lpDnpudT2uHuJr0","20g8DSkb9F9a/2WwWKby3I","24odHCfK5IkorCOCZMcFSA","28R7TECSlFrowTxwrNqcpV","28zh2tbaxECZRZTjlAd/Pn","2a9RnmumtH1oZVQJzprKR8","2d0otSAAhJtqoWvn5Q++gr","2erGA6KzJNabWK94nVmKeS","32MSWOFOpJV4hPKsv1Uy/S","33Q0kYFcZAj4M725kePduf","339XHwAp1My4t9ETPNyAkD","35yLWDApNOHaXyxbVzPem/","36WaK5SMVLoJu9kW2Sef4Q","37XIBsvpVCRp6lqzAJEgId","37kIyp6O5PobYAAwhzmEH0","38IXkC/4xGArxTPHs4x5Wh","38asI6nnRDlbMSeGbjlNe6@f9941","3aMhhvOVJPZpXtJ+aloNy+","3c6VsfalJLfKp1GNReqln6","41Ad+BmbpBnIBoG0nmYiMa","41UcqJvtFJQ4FrBT4ARhNU","43fLIOV2pKPKo755Rmf9A3","44x+IzsAFDvZxZ8RULqCCw","48sGjaaupGRrS2qoypclDZ","4fBonA28lHZL9Aw/DTt/46@f9941","59k2gDmW5Lp4fTh484CcEz","5bv2sml19FF5hSyKgxq2/B","5cW65jXGRMCKK8iyWtPM2f","5curayVuxFb6SzKKoEnQ3/@6c48a","5curayVuxFb6SzKKoEnQ3/@f9941","5eCBdIyUpDcJz3svbrtTuI@6c48a","5eCBdIyUpDcJz3svbrtTuI@f9941","62klB70/1NnJ/d2oodSjzT@6c48a","62klB70/1NnJ/d2oodSjzT@f9941","65Lki1xK1L4bfzX152+sii","67pKv4DlhPXLDK0suB3UYP","6es+2ReXlEKJ+sVzes73ox","6faVLl8WVHhJECwJVQAJwN","6fevJMZs9N8qx8DkIsA/I5","6f0huxu1ZNtrsJGsEPblWV@6c48a","6f0huxu1ZNtrsJGsEPblWV@f9941","713MDsuhVPiaRal9aCSDRQ","74riQP1O9PX4fQPDrBRz97","75NBmTX/JO9oJYXKkSF18K","75x+1SBQdF2KHQhOyzwSJp@6c48a","75x+1SBQdF2KHQhOyzwSJp@f9941","77rXNItzdCO7xTzfMIREyj@6c48a","77rXNItzdCO7xTzfMIREyj@f9941","79I20Ox45FcodtFrHKBHBM","79503ADb9O+oqVTL0otExM","7bIdNd9zlOcITv6nRengYo","7bbXckTGhBWYwmKgXs9Ja6@6c48a","7bbXckTGhBWYwmKgXs9Ja6@f9941","7cpi8/mn5K76gzBgHfbBfM@6c48a","7cpi8/mn5K76gzBgHfbBfM@f9941","7fQ0Wqb/tKxbkuc1o30cej","81GHAJmdxJhbiPHUO367vz","822fg5XpBPuZ3fgQ3dVeOj","83SifE2OhEibmM9+R/O5a1@6c48a","83SifE2OhEibmM9+R/O5a1@f9941","84FObBFxlDIK2/KqLmHZn5","86LOCjLJxFkr7qX2gxF/9p","87lUUJZ3xMHpZskn/18r0b","89Wqux7l9M/7PokgavQWTl","8apQTOle5LcJVIlJMPE5XQ","8cyqK/+SBHa4sakbnUaXfd","8fR5pc/95Amr78H0rsZrLG","90Fmt0+K5LL4o0OtHEa7dW","928Nll3d1C0IxwFrUuR31M","93EqSj1UBEf4Zs9kqSlH6a","94kGuGpxZDZ4cSTQ3LgVn3","94t30MJhFKL7Njf46TSUOT","a1jdSkC31BuZIIvG8+YZ0Z","a13QYCnW9MxYUBhILj56RO","a5BV8RkgRHS4wfR22ZUoxb","a5979NIv9BX79BmuHiB0WV@6c48a","a5979NIv9BX79BmuHiB0WV@f9941","a76QxmXG9G34q4yJXu9VwE","a76+KawstF/5PF1KXX8gy7","a8q7ndzulOJbl353u9frBF","aaNJjuRqVFrL6/AJ3SyVDH@6c48a","aaNJjuRqVFrL6/AJ3SyVDH@f9941","aa1/wv2X1GJqpAyYJzHgBk","ab+gFJQldAHL1kzpZmsJz1@6c48a","ab+gFJQldAHL1kzpZmsJz1@f9941","b0GLkiQdVO84NbiRH6V3Gq","b1q9VCGxZCvpYS5Kkv0mrN@6c48a","b1q9VCGxZCvpYS5Kkv0mrN@f9941","b2cDYSX9FO7ZMn3c/050Ao","b6FbiJl4RBBYGdfqzD4kSR","b7pE9Ynd1K67xCWggfk8um","b7sVhyiqdKDr1O3syD1aLi@6c48a","b7sVhyiqdKDr1O3syD1aLi@f9941","b7tEaMMt9KaKhC3gp+oF4b","b9FROJUZFFQrDb5dN/JKds","b99E6+PvZII4C6LjWCb3AS@6c48a","b99E6+PvZII4C6LjWCb3AS@f9941","bbEfgLuERLKbz+hDuazczG","bfMOp2PWdGAo8cEhnE/OOp","c0HWL3lJZBS4gRex8EtRQ0","c0MKfQQTRLzLFQcBSO9jCJ","c2JEFWPdNNe7/v7JGE3x1t","c3uPNgunJCsqQzNoUD+0f5","c3yNX2ZTJATo/X2+PgafQV","c37kFUPQ9Bh7jn+nVnxihS","c4QOCIgP1Ir6F4xijRX//d","cbb/xPHTdP/KFy34YT0JDq","cbxW4bDWFITIR2Lr1TlqKN","d3/pXJj/9Goq/5eavfSJ9h","d58I5kyJNHCpQqJDywRlE3","d6Fm2XDHVK45d2a1Pdj76W","dau35XRcFBPYQn1Mw/jm/U","dcdllgohpGUKuE4CsaNZ9C","dcdqMrq3dBaLDuIyvS33g5@6c48a","dcdqMrq3dBaLDuIyvS33g5@f9941","dco0Ym3m9JlpEE6JaMk3px","de4t2fjdZHnptb3mt8iShn","dfg2KQtExB3Ki9OGZT7L2J","e0t2Jb2M5MmI3IFbbh12vO","e85n2aydpHzJifKYkpcp5O","e9lc9EuuNH1Z8nCDgDeSoF","efcSFnTTtGHL5Fpxc3v748@6c48a","efcSFnTTtGHL5Fpxc3v748@f9941","f4DkqsPPpPsoINz/3Yhvlr","f5UL4M2I5OureRqAaimftY","f7kFcPevRAJZbs2B9lyK5G","f9Siz+/y5GUKHHf0o647b2@f9941","faxfdBQ7pGbZ2O0ptyZAMe","fcRAii+l5JV6k2CeV4b+e6","fdpcuEaexF7ouacJSi4kDi","feiXYrh5ZA7aCM+4roFnAI@6c48a","feiXYrh5ZA7aCM+4roFnAI@f9941","ffbD1HaWFF3IUx4Fy7yKHx","ffuIqPr2JI9I8dPLYGRDpD","01Jxfo4wRCSrKyk9IoyU+i@f9941","01ePBeg71Hy4YClDsHC0Jp@f9941","02E8gutvJALbJYvYLpjL33@6c48a","02E8gutvJALbJYvYLpjL33@f9941","02700ca28","027a78870","02kkBvMs5N7KE0jsPKB6BO@f9941","020gHFCKdBM6jU7J0TpLRB@6c48a","020gHFCKdBM6jU7J0TpLRB@f9941","027OFhmglBoIv7w+jzf2Zc","03aRBLKilDQZf1qZCvL6IE@f9941","03l0HrdRxMTbEcUr7BMDO7@f9941","03ce93833","03d1a52b6","0425PhImJArpbKLiabiTmF@6c48a","0425PhImJArpbKLiabiTmF@f9941","05FvcGNTdGQ4DYXpJB3/mG@6c48a","05FvcGNTdGQ4DYXpJB3/mG@f9941","06f5608b9","080b4110d","08t95af4ZA2YFK4UGYdLrX@6c48a","08t95af4ZA2YFK4UGYdLrX@f9941","08caa59b5","09Hi/e0ZNLYqwkF4amjkzb@f9941","0aEywwGXNC8ZHFZ6NDcmtq@f9941","0a4e49406","0aed37080","0brOF/2ClHtaxNil/etn4Q@6c48a","0brOF/2ClHtaxNil/etn4Q@f9941","0b0xjPWlFAVq0VmFJ5unMQ@f9941","0cKx9+g+VOCZrxoiqT8ZuW","0de199f9b","0e50a439a","0f5c42803","10FyAIawFGcYyOCxtXXZqX@6c48a","10FyAIawFGcYyOCxtXXZqX@f9941","10nkgK8W1KQbMd/PkBAEft@6c48a","10nkgK8W1KQbMd/PkBAEft@f9941","106RmgYz1PDL6QwSfhoHDs@f9941","11zoVtRmpIw7hW+WSQgFfb@6c48a","11zoVtRmpIw7hW+WSQgFfb@f9941","12KDX0CQVLfaiM1Mn+XSYE@6c48a","12KDX0CQVLfaiM1Mn+XSYE@f9941","13ykflF29KwIUhhMCA5Ega@6c48a","13ykflF29KwIUhhMCA5Ega@f9941","14nLalIPNOB73wBjPFbx3g@6c48a","14nLalIPNOB73wBjPFbx3g@f9941","16cqyrtcdDFJtCg94+muIV@6c48a","16cqyrtcdDFJtCg94+muIV@f9941","16qv4jj+lETaCQhE7hqgIa","17706fd10@6c48a","180b4110d@6c48a","19hfA7J1JHvLbgzM0Z0Bb8@f9941","19qDD2uk1Hv4fnrDscDMEB@6c48a","19qDD2uk1Hv4fnrDscDMEB@f9941","1a800Gf1tNVppDcIIE2Nt3@f9941","1chMF9cjFBEqDBI6tOuM17@6c48a","1chMF9cjFBEqDBI6tOuM17@f9941","1dgcNa5bBAdpuW+b9QYn9E@f9941","1e1e315fb@6c48a","1fpZc+doFBgJrg3jRtqXkb@6c48a","1fpZc+doFBgJrg3jRtqXkb@f9941","20AsYH2lpDnpudT2uHuJr0@6c48a","20AsYH2lpDnpudT2uHuJr0@f9941","20YzUl2n9NQ4Wdt4CJXLM7@f9941","20g1ukYUVPvKWKBRznAKo+@f9941","20g8DSkb9F9a/2WwWKby3I@6c48a","20g8DSkb9F9a/2WwWKby3I@f9941","209sg8RU9DDqFOdOL9ByIz@f9941","23yEalyuVO4Z/B1OgMVGKz@f9941","24QxLqQRxN45qGqS3aZdWa@f9941","24odHCfK5IkorCOCZMcFSA@6c48a","24odHCfK5IkorCOCZMcFSA@f9941","259WfOS7tHl57GqCSPBjcK@f9941","28R7TECSlFrowTxwrNqcpV@6c48a","28R7TECSlFrowTxwrNqcpV@f9941","28zh2tbaxECZRZTjlAd/Pn@6c48a","28zh2tbaxECZRZTjlAd/Pn@f9941","2a9RnmumtH1oZVQJzprKR8@6c48a","2a9RnmumtH1oZVQJzprKR8@f9941","2dreVSWhNERr0OePeKTn46@f9941","2d0otSAAhJtqoWvn5Q++gr@6c48a","2d0otSAAhJtqoWvn5Q++gr@f9941","2erGA6KzJNabWK94nVmKeS@6c48a","2erGA6KzJNabWK94nVmKeS@f9941","2fK+8arSVMMpMIMU7v6kVt@f9941","31XEVCFCVIVLRuoc7buOt7@f9941","31oJhFqC1IWbfkkYpxQjb6@f9941","32MSWOFOpJV4hPKsv1Uy/S@6c48a","32MSWOFOpJV4hPKsv1Uy/S@f9941","33Q0kYFcZAj4M725kePduf@6c48a","33Q0kYFcZAj4M725kePduf@f9941","33Q/xC24dMxokVtQa5TRjk@f9941","339XHwAp1My4t9ETPNyAkD@6c48a","339XHwAp1My4t9ETPNyAkD@f9941","35yLWDApNOHaXyxbVzPem/@6c48a","35yLWDApNOHaXyxbVzPem/@f9941","36WaK5SMVLoJu9kW2Sef4Q@6c48a","36WaK5SMVLoJu9kW2Sef4Q@f9941","37XIBsvpVCRp6lqzAJEgId@6c48a","37XIBsvpVCRp6lqzAJEgId@f9941","37kIyp6O5PobYAAwhzmEH0@6c48a","37kIyp6O5PobYAAwhzmEH0@f9941","38IXkC/4xGArxTPHs4x5Wh@6c48a","38IXkC/4xGArxTPHs4x5Wh@f9941","393CdjrXdE/ajrCX8tNcJU@f9941","39/ekt9XBOK6LUa9dY3ZHZ@f9941","3aMhhvOVJPZpXtJ+aloNy+@6c48a","3aMhhvOVJPZpXtJ+aloNy+@f9941","3c0qJBtElDX6XTqyrwoEzQ@f9941","3c6VsfalJLfKp1GNReqln6@6c48a","3c6VsfalJLfKp1GNReqln6@f9941","3dOqHpOcJNb48lP/aVL2hx","41Ad+BmbpBnIBoG0nmYiMa@6c48a","41Ad+BmbpBnIBoG0nmYiMa@f9941","41UcqJvtFJQ4FrBT4ARhNU@6c48a","41UcqJvtFJQ4FrBT4ARhNU@f9941","41gNWCigdA3oaUpSnEuDNE","43fLIOV2pKPKo755Rmf9A3@6c48a","43fLIOV2pKPKo755Rmf9A3@f9941","44x+IzsAFDvZxZ8RULqCCw@6c48a","44x+IzsAFDvZxZ8RULqCCw@f9941","45t13wflpBCLtrGD7ucc27@f9941","460YvnTplPX60b0rX1+Yrg@f9941","46/DqyOlJMKqYfiumDzX2D@f9941","47a6LCXmNH6Zt4bOUlZIJx@f9941","47zrFDEORH25eRd8NiIBT1@f9941","48sGjaaupGRrS2qoypclDZ@6c48a","48sGjaaupGRrS2qoypclDZ@f9941","49DfMBAgBOSIQn9DMerM93@f9941","49pGfVVspBiZUB4fjdoYLR@f9941","4ctarzMntJKbtB2DaM/xio@f9941","4f1pZvYYJJXp5baxuRgn/Y@f9941","51aKviL5ZM/rk72UjRdsYk@f9941","54TknWPwVPqJqeCR+Y/Czo@f9941","55+jZHA31BwKl+ljQ2ggxe@f9941","59k2gDmW5Lp4fTh484CcEz@6c48a","59k2gDmW5Lp4fTh484CcEz@f9941","5azX0ZC5dG5YC/DQn49CDS@f9941","5bv2sml19FF5hSyKgxq2/B@6c48a","5bv2sml19FF5hSyKgxq2/B@f9941","5cW65jXGRMCKK8iyWtPM2f@6c48a","5cW65jXGRMCKK8iyWtPM2f@f9941","5dvk/kGa5IwZWbSv6zrf3E","5engCTpAZDWpvdXibJSl3v","60iBQkxyNKbpqGME9ck7+Z@f9941","62KpCKOn9EcZ8L4op2Gixz@f9941","65Lki1xK1L4bfzX152+sii@6c48a","65Lki1xK1L4bfzX152+sii@f9941","67YewG9S1Ls7/F2knnHgX+@f9941","67pKv4DlhPXLDK0suB3UYP@6c48a","67pKv4DlhPXLDK0suB3UYP@f9941","68KiXUUMhKHYXAziVEqBvS@f9941","6ad4g5eCxCZqJQiLy2fOq9@f9941","6by57tF8VK2rGvUOUn0Lxa@f9941","6colKdavNCCLZZpblYtnz8@f9941","6es+2ReXlEKJ+sVzes73ox@6c48a","6es+2ReXlEKJ+sVzes73ox@f9941","6faVLl8WVHhJECwJVQAJwN@6c48a","6faVLl8WVHhJECwJVQAJwN@f9941","6fevJMZs9N8qx8DkIsA/I5@6c48a","6fevJMZs9N8qx8DkIsA/I5@f9941","6fqoIGdzZNrZcjglG2auP1@f9941","70bP4soLNKFZWTzSBParwY@f9941","71XiMJfmpInqOg1iYGfM+u@f9941","713MDsuhVPiaRal9aCSDRQ@6c48a","713MDsuhVPiaRal9aCSDRQ@f9941","72e/E8okxHl5slP2e7PLO3@f9941","73kWikp3NMYpLKKm9DXk5t@f9941","74riQP1O9PX4fQPDrBRz97@6c48a","74riQP1O9PX4fQPDrBRz97@f9941","74zMsjX3lGj62UKWw3LjuT@f9941","75NBmTX/JO9oJYXKkSF18K@6c48a","75NBmTX/JO9oJYXKkSF18K@f9941","75TWwsrNdHQ4hRT6LEN0re@f9941","75roTOulhB67TwHKV5E9d0@f9941","79I20Ox45FcodtFrHKBHBM@6c48a","79I20Ox45FcodtFrHKBHBM@f9941","79503ADb9O+oqVTL0otExM@6c48a","79503ADb9O+oqVTL0otExM@f9941","7aYppUCYpEuJ7uKI7ErZ6a@f9941","7bC/j/1UNFG5q/XVywVeCh@f9941","7bIdNd9zlOcITv6nRengYo@6c48a","7bIdNd9zlOcITv6nRengYo@f9941","7bL0BEfR1DW7oCPjDD3XmS@f9941","7dIdxIi8pNd5P1oFYDyofS@f9941","7dj5uJT9FMn6OrOOx83tfK@f9941","7eK4vv8w5A+YMANtorGQxs","7fQ0Wqb/tKxbkuc1o30cej@6c48a","7fQ0Wqb/tKxbkuc1o30cej@f9941","7fUD8F/v9IAb7boNV8eccv@f9941","81GHAJmdxJhbiPHUO367vz@6c48a","81GHAJmdxJhbiPHUO367vz@f9941","822fg5XpBPuZ3fgQ3dVeOj@6c48a","822fg5XpBPuZ3fgQ3dVeOj@f9941","8278wBbDRGjIInMMQlPnUU@f9941","83CPeamIVL1Ys3R6qpM9sR@f9941","84FObBFxlDIK2/KqLmHZn5@6c48a","84FObBFxlDIK2/KqLmHZn5@f9941","86LOCjLJxFkr7qX2gxF/9p@6c48a","86LOCjLJxFkr7qX2gxF/9p@f9941","87R9FFLRxB4YMN+Wg+oQrX","87lUUJZ3xMHpZskn/18r0b@6c48a","87lUUJZ3xMHpZskn/18r0b@f9941","89OqtuCL5PQoj9JFfWXrcR@f9941","89Wqux7l9M/7PokgavQWTl@6c48a","89Wqux7l9M/7PokgavQWTl@f9941","8apQTOle5LcJVIlJMPE5XQ@6c48a","8apQTOle5LcJVIlJMPE5XQ@f9941","8cGORCCLFBD4yCQhcCXf3e@f9941","8clRQnfNNHCJLZPDZ6e7r8","8cyqK/+SBHa4sakbnUaXfd@6c48a","8cyqK/+SBHa4sakbnUaXfd@f9941","8dcHjukiRMl4pSXcXGiGu5@f9941","8fR5pc/95Amr78H0rsZrLG@6c48a","8fR5pc/95Amr78H0rsZrLG@f9941","8fhQlcCK5DjIwRCEhDG8om@f9941","90Fmt0+K5LL4o0OtHEa7dW@6c48a","90Fmt0+K5LL4o0OtHEa7dW@f9941","91z1TEQoJEiLV52xXfIiTh@f9941","928Nll3d1C0IxwFrUuR31M@6c48a","928Nll3d1C0IxwFrUuR31M@f9941","94FSNmC+JCvalnQx2/Tmqv@f9941","94kGuGpxZDZ4cSTQ3LgVn3@6c48a","94kGuGpxZDZ4cSTQ3LgVn3@f9941","94t30MJhFKL7Njf46TSUOT@6c48a","94t30MJhFKL7Njf46TSUOT@f9941","95EkngnxZFbYuFpsqVTaFr@f9941","96tNowfuJAQoUUDA29GTBb@f9941","99t+H++RVO3q+lpyS4t8x6","9cyKZfV5pLfoNzcb6Lluro","9dz0vvP9VJ3qdoXvtGJXkT@f9941","9eX0CUPBpHipPSBwTcDij4@f9941","9fMCtKeAdKl4NoAhbMeCtT@f9941","a1jdSkC31BuZIIvG8+YZ0Z@6c48a","a1jdSkC31BuZIIvG8+YZ0Z@f9941","a13QYCnW9MxYUBhILj56RO@6c48a","a13QYCnW9MxYUBhILj56RO@f9941","a5BV8RkgRHS4wfR22ZUoxb@6c48a","a5BV8RkgRHS4wfR22ZUoxb@f9941","a5CWOn0opM74izQpkn+Gh1@f9941","a76QxmXG9G34q4yJXu9VwE@6c48a","a76QxmXG9G34q4yJXu9VwE@f9941","a76+KawstF/5PF1KXX8gy7@6c48a","a76+KawstF/5PF1KXX8gy7@f9941","a8ZajNkxlLX5KcZjBjfhnf@f9941","a8pG155iFMXrXDguGrU6In@f9941","a8q7ndzulOJbl353u9frBF@6c48a","a8q7ndzulOJbl353u9frBF@f9941","a9vO2GBWpJgazbBPZiz4tE","aaIPIW975Mv6QOkMabaumf@f9941","aa1/wv2X1GJqpAyYJzHgBk@6c48a","aa1/wv2X1GJqpAyYJzHgBk@f9941","aa5FcRzzpJ6YDXX6I8Qarm@f9941","aa9hMJytxJELgsdkrR+Ly1@f9941","aa+Xl4ZYlN656CxUK6ZLa3","b0GLkiQdVO84NbiRH6V3Gq@6c48a","b0GLkiQdVO84NbiRH6V3Gq@f9941","b19jka+7FO+J3whRYYxmku@f9941","b2cDYSX9FO7ZMn3c/050Ao@6c48a","b2cDYSX9FO7ZMn3c/050Ao@f9941","b2c0VohzhNI6S3R8n8WHml","b2hvSd+m5Jb5GjavS4tVFt","b2jA19ZjVFY5BQocFlL7Ix@f9941","b3mb1mGL9Nq5hbGAXZCEld@f9941","b6FbiJl4RBBYGdfqzD4kSR@6c48a","b6FbiJl4RBBYGdfqzD4kSR@f9941","b6LlTjsjhJLbZDc455t5TR@f9941","b7Y7TvJ1REJpT3ftlu7BSg@f9941","b7pE9Ynd1K67xCWggfk8um@6c48a","b7pE9Ynd1K67xCWggfk8um@f9941","b7tEaMMt9KaKhC3gp+oF4b@6c48a","b7tEaMMt9KaKhC3gp+oF4b@f9941","b9FROJUZFFQrDb5dN/JKds@6c48a","b9FROJUZFFQrDb5dN/JKds@f9941","bbEfgLuERLKbz+hDuazczG@6c48a","bbEfgLuERLKbz+hDuazczG@f9941","bcA5VLEb9K/YhymdsbRsTO@f9941","bfMOp2PWdGAo8cEhnE/OOp@6c48a","bfMOp2PWdGAo8cEhnE/OOp@f9941","bf00/YKQ5Ht4nLDd/0zq2Z@f9941","c0MKfQQTRLzLFQcBSO9jCJ@6c48a","c0MKfQQTRLzLFQcBSO9jCJ@f9941","c1EU4AJddDeLNLIypgqAQz@f9941","c10aQI9QVCrbx+7I3z1BSE@f9941","c2JEFWPdNNe7/v7JGE3x1t@6c48a","c2JEFWPdNNe7/v7JGE3x1t@f9941","c21N7sFFJLp51I9KKJOXrQ","c3uPNgunJCsqQzNoUD+0f5@6c48a","c3uPNgunJCsqQzNoUD+0f5@f9941","c3yNX2ZTJATo/X2+PgafQV@6c48a","c3yNX2ZTJATo/X2+PgafQV@f9941","c37kFUPQ9Bh7jn+nVnxihS@6c48a","c37kFUPQ9Bh7jn+nVnxihS@f9941","c4QOCIgP1Ir6F4xijRX//d@6c48a","c4QOCIgP1Ir6F4xijRX//d@f9941","c48jbkAJhFrYvuLRLJvo4A@f9941","c6J/hD3+lPwI6Vjusykbay@f9941","c6LwSzBE9EWphfzwku4R27@f9941","c7bbZPS+tM9JrWFsjWXnC5@f9941","c7tF4hetRHc5wVk0W+vp8X@f9941","c8fENYK2dKBacq20vcQFOo@f9941","caHCvFKPNEGpaE5iOheRRZ@f9941","cabwPMrelF2rdl7RnzNrpf","cbb/xPHTdP/KFy34YT0JDq@6c48a","cbb/xPHTdP/KFy34YT0JDq@f9941","cbxW4bDWFITIR2Lr1TlqKN@6c48a","cbxW4bDWFITIR2Lr1TlqKN@f9941","cb3HeT2c5HJZQzgeHu2tA1@f9941","cfrl0fictCuLpeBGFATaHy@f9941","d2WlLv9oNJmqxbsV2VBJD8@f9941","d3/pXJj/9Goq/5eavfSJ9h@6c48a","d3/pXJj/9Goq/5eavfSJ9h@f9941","d5Pw1aiZpJs6ZIx6yWba/4@f9941","d58I5kyJNHCpQqJDywRlE3@6c48a","d58I5kyJNHCpQqJDywRlE3@f9941","d6Fm2XDHVK45d2a1Pdj76W@6c48a","d6Fm2XDHVK45d2a1Pdj76W@f9941","d6+YznK2xGB419rCrqJnZ+@f9941","d87ZjnutRCb5QOEHIqtYU5@f9941","d8+MyVYs1BToc1aCbwxZwC@f9941","dau35XRcFBPYQn1Mw/jm/U@6c48a","dau35XRcFBPYQn1Mw/jm/U@f9941","dbptaQcXRPIbXC45Baip58","dcGiMk4yVG1Z17zPD37Ksk@f9941","dcc1gWlXlNjaH9wiIbHn43@f9941","dcdllgohpGUKuE4CsaNZ9C@6c48a","dcdllgohpGUKuE4CsaNZ9C@f9941","dco0Ym3m9JlpEE6JaMk3px@6c48a","dco0Ym3m9JlpEE6JaMk3px@f9941","ddOBDwKQ1MAojPCmtgXCnj@f9941","ddPt3CeHdDgKAxW2+pHu2Z","deaaM7WnNBtpuC3Xo8s1zF","det4+VA+pNnILw2KBto15G@f9941","de4t2fjdZHnptb3mt8iShn@6c48a","de4t2fjdZHnptb3mt8iShn@f9941","dfIR5itY9CHLBZnPWx47bp@f9941","dfg2KQtExB3Ki9OGZT7L2J@6c48a","dfg2KQtExB3Ki9OGZT7L2J@f9941","e0CofzVjRC/YB7cqyAJ2um@f9941","e0t2Jb2M5MmI3IFbbh12vO@6c48a","e0t2Jb2M5MmI3IFbbh12vO@f9941","e28RDkGfxIG4CKPAZgK1+K","e4AHZDTOhDhISMc8xv7XUY@f9941","e78lu3ezxDKoro8L97gGFe@f9941","e85n2aydpHzJifKYkpcp5O@6c48a","e85n2aydpHzJifKYkpcp5O@f9941","e9lc9EuuNH1Z8nCDgDeSoF@6c48a","e9lc9EuuNH1Z8nCDgDeSoF@f9941","ea44LViGhBrJnQakqUInLP@f9941","ebUp7hkKtLX5XlI0QHPPHs@f9941","ecexRSviNAVY/v4A/DPSse@f9941","ec5Bt7erhCP73pToGVKx5M@f9941","efGBqlUhVLcaJyGzgHDCvp@f9941","f2BvzbovtI0JJ6N8bVxfoM@f9941","f4DkqsPPpPsoINz/3Yhvlr@6c48a","f4DkqsPPpPsoINz/3Yhvlr@f9941","f5UL4M2I5OureRqAaimftY@6c48a","f5UL4M2I5OureRqAaimftY@f9941","f7kFcPevRAJZbs2B9lyK5G@6c48a","f7kFcPevRAJZbs2B9lyK5G@f9941","f8L9RW34BBQJ6DLbag33RF@f9941","f8iCCwiEVJmoC9s83vtTky","f8+uDEOF1Au4sjvSNbwZcK","faxfdBQ7pGbZ2O0ptyZAMe@6c48a","faxfdBQ7pGbZ2O0ptyZAMe@f9941","fbgeA0VGBBBKyV2nPRkvZp","fcRAii+l5JV6k2CeV4b+e6@6c48a","fcRAii+l5JV6k2CeV4b+e6@f9941","fcv7g6OR9DsK5JhBDPw1zk@f9941","fdpcuEaexF7ouacJSi4kDi@6c48a","fdpcuEaexF7ouacJSi4kDi@f9941","ffBy5GR8tKpLoNw+VJXIYY","ffbD1HaWFF3IUx4Fy7yKHx@6c48a","ffbD1HaWFF3IUx4Fy7yKHx@f9941","ffuIqPr2JI9I8dPLYGRDpD@6c48a","ffuIqPr2JI9I8dPLYGRDpD@f9941"],"paths":{"0":["res/texture/pc/road_b_pc",1,1],"1":["res/texture/common/label_p",1,1],"2":["res/texture/common/label_b",1,1],"3":["res/texture/pc/player_b_pc",1,1],"4":["res/texture/common/down_frame",1,1],"5":["res/texture/common/point_p",1,1],"6":["res/texture/mobile/banker_b_a",1,1],"7":["res/texture/mobile/player_b_a",1,1],"8":["res/texture/common/result_b",1,1],"9":["res/texture/mobile/player_b",1,1],"10":["bacPusherTGameScenePC",0,1],"11":["res/texture/pc/banker_b_pc",1,1],"12":["res/texture/common/point_b",1,1],"13":["res/texture/mobile/banker_b",1,1],"14":["res/texture/common/down_a",1,1],"15":["res/texture/pc/label_p_pc",1,1],"16":["res/texture/pc/player_b_a_pc",1,1],"17":["res/texture/dice/auto-atlas",4,1],"18":["bacPusherTGameScene",0,1],"19":["res/texture/common/bet_type_bg",1,1],"20":["res/texture/pc/label_b_pc",1,1],"21":["res/texture/pc/banker_b_a_pc",1,1],"26":["res/texture/dice/dice_5/spriteFrame",3,1],"29":["res/texture/pc/road_b_pc/texture",2,1],"30":["res/texture/pc/road_b_pc/spriteFrame",3,1],"33":["res/texture/dice/dice_6/spriteFrame",3,1],"42":["res/texture/dice/dice_4/spriteFrame",3,1],"62":["res/texture/dice/dice_2/spriteFrame",3,1],"70":["res/texture/dice/dice_1/spriteFrame",3,1],"74":["res/texture/common/label_p/texture",2,1],"75":["res/texture/common/label_p/spriteFrame",3,1],"76":["res/texture/common/label_b/texture",2,1],"77":["res/texture/common/label_b/spriteFrame",3,1],"78":["res/texture/pc/player_b_pc/texture",2,1],"79":["res/texture/pc/player_b_pc/spriteFrame",3,1],"85":["res/texture/common/down_frame/texture",2,1],"86":["res/texture/common/down_frame/spriteFrame",3,1],"90":["res/texture/common/point_p/texture",2,1],"91":["res/texture/common/point_p/spriteFrame",3,1],"92":["res/texture/mobile/banker_b_a/texture",2,1],"93":["res/texture/mobile/banker_b_a/spriteFrame",3,1],"97":["res/texture/mobile/player_b_a/texture",2,1],"98":["res/texture/mobile/player_b_a/spriteFrame",3,1],"99":["res/texture/common/result_b/texture",2,1],"100":["res/texture/common/result_b/spriteFrame",3,1],"104":["res/texture/mobile/player_b/texture",2,1],"105":["res/texture/mobile/player_b/spriteFrame",3,1],"121":["res/texture/pc/banker_b_pc/texture",2,1],"122":["res/texture/pc/banker_b_pc/spriteFrame",3,1],"126":["res/texture/common/point_b/texture",2,1],"127":["res/texture/common/point_b/spriteFrame",3,1],"129":["res/texture/mobile/banker_b/texture",2,1],"130":["res/texture/mobile/banker_b/spriteFrame",3,1],"132":["res/texture/common/down_a/texture",2,1],"133":["res/texture/common/down_a/spriteFrame",3,1],"137":["res/texture/pc/label_p_pc/texture",2,1],"138":["res/texture/pc/label_p_pc/spriteFrame",3,1],"141":["res/texture/pc/player_b_a_pc/texture",2,1],"142":["res/texture/pc/player_b_a_pc/spriteFrame",3,1],"159":["res/texture/common/bet_type_bg/texture",2,1],"160":["res/texture/common/bet_type_bg/spriteFrame",3,1],"167":["res/texture/pc/label_b_pc/texture",2,1],"168":["res/texture/pc/label_b_pc/spriteFrame",3,1],"172":["res/texture/dice/dice_3/spriteFrame",3,1],"176":["res/texture/pc/banker_b_a_pc/texture",2,1],"177":["res/texture/pc/banker_b_a_pc/spriteFrame",3,1]},"scenes":{"db://assets/games/bacPusherT/bacPusherTGameScene.scene":18,"db://assets/games/bacPusherT/bacPusherTGameScenePC.scene":10},"packs":{"02700ca28":[324,369,372,386],"027a78870":[323,17],"03ce93833":[188,189,229,291,320,380,388,475,554],"03d1a52b6":[222,257,299,75,77,93,357,98,105,130,450,452,466,18,502,521,526,542,543,546],"06f5608b9":[207,29,236,239,240,258,187,261,263,287,290,194,319,321,74,76,336,340,338,85,97,362,99,368,387,200,391,394,219,223,233,251,256,273,275,300,307,330,345,349,90,92,358,373,400,405,216,225,231,182,279,298,196,327,104,379,385,227,242,246,254,277,293,295,377,230,281,356,397,403,221,268,78,214,270,283,316,352,371,382,416,121,421,423,427,414,418,126,431,129,132,449,451,137,141,436,445,439,453,455,458,468,470,472,461,474,465,484,486,491,494,496,501,159,506,508,514,517,520,525,527,167,535,537,539,544,547,550,176,553,555],"080b4110d":[180,186,190,191,203,218,248,249,250,260,266,267,272,286,289,302,303,304,306,309,311,313,318,325,326,329,332,342,348,361,376,389,402,411,413,420,426,430,438,443,444,460,463,476,479,482,489,499,505,523,524,530,531,532],"08caa59b5":[26,33,42,62,70,17,172],"0a4e49406":[292,145],"0aed37080":[181,310,343,347,370,399,408,457,145,488,529],"0de199f9b":[197,210,228],"0e50a439a":[226,243,264,271,276,284,301,322,337,339,346,367,374,383,417,428,432,456,485,487,492,497,509,515,536,540,545,548],"0f5c42803":[183,195,201,208,215,217,220,224,234,237,241,247,252,255,259,262,269,274,278,280,282,288,294,296,308,317,79,328,331,341,86,350,353,91,359,363,100,378,381,10,392,395,398,401,404,406,410,415,419,122,422,424,429,127,437,133,440,441,446,138,454,142,459,462,467,469,471,473,483,495,503,507,160,512,518,528,168,538,551,177,556]},"versions":{"import":[22,"a2533",184,"13cda",185,"024f4",23,"a2533",192,"9bdbb",193,"04093",24,"a2533",25,"a2533",198,"88f78",199,"a61aa",27,"a2533",202,"9fa8d",205,"a57be",206,"b7416",28,"a2533",211,"b7136",212,"1f6e3",213,"7e8d8",0,"a2533",30,"7de88",31,"a2533",32,"a2533",34,"a2533",35,"a2533",36,"a2533",37,"a2533",38,"a2533",39,"10f4f",40,"024f9",41,"a2533",43,"a2533",44,"13d4e",45,"a2533",46,"a2533",47,"a2533",48,"a2533",49,"a2533",50,"a2533",51,"a2533",52,"a2533",53,"a2533",54,"a2533",55,"a2533",56,"a2533",57,"a2533",58,"a2533",59,"a2533",60,"a2533",61,"a2533",63,"a2533",64,"a2533",65,"a2533",66,"a2533",67,"a2533",68,"a2533",69,"a2533",71,"a2533",72,"a2533",73,"a2533",1,"a2533",2,"a2533",3,"a2533",80,"a2533",81,"a2533",82,"a2533",83,"a2533",84,"a2533",4,"a2533",87,"a2533",88,"a2533",89,"a2533",5,"a2533",6,"a2533",94,"a2533",95,"a2533",96,"a2533",7,"a2533",8,"a2533",101,"a2533",102,"a2533",103,"a2533",9,"a2533",106,"a2533",107,"a2533",108,"a2533",109,"a2533",110,"a2533",111,"a2533",112,"a2533",113,"a2533",114,"a2533",116,"a2533",117,"a2533",118,"a2533",119,"a2533",120,"a2533",11,"a2533",123,"a2533",124,"a2533",125,"a2533",12,"a2533",128,"a2533",13,"a2533",131,"a2533",14,"a2533",134,"a2533",135,"a2533",136,"a2533",15,"a2533",139,"a2533",140,"a2533",16,"a2533",143,"a2533",144,"a2533",146,"a2533",147,"a2533",148,"a2533",149,"a2533",150,"a2533",151,"a2533",152,"a2533",153,"a2533",154,"a2533",155,"a2533",156,"a2533",157,"a2533",158,"a2533",19,"a2533",161,"a2533",162,"a2533",163,"a2533",164,"a2533",165,"a2533",166,"a2533",20,"a2533",169,"a2533",170,"a2533",171,"a2533",173,"a2533",174,"a2533",175,"a2533",21,"a2533",178,"a2533",179,"a2533"],"native":[22,"de7ab",23,"f5aea",24,"cbed1",25,"338df",27,"4412a",28,"440c4",0,"0d659",31,"2ed4a",32,"a291e",34,"12aef",35,"effac",36,"8cb5e",37,"8f78e",38,"92d87",39,"097ca",40,"09ca3",41,"2cbb2",43,"12b1b",44,"a6acf",45,"cfe7d",46,"e96e3",47,"b4a25",48,"6ba03",49,"0f3fc",50,"af79b",51,"d4496",52,"f6a0a",53,"6a001",54,"4218e",55,"fe425",56,"581d8",57,"85e6a",58,"afd53",59,"b1978",60,"7c998",61,"3b642",63,"83bdf",64,"86514",65,"14d73",66,"672ee",67,"6d792",68,"3ee22",69,"27ca2",71,"0ea76",72,"b9b08",73,"bc5d7",1,"bc0ca",2,"c4503",3,"2e117",80,"c7d36",81,"66176",82,"f17c5",83,"28bc9",84,"fe571",4,"0792e",87,"9be18",88,"829bb",89,"a2b7f",5,"d47e6",6,"6d792",94,"e84b9",95,"1edba",96,"8f4bc",7,"6de88",8,"2cfe1",101,"70d56",102,"3b247",103,"781eb",9,"b070b",106,"a4257",107,"88489",108,"0a5df",109,"ad921",110,"33181",111,"53ebe",112,"6cef2",113,"44782",114,"81fac",116,"25d5d",117,"ac927",118,"5098c",119,"411fb",120,"a3590",11,"9a431",123,"4617a",124,"9e086",125,"83e56",12,"dc83a",128,"050cf",13,"af79b",131,"26764",14,"dbe4f",134,"5470a",135,"b58b8",136,"6de88",15,"461b3",139,"b070b",140,"8c337",16,"90126",143,"494e2",144,"f1f93",146,"f3164",147,"654a1",148,"28e5b",149,"9bf84",150,"7a6ff",151,"a70a9",152,"857a7",153,"9db1f",154,"fbfba",155,"ddc89",156,"543b5",157,"0677e",158,"93d21",19,"c3a1f",161,"1cf6c",162,"125cd",163,"d86ae",164,"d6c97",165,"a5ea9",166,"e0076",20,"e318e",169,"c45ce",170,"283e7",171,"00ecb",173,"f9aae",174,"80fee",175,"18a4c",21,"ec6cc",178,"f6d44",179,"6d707"]},"redirect":[204,"0",209,"0",232,"0",235,"0",238,"0",244,"1",245,"1",253,"0",265,"0",285,"1",297,"0",305,"0",312,"0",314,"1",315,"1",333,"0",334,"0",335,"0",344,"0",351,"0",354,"0",355,"0",360,"0",364,"0",365,"0",366,"1",375,"0",384,"0",390,"0",393,"0",396,"0",115,"0",407,"1",409,"0",412,"0",425,"0",433,"0",434,"0",435,"0",442,"0",447,"0",448,"0",464,"0",477,"0",478,"0",480,"0",481,"0",490,"0",493,"0",498,"0",500,"0",504,"0",510,"0",511,"0",513,"1",516,"0",519,"0",522,"0",533,"0",534,"0",541,"0",549,"0",552,"0"],"debug":false,"extensionMap":{".cconb":[115]},"hasPreloadScript":true,"dependencyRelationships":{},"types":["cc.SceneAsset","cc.ImageAsset","cc.Texture2D","cc.SpriteFrame","cc.SpriteAtlas"]}