[1,["ecpdLyjvZBwrvm+cedCcQy","4aP1KVbahK9aTEJ6tWpYSY","cb8R3qGllNk5QfNJMPYgUI","95TViQ0yJIHLqaJMvwtTXy","38GLyw8mBN5Kp08VP0s5ZF","14c+DKY+NOY7kzB37iTH6V","1b6a03f6b"],["node","_spriteFrame","root","spMask","lbSheets","lbUnits","data","spCardRes","_textureSetter"],[["cc.Node",["_name","_active","_components","_prefab","_contentSize","_parent","_children","_trs","_anchorPoint","_color"],1,9,4,5,1,2,7,5,5],["cc.Sprite",["_type","_sizeMode","node","_materials","_spriteFrame"],1,1,3,6],["cc.Node",["_name","_parent","_components","_prefab","_contentSize","_color","_trs"],2,1,2,4,5,5,7],["cc.PrefabInfo",["fileId","root"],2,1],"cc.SpriteFrame",["cc.Prefab",["_name"],2],["7653cBGGxtNFoCZJvYccEkE",["node","spCards","spCardRes"],3,1,2,6],["198belxOThL86uwdZ83LgIX",["node","lbUnits","lbSheets","spMask"],3,1,1,1,1],["cc.Layout",["_resize","_N$layoutType","_N$spacingX","node","_layoutSize"],0,1,5],["cc.Label",["_string","_fontSize","_lineHeight","_N$horizontalAlign","_N$verticalAlign","node","_materials"],-2,1,3]],[[3,0,1,2],[9,0,1,2,3,4,5,6,6],[0,0,5,6,2,3,4,8,7,2],[0,0,5,2,3,9,4,7,2],[2,0,1,2,3,5,4,6,2],[1,2,3,4,1],[8,0,1,2,3,4,4],[5,0,2],[0,0,6,2,3,4,2],[0,0,5,6,2,3,4,7,2],[0,0,1,5,2,3,4,3],[2,0,1,2,3,4,2],[1,0,1,2,3,4,3],[1,2,3,1],[6,0,1,2,1],[7,0,1,2,3,1],[3,1,1]],[[[[7,"tingCardItem"],[8,"tingCardItem",[-9,-10,-11,-12],[[5,-2,[9],10],[14,-4,[-3],11],[15,-8,-7,-6,-5]],[16,-1],[5,191,112]],[2,"nodeUnits",1,[-14,-15],[[6,1,1,5,-13,[5,51.68,30]]],[0,"d1zn9uYJxF36dcE/ru0qds",1],[5,51.68,30],[0,0,0.5],[10,25,0,0,0,0,1,1,1,1]],[2,"nodeSheets",1,[-17,-18],[[6,1,1,5,-16,[5,51.68,30]]],[0,"205VyZs1FCP4oMz1uaMTij",1],[5,51.68,30],[0,0,0.5],[10,-20,0,0,0,0,1,1,1,1]],[9,"tingItem",1,[-20],[[5,-19,[1],2]],[0,"38KUSs1f1I8oQiinATph1L",1],[5,73,90],[-45.918,0,0,0,0,0,1,1,1,1]],[10,"spMask",false,1,[[12,1,0,-21,[7],8]],[0,"a1fJ0wqCVJZJVzqaED7cnQ",1],[5,191,112]],[11,"spCard",4,[-22],[0,"52XNN15xNPc7+sJvoF8ImX",1],[5,40,62]],[13,6,[0]],[4,"lbUnits",2,[-23],[0,"74bzriKMNPZbiYMmR3y8PB",1],[4,4278197379],[5,16.68,37.8],[8.34,0,0,0,0,0,1,1,1,1]],[1,"1",30,30,1,1,8,[3]],[3,"lbBei",2,[[1,"台",30,30,1,1,-24,[4]]],[0,"739BcSv7JDv66YwO5ESEAP",1],[4,4280561237],[5,30,37.8],[36.68,0,0,0,0,0,1,1,1,1]],[4,"lbSheets",3,[-25],[0,"73hLJn3alBn6Ouj+9291T6",1],[4,4278197379],[5,16.68,37.8],[8.34,0,0,0,0,0,1,1,1,1]],[1,"1",30,30,1,1,11,[5]],[3,"lbShu",3,[[1,"張",30,30,1,1,-26,[6]]],[0,"18cK9Rn+ZGj4oeKPWKOJ5j",1],[4,4280561237],[5,30,37.8],[36.68,0,0,0,0,0,1,1,1,1]]],0,[0,2,1,0,0,1,0,-1,7,0,0,1,0,3,5,0,4,12,0,5,9,0,0,1,0,-1,4,0,-2,2,0,-3,3,0,-4,5,0,0,2,0,-1,8,0,-2,10,0,0,3,0,-1,11,0,-2,13,0,0,4,0,-1,6,0,0,5,0,-1,7,0,-1,9,0,0,10,0,-1,12,0,0,13,0,6,1,26],[0,0,0,0,0,0,0,0,0,0,0,0,7],[-1,-1,1,-1,-1,-1,-1,-1,1,-1,1,7,1],[0,0,1,0,0,0,0,0,2,0,3,4,5]],[[{"name":"ui_ts_2","rect":[243,839,191,112],"offset":[0,0],"originalSize":[191,112],"capInsets":[0,0,0,0]}],[4],0,[0],[8],[6]]]]