[1,["e7K0WgCwFOCYjYitBW0GoK","d1aqV0PPFIjpztEWnzH5ep"],["spriteFrame","_textureSetter"],["cc.SpriteFrame",["cc.BitmapFont",["_name","fontSize","_fntConfig"],0]],[[1,0,1,2,4]],[[[[0,"smallSettleFont1",34,{"commonHeight":34,"fontSize":34,"atlasName":"font1_0.png","fontDefDictionary":{"45":{"xOffset":0,"yOffset":0,"xAdvance":26,"rect":{"x":274,"y":5,"width":26,"height":34}},"48":{"xOffset":0,"yOffset":0,"xAdvance":23,"rect":{"x":5,"y":5,"width":23,"height":34}},"49":{"xOffset":0,"yOffset":0,"xAdvance":17,"rect":{"x":33,"y":5,"width":17,"height":34}},"50":{"xOffset":0,"yOffset":0,"xAdvance":22,"rect":{"x":55,"y":5,"width":22,"height":34}},"51":{"xOffset":0,"yOffset":0,"xAdvance":22,"rect":{"x":82,"y":5,"width":22,"height":34}},"52":{"xOffset":0,"yOffset":0,"xAdvance":24,"rect":{"x":109,"y":5,"width":24,"height":34}},"53":{"xOffset":0,"yOffset":0,"xAdvance":21,"rect":{"x":248,"y":5,"width":21,"height":34}},"54":{"xOffset":0,"yOffset":0,"xAdvance":23,"rect":{"x":220,"y":5,"width":23,"height":34}},"55":{"xOffset":0,"yOffset":0,"xAdvance":23,"rect":{"x":138,"y":5,"width":23,"height":34}},"56":{"xOffset":0,"yOffset":0,"xAdvance":22,"rect":{"x":166,"y":5,"width":22,"height":34}},"57":{"xOffset":0,"yOffset":0,"xAdvance":22,"rect":{"x":193,"y":5,"width":22,"height":34}}},"kerningDict":{}}]],0,0,[0],[0],[0]],[[{"name":"smallSettleFont1_0","rect":[5,7,294,32],"offset":[-0.5,-1],"originalSize":[305,44],"capInsets":[0,0,0,0]}],[0],0,[0],[1],[1]]]]