[1,["ecpdLyjvZBwrvm+cedCcQy","f0BIwQ8D5Ml7nTNQbh1YlS","b8fXo8TqZO06AyUPkWpKz9","193QZSswZH9LRcuDr9IhH1","5fL2OcNHlEqIpk5CGp0rdz","68nv43ZD9Gcb/njt0yVgfJ","5fspIxlw1H6ZDEIbrJNfeR","deDDCPidlChJtaCqNCjgqO","e0eOzznuBE/b4QlRm+4tSv","52Dn3JOqlHhINqHCyZBrf0","edhSsFUf9JiYJSTFEbfRt3","68Tud1aDFNWq3FQvOybNgE","33NwFrfWlFLZ1JFIBI+2Ox","2c8kVngA1BWpKvxJ3UGux9","59cPK4wc9KuqmhGGJMdpru","9aa25Ml4hBUr2IWHCafys9","d2IVanJ/lGWYw/n/G8wj5c","13iCfmHZFLGo/tB945AWQR","22ceN+U39CrJPdOZKRwSRi","a3jM3LIMtOnba08AT+TvRI","43SY160VxNt73J4Z+0jtN2","8cghAZog9KEJMsoFXShUxW","bc3GL4wMpArZm66cSHaslR","a2MjXRFdtLlYQ5ouAFv/+R","944t5qPchNfa18DL7+novH","09Ch0JiStCS76UghI8Fwnh","e97GVMl6JHh5Ml5qEDdSGa","29FYIk+N1GYaeWH/q1NxQO","a8uZhv0nBAmrb3b3YK+5WT","98IutZUL1Pfq0oxN4b/AQS","095dz7W+5Dm5kTagQW5mM7","8eTo+dcwhHw7fkPNSWUc43","a4yaTAJmFBE5kqQ3OxNX/V","d1nZaIK/1F4IZBBtoKALBo","1bCqdvySlIErMw78ep1WIc","72Ipl4hrlALY4WkLSR6hlS","24fyFD6cRDu5wSd2RH3HdY","1evASA+sVEfrTED7cfdAJc","f1H17/86tF7peEA00OAQEc","58KlhvN/BGqbY6sIOV96EV","2e6TsHOX5KbLkqEd0kkdQO","98Qa94nMVBpK0CxuZzENR9","4dg9ewiP9J37f+4VWF6u/n","55AijI085A35LfXQkd+Yvc","f7VJyhyr5L2YyFqbeq3XRu","79CjqWiGNMk5lk9+xiSBDY","c4qrC6bkZPhKKRXupKSv4K","41ztqPuYJOzrla5BadXXSW","1cZbcBDGdAgJxL8uFiG4EO","45hZlPCR5AoIdghbm0PLRZ","8aTFDsUW9Ky7LSbVk4RLYa","30wfO4aAdC6YtPOBCoPDro","e7RlzWdB9CEo0x/wuDUQvo","2dLpvA/n9M5rqiEp6AOLNt","99dfHMA0dErZh7biKvDoO3","d7Lnkf78BBsJz1G+vhExx8","7fF2bEt01L0745wy2IV+dt","adD2PvFZJCCK8qnvUB0Uce","36OOAnXk5FxLxmSA9AafN/","37w80+F9pNbIfD6Q6vPgl7","b9bUS6BOZHKpgXrrRiJWzf","bd0LN1eGxPyKU1TB+Fd2LS","1fpFKkitFLnpQtm3qjMTWa","47BoPeXjlAXohziEhaI+Vm","98wLAaxvpGb6MTTrWqhGCo"],["node","_textureSetter","_spriteFrame","_N$target","checkMark","root","ruleItem","content","scrollview","data","_parent","_N$normalSprite","_N$pressedSprite","_N$hoverSprite","_N$disabledSprite"],["cc.SpriteFrame",["cc.Node",["_name","_objFlags","_opacity","_active","_components","_prefab","_contentSize","_trs","_parent","_color","_children","_anchorPoint"],-1,9,4,5,7,1,5,2,5],["cc.Sprite",["_sizeMode","_type","_isTrimmedMode","node","_materials","_spriteFrame"],0,1,3,6],["cc.Node",["_name","_objFlags","_active","_parent","_components","_prefab","_contentSize"],0,1,2,4,5],["cc.Widget",["_alignFlags","_originalWidth","_originalHeight","_top","node"],-1,1],["cc.PrefabInfo",["fileId","root"],2,1],["cc.Layout",["_resize","_N$layoutType","_N$spacingY","_N$paddingTop","node","_layoutSize"],-1,1,5],["cc.Toggle",["_N$isChecked","node","_N$normalColor","_N$target","checkMark","checkEvents"],2,1,5,1,1,9],["cc.Prefab",["_name"],2],["cc.Node",["_name","_parent","_children","_components","_prefab","_contentSize","_anchorPoint","_trs"],2,1,2,12,4,5,5,7],["a6282iOP5ZAxaJppoPJNljP",["node","scrollview","content","basicProcessFrames","scoreFrames","mahjongYuFrames","taiFrames","rulesFrames","ruleItem"],3,1,1,1,3,3,3,3,3,1],["cc.ToggleContainer",["node"],3,1],["cc.Button",["zoomScale","_N$transition","node","_N$normalColor","_N$pressedColor","_N$disabledColor","_N$target","_N$normalSprite","_N$pressedSprite","_N$hoverSprite","_N$disabledSprite"],1,1,5,5,5,1,6,6,6,6],["757f2MG1rFM9rA94jsbuTl3",["node"],3,1],["cc.ClickEvent",["_componentId","handler","customEventData","target"],0,1],["cc.BlockInputEvents",["node"],3,1],["cc.Mask",["_N$alphaThreshold","node","_materials"],2,1,3],["cc.ScrollView",["horizontal","brake","bounceDuration","_N$horizontalScrollBar","_N$verticalScrollBar","node","_N$content"],-2,1,1]],[[5,0,1,2],[1,0,8,10,4,5,6,7,2],[2,0,2,3,4,3],[1,0,1,8,4,5,6,3],[2,0,2,3,4,5,3],[14,0,1,2,3,4],[3,0,1,2,3,4,5,6,4],[7,0,1,2,3,4,5,2],[4,0,1,2,4,4],[2,3,4,5,1],[1,0,8,4,5,6,7,2],[4,0,3,4,3],[8,0,2],[1,0,10,4,5,9,6,7,2],[1,0,8,10,4,5,9,6,7,2],[1,0,4,5,6,11,7,2],[1,0,2,8,4,5,9,6,3],[1,0,1,8,4,5,9,6,7,3],[1,0,3,8,4,5,6,11,7,3],[9,0,1,2,3,4,5,6,7,2],[3,0,1,3,4,5,6,3],[10,0,1,2,3,4,5,6,7,8,1],[5,1,1],[2,0,3,4,5,2],[2,1,0,3,4,3],[2,1,3,4,5,2],[11,0,1],[6,0,1,2,4,5,4],[6,0,1,3,4,5,4],[12,0,1,2,3,4,5,6,7,8,9,10,3],[13,0,1],[7,1,2,3,4,5,1],[15,0,1],[16,0,1,2,2],[17,0,1,2,3,4,5,6,6]],[[[{"name":"btn_jblc2","rect":[0,0,315,79],"offset":[0,0],"originalSize":[315,79],"capInsets":[0,0,0,0]}],[0],0,[0],[1],[2]],[[{"name":"ui_tsjb06","rect":[0,0,731,892],"offset":[0,0.5],"originalSize":[731,893],"capInsets":[0,0,0,0]}],[0],0,[0],[1],[3]],[[{"name":"ui_yxlc02","rect":[1,13,708,552],"offset":[0,-0.5],"originalSize":[710,577],"capInsets":[0,0,0,0]}],[0],0,[0],[1],[4]],[[{"name":"ui_yxlc01","rect":[1,14,707,648],"offset":[-0.5,-1],"originalSize":[710,674],"capInsets":[0,0,0,0]}],[0],0,[0],[1],[5]],[[{"name":"btn_jblc1","rect":[2,1,311,76],"offset":[0,0.5],"originalSize":[315,79],"capInsets":[0,0,0,0]}],[0],0,[0],[1],[6]],[[{"name":"ui_jffs01","rect":[1,0,727,458],"offset":[0.5,0],"originalSize":[728,458],"capInsets":[0,0,0,0]}],[0],0,[0],[1],[7]],[[{"name":"ui_yxgz03","rect":[3,11,715,648],"offset":[-9,-5.5],"originalSize":[739,659],"capInsets":[0,0,0,0]}],[0],0,[0],[1],[8]],[[{"name":"ui_tsjb05","rect":[0,0,731,884],"offset":[0,0],"originalSize":[731,884],"capInsets":[0,0,0,0]}],[0],0,[0],[1],[9]],[[{"name":"ui_yxgz01","rect":[3,0,710,744],"offset":[-11.5,2.5],"originalSize":[739,749],"capInsets":[0,0,0,0]}],[0],0,[0],[1],[10]],[[{"name":"ui_mjsy01","rect":[0,0,697,973],"offset":[0,0],"originalSize":[697,973],"capInsets":[0,0,0,0]}],[0],0,[0],[1],[11]],[[{"name":"ui_tsjb01","rect":[0,0,731,980],"offset":[0,0],"originalSize":[731,980],"capInsets":[0,0,0,0]}],[0],0,[0],[1],[12]],[[{"name":"ui_yxlc04","rect":[1,14,709,648],"offset":[0.5,-7],"originalSize":[710,662],"capInsets":[0,0,0,0]}],[0],0,[0],[1],[13]],[[{"name":"ui_yxlc00","rect":[0,0,698,648],"offset":[-6,6],"originalSize":[710,660],"capInsets":[0,0,0,0]}],[0],0,[0],[1],[14]],[[{"name":"ui_tsjb03","rect":[0,0,731,858],"offset":[0,0],"originalSize":[731,858],"capInsets":[0,0,0,0]}],[0],0,[0],[1],[15]],[[{"name":"btn_jffs1","rect":[2,1,311,76],"offset":[0,0.5],"originalSize":[315,79],"capInsets":[0,0,0,0]}],[0],0,[0],[1],[16]],[[{"name":"ui_yxgz02","rect":[3,8,732,819],"offset":[-0.5,2.5],"originalSize":[739,840],"capInsets":[0,0,0,0]}],[0],0,[0],[1],[17]],[[{"name":"btn_mjsy2","rect":[0,0,315,79],"offset":[0,0],"originalSize":[315,79],"capInsets":[0,0,0,0]}],[0],0,[0],[1],[18]],[[{"name":"ui_yxgz","rect":[0,0,431,127],"offset":[0,0],"originalSize":[431,127],"capInsets":[0,0,0,0]}],[0],0,[0],[1],[19]],[[{"name":"btn_yxgz2","rect":[0,0,315,79],"offset":[0,0],"originalSize":[315,79],"capInsets":[0,0,0,0]}],[0],0,[0],[1],[20]],[[{"name":"ui_jffs02","rect":[0,0,728,452],"offset":[0,0],"originalSize":[728,452],"capInsets":[0,0,0,0]}],[0],0,[0],[1],[21]],[[{"name":"btn_mjsy1","rect":[2,1,311,76],"offset":[0,0.5],"originalSize":[315,79],"capInsets":[0,0,0,0]}],[0],0,[0],[1],[22]],[[[12,"mahjongRule"],[13,"mahjongRule",[-7,-8],[[8,45,1280,720,-2],[21,-6,-5,-4,[32,33,34,35,36],[37,38],[39],[40,41,42,43,44,45],[46,47,48],-3]],[22,-1],[4,2533359615],[5,1280,720],[640,360,0,0,0,0,1,1,1,1]],[14,"bg",1,[-10,-11,-12,-13,-14,-15],[[9,-9,[30],31]],[0,"f359LXTixJ+JYtu6ERFfPL",1],[4,2533359615],[5,1150,604],[0,28.206,0,0,0,0,1,1,1,1]],[1,"toggleContainer",2,[-18,-19,-20,-21,-22],[[26,-16],[27,1,2,5,-17,[5,315,415]]],[0,"1c0u3bdFFBGYGNaGd0dCMr",1],[5,315,415],[-390.383,17.163,0,0,0,0,1,1,1,1]],[1,"closeBtn",2,[-27],[[29,0.9,3,-25,[4,4293322470],[4,4291348680],[4,3363338360],-24,6,7,8,9],[30,-26]],[0,"dew1KXRgBJYZHhvx0PZpSb",-23],[5,97,67],[479.445,273.286,0,0,0,0,1,1,1,1]],[1,"toggle1",3,[-31,-32],[[31,-30,[4,4292269782],-29,-28,[[5,"a6282iOP5ZAxaJppoPJNljP","toggleClicked","0",1]]]],[0,"a6VXhEu19BlqLlvnkyb39k",1],[5,315,79],[0,168,0,0,0,0,1,1,1,0]],[1,"toggle2",3,[-36,-37],[[7,false,-35,[4,4292269782],-34,-33,[[5,"a6282iOP5ZAxaJppoPJNljP","toggleClicked","1",1]]]],[0,"49l7DTozlHlZyDyqWsDECj",1],[5,315,79],[0,84,0,0,0,0,1,1,1,0]],[1,"toggle3",3,[-41,-42],[[7,false,-40,[4,4292269782],-39,-38,[[5,"a6282iOP5ZAxaJppoPJNljP","toggleClicked","2",1]]]],[0,"7eEFbiOQVK0qSpnN55GMBP",1],[5,315,79],[0,0,0,0,0,0,1,1,1,0]],[1,"toggle4",3,[-46,-47],[[7,false,-45,[4,4292269782],-44,-43,[[5,"a6282iOP5ZAxaJppoPJNljP","toggleClicked","3",1]]]],[0,"434YZQ/LVNIY5tfxDCUcRn",1],[5,315,79],[0,-84,0,0,0,0,1,1,1,0]],[1,"toggle5",3,[-51,-52],[[7,false,-50,[4,4292269782],-49,-48,[[5,"a6282iOP5ZAxaJppoPJNljP","toggleClicked","4",1]]]],[0,"datWc5/rxMd4ZWX5GCpl9U",1],[5,315,79],[0,-168,0,0,0,0,1,1,1,0]],[15,"content",[[11,1,-0.0000032625433732391684,-53],[28,1,2,5,-54,[5,787,428]]],[0,"270p09osNAx5iqsiPO2TBP",1],[5,787,428],[0,0.5,1],[0,237.00000326254337,0,0,0,0,1,1,1,1]],[16,"mask",180,1,[[23,0,-55,[0],1],[32,-56],[8,45,1280,720,-57]],[0,"33VugRDC1MoqnESW9IzMWt",1],[4,4278190080],[5,1280,720]],[19,"ruleScrollView",2,[-60],[[[24,1,0,-58,[29]],-59],4,1],[0,"6aivRG5AZHyrCBqwIUG8Z4",1],[5,787,474],[0,0.5,0.48534021785346715],[167,-8,0,0,0,0,1,1,1,1]],[1,"view",12,[10],[[33,0,-61,[28]],[8,45,240,250,-62]],[0,"cezoWWUDxPp7ViSQZ7GKHJ",1],[5,787,474],[0,6.948736737456585,0,0,0,0,1,1,1,1]],[10,"titleBg",2,[[9,-63,[2],3],[11,1,-16.288999999999987,-64]],[0,"85p4FZz/FBpJpOnIOqbPHM",1],[5,431,127],[-22.188,254.789,0,0,0,0,1,1,1,1]],[17,"Background",512,4,[[25,1,-65,[4],5]],[0,"75euf69IJCqKuqZIltELoA",4],[4,4293322470],[5,97,67],[0,0,0,0,0,0,1,1,1,0]],[18,"ruleItem",false,2,[[2,2,false,-66,[12]]],[0,"cc3aCSnA9MaaSzpj1pgZHI",1],[5,695,436],[0,0,0.5],[-370,19.44874,0,0,0,0,1,1,1,1]],[10,"ui_anniubeijing",2,[[9,-67,[10],11]],[0,"36iz1/af9FwrwP6VcDnXO5",1],[5,323,471],[-387.825,-3.526,0,0,0,0,1,1,1,1]],[3,"Background",512,5,[[4,2,false,-68,[13],14]],[0,"d00J9QRhtF+4fBGNTJXbDw",1],[5,315,79]],[20,"checkmark",512,5,[-69],[0,"54myWr19dEGJm9BTB8+won",1],[5,315,79]],[2,2,false,19,[15]],[3,"Background",512,6,[[4,2,false,-70,[16],17]],[0,"a4W8DiHltKL6g8nPv1btND",1],[5,315,79]],[6,"checkmark",512,false,6,[-71],[0,"7epR6g5hpELK/pJlQg2gkj",1],[5,315,79]],[2,2,false,22,[18]],[3,"Background",512,7,[[4,2,false,-72,[19],20]],[0,"51U1jQtIFDIINzsxbZW8aL",1],[5,315,79]],[6,"checkmark",512,false,7,[-73],[0,"0cn7/uK6VAoIsiOSAl5P/6",1],[5,315,79]],[2,2,false,25,[21]],[3,"Background",512,8,[[4,2,false,-74,[22],23]],[0,"ddtR1/F1VCgpTA5ZcwjFOX",1],[5,315,79]],[6,"checkmark",512,false,8,[-75],[0,"54PLNKN41OCJ1YYobUQLNc",1],[5,315,79]],[2,2,false,28,[24]],[3,"Background",512,9,[[4,2,false,-76,[25],26]],[0,"40NpD0WFJFnKzjr3qoZ6Mt",1],[5,315,79]],[6,"checkmark",512,false,9,[-77],[0,"37JiAWUVBPe5usaLHM9BJ2",1],[5,315,79]],[2,2,false,31,[27]],[34,false,0.75,0.23,null,null,12,10]],0,[0,5,1,0,0,1,0,6,16,0,7,10,0,8,33,0,0,1,0,-1,11,0,-2,2,0,0,2,0,-1,14,0,-2,4,0,-3,17,0,-4,16,0,-5,3,0,-6,12,0,0,3,0,0,3,0,-1,5,0,-2,6,0,-3,7,0,-4,8,0,-5,9,0,5,4,0,3,15,0,0,4,0,0,4,0,-1,15,0,4,20,0,3,5,0,0,5,0,-1,18,0,-2,19,0,4,23,0,3,6,0,0,6,0,-1,21,0,-2,22,0,4,26,0,3,7,0,0,7,0,-1,24,0,-2,25,0,4,29,0,3,8,0,0,8,0,-1,27,0,-2,28,0,4,32,0,3,9,0,0,9,0,-1,30,0,-2,31,0,0,10,0,0,10,0,0,11,0,0,11,0,0,11,0,0,12,0,-2,33,0,-1,13,0,0,13,0,0,13,0,0,14,0,0,14,0,0,15,0,0,16,0,0,17,0,0,18,0,-1,20,0,0,21,0,-1,23,0,0,24,0,-1,26,0,0,27,0,-1,29,0,0,30,0,-1,32,0,9,1,10,10,13,77],[0,0,0,0,0,0,0,0,0,0,0,0,0,0,0,0,0,0,0,0,0,0,0,0,0,0,0,0,0,0,0,0,0,0,0,0,0,0,0,0,0,0,0,0,0,0,0,0,0,20,23,26,29,32],[-1,2,-1,2,-1,2,11,12,13,14,-1,2,-1,-1,2,-1,-1,2,-1,-1,2,-1,-1,2,-1,-1,2,-1,-1,-1,-1,2,-1,-2,-3,-4,-5,-1,-2,-1,-1,-2,-3,-4,-5,-6,-1,-2,-3,2,2,2,2,2],[0,23,0,24,0,25,1,26,1,27,0,28,0,0,29,0,0,30,0,0,31,0,0,32,0,0,33,0,0,0,0,34,35,36,37,38,39,40,41,42,43,44,45,46,47,48,49,50,51,52,53,54,55,56]],[[{"name":"btni_tsjb2","rect":[0,0,315,79],"offset":[0,0],"originalSize":[315,79],"capInsets":[0,0,0,0]}],[0],0,[0],[1],[57]],[[{"name":"ui_anniubeijing","rect":[0,0,323,471],"offset":[0,0],"originalSize":[323,471],"capInsets":[0,0,0,0]}],[0],0,[0],[1],[58]],[[{"name":"ui_tsjb04","rect":[0,0,731,973],"offset":[0,0],"originalSize":[731,973],"capInsets":[0,0,0,0]}],[0],0,[0],[1],[59]],[[{"name":"btn_jffs2","rect":[0,0,315,79],"offset":[0,0],"originalSize":[315,79],"capInsets":[0,0,0,0]}],[0],0,[0],[1],[60]],[[{"name":"btn_tsjb1","rect":[2,1,311,76],"offset":[0,0.5],"originalSize":[315,79],"capInsets":[0,0,0,0]}],[0],0,[0],[1],[61]],[[{"name":"btn_yxgz1","rect":[2,1,311,76],"offset":[0,0.5],"originalSize":[315,79],"capInsets":[0,0,0,0]}],[0],0,[0],[1],[62]],[[{"name":"ui_yxlc03","rect":[1,12,709,600],"offset":[0.5,-1],"originalSize":[710,622],"capInsets":[0,0,0,0]}],[0],0,[0],[1],[63]],[[{"name":"ui_tsjb02","rect":[0,0,731,941],"offset":[0,0],"originalSize":[731,941],"capInsets":[0,0,0,0]}],[0],0,[0],[1],[64]]]]