[1,["ecpdLyjvZBwrvm+cedCcQy","19bc1db73","f0BIwQ8D5Ml7nTNQbh1YlS","a2MjXRFdtLlYQ5ouAFv/+R","4csqnIeYNApZho3Ki2ydT6","09Ch0JiStCS76UghI8Fwnh","e97GVMl6JHh5Ml5qEDdSGa","29FYIk+N1GYaeWH/q1NxQO","859oc1c5dP36lv38FqTBIV","3fTrg04tRII54j3mwJyhSX","f3Dvhqa8BAxK7d6z98aMjm","eaSWIxlPxBq63p4nyNT6EF"],["node","_spriteFrame","_textureSetter","root","_parent","customerNode","noCustomerNode","blackScrollView","persoNumLabel","_N$target","data","_N$normalSprite","_N$pressedSprite","_N$hoverSprite","_N$disabledSprite","blacklistItem"],[["cc.Node",["_name","_objFlags","_opacity","_active","_prefab","_contentSize","_components","_parent","_trs","_children","_color","_anchorPoint"],-1,4,5,9,1,7,2,5,5],["cc.Sprite",["_sizeMode","_type","node","_materials","_spriteFrame"],1,1,3,6],"cc.SpriteFrame",["cc.Widget",["_alignFlags","_originalWidth","_originalHeight","_top","node"],-1,1],["cc.Node",["_name","_parent","_components","_prefab","_contentSize","_trs","_children","_color","_anchorPoint"],2,1,12,4,5,7,2,5,5],["cc.PrefabInfo",["fileId","root"],2,1],["cc.Prefab",["_name"],2],["c6800Wf0PRHEbiHScSuud4V",["node","persoNumLabel","blackScrollView","noCustomerNode","customerNode","blacklistItem"],3,1,1,1,1,1,6],["cc.Button",["zoomScale","_N$transition","node","_N$normalColor","_N$pressedColor","_N$disabledColor","_N$target","_N$normalSprite","_N$pressedSprite","_N$hoverSprite","_N$disabledSprite"],1,1,5,5,5,1,6,6,6,6],["dc260WzHhJCNbdTPXKK45bp",["node"],3,1],["757f2MG1rFM9rA94jsbuTl3",["node"],3,1],["cc.BlockInputEvents",["node"],3,1],["cc.Mask",["_N$alphaThreshold","node","_materials"],2,1,3],["cc.Layout",["_resize","_N$layoutType","node","_layoutSize"],1,1,5],["cc.LabelOutline",["_width","node","_color"],2,1,5],["cc.Label",["_string","_fontSize","_lineHeight","_N$horizontalAlign","_N$verticalAlign","_N$fontFamily","node","_materials"],-3,1,3],["cc.ScrollView",["horizontal","brake","bounceDuration","_N$horizontalScrollBar","_N$verticalScrollBar","node","_N$content"],-2,1,1]],[[5,0,1,2],[0,0,7,6,4,5,8,2],[1,2,3,4,1],[3,0,1,2,4,4],[0,0,9,6,4,5,8,2],[3,0,4,2],[15,0,1,2,3,4,5,6,7,7],[6,0,2],[0,0,9,6,4,10,5,8,2],[0,0,7,9,6,4,10,5,2],[0,0,2,7,6,4,10,5,3],[0,0,3,7,9,4,5,8,3],[0,0,7,9,4,5,8,2],[0,0,1,7,9,6,4,5,3],[0,0,7,6,4,5,11,8,2],[0,0,1,7,6,4,10,5,8,3],[4,0,1,6,2,3,4,5,2],[4,0,1,2,3,7,4,8,5,2],[3,0,3,4,3],[7,0,1,2,3,4,5,1],[5,1,1],[8,0,1,2,3,4,5,6,7,8,9,10,3],[9,0,1],[10,0,1],[1,0,2,3,2],[1,0,2,3,4,2],[1,1,0,2,3,3],[1,1,2,3,4,2],[11,0,1],[12,0,1,2,2],[13,0,1,2,3,3],[14,0,1,2,2],[16,0,1,2,3,4,5,6,6]],[[[{"name":"ui_hmd4","rect":[3,779,184,34],"offset":[0,0],"originalSize":[184,34],"capInsets":[0,0,0,0]}],[2],0,[0],[2],[1]],[[[7,"mahjongBlacklistNode"],[8,"mahjongBlacklistNode",[-8,-9],[[3,45,1280,720,-2],[19,-7,-6,-5,-4,-3,21]],[20,-1],[4,2533359615],[5,1280,720],[640,360,0,0,0,0,1,1,1,1]],[4,"closeBtn",[-15],[[21,0.9,3,-12,[4,4293322470],[4,4291348680],[4,3363338360],-11,6,7,8,9],[22,-13],[23,-14]],[0,"dew1KXRgBJYZHhvx0PZpSb",-10],[5,97,67],[230.885,188.67,0,0,0,0,1,1,1,1]],[9,"bg",1,[-17,2,-18,-19],[[2,-16,[19],20]],[0,"f359LXTixJ+JYtu6ERFfPL",1],[4,2533359615],[5,770,461]],[4,"ui_xinxikuang",[-22,-23],[[24,0,-20,[16]],[5,1,-21]],[0,"8e+/f3jtlEg6gp5tHyE1FS",1],[5,524,44],[0,144,0,0,0,0,1,1,1,1]],[10,"mask",180,1,[[25,0,-24,[0],1],[28,-25],[3,45,1280,720,-26]],[0,"33VugRDC1MoqnESW9IzMWt",1],[4,4278190080],[5,1280,720]],[11,"noCustomerNode",false,3,[-27,-28],[0,"0ftPx2FmtOSpA6dh0VFqZH",1],[5,542,332],[0,-20,0,0,0,0,1,1,1,1]],[12,"customerNode",3,[4,-29],[0,"feH4B1ew5OFqhNyt5B2Wlo",1],[5,607,332],[0,-2.808,0,0,0,0,1,1,1,1]],[16,"blackScrollView",7,[-32],[[[26,1,0,-30,[18]],-31],4,1],[0,"96nP3xXM9KtZ0OBhxyllkn",1],[5,607,300],[0,-29.566,0,0,0,0,1,1,1,1]],[13,"view",512,8,[-35],[[29,0,-33,[17]],[3,45,240,250,-34]],[0,"40/os7RNdNfaoImQnts19Q",1],[5,607,300]],[14,"content",9,[[5,1,-36],[30,1,2,-37,[5,607,80]]],[0,"525MryqlVGQK8sS7Y7F5KI",1],[5,607,80],[0,0.5,1],[0,150,0,0,0,0,1,1,1,1]],[1,"titleBg",3,[[2,-38,[2],3],[18,1,-13.568999999999988,-39]],[0,"85p4FZz/FBpJpOnIOqbPHM",1],[5,163,72],[0,208.069,0,0,0,0,1,1,1,1]],[15,"Background",512,2,[[27,1,-40,[4],5]],[0,"75euf69IJCqKuqZIltELoA",2],[4,4293322470],[5,97,67],[0,0,0,0,0,0,1,1,1,0]],[17," personNum",4,[[-41,[31,2,-42,[4,4278913892]]],1,4],[0,"52Jg2n25lIUoUm6WZKz3ZL",1],[4,4290046453],[5,16.5,35.5],[0,0,0.5],[84.58,-3,0,0,0,0,1,1,1,1]],[1,"kw_icon",6,[[2,-43,[10],11]],[0,"b7kikKyfpCnq0HLgh+OWy8",1],[5,118,118],[0,28,0,0,0,0,1,1,1,1]],[1,"New Label",6,[[6,"當前沒有黑名單用戶！",26,30,1,1,"黑体",-44,[12]]],[0,"539TkMwiVNbq6O3v33fj3O",1],[5,260,37.8],[0,-71.149,0,0,0,0,1,1,1,1]],[1,"ui_hmd_zi",4,[[2,-45,[13],14]],[0,"57liYTk69GxJE7ZEy/PQ0m",1],[5,184,34],[-25.285,-5.057,0,0,0,0,1,1,1,1]],[6,"6",25,25,1,1,"黑体",13,[15]],[32,false,0.75,0.23,null,null,8,10]],0,[0,3,1,0,0,1,0,5,7,0,6,6,0,7,18,0,8,17,0,0,1,0,-1,5,0,-2,3,0,3,2,0,9,12,0,0,2,0,0,2,0,0,2,0,-1,12,0,0,3,0,-1,11,0,-3,6,0,-4,7,0,0,4,0,0,4,0,-1,16,0,-2,13,0,0,5,0,0,5,0,0,5,0,-1,14,0,-2,15,0,-2,8,0,0,8,0,-2,18,0,-1,9,0,0,9,0,0,9,0,-1,10,0,0,10,0,0,10,0,0,11,0,0,11,0,0,12,0,-1,17,0,0,13,0,0,14,0,0,15,0,0,16,0,10,1,2,4,3,4,4,7,45],[0,0,0,0,0,0,0,0,0,0,0,0,0,0,0,0,0,0,0,0,0,0],[-1,1,-1,1,-1,1,11,12,13,14,-1,1,-1,-1,1,-1,-1,-1,-1,-1,1,15],[0,3,0,4,0,5,2,6,2,7,0,8,0,0,9,0,0,0,0,0,10,11]],[[{"name":"ui_hmd","rect":[369,779,163,72],"offset":[0,0],"originalSize":[163,72],"rotated":1,"capInsets":[0,0,0,0]}],[2],0,[0],[2],[1]],[[{"name":"kw_icon","rect":[3,819,118,118],"offset":[0,0],"originalSize":[118,118],"capInsets":[0,0,0,0]}],[2],0,[0],[2],[1]],[[{"name":"ui_hmd1","rect":[3,3,770,461],"offset":[0,0],"originalSize":[770,461],"rotated":1,"capInsets":[0,0,0,0]}],[2],0,[0],[2],[1]]]]