[1,["7dj5uJT9FMn6OrOOx83tfK@f9941","fcetrL2o5E4JJgU7yr0RBB@f9941","f2g4Etf4BJaq4D9Q3lUVwU@f9941","b03r3suUxDnrZmB/PXxcSL@f9941","b03r3suUxDnrZmB/PXxcSL@6c48a","f2g4Etf4BJaq4D9Q3lUVwU@6c48a","fcetrL2o5E4JJgU7yr0RBB@6c48a"],["node","_spriteFrame","_textureSource","_target","_parent","root","contentLabel","confirmBtn","cancelBtn","data"],[["cc.Node",["_name","_layer","_objFlags","_components","_prefab","_children","_parent","_lpos"],0,9,4,2,1,5],"cc.SpriteFrame",["cc.Sprite",["_type","_sizeMode","node","__prefab","_spriteFrame","_color"],1,1,4,6,5],["cc.Label",["_string","_actualFontSize","_fontSize","_overflow","_enableWrapText","_isBold","_lineHeight","node","__prefab"],-4,1,4],["cc.Prefab",["_name"],2],["cc.Node",["_name","_layer","_parent","_components","_prefab","_lpos"],1,1,12,4,5],["cc.UITransform",["node","__prefab","_contentSize"],3,1,4,5],["cc.CompPrefabInfo",["fileId"],2],["cc.Widget",["_alignFlags","_originalWidth","_originalHeight","node","__prefab"],0,1,4],["aff46L1qPdM/7U9mX+0oFWT",["node","__prefab","cancelBtn","confirmBtn","contentLabel"],3,1,4,1,1,1],["423a9U7qctAe7BVL98KTvYm",["node","__prefab"],3,1,4],["cc.PrefabInfo",["fileId","instance","targetOverrides","nestedPrefabInstanceRoots","root","asset"],-1,1,1],["cc.Button",["_transition","_zoomScale","node","__prefab","clickEvents","_normalColor","_target"],1,1,4,9,5,1],["cc.ClickEvent",["_componentId","handler","target"],1,1],["cc.BlockInputEvents",["node","__prefab"],3,1,4],["cc.Layout",["_resizeMode","_layoutType","_spacingX","node","__prefab"],0,1,4]],[[7,0,2],[6,0,1,2,1],[11,0,1,2,3,4,5,5],[0,0,1,5,3,4,7,3],[0,0,2,1,6,3,4,4],[8,0,1,2,3,4,4],[2,0,2,3,5,4,2],[12,0,1,2,3,4,5,6,3],[13,0,1,2,3],[3,0,1,2,3,4,5,7,8,7],[4,0,2],[0,0,1,5,3,4,3],[0,0,1,6,3,4,3],[0,0,1,6,5,3,4,3],[0,0,1,6,5,3,4,7,3],[5,0,1,2,3,4,5,3],[9,0,1,2,3,4,1],[10,0,1,1],[2,1,2,3,5,4,2],[2,2,3,4,1],[14,0,1,1],[15,0,1,2,3,4,4],[3,0,1,2,6,3,7,8,6]],[[[[10,"tipPopupPC"],[11,"tipPopupPC",33554432,[-9,-10],[[1,-2,[0,"1fjUqz9M9Gd7YdvwLb9EIn"],[5,1920,1080]],[5,45,1280,720,-3,[0,"2bxgIBfphKZZmk2C/ZtinW"]],[16,-7,[0,"8fcR9tQ2hB3rBX9anBZ5yM"],-6,-5,-4],[17,-8,[0,"47t30D0a1D1KMhmTnDNP+5"]]],[2,"11AR3HI7NNlZpMDMWkd6N0",null,null,null,-1,0]],[3,"sureButton",33554432,[-15],[[1,-11,[0,"4deGd9zlZKk5fguvy0G1yx"],[5,200,50]],[6,1,-12,[0,"7f7gdpRfhG0Ibj54XDbBZJ"],[4,4292269782],1],[7,1,0.9,-14,[0,"ff+fVYfepGSL+8igiAnTHQ"],[[8,"aff46L1qPdM/7U9mX+0oFWT","onConfirmBtnClick",1]],[4,4292269782],-13]],[2,"5cbinurzhPtbHwq8H5fc9+",null,null,null,1,0],[1,-120,-7.269999999999982,0]],[3,"cancleButton",33554432,[-20],[[1,-16,[0,"9dUvp6hQBKmrcxBrF/fYwl"],[5,200,50]],[6,1,-17,[0,"95F6VbHepNApr2Q7PpwR6j"],[4,4292269782],2],[7,1,0.9,-19,[0,"1ag/C7trhHGarY5iAIF/S5"],[[8,"aff46L1qPdM/7U9mX+0oFWT","onCancelBtnClick",1]],[4,4292269782],-18]],[2,"9c0r79TERI3KCF01B07Lgt",null,null,null,1,0],[1,120,-7.269999999999982,0]],[12,"mask",33554432,1,[[1,-21,[0,"88bDmfrjFICYsiFFKa/JPh"],[5,1920,1080]],[5,45,2,2,-22,[0,"68biXi2qJFK4d0gOrUaxPz"]],[20,-23,[0,"04tGHWz4RGDoduohwoGCEr"]],[18,0,-24,[0,"cdElF0pM9E3Jxlpl4BMmyG"],[4,2013265920],0]],[2,"37rzCdgm5HiqkRJ0rroNyn",null,null,null,1,0]],[13,"bg",33554432,1,[-27,-28],[[1,-25,[0,"b1+O9WUqZNjbXiQAaGP9ni"],[5,486,310]],[19,-26,[0,"bcs1/RAZxDja+C3jVlvs1Z"],3]],[2,"14U4gDSoJFbJP38Xm+iLXI",null,null,null,1,0]],[14,"btnLayout",33554432,5,[2,3],[[1,-29,[0,"91SQJqC3ZB4aMy7Pfq6A+X"],[5,440,100]],[21,1,1,40,-30,[0,"f9dZLMhNpNELIH4y13NGN6"]]],[2,"48s8LM2ItGs6qMvPeiHWNU",null,null,null,1,0],[1,0,-102,0]],[15,"contentLabel",33554432,5,[[[1,-31,[0,"76mb3Yd0xCNpa3V3LHq8in"],[5,500,69.3]],-32],4,1],[2,"767yUXeolIEJ5/+QUPedAl",null,null,null,1,0],[1,0,36,0]],[4,"Label",512,33554432,2,[[1,-33,[0,"802r0F/vtBcalRzirZBrnk"],[5,135,40]],[9,"確定",30,30,2,false,true,-34,[0,"3cAIOThh5B45i2XVACPScX"]]],[2,"08cKZS3aNLjrNgtIjI8UAa",null,null,null,1,0]],[4,"Label",512,33554432,3,[[1,-35,[0,"4cnHPvGItMaYmzxkiMTAts"],[5,135,40]],[9,"取消",30,30,2,false,true,-36,[0,"46rLaA4z5MvZnfOofOzPoe"]]],[2,"1dGXFJIe9KC4EZiyKnaoTk",null,null,null,1,0]],[22,"testtest",33,33,55,3,7,[0,"a5uZ5+x9NN8Y5GkZ2SPwob"]]],0,[0,5,1,0,0,1,0,0,1,0,6,10,0,7,2,0,8,3,0,0,1,0,0,1,0,-1,4,0,-2,5,0,0,2,0,0,2,0,3,2,0,0,2,0,-1,8,0,0,3,0,0,3,0,3,3,0,0,3,0,-1,9,0,0,4,0,0,4,0,0,4,0,0,4,0,0,5,0,0,5,0,-1,7,0,-2,6,0,0,6,0,0,6,0,0,7,0,-2,10,0,0,8,0,0,8,0,0,9,0,0,9,0,9,1,2,4,6,3,4,6,36],[0,0,0,0],[1,1,1,1],[0,1,2,3]],[[{"name":"pop_bg","rect":{"x":0,"y":0,"width":486,"height":310},"offset":{"x":0,"y":0},"originalSize":{"width":486,"height":310},"rotated":false,"capInsets":[0,0,0,0],"vertices":{"rawPosition":[-243,-155,0,243,-155,0,-243,155,0,243,155,0],"indexes":[0,1,2,2,1,3],"uv":[0,310,486,310,0,0,486,0],"nuv":[0,0,1,0,0,1,1,1],"minPos":{"x":-243,"y":-155,"z":0},"maxPos":{"x":243,"y":155,"z":0}},"packable":true,"pixelsToUnit":100,"pivot":{"x":0.5,"y":0.5},"meshType":0}],[1],0,[0],[2],[4]],[[{"name":"btn_2","rect":{"x":0,"y":0,"width":200,"height":50},"offset":{"x":0,"y":0},"originalSize":{"width":200,"height":50},"rotated":false,"capInsets":[0,0,0,0],"vertices":{"rawPosition":[-100,-25,0,100,-25,0,-100,25,0,100,25,0],"indexes":[0,1,2,2,1,3],"uv":[0,50,200,50,0,0,200,0],"nuv":[0,0,1,0,0,1,1,1],"minPos":{"x":-100,"y":-25,"z":0},"maxPos":{"x":100,"y":25,"z":0}},"packable":true,"pixelsToUnit":100,"pivot":{"x":0.5,"y":0.5},"meshType":0}],[1],0,[0],[2],[5]],[[{"name":"btn_1","rect":{"x":0,"y":0,"width":200,"height":50},"offset":{"x":0,"y":0},"originalSize":{"width":200,"height":50},"rotated":false,"capInsets":[0,0,0,0],"vertices":{"rawPosition":[-100,-25,0,100,-25,0,-100,25,0,100,25,0],"indexes":[0,1,2,2,1,3],"uv":[0,50,200,50,0,0,200,0],"nuv":[0,0,1,0,0,1,1,1],"minPos":{"x":-100,"y":-25,"z":0},"maxPos":{"x":100,"y":25,"z":0}},"packable":true,"pixelsToUnit":100,"pivot":{"x":0.5,"y":0.5},"meshType":0}],[1],0,[0],[2],[6]]]]
