{"importBase":"import","nativeBase":"native","name":"baccaratBundle","deps":["main","resources"],"uuids":["1am9BWnVxDUYdvWJe1lqDH","47xL49Lf9CoY4OzXUhZkv4","00bjlY+oZDaL2cnJzgoX+f","01Jxfo4wRCSrKyk9IoyU+i","02E8gutvJALbJYvYLpjL33","02kkBvMs5N7KE0jsPKB6BO","020gHFCKdBM6jU7J0TpLRB","03aRBLKilDQZf1qZCvL6IE","03l0HrdRxMTbEcUr7BMDO7","0425PhImJArpbKLiabiTmF","05FvcGNTdGQ4DYXpJB3/mG","08t95af4ZA2YFK4UGYdLrX","09Hi/e0ZNLYqwkF4amjkzb","0brOF/2ClHtaxNil/etn4Q","0cBGmhIuRHsrRgyxhgQSGy","10FyAIawFGcYyOCxtXXZqX","10nkgK8W1KQbMd/PkBAEft","10xnJmL5FMVIOvso5/drZW","106RmgYz1PDL6QwSfhoHDs","11zoVtRmpIw7hW+WSQgFfb","113gphSuJNvYLo9lSHUHNI","12KDX0CQVLfaiM1Mn+XSYE","13ykflF29KwIUhhMCA5Ega","14fgsp0ZRFYpa/r3aCSfDX","14nLalIPNOB73wBjPFbx3g","16cqyrtcdDFJtCg94+muIV","168Q1UYIhH37/YBuXh39qB","19qDD2uk1Hv4fnrDscDMEB","1aZo4JJVNKbJhMKPROseei","1bwvEj/CJIQ6RnYmxgsekg","1chMF9cjFBEqDBI6tOuM17","1fpZc+doFBgJrg3jRtqXkb","20AsYH2lpDnpudT2uHuJr0","20g8DSkb9F9a/2WwWKby3I","209sg8RU9DDqFOdOL9ByIz","23yEalyuVO4Z/B1OgMVGKz","24NBIOSq1D2LcJ66Cg0UNs","24QxLqQRxN45qGqS3aZdWa","24odHCfK5IkorCOCZMcFSA","24sibD8W9Hg5a8OTOOi+4G","28R7TECSlFrowTxwrNqcpV","2a9RnmumtH1oZVQJzprKR8","2cfpe7RxJM/LqJfwvxXGJN","2dreVSWhNERr0OePeKTn46","2d0otSAAhJtqoWvn5Q++gr","2erGA6KzJNabWK94nVmKeS","31XEVCFCVIVLRuoc7buOt7","31oJhFqC1IWbfkkYpxQjb6","32MSWOFOpJV4hPKsv1Uy/S","33Q0kYFcZAj4M725kePduf","33Q/xC24dMxokVtQa5TRjk","339XHwAp1My4t9ETPNyAkD","35yLWDApNOHaXyxbVzPem/","36WaK5SMVLoJu9kW2Sef4Q","37XIBsvpVCRp6lqzAJEgId","37kIyp6O5PobYAAwhzmEH0","38IXkC/4xGArxTPHs4x5Wh","39/ekt9XBOK6LUa9dY3ZHZ","3c0qJBtElDX6XTqyrwoEzQ","3c6VsfalJLfKp1GNReqln6","41Ad+BmbpBnIBoG0nmYiMa","41UcqJvtFJQ4FrBT4ARhNU","42Jt6o5FdMtbvS3iegz3Zx","44x+IzsAFDvZxZ8RULqCCw","45t13wflpBCLtrGD7ucc27","460YvnTplPX60b0rX1+Yrg","46/DqyOlJMKqYfiumDzX2D","47zrFDEORH25eRd8NiIBT1","48sGjaaupGRrS2qoypclDZ","49DfMBAgBOSIQn9DMerM93","4cWFIboJlMdrrBDKq5OhB1","4ctarzMntJKbtB2DaM/xio","4dKwDP/qNPgq8crbNwsfxN","4e+tppHRNCtKFPTweGKc8O","51aKviL5ZM/rk72UjRdsYk","54xzZI1i9K2ZQgzmwXjgqq","58loV/a+lLjq3db2wmMZrX","59k2gDmW5Lp4fTh484CcEz","5azX0ZC5dG5YC/DQn49CDS","5bv2sml19FF5hSyKgxq2/B","5cW65jXGRMCKK8iyWtPM2f","5czw9RxSxLwag+9sRRWTjR","60iBQkxyNKbpqGME9ck7+Z","61aLbcRlJG84hbLQxxCHV5","615fgG1LpC/IMjkUbKKqUm","62KpCKOn9EcZ8L4op2Gixz","67YewG9S1Ls7/F2knnHgX+","67pKv4DlhPXLDK0suB3UYP","68KiXUUMhKHYXAziVEqBvS","691ySDN3JAybrFHuKZ9r3p","6aqIccdwRMTpmooWDBwla4","6atubEidZMP5PRao/2psPV","6eAVdYnBFEeZN/aX1bcxTG","6es+2ReXlEKJ+sVzes73ox","6faVLl8WVHhJECwJVQAJwN","6fevJMZs9N8qx8DkIsA/I5","6fqoIGdzZNrZcjglG2auP1","713MDsuhVPiaRal9aCSDRQ","73kWikp3NMYpLKKm9DXk5t","74ctquamJLa4ANntp1TL60","74riQP1O9PX4fQPDrBRz97","75NBmTX/JO9oJYXKkSF18K","75kePpYjBDEIiUrWnpdayC","79I20Ox45FcodtFrHKBHBM","79503ADb9O+oqVTL0otExM","7bC/j/1UNFG5q/XVywVeCh","7bIdNd9zlOcITv6nRengYo","7bYWLSpypNrqB42AcZSSZx","7fQ0Wqb/tKxbkuc1o30cej","822fg5XpBPuZ3fgQ3dVeOj","83CPeamIVL1Ys3R6qpM9sR","84FObBFxlDIK2/KqLmHZn5","86LOCjLJxFkr7qX2gxF/9p","87lUUJZ3xMHpZskn/18r0b","89Wqux7l9M/7PokgavQWTl","8apQTOle5LcJVIlJMPE5XQ","8bQsZXmvdHQ7e3oK18s4yu","8cGORCCLFBD4yCQhcCXf3e","8cyqK/+SBHa4sakbnUaXfd","8fR5pc/95Amr78H0rsZrLG","90Fmt0+K5LL4o0OtHEa7dW","928Nll3d1C0IxwFrUuR31M","93EqSj1UBEf4Zs9kqSlH6a","939cGSWCVJSbclUbUTAEmI","94FSNmC+JCvalnQx2/Tmqv","94kGuGpxZDZ4cSTQ3LgVn3","94t30MJhFKL7Njf46TSUOT","97wNaeiPJL+paBNncIGzn+","99mVQGGcdKr6FiD3BikvOQ","9asz8Da+lPiL5aOs3Vf4yK","9dz0vvP9VJ3qdoXvtGJXkT","9fMCtKeAdKl4NoAhbMeCtT","a1jdSkC31BuZIIvG8+YZ0Z","a13QYCnW9MxYUBhILj56RO","a200dALEJNe59UO+pQPh1k","a5BV8RkgRHS4wfR22ZUoxb","a5CWOn0opM74izQpkn+Gh1","a76QxmXG9G34q4yJXu9VwE","a76+KawstF/5PF1KXX8gy7","a8pG155iFMXrXDguGrU6In","a8q7ndzulOJbl353u9frBF","aaIPIW975Mv6QOkMabaumf","aa1/wv2X1GJqpAyYJzHgBk","aa6WB6sL1BvLhF6SdlNPuh","acR2Lg2zBD56HUOgsWgXaU","b0GLkiQdVO84NbiRH6V3Gq","b19jka+7FO+J3whRYYxmku","b2cDYSX9FO7ZMn3c/050Ao","b2jA19ZjVFY5BQocFlL7Ix","b3mb1mGL9Nq5hbGAXZCEld","b6FbiJl4RBBYGdfqzD4kSR","b6i1FMBlFLp6BYydSHrlzG","b7pTt/8HJPTpw5gYx2SrCB","b9FROJUZFFQrDb5dN/JKds","bbEfgLuERLKbz+hDuazczG","bc5nF5A+JLK7I0f7iEHkEU","bfMOp2PWdGAo8cEhnE/OOp","bf00/YKQ5Ht4nLDd/0zq2Z","c0MKfQQTRLzLFQcBSO9jCJ","c06zbNbdBHQLsYW0A437kQ","c1EU4AJddDeLNLIypgqAQz","c2JEFWPdNNe7/v7JGE3x1t","c2PTls5SBEdaoD6zxtidzV","c2aVwUs35O3bFYysCxEQ3s","c3uPNgunJCsqQzNoUD+0f5","c3yNX2ZTJATo/X2+PgafQV","c37kFUPQ9Bh7jn+nVnxihS","c4QOCIgP1Ir6F4xijRX//d","c48jbkAJhFrYvuLRLJvo4A","c7bbZPS+tM9JrWFsjWXnC5","c8QeWafXpME7mEoI+OV8Tz","caHCvFKPNEGpaE5iOheRRZ","cbb/xPHTdP/KFy34YT0JDq","cbxW4bDWFITIR2Lr1TlqKN","cfDaTmLk5LyJP38WQaRpan","cfrl0fictCuLpeBGFATaHy","d3/pXJj/9Goq/5eavfSJ9h","d58I5kyJNHCpQqJDywRlE3","d6Fm2XDHVK45d2a1Pdj76W","d87ZjnutRCb5QOEHIqtYU5","dau35XRcFBPYQn1Mw/jm/U","dcRbD0no1GS69o2J3vsB1J","dcc1gWlXlNjaH9wiIbHn43","dcdllgohpGUKuE4CsaNZ9C","dco0Ym3m9JlpEE6JaMk3px","ddqS2IOc1N56MyQ4ae+F86","deMvWzeyhBVJc/NmKC/ywE","de4t2fjdZHnptb3mt8iShn","dfg2KQtExB3Ki9OGZT7L2J","df75hfNZ1AebUibCOWn6SC","e0EoBLkn1I1L9GjSkcpd8d","e0t2Jb2M5MmI3IFbbh12vO","e0y2FFtYFGboP2W7MLIkSS","e4AHZDTOhDhISMc8xv7XUY","e4/RwlNclECqHqKstxn69R","e7yeA46F5EO5Th/grN2B+C","e78lu3ezxDKoro8L97gGFe","e85n2aydpHzJifKYkpcp5O","e9lc9EuuNH1Z8nCDgDeSoF","e9/hC51u1LXJI9bbEq967k","ebUp7hkKtLX5XlI0QHPPHs","ecP7nfjRFPcJQJ/Or0e4Bx","ecexRSviNAVY/v4A/DPSse","ec5Bt7erhCP73pToGVKx5M","edQgzRsuJKDp9+5rSDV/8J","f4DkqsPPpPsoINz/3Yhvlr","f5UL4M2I5OureRqAaimftY","f7kFcPevRAJZbs2B9lyK5G","f8Lc9HEJRCCJzZSRzlFEWa","faa3FkV+FMGYn5e5lH9V6F","faxfdBQ7pGbZ2O0ptyZAMe","fcRAii+l5JV6k2CeV4b+e6","fdpcuEaexF7ouacJSi4kDi","ffbD1HaWFF3IUx4Fy7yKHx","ffuIqPr2JI9I8dPLYGRDpD","00bjlY+oZDaL2cnJzgoX+f@6c48a","00bjlY+oZDaL2cnJzgoX+f@f9941","01Jxfo4wRCSrKyk9IoyU+i@6c48a","01Jxfo4wRCSrKyk9IoyU+i@f9941","02E8gutvJALbJYvYLpjL33@6c48a","02E8gutvJALbJYvYLpjL33@f9941","02kkBvMs5N7KE0jsPKB6BO@6c48a","02kkBvMs5N7KE0jsPKB6BO@f9941","02c545d9b","020gHFCKdBM6jU7J0TpLRB@6c48a","020gHFCKdBM6jU7J0TpLRB@f9941","027OFhmglBoIv7w+jzf2Zc","02/5lydMRA8oJSutUzIbQf@f9941","03aRBLKilDQZf1qZCvL6IE@6c48a","03aRBLKilDQZf1qZCvL6IE@f9941","03l0HrdRxMTbEcUr7BMDO7@6c48a","03l0HrdRxMTbEcUr7BMDO7@f9941","0425PhImJArpbKLiabiTmF@6c48a","0425PhImJArpbKLiabiTmF@f9941","05FvcGNTdGQ4DYXpJB3/mG@6c48a","05FvcGNTdGQ4DYXpJB3/mG@f9941","06459f342","0793ffdce","08t95af4ZA2YFK4UGYdLrX@6c48a","08t95af4ZA2YFK4UGYdLrX@f9941","09Hi/e0ZNLYqwkF4amjkzb@6c48a","09Hi/e0ZNLYqwkF4amjkzb@f9941","0aEywwGXNC8ZHFZ6NDcmtq@f9941","0brOF/2ClHtaxNil/etn4Q@6c48a","0brOF/2ClHtaxNil/etn4Q@f9941","0b0xjPWlFAVq0VmFJ5unMQ@f9941","0bd622c1d","0cBGmhIuRHsrRgyxhgQSGy@6c48a","0cBGmhIuRHsrRgyxhgQSGy@f9941","0c17b0032","0cKx9+g+VOCZrxoiqT8ZuW","0de199f9b","10FyAIawFGcYyOCxtXXZqX@6c48a","10FyAIawFGcYyOCxtXXZqX@f9941","10nkgK8W1KQbMd/PkBAEft@6c48a","10nkgK8W1KQbMd/PkBAEft@f9941","10xnJmL5FMVIOvso5/drZW@6c48a","10xnJmL5FMVIOvso5/drZW@f9941","106RmgYz1PDL6QwSfhoHDs@6c48a","106RmgYz1PDL6QwSfhoHDs@f9941","11AWvzKr9JorWsQA7m9O9X","11of0WRCFPabcdjyCpDEW1","11zoVtRmpIw7hW+WSQgFfb@6c48a","11zoVtRmpIw7hW+WSQgFfb@f9941","113gphSuJNvYLo9lSHUHNI@6c48a","113gphSuJNvYLo9lSHUHNI@f9941","12KDX0CQVLfaiM1Mn+XSYE@6c48a","12KDX0CQVLfaiM1Mn+XSYE@f9941","13ykflF29KwIUhhMCA5Ega@6c48a","13ykflF29KwIUhhMCA5Ega@f9941","14fgsp0ZRFYpa/r3aCSfDX@6c48a","14fgsp0ZRFYpa/r3aCSfDX@f9941","14nLalIPNOB73wBjPFbx3g@6c48a","14nLalIPNOB73wBjPFbx3g@f9941","16cqyrtcdDFJtCg94+muIV@6c48a","16cqyrtcdDFJtCg94+muIV@f9941","16qv4jj+lETaCQhE7hqgIa","168Q1UYIhH37/YBuXh39qB@6c48a","168Q1UYIhH37/YBuXh39qB@f9941","170faPuu1MzrnPC+zw9NKt@f9941","19hfA7J1JHvLbgzM0Z0Bb8@f9941","19qDD2uk1Hv4fnrDscDMEB@6c48a","19qDD2uk1Hv4fnrDscDMEB@f9941","1aZo4JJVNKbJhMKPROseei@6c48a","1aZo4JJVNKbJhMKPROseei@f9941","1a800Gf1tNVppDcIIE2Nt3@f9941","1bwvEj/CJIQ6RnYmxgsekg@6c48a","1bwvEj/CJIQ6RnYmxgsekg@f9941","1chMF9cjFBEqDBI6tOuM17@6c48a","1chMF9cjFBEqDBI6tOuM17@f9941","1dgcNa5bBAdpuW+b9QYn9E@f9941","1fpZc+doFBgJrg3jRtqXkb@6c48a","1fpZc+doFBgJrg3jRtqXkb@f9941","20AsYH2lpDnpudT2uHuJr0@6c48a","20AsYH2lpDnpudT2uHuJr0@f9941","20YzUl2n9NQ4Wdt4CJXLM7@f9941","20g1ukYUVPvKWKBRznAKo+@f9941","20g8DSkb9F9a/2WwWKby3I@6c48a","20g8DSkb9F9a/2WwWKby3I@f9941","209sg8RU9DDqFOdOL9ByIz@6c48a","209sg8RU9DDqFOdOL9ByIz@f9941","23yEalyuVO4Z/B1OgMVGKz@6c48a","23yEalyuVO4Z/B1OgMVGKz@f9941","24QxLqQRxN45qGqS3aZdWa@6c48a","24QxLqQRxN45qGqS3aZdWa@f9941","24odHCfK5IkorCOCZMcFSA@6c48a","24odHCfK5IkorCOCZMcFSA@f9941","24sibD8W9Hg5a8OTOOi+4G@6c48a","24sibD8W9Hg5a8OTOOi+4G@f9941","259WfOS7tHl57GqCSPBjcK@f9941","28R7TECSlFrowTxwrNqcpV@6c48a","28R7TECSlFrowTxwrNqcpV@f9941","293ULKSQBNPaG0dqivhZAD@f9941","2a9RnmumtH1oZVQJzprKR8@6c48a","2a9RnmumtH1oZVQJzprKR8@f9941","2byDUhRw5E56UJje3uOKCo","2cfpe7RxJM/LqJfwvxXGJN@6c48a","2cfpe7RxJM/LqJfwvxXGJN@f9941","2dreVSWhNERr0OePeKTn46@6c48a","2dreVSWhNERr0OePeKTn46@f9941","2d0otSAAhJtqoWvn5Q++gr@6c48a","2d0otSAAhJtqoWvn5Q++gr@f9941","2erGA6KzJNabWK94nVmKeS@6c48a","2erGA6KzJNabWK94nVmKeS@f9941","2fK+8arSVMMpMIMU7v6kVt@f9941","31XEVCFCVIVLRuoc7buOt7@6c48a","31XEVCFCVIVLRuoc7buOt7@f9941","31oJhFqC1IWbfkkYpxQjb6@6c48a","31oJhFqC1IWbfkkYpxQjb6@f9941","32MSWOFOpJV4hPKsv1Uy/S@6c48a","32MSWOFOpJV4hPKsv1Uy/S@f9941","33Q0kYFcZAj4M725kePduf@6c48a","33Q0kYFcZAj4M725kePduf@f9941","33Q/xC24dMxokVtQa5TRjk@6c48a","33Q/xC24dMxokVtQa5TRjk@f9941","339XHwAp1My4t9ETPNyAkD@6c48a","339XHwAp1My4t9ETPNyAkD@f9941","35yLWDApNOHaXyxbVzPem/@6c48a","35yLWDApNOHaXyxbVzPem/@f9941","36WaK5SMVLoJu9kW2Sef4Q@6c48a","36WaK5SMVLoJu9kW2Sef4Q@f9941","37XIBsvpVCRp6lqzAJEgId@6c48a","37XIBsvpVCRp6lqzAJEgId@f9941","37kIyp6O5PobYAAwhzmEH0@6c48a","37kIyp6O5PobYAAwhzmEH0@f9941","38IXkC/4xGArxTPHs4x5Wh@6c48a","38IXkC/4xGArxTPHs4x5Wh@f9941","393CdjrXdE/ajrCX8tNcJU@f9941","39/ekt9XBOK6LUa9dY3ZHZ@6c48a","39/ekt9XBOK6LUa9dY3ZHZ@f9941","3b9fmq7BlG5as5JWWX2m0A","3c0qJBtElDX6XTqyrwoEzQ@6c48a","3c0qJBtElDX6XTqyrwoEzQ@f9941","3c6VsfalJLfKp1GNReqln6@6c48a","3c6VsfalJLfKp1GNReqln6@f9941","41Ad+BmbpBnIBoG0nmYiMa@6c48a","41Ad+BmbpBnIBoG0nmYiMa@f9941","41UcqJvtFJQ4FrBT4ARhNU@6c48a","41UcqJvtFJQ4FrBT4ARhNU@f9941","41ygQxVj5LQaGo4wZLVbx+","42Jt6o5FdMtbvS3iegz3Zx@6c48a","42Jt6o5FdMtbvS3iegz3Zx@f9941","44x+IzsAFDvZxZ8RULqCCw@6c48a","44x+IzsAFDvZxZ8RULqCCw@f9941","45t13wflpBCLtrGD7ucc27@6c48a","45t13wflpBCLtrGD7ucc27@f9941","460YvnTplPX60b0rX1+Yrg@6c48a","460YvnTplPX60b0rX1+Yrg@f9941","46/DqyOlJMKqYfiumDzX2D@6c48a","46/DqyOlJMKqYfiumDzX2D@f9941","47a6LCXmNH6Zt4bOUlZIJx@f9941","47zrFDEORH25eRd8NiIBT1@6c48a","47zrFDEORH25eRd8NiIBT1@f9941","48sGjaaupGRrS2qoypclDZ@6c48a","48sGjaaupGRrS2qoypclDZ@f9941","49DfMBAgBOSIQn9DMerM93@6c48a","49DfMBAgBOSIQn9DMerM93@f9941","4cWFIboJlMdrrBDKq5OhB1@6c48a","4cWFIboJlMdrrBDKq5OhB1@f9941","4ctarzMntJKbtB2DaM/xio@6c48a","4ctarzMntJKbtB2DaM/xio@f9941","4dFd4I3x5FkqhVYucQ/07+","4dKwDP/qNPgq8crbNwsfxN@6c48a","4dKwDP/qNPgq8crbNwsfxN@f9941","4dvmVnSfpNQLBCf6eVnNZA","4e+tppHRNCtKFPTweGKc8O@6c48a","4e+tppHRNCtKFPTweGKc8O@f9941","4f1pZvYYJJXp5baxuRgn/Y@f9941","51aKviL5ZM/rk72UjRdsYk@6c48a","51aKviL5ZM/rk72UjRdsYk@f9941","54TknWPwVPqJqeCR+Y/Czo@f9941","54xzZI1i9K2ZQgzmwXjgqq@6c48a","54xzZI1i9K2ZQgzmwXjgqq@f9941","55+jZHA31BwKl+ljQ2ggxe@f9941","58loV/a+lLjq3db2wmMZrX@6c48a","58loV/a+lLjq3db2wmMZrX@f9941","59k2gDmW5Lp4fTh484CcEz@6c48a","59k2gDmW5Lp4fTh484CcEz@f9941","5azX0ZC5dG5YC/DQn49CDS@6c48a","5azX0ZC5dG5YC/DQn49CDS@f9941","5bv2sml19FF5hSyKgxq2/B@6c48a","5bv2sml19FF5hSyKgxq2/B@f9941","5cBnF0VatMdYWZtUlynvWf@f9941","5cW65jXGRMCKK8iyWtPM2f@6c48a","5cW65jXGRMCKK8iyWtPM2f@f9941","5czw9RxSxLwag+9sRRWTjR@6c48a","5czw9RxSxLwag+9sRRWTjR@f9941","5eYqIg585C/KMBHGyUyRiG","5engCTpAZDWpvdXibJSl3v","60iBQkxyNKbpqGME9ck7+Z@6c48a","60iBQkxyNKbpqGME9ck7+Z@f9941","61aLbcRlJG84hbLQxxCHV5@6c48a","61aLbcRlJG84hbLQxxCHV5@f9941","615fgG1LpC/IMjkUbKKqUm@6c48a","615fgG1LpC/IMjkUbKKqUm@f9941","62KpCKOn9EcZ8L4op2Gixz@6c48a","62KpCKOn9EcZ8L4op2Gixz@f9941","62a0/YvVtGvbNLoz4/r68q@f9941","67YewG9S1Ls7/F2knnHgX+@6c48a","67YewG9S1Ls7/F2knnHgX+@f9941","67pKv4DlhPXLDK0suB3UYP@6c48a","67pKv4DlhPXLDK0suB3UYP@f9941","68KiXUUMhKHYXAziVEqBvS@6c48a","68KiXUUMhKHYXAziVEqBvS@f9941","691ySDN3JAybrFHuKZ9r3p@6c48a","691ySDN3JAybrFHuKZ9r3p@f9941","6ad4g5eCxCZqJQiLy2fOq9@f9941","6aqIccdwRMTpmooWDBwla4@6c48a","6aqIccdwRMTpmooWDBwla4@f9941","6atubEidZMP5PRao/2psPV@6c48a","6atubEidZMP5PRao/2psPV@f9941","6by57tF8VK2rGvUOUn0Lxa@f9941","6colKdavNCCLZZpblYtnz8@f9941","6dCt2tBbpG8r3QgVCx4qpF@f9941","6eAVdYnBFEeZN/aX1bcxTG@6c48a","6eAVdYnBFEeZN/aX1bcxTG@f9941","6es+2ReXlEKJ+sVzes73ox@6c48a","6es+2ReXlEKJ+sVzes73ox@f9941","6faVLl8WVHhJECwJVQAJwN@6c48a","6faVLl8WVHhJECwJVQAJwN@f9941","6fevJMZs9N8qx8DkIsA/I5@6c48a","6fevJMZs9N8qx8DkIsA/I5@f9941","6fqoIGdzZNrZcjglG2auP1@6c48a","6fqoIGdzZNrZcjglG2auP1@f9941","71XiMJfmpInqOg1iYGfM+u@f9941","713MDsuhVPiaRal9aCSDRQ@6c48a","713MDsuhVPiaRal9aCSDRQ@f9941","73ilGv9lxAi6q4axIIgLVO@f9941","73kWikp3NMYpLKKm9DXk5t@6c48a","73kWikp3NMYpLKKm9DXk5t@f9941","74ctquamJLa4ANntp1TL60@6c48a","74ctquamJLa4ANntp1TL60@f9941","74riQP1O9PX4fQPDrBRz97@6c48a","74riQP1O9PX4fQPDrBRz97@f9941","74zMsjX3lGj62UKWw3LjuT@f9941","75NBmTX/JO9oJYXKkSF18K@6c48a","75NBmTX/JO9oJYXKkSF18K@f9941","75TWwsrNdHQ4hRT6LEN0re@f9941","75kePpYjBDEIiUrWnpdayC@6c48a","75kePpYjBDEIiUrWnpdayC@f9941","75roTOulhB67TwHKV5E9d0@f9941","76WT/ZYcFGu6J1iC03wYNl@f9941","79I20Ox45FcodtFrHKBHBM@6c48a","79I20Ox45FcodtFrHKBHBM@f9941","79503ADb9O+oqVTL0otExM@6c48a","79503ADb9O+oqVTL0otExM@f9941","7aYppUCYpEuJ7uKI7ErZ6a@f9941","7bC/j/1UNFG5q/XVywVeCh@6c48a","7bC/j/1UNFG5q/XVywVeCh@f9941","7bIdNd9zlOcITv6nRengYo@6c48a","7bIdNd9zlOcITv6nRengYo@f9941","7bL0BEfR1DW7oCPjDD3XmS@f9941","7bYWLSpypNrqB42AcZSSZx@6c48a","7bYWLSpypNrqB42AcZSSZx@f9941","7dIdxIi8pNd5P1oFYDyofS@f9941","7dj5uJT9FMn6OrOOx83tfK@f9941","7eK4vv8w5A+YMANtorGQxs","7fQ0Wqb/tKxbkuc1o30cej@6c48a","7fQ0Wqb/tKxbkuc1o30cej@f9941","81GHAJmdxJhbiPHUO367vz@f9941","822fg5XpBPuZ3fgQ3dVeOj@6c48a","822fg5XpBPuZ3fgQ3dVeOj@f9941","8278wBbDRGjIInMMQlPnUU@f9941","83CPeamIVL1Ys3R6qpM9sR@6c48a","83CPeamIVL1Ys3R6qpM9sR@f9941","83WH5Aq3lFrZpH5LYjX8ki@f9941","84FObBFxlDIK2/KqLmHZn5@6c48a","84FObBFxlDIK2/KqLmHZn5@f9941","86LOCjLJxFkr7qX2gxF/9p@6c48a","86LOCjLJxFkr7qX2gxF/9p@f9941","87R9FFLRxB4YMN+Wg+oQrX","87lUUJZ3xMHpZskn/18r0b@6c48a","87lUUJZ3xMHpZskn/18r0b@f9941","89OqtuCL5PQoj9JFfWXrcR@f9941","89Wqux7l9M/7PokgavQWTl@6c48a","89Wqux7l9M/7PokgavQWTl@f9941","8apQTOle5LcJVIlJMPE5XQ@6c48a","8apQTOle5LcJVIlJMPE5XQ@f9941","8bQsZXmvdHQ7e3oK18s4yu@6c48a","8bQsZXmvdHQ7e3oK18s4yu@f9941","8cGORCCLFBD4yCQhcCXf3e@6c48a","8cGORCCLFBD4yCQhcCXf3e@f9941","8clRQnfNNHCJLZPDZ6e7r8","8cyqK/+SBHa4sakbnUaXfd@6c48a","8cyqK/+SBHa4sakbnUaXfd@f9941","8dcHjukiRMl4pSXcXGiGu5@f9941","8fR5pc/95Amr78H0rsZrLG@6c48a","8fR5pc/95Amr78H0rsZrLG@f9941","8fhQlcCK5DjIwRCEhDG8om@f9941","90Fmt0+K5LL4o0OtHEa7dW@6c48a","90Fmt0+K5LL4o0OtHEa7dW@f9941","928Nll3d1C0IxwFrUuR31M@6c48a","928Nll3d1C0IxwFrUuR31M@f9941","939cGSWCVJSbclUbUTAEmI@6c48a","939cGSWCVJSbclUbUTAEmI@f9941","94FSNmC+JCvalnQx2/Tmqv@6c48a","94FSNmC+JCvalnQx2/Tmqv@f9941","94kGuGpxZDZ4cSTQ3LgVn3@6c48a","94kGuGpxZDZ4cSTQ3LgVn3@f9941","94t30MJhFKL7Njf46TSUOT@6c48a","94t30MJhFKL7Njf46TSUOT@f9941","95EkngnxZFbYuFpsqVTaFr@f9941","97wNaeiPJL+paBNncIGzn+@6c48a","97wNaeiPJL+paBNncIGzn+@f9941","986ebY8NdH2IipIMHMI8T+","99mVQGGcdKr6FiD3BikvOQ@6c48a","99mVQGGcdKr6FiD3BikvOQ@f9941","99t+H++RVO3q+lpyS4t8x6","9asz8Da+lPiL5aOs3Vf4yK@6c48a","9asz8Da+lPiL5aOs3Vf4yK@f9941","9dz0vvP9VJ3qdoXvtGJXkT@6c48a","9dz0vvP9VJ3qdoXvtGJXkT@f9941","9eX0CUPBpHipPSBwTcDij4@f9941","9fMCtKeAdKl4NoAhbMeCtT@6c48a","9fMCtKeAdKl4NoAhbMeCtT@f9941","a1jdSkC31BuZIIvG8+YZ0Z@6c48a","a1jdSkC31BuZIIvG8+YZ0Z@f9941","a13QYCnW9MxYUBhILj56RO@6c48a","a13QYCnW9MxYUBhILj56RO@f9941","a200dALEJNe59UO+pQPh1k@6c48a","a200dALEJNe59UO+pQPh1k@f9941","a5BV8RkgRHS4wfR22ZUoxb@6c48a","a5BV8RkgRHS4wfR22ZUoxb@f9941","a5CWOn0opM74izQpkn+Gh1@6c48a","a5CWOn0opM74izQpkn+Gh1@f9941","a76QxmXG9G34q4yJXu9VwE@6c48a","a76QxmXG9G34q4yJXu9VwE@f9941","a76+KawstF/5PF1KXX8gy7@6c48a","a76+KawstF/5PF1KXX8gy7@f9941","a8ZajNkxlLX5KcZjBjfhnf@f9941","a8pG155iFMXrXDguGrU6In@6c48a","a8pG155iFMXrXDguGrU6In@f9941","a8q7ndzulOJbl353u9frBF@6c48a","a8q7ndzulOJbl353u9frBF@f9941","a9vO2GBWpJgazbBPZiz4tE","aaIPIW975Mv6QOkMabaumf@6c48a","aaIPIW975Mv6QOkMabaumf@f9941","aa1/wv2X1GJqpAyYJzHgBk@6c48a","aa1/wv2X1GJqpAyYJzHgBk@f9941","aa5FcRzzpJ6YDXX6I8Qarm@f9941","aa6WB6sL1BvLhF6SdlNPuh@6c48a","aa6WB6sL1BvLhF6SdlNPuh@f9941","aa9hMJytxJELgsdkrR+Ly1@f9941","aa+Xl4ZYlN656CxUK6ZLa3","acR2Lg2zBD56HUOgsWgXaU@6c48a","acR2Lg2zBD56HUOgsWgXaU@f9941","adV/Mog+dHSrJq3SZ078NP@f9941","b0GLkiQdVO84NbiRH6V3Gq@6c48a","b0GLkiQdVO84NbiRH6V3Gq@f9941","b19jka+7FO+J3whRYYxmku@6c48a","b19jka+7FO+J3whRYYxmku@f9941","b2cDYSX9FO7ZMn3c/050Ao@6c48a","b2cDYSX9FO7ZMn3c/050Ao@f9941","b2c0VohzhNI6S3R8n8WHml","b2hvSd+m5Jb5GjavS4tVFt","b2jA19ZjVFY5BQocFlL7Ix@6c48a","b2jA19ZjVFY5BQocFlL7Ix@f9941","b3mb1mGL9Nq5hbGAXZCEld@6c48a","b3mb1mGL9Nq5hbGAXZCEld@f9941","b6FbiJl4RBBYGdfqzD4kSR@6c48a","b6FbiJl4RBBYGdfqzD4kSR@f9941","b6LlTjsjhJLbZDc455t5TR@f9941","b6i1FMBlFLp6BYydSHrlzG@6c48a","b6i1FMBlFLp6BYydSHrlzG@f9941","b7Y7TvJ1REJpT3ftlu7BSg@f9941","b7pTt/8HJPTpw5gYx2SrCB@6c48a","b7pTt/8HJPTpw5gYx2SrCB@f9941","b9FROJUZFFQrDb5dN/JKds@6c48a","b9FROJUZFFQrDb5dN/JKds@f9941","bbEfgLuERLKbz+hDuazczG@6c48a","bbEfgLuERLKbz+hDuazczG@f9941","bc5nF5A+JLK7I0f7iEHkEU@6c48a","bc5nF5A+JLK7I0f7iEHkEU@f9941","bfMOp2PWdGAo8cEhnE/OOp@6c48a","bfMOp2PWdGAo8cEhnE/OOp@f9941","bf00/YKQ5Ht4nLDd/0zq2Z@6c48a","bf00/YKQ5Ht4nLDd/0zq2Z@f9941","c0MKfQQTRLzLFQcBSO9jCJ@6c48a","c0MKfQQTRLzLFQcBSO9jCJ@f9941","c06zbNbdBHQLsYW0A437kQ@6c48a","c06zbNbdBHQLsYW0A437kQ@f9941","c1EU4AJddDeLNLIypgqAQz@6c48a","c1EU4AJddDeLNLIypgqAQz@f9941","c10aQI9QVCrbx+7I3z1BSE@f9941","c2JEFWPdNNe7/v7JGE3x1t@6c48a","c2JEFWPdNNe7/v7JGE3x1t@f9941","c2PTls5SBEdaoD6zxtidzV@6c48a","c2PTls5SBEdaoD6zxtidzV@f9941","c2aVwUs35O3bFYysCxEQ3s@6c48a","c2aVwUs35O3bFYysCxEQ3s@f9941","c21N7sFFJLp51I9KKJOXrQ","c3uPNgunJCsqQzNoUD+0f5@6c48a","c3uPNgunJCsqQzNoUD+0f5@f9941","c3yNX2ZTJATo/X2+PgafQV@6c48a","c3yNX2ZTJATo/X2+PgafQV@f9941","c37kFUPQ9Bh7jn+nVnxihS@6c48a","c37kFUPQ9Bh7jn+nVnxihS@f9941","c3/2H2yiVF2ZYXtK06xsPj","c4QOCIgP1Ir6F4xijRX//d@6c48a","c4QOCIgP1Ir6F4xijRX//d@f9941","c48jbkAJhFrYvuLRLJvo4A@6c48a","c48jbkAJhFrYvuLRLJvo4A@f9941","c5Rosn/z5Mp48iaUtGxg0M@f9941","c6J/hD3+lPwI6Vjusykbay@f9941","c6LwSzBE9EWphfzwku4R27@f9941","c7bbZPS+tM9JrWFsjWXnC5@6c48a","c7bbZPS+tM9JrWFsjWXnC5@f9941","c7tF4hetRHc5wVk0W+vp8X@f9941","c8QeWafXpME7mEoI+OV8Tz@6c48a","c8QeWafXpME7mEoI+OV8Tz@f9941","c8fENYK2dKBacq20vcQFOo@f9941","caHCvFKPNEGpaE5iOheRRZ@6c48a","caHCvFKPNEGpaE5iOheRRZ@f9941","cabwPMrelF2rdl7RnzNrpf","cbb/xPHTdP/KFy34YT0JDq@6c48a","cbb/xPHTdP/KFy34YT0JDq@f9941","cbxW4bDWFITIR2Lr1TlqKN@6c48a","cbxW4bDWFITIR2Lr1TlqKN@f9941","cfDaTmLk5LyJP38WQaRpan@6c48a","cfDaTmLk5LyJP38WQaRpan@f9941","cfrl0fictCuLpeBGFATaHy@6c48a","cfrl0fictCuLpeBGFATaHy@f9941","d2WlLv9oNJmqxbsV2VBJD8@f9941","d3/pXJj/9Goq/5eavfSJ9h@6c48a","d3/pXJj/9Goq/5eavfSJ9h@f9941","d5Pw1aiZpJs6ZIx6yWba/4@f9941","d58I5kyJNHCpQqJDywRlE3@6c48a","d58I5kyJNHCpQqJDywRlE3@f9941","d6Fm2XDHVK45d2a1Pdj76W@6c48a","d6Fm2XDHVK45d2a1Pdj76W@f9941","d6+YznK2xGB419rCrqJnZ+@f9941","d87ZjnutRCb5QOEHIqtYU5@6c48a","d87ZjnutRCb5QOEHIqtYU5@f9941","d8+MyVYs1BToc1aCbwxZwC@f9941","dau35XRcFBPYQn1Mw/jm/U@6c48a","dau35XRcFBPYQn1Mw/jm/U@f9941","dcGiMk4yVG1Z17zPD37Ksk@f9941","dcRbD0no1GS69o2J3vsB1J@6c48a","dcRbD0no1GS69o2J3vsB1J@f9941","dcc1gWlXlNjaH9wiIbHn43@6c48a","dcc1gWlXlNjaH9wiIbHn43@f9941","dcdllgohpGUKuE4CsaNZ9C@6c48a","dcdllgohpGUKuE4CsaNZ9C@f9941","dco0Ym3m9JlpEE6JaMk3px@6c48a","dco0Ym3m9JlpEE6JaMk3px@f9941","ddOBDwKQ1MAojPCmtgXCnj@f9941","ddPt3CeHdDgKAxW2+pHu2Z","ddn4e1bZNHKpXvhzcxBrZs","ddqS2IOc1N56MyQ4ae+F86@6c48a","ddqS2IOc1N56MyQ4ae+F86@f9941","deMvWzeyhBVJc/NmKC/ywE@6c48a","deMvWzeyhBVJc/NmKC/ywE@f9941","deaaM7WnNBtpuC3Xo8s1zF","det4+VA+pNnILw2KBto15G@f9941","de4t2fjdZHnptb3mt8iShn@6c48a","de4t2fjdZHnptb3mt8iShn@f9941","dfIR5itY9CHLBZnPWx47bp@f9941","dfg2KQtExB3Ki9OGZT7L2J@6c48a","dfg2KQtExB3Ki9OGZT7L2J@f9941","df75hfNZ1AebUibCOWn6SC@6c48a","df75hfNZ1AebUibCOWn6SC@f9941","e0CofzVjRC/YB7cqyAJ2um@f9941","e0EoBLkn1I1L9GjSkcpd8d@6c48a","e0EoBLkn1I1L9GjSkcpd8d@f9941","e0t2Jb2M5MmI3IFbbh12vO@6c48a","e0t2Jb2M5MmI3IFbbh12vO@f9941","e0y2FFtYFGboP2W7MLIkSS@6c48a","e0y2FFtYFGboP2W7MLIkSS@f9941","e28RDkGfxIG4CKPAZgK1+K","e4AHZDTOhDhISMc8xv7XUY@6c48a","e4AHZDTOhDhISMc8xv7XUY@f9941","e4/RwlNclECqHqKstxn69R@6c48a","e4/RwlNclECqHqKstxn69R@f9941","e7Y4ycydREAoio4XnnVWLD","e7vlsR7oVOBo300IniKsoZ@f9941","e7yeA46F5EO5Th/grN2B+C@6c48a","e7yeA46F5EO5Th/grN2B+C@f9941","e78lu3ezxDKoro8L97gGFe@6c48a","e78lu3ezxDKoro8L97gGFe@f9941","e85n2aydpHzJifKYkpcp5O@6c48a","e85n2aydpHzJifKYkpcp5O@f9941","e9lc9EuuNH1Z8nCDgDeSoF@6c48a","e9lc9EuuNH1Z8nCDgDeSoF@f9941","e9/hC51u1LXJI9bbEq967k@6c48a","e9/hC51u1LXJI9bbEq967k@f9941","ebUp7hkKtLX5XlI0QHPPHs@6c48a","ebUp7hkKtLX5XlI0QHPPHs@f9941","ecP7nfjRFPcJQJ/Or0e4Bx@6c48a","ecP7nfjRFPcJQJ/Or0e4Bx@f9941","ecXQ6VXmpKmpuefTlrrop9","ecexRSviNAVY/v4A/DPSse@6c48a","ecexRSviNAVY/v4A/DPSse@f9941","ec5Bt7erhCP73pToGVKx5M@6c48a","ec5Bt7erhCP73pToGVKx5M@f9941","edQgzRsuJKDp9+5rSDV/8J@6c48a","edQgzRsuJKDp9+5rSDV/8J@f9941","efGBqlUhVLcaJyGzgHDCvp@f9941","f2BvzbovtI0JJ6N8bVxfoM@f9941","f4DkqsPPpPsoINz/3Yhvlr@6c48a","f4DkqsPPpPsoINz/3Yhvlr@f9941","f5UL4M2I5OureRqAaimftY@6c48a","f5UL4M2I5OureRqAaimftY@f9941","f7J1uPEMlH45fJNvZJpprm@f9941","f7kFcPevRAJZbs2B9lyK5G@6c48a","f7kFcPevRAJZbs2B9lyK5G@f9941","f8Lc9HEJRCCJzZSRzlFEWa@6c48a","f8Lc9HEJRCCJzZSRzlFEWa@f9941","f8L9RW34BBQJ6DLbag33RF@f9941","f8iCCwiEVJmoC9s83vtTky","f8iUYqUAVN5pMZ1H2mKh0p@f9941","f8+uDEOF1Au4sjvSNbwZcK","faa3FkV+FMGYn5e5lH9V6F@6c48a","faa3FkV+FMGYn5e5lH9V6F@f9941","faxfdBQ7pGbZ2O0ptyZAMe@6c48a","faxfdBQ7pGbZ2O0ptyZAMe@f9941","fbgeA0VGBBBKyV2nPRkvZp","fcRAii+l5JV6k2CeV4b+e6@6c48a","fcRAii+l5JV6k2CeV4b+e6@f9941","fcv7g6OR9DsK5JhBDPw1zk@f9941","fdpcuEaexF7ouacJSi4kDi@6c48a","fdpcuEaexF7ouacJSi4kDi@f9941","ffbD1HaWFF3IUx4Fy7yKHx@6c48a","ffbD1HaWFF3IUx4Fy7yKHx@f9941","ffuIqPr2JI9I8dPLYGRDpD@6c48a","ffuIqPr2JI9I8dPLYGRDpD@f9941"],"paths":{"0":["baccaratGameScene",0,1],"1":["baccaratGameScenePC",0,1],"36":["res/preafab/autoSettingView",1,1]},"scenes":{"db://assets/games/baccarat/baccaratGameScene.scene":0,"db://assets/games/baccarat/baccaratGameScenePC.scene":1},"packs":{"02c545d9b":[220,233,248,257,260,267,271,273,284,0,287,289,294,314,323,330,332,338,340,344,346,350,363,374,378,386,404,406,408,414,428,430,437,439,446,459,463,465,473,476,478,481,492,495,510,512,514,523,524,526,529,538,553,558,580,583,590,600,605,607,609,614,616,635,637,639,644,647,649,655,662,664,667,669,671,675,683,685,692,696,700,708,715,719,721,724,726,728,730,734,735,737,740],"06459f342":[261,361,383,384,451],"0793ffdce":[218,222,225,226,229,231,241,259,276,300,302,304,319,326,328,334,349,352,354,365,367,369,372,376,380,389,399,401,410,416,419,423,443,449,468,484,489,497,501,516,531,534,544,551,556,570,576,578,596,602,619,621,626,632,641,652,660,690,698,706,711,713,742],"0bd622c1d":[216,239,244,253,255,263,265,269,278,282,292,298,306,308,311,317,321,336,342,356,358,1,392,395,397,407,412,421,425,435,441,453,456,470,487,490,499,504,507,518,520,536,540,542,546,548,554,561,565,568,572,573,586,588,592,594,598,610,612,629,633,658,672,678,680,687,702,704,709,732,744],"0c17b0032":[243,247,283,286,288,291,313,316,224,318,320,322,351,353,377,379,382,232,385,398,400,403,405,427,429,215,434,436,440,438,442,467,469,472,477,496,238,498,500,503,506,528,530,533,256,258,262,264,268,277,281,299,301,305,307,327,335,337,348,362,364,366,368,371,373,391,413,420,424,445,452,464,480,240,511,513,519,522,254,270,272,219,325,341,375,234,415,422,488,494,274,293,297,310,333,339,355,357,360,388,411,418,450,458,483,486,217,343,230,462,509,517,266,303,221,228,448,329,394,252,331,345,396,409,455,491,515,525,537,539,545,547,550,552,535,541,543,555,557,560,564,569,585,567,575,582,577,579,571,587,589,591,593,595,599,611,613,615,620,606,597,625,618,628,601,608,604,631,634,636,638,640,643,646,651,648,654,657,659,661,663,668,670,674,677,679,684,686,691,695,697,699,703,701,682,689,705,707,710,712,714,718,725,720,723,731,733,736,739,741,743],"0de199f9b":[235,250,275]},"versions":{"import":[2,"a2533",3,"a2533",4,"a2533",5,"a2533",223,"d2cdd",6,"a2533",7,"a2533",8,"a2533",9,"a2533",10,"a2533",236,"3758b",237,"612fe",11,"a2533",12,"a2533",13,"a2533",246,"b7b50",14,"a2533",249,"09f62",251,"b7136",15,"a2533",16,"a2533",17,"a2533",18,"a2533",19,"a2533",20,"a2533",21,"a2533",22,"a2533",23,"a2533",24,"a2533",25,"a2533",26,"a2533",27,"a2533",28,"a2533",29,"a2533",30,"a2533",31,"a2533",32,"a2533",33,"a2533",34,"a2533",35,"a2533",36,"4e796",37,"a2533",38,"a2533",39,"a2533",40,"a2533",41,"a2533",42,"a2533",43,"a2533",44,"a2533",45,"a2533",46,"a2533",47,"a2533",48,"a2533",49,"a2533",50,"a2533",51,"a2533",52,"a2533",53,"a2533",54,"a2533",55,"a2533",56,"a2533",57,"a2533",58,"a2533",59,"a2533",60,"a2533",61,"a2533",62,"a2533",63,"a2533",64,"a2533",65,"a2533",66,"a2533",67,"a2533",68,"a2533",69,"a2533",70,"a2533",71,"a2533",72,"a2533",73,"a2533",74,"a2533",75,"a2533",76,"a2533",77,"a2533",78,"a2533",79,"a2533",80,"a2533",81,"a2533",82,"a2533",83,"a2533",84,"a2533",85,"a2533",86,"a2533",87,"a2533",88,"a2533",89,"a2533",90,"a2533",91,"a2533",92,"a2533",93,"a2533",94,"a2533",95,"a2533",96,"a2533",97,"a2533",98,"a2533",99,"a2533",100,"a2533",101,"a2533",102,"a2533",103,"a2533",104,"a2533",105,"a2533",106,"a2533",107,"a2533",108,"a2533",109,"a2533",110,"a2533",111,"a2533",112,"a2533",113,"a2533",114,"a2533",115,"a2533",116,"a2533",117,"a2533",118,"a2533",119,"a2533",120,"a2533",121,"a2533",123,"a2533",124,"a2533",125,"a2533",126,"a2533",127,"a2533",128,"a2533",129,"a2533",130,"a2533",131,"a2533",132,"a2533",133,"a2533",134,"a2533",135,"a2533",136,"a2533",137,"a2533",138,"a2533",139,"a2533",140,"a2533",141,"a2533",142,"a2533",143,"a2533",144,"a2533",145,"a2533",146,"a2533",147,"a2533",148,"a2533",149,"a2533",150,"a2533",151,"a2533",152,"a2533",153,"a2533",154,"a2533",155,"a2533",156,"a2533",157,"a2533",158,"a2533",159,"a2533",160,"a2533",161,"a2533",162,"a2533",163,"a2533",164,"a2533",165,"a2533",166,"a2533",167,"a2533",168,"a2533",169,"a2533",170,"a2533",171,"a2533",172,"a2533",173,"a2533",174,"a2533",175,"a2533",176,"a2533",177,"a2533",178,"a2533",179,"a2533",180,"a2533",181,"a2533",182,"a2533",183,"a2533",184,"a2533",185,"a2533",186,"a2533",187,"a2533",188,"a2533",189,"a2533",190,"a2533",191,"a2533",192,"a2533",193,"a2533",194,"a2533",195,"a2533",196,"a2533",197,"a2533",198,"a2533",199,"a2533",200,"a2533",201,"a2533",202,"a2533",203,"a2533",204,"a2533",205,"a2533",206,"a2533",207,"a2533",208,"a2533",209,"a2533",210,"a2533",211,"a2533",212,"a2533",213,"a2533",214,"a2533"],"native":[2,"7ee13",3,"2562b",4,"de7ab",5,"650da",6,"f5aea",7,"5c6d8",8,"57aaf",9,"cbed1",10,"338df",11,"4412a",12,"ed677",13,"440c4",14,"a75d8",15,"2ed4a",16,"a291e",17,"c9691",18,"407e6",19,"12aef",20,"90db6",21,"effac",22,"8cb5e",23,"f7a9a",24,"8f78e",25,"92d87",26,"ca7b3",27,"2cbb2",28,"21d37",29,"85395",30,"12b1b",31,"cfe7d",32,"e96e3",33,"b4a25",34,"bf0a8",35,"43507",37,"51736",38,"6ba03",39,"f7876",40,"0f3fc",41,"d4496",42,"3f3be",43,"69602",44,"f6a0a",45,"6a001",46,"4eb32",47,"29d78",48,"4218e",49,"fe425",50,"8363e",51,"581d8",52,"85e6a",53,"afd53",54,"b1978",55,"7c998",56,"3b642",57,"3425d",58,"4214d",59,"86514",60,"14d73",61,"672ee",62,"b1b86",63,"3ee22",64,"a8ead",65,"8b119",66,"44836",67,"81a0c",68,"27ca2",69,"9a800",70,"58ee9",71,"5d2f3",72,"3bd9f",73,"cd334",74,"225dd",75,"42db9",76,"4a504",77,"0ea76",78,"2248a",79,"b9b08",80,"bc5d7",81,"10a6d",82,"3f68c",83,"8fccc",84,"d9147",85,"31ffb",86,"819a3",87,"66176",88,"01826",89,"c5080",90,"298be",91,"ec79e",92,"0b081",93,"f17c5",94,"28bc9",95,"fe571",96,"1460f",97,"9be18",98,"9d854",99,"77cee",100,"829bb",101,"a2b7f",102,"08bcd",103,"e84b9",104,"1edba",105,"e6f13",106,"8f4bc",107,"d6d62",108,"70d56",109,"781eb",110,"cc824",111,"a4257",112,"88489",113,"0a5df",114,"ad921",115,"33181",116,"d70bd",117,"8904b",118,"53ebe",119,"6cef2",120,"44782",121,"81fac",123,"64c4d",124,"cb991",125,"25d5d",126,"ac927",127,"d9932",128,"8bc93",129,"eee6d",130,"e8075",131,"6a3c8",132,"5098c",133,"411fb",134,"08000",135,"a3590",136,"49343",137,"4617a",138,"9e086",139,"1ad6b",140,"83e56",141,"cffd1",142,"050cf",143,"0dd3d",144,"6ab87",145,"26764",146,"3fe2e",147,"5470a",148,"a19aa",149,"94e5b",150,"b58b8",151,"848a8",152,"2ba3a",153,"8c337",154,"494e2",155,"44af0",156,"f1f93",157,"f56d5",158,"f3164",159,"04232",160,"2b64b",161,"654a1",162,"a8e9a",163,"96faf",164,"28e5b",165,"9bf84",166,"7a6ff",167,"a70a9",168,"72688",169,"f95ed",170,"7a7d1",171,"5ed33",172,"857a7",173,"9db1f",174,"4fee9",175,"6f8d0",176,"fbfba",177,"ddc89",178,"543b5",179,"6af93",180,"0677e",181,"34e71",182,"aa9eb",183,"93d21",184,"1cf6c",185,"5ea17",186,"95f40",187,"125cd",188,"d86ae",189,"30e09",190,"931b7",191,"d6c97",192,"1941a",193,"a7b58",194,"0fca5",195,"e668c",196,"7adde",197,"a5ea9",198,"e0076",199,"348c9",200,"b2613",201,"ca6ba",202,"58588",203,"1b338",204,"04fbf",205,"c45ce",206,"283e7",207,"00ecb",208,"35b3d",209,"45d46",210,"f9aae",211,"80fee",212,"18a4c",213,"f6d44",214,"6d707"]},"redirect":[227,"0",242,"0",245,"0",279,"0",280,"0",285,"0",290,"0",295,"1",296,"1",309,"0",312,"0",315,"0",324,"0",347,"1",359,"0",370,"0",381,"0",387,"0",390,"1",393,"1",402,"0",417,"1",426,"0",431,"0",432,"0",433,"0",444,"0",447,"1",454,"0",457,"0",460,"0",461,"0",466,"0",471,"0",474,"0",475,"1",479,"1",482,"0",485,"1",493,"0",502,"0",505,"0",508,"0",122,"0",521,"1",527,"0",532,"0",549,"0",559,"0",562,"0",563,"0",566,"1",574,"0",581,"0",584,"0",603,"0",617,"0",622,"0",623,"0",624,"0",627,"0",630,"0",642,"0",645,"0",650,"0",653,"0",656,"0",665,"0",666,"0",673,"1",676,"0",681,"0",688,"0",693,"0",694,"1",716,"0",717,"0",722,"1",727,"0",729,"1",738,"0"],"debug":false,"extensionMap":{".cconb":[122]},"hasPreloadScript":true,"dependencyRelationships":{},"types":["cc.SceneAsset","cc.Prefab"]}