{"importBase":"import","nativeBase":"native","name":"baccaratBundle","deps":["main","resources"],"uuids":["1am9BWnVxDUYdvWJe1lqDH","47xL49Lf9CoY4OzXUhZkv4","00bjlY+oZDaL2cnJzgoX+f","005UCUyyRFNotZ6ZnSO/Dj","01Jxfo4wRCSrKyk9IoyU+i","02E8gutvJALbJYvYLpjL33","02kkBvMs5N7KE0jsPKB6BO","020gHFCKdBM6jU7J0TpLRB","03aRBLKilDQZf1qZCvL6IE","03l0HrdRxMTbEcUr7BMDO7","0425PhImJArpbKLiabiTmF","05FvcGNTdGQ4DYXpJB3/mG","08t95af4ZA2YFK4UGYdLrX","09Hi/e0ZNLYqwkF4amjkzb","09O5jzpg9BCbjPIHiZw3Da","0brOF/2ClHtaxNil/etn4Q","0cBGmhIuRHsrRgyxhgQSGy","10FyAIawFGcYyOCxtXXZqX","10nkgK8W1KQbMd/PkBAEft","10xnJmL5FMVIOvso5/drZW","106RmgYz1PDL6QwSfhoHDs","11OgrGIT1HlbpH70ksAk2V","11zoVtRmpIw7hW+WSQgFfb","113gphSuJNvYLo9lSHUHNI","12KDX0CQVLfaiM1Mn+XSYE","13ykflF29KwIUhhMCA5Ega","14fgsp0ZRFYpa/r3aCSfDX","14g2ZE0olLHpm7TWZ7e+cV","14nLalIPNOB73wBjPFbx3g","16cqyrtcdDFJtCg94+muIV","168Q1UYIhH37/YBuXh39qB","19qDD2uk1Hv4fnrDscDMEB","1aZo4JJVNKbJhMKPROseei","1bq7yxfGlAJIBrqH4f01C+","1bwvEj/CJIQ6RnYmxgsekg","1chMF9cjFBEqDBI6tOuM17","1fpZc+doFBgJrg3jRtqXkb","20AsYH2lpDnpudT2uHuJr0","20g8DSkb9F9a/2WwWKby3I","209sg8RU9DDqFOdOL9ByIz","23V4984klG+IyKiqt8Fni2","23yEalyuVO4Z/B1OgMVGKz","24NBIOSq1D2LcJ66Cg0UNs","24QxLqQRxN45qGqS3aZdWa","24gH2D5eFLJ6k+f2GLMxuG","24odHCfK5IkorCOCZMcFSA","24sibD8W9Hg5a8OTOOi+4G","25Lfe096tN8oe6MWenADYM","28R7TECSlFrowTxwrNqcpV","2aDM7BVTlGmY6MO8/n/8As","2a9RnmumtH1oZVQJzprKR8","2cfpe7RxJM/LqJfwvxXGJN","2dreVSWhNERr0OePeKTn46","2d0otSAAhJtqoWvn5Q++gr","2erGA6KzJNabWK94nVmKeS","31HLAtqJxIcKuElQxK66Yq","31XEVCFCVIVLRuoc7buOt7","31oJhFqC1IWbfkkYpxQjb6","32MSWOFOpJV4hPKsv1Uy/S","33Q0kYFcZAj4M725kePduf","33Q/xC24dMxokVtQa5TRjk","339XHwAp1My4t9ETPNyAkD","35yLWDApNOHaXyxbVzPem/","36J0l9KjFKPqvbcKf+5pIz","36WaK5SMVLoJu9kW2Sef4Q","37XIBsvpVCRp6lqzAJEgId","37kIyp6O5PobYAAwhzmEH0","38IXkC/4xGArxTPHs4x5Wh","38tcJ2KCRGOqSog4rNldqC","38ygr1ygRC5ogbFnQEQXlV","39/ekt9XBOK6LUa9dY3ZHZ","3cGlRjtrZFzpVJGrYWN/+Z","3c0qJBtElDX6XTqyrwoEzQ","3c6VsfalJLfKp1GNReqln6","41Ad+BmbpBnIBoG0nmYiMa","41UcqJvtFJQ4FrBT4ARhNU","42Jt6o5FdMtbvS3iegz3Zx","435e77r81Ls4HIahrnoOv1","44x+IzsAFDvZxZ8RULqCCw","45t13wflpBCLtrGD7ucc27","460YvnTplPX60b0rX1+Yrg","46/DqyOlJMKqYfiumDzX2D","47zrFDEORH25eRd8NiIBT1","48sGjaaupGRrS2qoypclDZ","49DfMBAgBOSIQn9DMerM93","4cWFIboJlMdrrBDKq5OhB1","4ctarzMntJKbtB2DaM/xio","4dKwDP/qNPgq8crbNwsfxN","4e+tppHRNCtKFPTweGKc8O","4fRtWiMAVFWZsRmfNwboKN","4f850dcwJJKbiH2CvChA+w","51aKviL5ZM/rk72UjRdsYk","52x9HEs/dAOIwR49hhRPVp","53F7YyYr5JQq0FzycgdjDj","54SQaKynJI2Jgztmi9KBqR","54xzZI1i9K2ZQgzmwXjgqq","55LbaxtLlGYYHDl1a+9B4b","58loV/a+lLjq3db2wmMZrX","59k2gDmW5Lp4fTh484CcEz","5azX0ZC5dG5YC/DQn49CDS","5bRicLCYVGXoIQNpZD+rt/","5bv2sml19FF5hSyKgxq2/B","5cW65jXGRMCKK8iyWtPM2f","5czw9RxSxLwag+9sRRWTjR","5eR224NGROiogkOCU6xLX1","5fcZV57QBH76hV5kPozWs4","60iBQkxyNKbpqGME9ck7+Z","61aLbcRlJG84hbLQxxCHV5","615fgG1LpC/IMjkUbKKqUm","62KpCKOn9EcZ8L4op2Gixz","640P626thDfaOdlH3bkSon","67YewG9S1Ls7/F2knnHgX+","67pKv4DlhPXLDK0suB3UYP","68KiXUUMhKHYXAziVEqBvS","691ySDN3JAybrFHuKZ9r3p","6aqIccdwRMTpmooWDBwla4","6atubEidZMP5PRao/2psPV","6eAVdYnBFEeZN/aX1bcxTG","6es+2ReXlEKJ+sVzes73ox","6faVLl8WVHhJECwJVQAJwN","6fevJMZs9N8qx8DkIsA/I5","6fqoIGdzZNrZcjglG2auP1","71aexCqFFABKIQt1HOUWqy","713MDsuhVPiaRal9aCSDRQ","71/nzIxvlOZrPDSSplrZjX","73kWikp3NMYpLKKm9DXk5t","74ctquamJLa4ANntp1TL60","74riQP1O9PX4fQPDrBRz97","75NBmTX/JO9oJYXKkSF18K","75kePpYjBDEIiUrWnpdayC","78NmKQ06tJj76KGki1a2iF","79I20Ox45FcodtFrHKBHBM","79503ADb9O+oqVTL0otExM","7bC/j/1UNFG5q/XVywVeCh","7bIdNd9zlOcITv6nRengYo","7bMI7QaFRK/pVTxz79kz2w","7bYWLSpypNrqB42AcZSSZx","7fQ0Wqb/tKxbkuc1o30cej","822fg5XpBPuZ3fgQ3dVeOj","83CPeamIVL1Ys3R6qpM9sR","84FObBFxlDIK2/KqLmHZn5","84Nup2cPdAWIZFOhuvb3We","86LOCjLJxFkr7qX2gxF/9p","87lUUJZ3xMHpZskn/18r0b","89Wqux7l9M/7PokgavQWTl","8apQTOle5LcJVIlJMPE5XQ","8bQsZXmvdHQ7e3oK18s4yu","8cGORCCLFBD4yCQhcCXf3e","8cyqK/+SBHa4sakbnUaXfd","8fR5pc/95Amr78H0rsZrLG","90Fmt0+K5LL4o0OtHEa7dW","928Nll3d1C0IxwFrUuR31M","93EqSj1UBEf4Zs9kqSlH6a","939cGSWCVJSbclUbUTAEmI","94FSNmC+JCvalnQx2/Tmqv","94kGuGpxZDZ4cSTQ3LgVn3","94t30MJhFKL7Njf46TSUOT","95XLWIuuhFvbb7vD0pJ+Ah","97wNaeiPJL+paBNncIGzn+","99mVQGGcdKr6FiD3BikvOQ","9asz8Da+lPiL5aOs3Vf4yK","9bX1tBhvZPELQI/mMwuQJQ","9dLqGRhgtM14mp3+iJ+Ad8","9dz0vvP9VJ3qdoXvtGJXkT","9fMCtKeAdKl4NoAhbMeCtT","a1jdSkC31BuZIIvG8+YZ0Z","a13QYCnW9MxYUBhILj56RO","a200dALEJNe59UO+pQPh1k","a5BV8RkgRHS4wfR22ZUoxb","a5CWOn0opM74izQpkn+Gh1","a76QxmXG9G34q4yJXu9VwE","a76+KawstF/5PF1KXX8gy7","a8pG155iFMXrXDguGrU6In","a8q7ndzulOJbl353u9frBF","aaIPIW975Mv6QOkMabaumf","aa1/wv2X1GJqpAyYJzHgBk","aa6WB6sL1BvLhF6SdlNPuh","acR2Lg2zBD56HUOgsWgXaU","b0GLkiQdVO84NbiRH6V3Gq","b19jka+7FO+J3whRYYxmku","b2HjDsWT5MUL59n+Ib/jh4","b2cDYSX9FO7ZMn3c/050Ao","b2jA19ZjVFY5BQocFlL7Ix","b3mb1mGL9Nq5hbGAXZCEld","b6FbiJl4RBBYGdfqzD4kSR","b6i1FMBlFLp6BYydSHrlzG","b7pTt/8HJPTpw5gYx2SrCB","b7xGD0yiRCRYIJzyijn6XZ","b72vWdQHFGDLhBqb8gkXyF","b9FROJUZFFQrDb5dN/JKds","bbEfgLuERLKbz+hDuazczG","bcStKZwhFNMIwtAbUIgdcx","bc5nF5A+JLK7I0f7iEHkEU","bfMOp2PWdGAo8cEhnE/OOp","bfWzzmWu1NpoYuhL2E0oHB","bf00/YKQ5Ht4nLDd/0zq2Z","c0ICSjtSRAJ44dtn0a2xHF","c0MKfQQTRLzLFQcBSO9jCJ","c06zbNbdBHQLsYW0A437kQ","c1EU4AJddDeLNLIypgqAQz","c2JEFWPdNNe7/v7JGE3x1t","c2PTls5SBEdaoD6zxtidzV","c2aVwUs35O3bFYysCxEQ3s","c3uPNgunJCsqQzNoUD+0f5","c3yNX2ZTJATo/X2+PgafQV","c37kFUPQ9Bh7jn+nVnxihS","c4QOCIgP1Ir6F4xijRX//d","c48jbkAJhFrYvuLRLJvo4A","c5ukk6V+xOnrXPAaXs+iUR","c7bbZPS+tM9JrWFsjWXnC5","c8QeWafXpME7mEoI+OV8Tz","caHCvFKPNEGpaE5iOheRRZ","cbb/xPHTdP/KFy34YT0JDq","cbxW4bDWFITIR2Lr1TlqKN","cdZuva+/RL4LdMhkwj71a1","ce6KxuyhVNqKc2JEC7PAxD","cfDaTmLk5LyJP38WQaRpan","cfrl0fictCuLpeBGFATaHy","d3/pXJj/9Goq/5eavfSJ9h","d58I5kyJNHCpQqJDywRlE3","d6Fm2XDHVK45d2a1Pdj76W","d87ZjnutRCb5QOEHIqtYU5","dau35XRcFBPYQn1Mw/jm/U","dcPvI0BYJAQry6+efJ1a2B","dcRbD0no1GS69o2J3vsB1J","dcc1gWlXlNjaH9wiIbHn43","dcdllgohpGUKuE4CsaNZ9C","dco0Ym3m9JlpEE6JaMk3px","ddqS2IOc1N56MyQ4ae+F86","deMvWzeyhBVJc/NmKC/ywE","de4t2fjdZHnptb3mt8iShn","dfg2KQtExB3Ki9OGZT7L2J","df75hfNZ1AebUibCOWn6SC","e0EoBLkn1I1L9GjSkcpd8d","e0Qn5YDidFwL6EyQDL3Bmp","e0t2Jb2M5MmI3IFbbh12vO","e0y2FFtYFGboP2W7MLIkSS","e15dyVAzNF242aUncH37Y0","e4AHZDTOhDhISMc8xv7XUY","e4/RwlNclECqHqKstxn69R","e5XVDCPF5IM5wcgsXfau/R","e7yeA46F5EO5Th/grN2B+C","e78lu3ezxDKoro8L97gGFe","e8uPuM0EdNgZYenPju9Pdy","e85n2aydpHzJifKYkpcp5O","e9lc9EuuNH1Z8nCDgDeSoF","e9/hC51u1LXJI9bbEq967k","ebUp7hkKtLX5XlI0QHPPHs","ebwiWi52xHj5HDt8mCHWjm","ecP7nfjRFPcJQJ/Or0e4Bx","ecexRSviNAVY/v4A/DPSse","ec5Bt7erhCP73pToGVKx5M","edQgzRsuJKDp9+5rSDV/8J","eeuW4AnP9HE7DIRN8yDpcy","ee60J504tIr7JbLyla3DFs","f1vy851PdMh7E1gjiB1DU4","f3SzoyrIJGTo6+k8bIHPJL","f4DkqsPPpPsoINz/3Yhvlr","f5UL4M2I5OureRqAaimftY","f7kFcPevRAJZbs2B9lyK5G","f8Lc9HEJRCCJzZSRzlFEWa","faYN3F9LJAZKFDXhq/0lGX","faa3FkV+FMGYn5e5lH9V6F","faxfdBQ7pGbZ2O0ptyZAMe","fcRAii+l5JV6k2CeV4b+e6","fdpcuEaexF7ouacJSi4kDi","ffbD1HaWFF3IUx4Fy7yKHx","ffuIqPr2JI9I8dPLYGRDpD","00bjlY+oZDaL2cnJzgoX+f@6c48a","00bjlY+oZDaL2cnJzgoX+f@f9941","005UCUyyRFNotZ6ZnSO/Dj@6c48a","005UCUyyRFNotZ6ZnSO/Dj@f9941","01Jxfo4wRCSrKyk9IoyU+i@6c48a","01Jxfo4wRCSrKyk9IoyU+i@f9941","02E8gutvJALbJYvYLpjL33@6c48a","02E8gutvJALbJYvYLpjL33@f9941","02kkBvMs5N7KE0jsPKB6BO@6c48a","02kkBvMs5N7KE0jsPKB6BO@f9941","02c545d9b","020gHFCKdBM6jU7J0TpLRB@6c48a","020gHFCKdBM6jU7J0TpLRB@f9941","027OFhmglBoIv7w+jzf2Zc","02/5lydMRA8oJSutUzIbQf@f9941","03aRBLKilDQZf1qZCvL6IE@6c48a","03aRBLKilDQZf1qZCvL6IE@f9941","03l0HrdRxMTbEcUr7BMDO7@6c48a","03l0HrdRxMTbEcUr7BMDO7@f9941","0425PhImJArpbKLiabiTmF@6c48a","0425PhImJArpbKLiabiTmF@f9941","05FvcGNTdGQ4DYXpJB3/mG@6c48a","05FvcGNTdGQ4DYXpJB3/mG@f9941","0793ffdce","08t95af4ZA2YFK4UGYdLrX@6c48a","08t95af4ZA2YFK4UGYdLrX@f9941","09Hi/e0ZNLYqwkF4amjkzb@6c48a","09Hi/e0ZNLYqwkF4amjkzb@f9941","09O5jzpg9BCbjPIHiZw3Da@6c48a","09O5jzpg9BCbjPIHiZw3Da@f9941","0aEywwGXNC8ZHFZ6NDcmtq@f9941","0brOF/2ClHtaxNil/etn4Q@6c48a","0brOF/2ClHtaxNil/etn4Q@f9941","0b0xjPWlFAVq0VmFJ5unMQ@f9941","0bd622c1d","0cBGmhIuRHsrRgyxhgQSGy@6c48a","0cBGmhIuRHsrRgyxhgQSGy@f9941","0cKx9+g+VOCZrxoiqT8ZuW","0cd049a5f","0de199f9b","0e38d1acc","10FyAIawFGcYyOCxtXXZqX@6c48a","10FyAIawFGcYyOCxtXXZqX@f9941","10nkgK8W1KQbMd/PkBAEft@6c48a","10nkgK8W1KQbMd/PkBAEft@f9941","10xnJmL5FMVIOvso5/drZW@6c48a","10xnJmL5FMVIOvso5/drZW@f9941","106RmgYz1PDL6QwSfhoHDs@6c48a","106RmgYz1PDL6QwSfhoHDs@f9941","11AWvzKr9JorWsQA7m9O9X","11OgrGIT1HlbpH70ksAk2V@6c48a","11OgrGIT1HlbpH70ksAk2V@f9941","11of0WRCFPabcdjyCpDEW1","11zoVtRmpIw7hW+WSQgFfb@6c48a","11zoVtRmpIw7hW+WSQgFfb@f9941","113gphSuJNvYLo9lSHUHNI@6c48a","113gphSuJNvYLo9lSHUHNI@f9941","12KDX0CQVLfaiM1Mn+XSYE@6c48a","12KDX0CQVLfaiM1Mn+XSYE@f9941","13ykflF29KwIUhhMCA5Ega@6c48a","13ykflF29KwIUhhMCA5Ega@f9941","14fgsp0ZRFYpa/r3aCSfDX@6c48a","14fgsp0ZRFYpa/r3aCSfDX@f9941","14g2ZE0olLHpm7TWZ7e+cV@6c48a","14g2ZE0olLHpm7TWZ7e+cV@f9941","14nLalIPNOB73wBjPFbx3g@6c48a","14nLalIPNOB73wBjPFbx3g@f9941","16cqyrtcdDFJtCg94+muIV@6c48a","16cqyrtcdDFJtCg94+muIV@f9941","16qv4jj+lETaCQhE7hqgIa","168Q1UYIhH37/YBuXh39qB@6c48a","168Q1UYIhH37/YBuXh39qB@f9941","170faPuu1MzrnPC+zw9NKt@f9941","19hfA7J1JHvLbgzM0Z0Bb8@f9941","19qDD2uk1Hv4fnrDscDMEB@6c48a","19qDD2uk1Hv4fnrDscDMEB@f9941","1aZo4JJVNKbJhMKPROseei@6c48a","1aZo4JJVNKbJhMKPROseei@f9941","1a800Gf1tNVppDcIIE2Nt3@f9941","1bq7yxfGlAJIBrqH4f01C+@6c48a","1bq7yxfGlAJIBrqH4f01C+@f9941","1bwvEj/CJIQ6RnYmxgsekg@6c48a","1bwvEj/CJIQ6RnYmxgsekg@f9941","1chMF9cjFBEqDBI6tOuM17@6c48a","1chMF9cjFBEqDBI6tOuM17@f9941","1dgcNa5bBAdpuW+b9QYn9E@f9941","1fpZc+doFBgJrg3jRtqXkb@6c48a","1fpZc+doFBgJrg3jRtqXkb@f9941","20AsYH2lpDnpudT2uHuJr0@6c48a","20AsYH2lpDnpudT2uHuJr0@f9941","20YzUl2n9NQ4Wdt4CJXLM7@f9941","20g1ukYUVPvKWKBRznAKo+@f9941","20g8DSkb9F9a/2WwWKby3I@6c48a","20g8DSkb9F9a/2WwWKby3I@f9941","209sg8RU9DDqFOdOL9ByIz@6c48a","209sg8RU9DDqFOdOL9ByIz@f9941","23V4984klG+IyKiqt8Fni2@6c48a","23V4984klG+IyKiqt8Fni2@f9941","23yEalyuVO4Z/B1OgMVGKz@6c48a","23yEalyuVO4Z/B1OgMVGKz@f9941","24QxLqQRxN45qGqS3aZdWa@6c48a","24QxLqQRxN45qGqS3aZdWa@f9941","24gH2D5eFLJ6k+f2GLMxuG@6c48a","24gH2D5eFLJ6k+f2GLMxuG@f9941","24odHCfK5IkorCOCZMcFSA@6c48a","24odHCfK5IkorCOCZMcFSA@f9941","24sibD8W9Hg5a8OTOOi+4G@6c48a","24sibD8W9Hg5a8OTOOi+4G@f9941","25Lfe096tN8oe6MWenADYM@6c48a","25Lfe096tN8oe6MWenADYM@f9941","259WfOS7tHl57GqCSPBjcK@f9941","28R7TECSlFrowTxwrNqcpV@6c48a","28R7TECSlFrowTxwrNqcpV@f9941","293ULKSQBNPaG0dqivhZAD@f9941","2aDM7BVTlGmY6MO8/n/8As@6c48a","2aDM7BVTlGmY6MO8/n/8As@f9941","2a9RnmumtH1oZVQJzprKR8@6c48a","2a9RnmumtH1oZVQJzprKR8@f9941","2byDUhRw5E56UJje3uOKCo","2cfpe7RxJM/LqJfwvxXGJN@6c48a","2cfpe7RxJM/LqJfwvxXGJN@f9941","2dreVSWhNERr0OePeKTn46@6c48a","2dreVSWhNERr0OePeKTn46@f9941","2d0otSAAhJtqoWvn5Q++gr@6c48a","2d0otSAAhJtqoWvn5Q++gr@f9941","2erGA6KzJNabWK94nVmKeS@6c48a","2erGA6KzJNabWK94nVmKeS@f9941","2fK+8arSVMMpMIMU7v6kVt@f9941","31HLAtqJxIcKuElQxK66Yq@6c48a","31HLAtqJxIcKuElQxK66Yq@f9941","31XEVCFCVIVLRuoc7buOt7@6c48a","31XEVCFCVIVLRuoc7buOt7@f9941","31oJhFqC1IWbfkkYpxQjb6@6c48a","31oJhFqC1IWbfkkYpxQjb6@f9941","32MSWOFOpJV4hPKsv1Uy/S@6c48a","32MSWOFOpJV4hPKsv1Uy/S@f9941","33Q0kYFcZAj4M725kePduf@6c48a","33Q0kYFcZAj4M725kePduf@f9941","33Q/xC24dMxokVtQa5TRjk@6c48a","33Q/xC24dMxokVtQa5TRjk@f9941","339XHwAp1My4t9ETPNyAkD@6c48a","339XHwAp1My4t9ETPNyAkD@f9941","35yLWDApNOHaXyxbVzPem/@6c48a","35yLWDApNOHaXyxbVzPem/@f9941","36J0l9KjFKPqvbcKf+5pIz@6c48a","36J0l9KjFKPqvbcKf+5pIz@f9941","36WaK5SMVLoJu9kW2Sef4Q@6c48a","36WaK5SMVLoJu9kW2Sef4Q@f9941","37XIBsvpVCRp6lqzAJEgId@6c48a","37XIBsvpVCRp6lqzAJEgId@f9941","37kIyp6O5PobYAAwhzmEH0@6c48a","37kIyp6O5PobYAAwhzmEH0@f9941","38IXkC/4xGArxTPHs4x5Wh@6c48a","38IXkC/4xGArxTPHs4x5Wh@f9941","38tcJ2KCRGOqSog4rNldqC@6c48a","38tcJ2KCRGOqSog4rNldqC@f9941","38ygr1ygRC5ogbFnQEQXlV@6c48a","38ygr1ygRC5ogbFnQEQXlV@f9941","393CdjrXdE/ajrCX8tNcJU@f9941","39/ekt9XBOK6LUa9dY3ZHZ@6c48a","39/ekt9XBOK6LUa9dY3ZHZ@f9941","3b9fmq7BlG5as5JWWX2m0A","3cGlRjtrZFzpVJGrYWN/+Z@6c48a","3cGlRjtrZFzpVJGrYWN/+Z@f9941","3c0qJBtElDX6XTqyrwoEzQ@6c48a","3c0qJBtElDX6XTqyrwoEzQ@f9941","3c6VsfalJLfKp1GNReqln6@6c48a","3c6VsfalJLfKp1GNReqln6@f9941","41Ad+BmbpBnIBoG0nmYiMa@6c48a","41Ad+BmbpBnIBoG0nmYiMa@f9941","41UcqJvtFJQ4FrBT4ARhNU@6c48a","41UcqJvtFJQ4FrBT4ARhNU@f9941","41ygQxVj5LQaGo4wZLVbx+","42Jt6o5FdMtbvS3iegz3Zx@6c48a","42Jt6o5FdMtbvS3iegz3Zx@f9941","435e77r81Ls4HIahrnoOv1@6c48a","435e77r81Ls4HIahrnoOv1@f9941","44x+IzsAFDvZxZ8RULqCCw@6c48a","44x+IzsAFDvZxZ8RULqCCw@f9941","45t13wflpBCLtrGD7ucc27@6c48a","45t13wflpBCLtrGD7ucc27@f9941","460YvnTplPX60b0rX1+Yrg@6c48a","460YvnTplPX60b0rX1+Yrg@f9941","46/DqyOlJMKqYfiumDzX2D@6c48a","46/DqyOlJMKqYfiumDzX2D@f9941","47a6LCXmNH6Zt4bOUlZIJx@f9941","47zrFDEORH25eRd8NiIBT1@6c48a","47zrFDEORH25eRd8NiIBT1@f9941","48sGjaaupGRrS2qoypclDZ@6c48a","48sGjaaupGRrS2qoypclDZ@f9941","49DfMBAgBOSIQn9DMerM93@6c48a","49DfMBAgBOSIQn9DMerM93@f9941","4cWFIboJlMdrrBDKq5OhB1@6c48a","4cWFIboJlMdrrBDKq5OhB1@f9941","4ctarzMntJKbtB2DaM/xio@6c48a","4ctarzMntJKbtB2DaM/xio@f9941","4dFd4I3x5FkqhVYucQ/07+","4dKwDP/qNPgq8crbNwsfxN@6c48a","4dKwDP/qNPgq8crbNwsfxN@f9941","4dvmVnSfpNQLBCf6eVnNZA","4e+tppHRNCtKFPTweGKc8O@6c48a","4e+tppHRNCtKFPTweGKc8O@f9941","4fRtWiMAVFWZsRmfNwboKN@6c48a","4fRtWiMAVFWZsRmfNwboKN@f9941","4f1pZvYYJJXp5baxuRgn/Y@f9941","4f850dcwJJKbiH2CvChA+w@6c48a","4f850dcwJJKbiH2CvChA+w@f9941","51aKviL5ZM/rk72UjRdsYk@6c48a","51aKviL5ZM/rk72UjRdsYk@f9941","52x9HEs/dAOIwR49hhRPVp@6c48a","52x9HEs/dAOIwR49hhRPVp@f9941","53F7YyYr5JQq0FzycgdjDj@6c48a","53F7YyYr5JQq0FzycgdjDj@f9941","54SQaKynJI2Jgztmi9KBqR@6c48a","54SQaKynJI2Jgztmi9KBqR@f9941","54TknWPwVPqJqeCR+Y/Czo@f9941","54xzZI1i9K2ZQgzmwXjgqq@6c48a","54xzZI1i9K2ZQgzmwXjgqq@f9941","55LbaxtLlGYYHDl1a+9B4b@6c48a","55LbaxtLlGYYHDl1a+9B4b@f9941","55+jZHA31BwKl+ljQ2ggxe@f9941","58loV/a+lLjq3db2wmMZrX@6c48a","58loV/a+lLjq3db2wmMZrX@f9941","59k2gDmW5Lp4fTh484CcEz@6c48a","59k2gDmW5Lp4fTh484CcEz@f9941","5azX0ZC5dG5YC/DQn49CDS@6c48a","5azX0ZC5dG5YC/DQn49CDS@f9941","5bRicLCYVGXoIQNpZD+rt/@6c48a","5bRicLCYVGXoIQNpZD+rt/@f9941","5bv2sml19FF5hSyKgxq2/B@6c48a","5bv2sml19FF5hSyKgxq2/B@f9941","5cBnF0VatMdYWZtUlynvWf@f9941","5cW65jXGRMCKK8iyWtPM2f@6c48a","5cW65jXGRMCKK8iyWtPM2f@f9941","5czw9RxSxLwag+9sRRWTjR@6c48a","5czw9RxSxLwag+9sRRWTjR@f9941","5eR224NGROiogkOCU6xLX1@6c48a","5eR224NGROiogkOCU6xLX1@f9941","5eYqIg585C/KMBHGyUyRiG","5engCTpAZDWpvdXibJSl3v","5fcZV57QBH76hV5kPozWs4@6c48a","5fcZV57QBH76hV5kPozWs4@f9941","60iBQkxyNKbpqGME9ck7+Z@6c48a","60iBQkxyNKbpqGME9ck7+Z@f9941","61aLbcRlJG84hbLQxxCHV5@6c48a","61aLbcRlJG84hbLQxxCHV5@f9941","615fgG1LpC/IMjkUbKKqUm@6c48a","615fgG1LpC/IMjkUbKKqUm@f9941","62KpCKOn9EcZ8L4op2Gixz@6c48a","62KpCKOn9EcZ8L4op2Gixz@f9941","62a0/YvVtGvbNLoz4/r68q@f9941","640P626thDfaOdlH3bkSon@6c48a","640P626thDfaOdlH3bkSon@f9941","67YewG9S1Ls7/F2knnHgX+@6c48a","67YewG9S1Ls7/F2knnHgX+@f9941","67pKv4DlhPXLDK0suB3UYP@6c48a","67pKv4DlhPXLDK0suB3UYP@f9941","68KiXUUMhKHYXAziVEqBvS@6c48a","68KiXUUMhKHYXAziVEqBvS@f9941","691ySDN3JAybrFHuKZ9r3p@6c48a","691ySDN3JAybrFHuKZ9r3p@f9941","6ad4g5eCxCZqJQiLy2fOq9@f9941","6aqIccdwRMTpmooWDBwla4@6c48a","6aqIccdwRMTpmooWDBwla4@f9941","6atubEidZMP5PRao/2psPV@6c48a","6atubEidZMP5PRao/2psPV@f9941","6by57tF8VK2rGvUOUn0Lxa@f9941","6colKdavNCCLZZpblYtnz8@f9941","6dCt2tBbpG8r3QgVCx4qpF@f9941","6eAVdYnBFEeZN/aX1bcxTG@6c48a","6eAVdYnBFEeZN/aX1bcxTG@f9941","6es+2ReXlEKJ+sVzes73ox@6c48a","6es+2ReXlEKJ+sVzes73ox@f9941","6faVLl8WVHhJECwJVQAJwN@6c48a","6faVLl8WVHhJECwJVQAJwN@f9941","6fevJMZs9N8qx8DkIsA/I5@6c48a","6fevJMZs9N8qx8DkIsA/I5@f9941","6fqoIGdzZNrZcjglG2auP1@6c48a","6fqoIGdzZNrZcjglG2auP1@f9941","71XiMJfmpInqOg1iYGfM+u@f9941","71aexCqFFABKIQt1HOUWqy@6c48a","71aexCqFFABKIQt1HOUWqy@f9941","713MDsuhVPiaRal9aCSDRQ@6c48a","713MDsuhVPiaRal9aCSDRQ@f9941","71/nzIxvlOZrPDSSplrZjX@6c48a","71/nzIxvlOZrPDSSplrZjX@f9941","73ilGv9lxAi6q4axIIgLVO@f9941","73kWikp3NMYpLKKm9DXk5t@6c48a","73kWikp3NMYpLKKm9DXk5t@f9941","74ctquamJLa4ANntp1TL60@6c48a","74ctquamJLa4ANntp1TL60@f9941","74riQP1O9PX4fQPDrBRz97@6c48a","74riQP1O9PX4fQPDrBRz97@f9941","74zMsjX3lGj62UKWw3LjuT@f9941","75NBmTX/JO9oJYXKkSF18K@6c48a","75NBmTX/JO9oJYXKkSF18K@f9941","75TWwsrNdHQ4hRT6LEN0re@f9941","75kePpYjBDEIiUrWnpdayC@6c48a","75kePpYjBDEIiUrWnpdayC@f9941","75roTOulhB67TwHKV5E9d0@f9941","76WT/ZYcFGu6J1iC03wYNl@f9941","78NmKQ06tJj76KGki1a2iF@6c48a","78NmKQ06tJj76KGki1a2iF@f9941","79I20Ox45FcodtFrHKBHBM@6c48a","79I20Ox45FcodtFrHKBHBM@f9941","79503ADb9O+oqVTL0otExM@6c48a","79503ADb9O+oqVTL0otExM@f9941","7aYppUCYpEuJ7uKI7ErZ6a@f9941","7bC/j/1UNFG5q/XVywVeCh@6c48a","7bC/j/1UNFG5q/XVywVeCh@f9941","7bIdNd9zlOcITv6nRengYo@6c48a","7bIdNd9zlOcITv6nRengYo@f9941","7bL0BEfR1DW7oCPjDD3XmS@f9941","7bMI7QaFRK/pVTxz79kz2w@6c48a","7bMI7QaFRK/pVTxz79kz2w@f9941","7bYWLSpypNrqB42AcZSSZx@6c48a","7bYWLSpypNrqB42AcZSSZx@f9941","7dIdxIi8pNd5P1oFYDyofS@f9941","7dj5uJT9FMn6OrOOx83tfK@f9941","7eK4vv8w5A+YMANtorGQxs","7fQ0Wqb/tKxbkuc1o30cej@6c48a","7fQ0Wqb/tKxbkuc1o30cej@f9941","81GHAJmdxJhbiPHUO367vz@f9941","822fg5XpBPuZ3fgQ3dVeOj@6c48a","822fg5XpBPuZ3fgQ3dVeOj@f9941","8278wBbDRGjIInMMQlPnUU@f9941","83CPeamIVL1Ys3R6qpM9sR@6c48a","83CPeamIVL1Ys3R6qpM9sR@f9941","83WH5Aq3lFrZpH5LYjX8ki@f9941","84FObBFxlDIK2/KqLmHZn5@6c48a","84FObBFxlDIK2/KqLmHZn5@f9941","84Nup2cPdAWIZFOhuvb3We@6c48a","84Nup2cPdAWIZFOhuvb3We@f9941","86LOCjLJxFkr7qX2gxF/9p@6c48a","86LOCjLJxFkr7qX2gxF/9p@f9941","87R9FFLRxB4YMN+Wg+oQrX","87lUUJZ3xMHpZskn/18r0b@6c48a","87lUUJZ3xMHpZskn/18r0b@f9941","89OqtuCL5PQoj9JFfWXrcR@f9941","89Wqux7l9M/7PokgavQWTl@6c48a","89Wqux7l9M/7PokgavQWTl@f9941","8apQTOle5LcJVIlJMPE5XQ@6c48a","8apQTOle5LcJVIlJMPE5XQ@f9941","8bQsZXmvdHQ7e3oK18s4yu@6c48a","8bQsZXmvdHQ7e3oK18s4yu@f9941","8cGORCCLFBD4yCQhcCXf3e@6c48a","8cGORCCLFBD4yCQhcCXf3e@f9941","8clRQnfNNHCJLZPDZ6e7r8","8cyqK/+SBHa4sakbnUaXfd@6c48a","8cyqK/+SBHa4sakbnUaXfd@f9941","8dcHjukiRMl4pSXcXGiGu5@f9941","8fR5pc/95Amr78H0rsZrLG@6c48a","8fR5pc/95Amr78H0rsZrLG@f9941","8fhQlcCK5DjIwRCEhDG8om@f9941","90Fmt0+K5LL4o0OtHEa7dW@6c48a","90Fmt0+K5LL4o0OtHEa7dW@f9941","928Nll3d1C0IxwFrUuR31M@6c48a","928Nll3d1C0IxwFrUuR31M@f9941","939cGSWCVJSbclUbUTAEmI@6c48a","939cGSWCVJSbclUbUTAEmI@f9941","94FSNmC+JCvalnQx2/Tmqv@6c48a","94FSNmC+JCvalnQx2/Tmqv@f9941","94kGuGpxZDZ4cSTQ3LgVn3@6c48a","94kGuGpxZDZ4cSTQ3LgVn3@f9941","94t30MJhFKL7Njf46TSUOT@6c48a","94t30MJhFKL7Njf46TSUOT@f9941","95EkngnxZFbYuFpsqVTaFr@f9941","95XLWIuuhFvbb7vD0pJ+Ah@6c48a","95XLWIuuhFvbb7vD0pJ+Ah@f9941","97wNaeiPJL+paBNncIGzn+@6c48a","97wNaeiPJL+paBNncIGzn+@f9941","986ebY8NdH2IipIMHMI8T+","99mVQGGcdKr6FiD3BikvOQ@6c48a","99mVQGGcdKr6FiD3BikvOQ@f9941","99t+H++RVO3q+lpyS4t8x6","9asz8Da+lPiL5aOs3Vf4yK@6c48a","9asz8Da+lPiL5aOs3Vf4yK@f9941","9bX1tBhvZPELQI/mMwuQJQ@6c48a","9bX1tBhvZPELQI/mMwuQJQ@f9941","9dLqGRhgtM14mp3+iJ+Ad8@6c48a","9dLqGRhgtM14mp3+iJ+Ad8@f9941","9dz0vvP9VJ3qdoXvtGJXkT@6c48a","9dz0vvP9VJ3qdoXvtGJXkT@f9941","9eX0CUPBpHipPSBwTcDij4@f9941","9fMCtKeAdKl4NoAhbMeCtT@6c48a","9fMCtKeAdKl4NoAhbMeCtT@f9941","a1jdSkC31BuZIIvG8+YZ0Z@6c48a","a1jdSkC31BuZIIvG8+YZ0Z@f9941","a13QYCnW9MxYUBhILj56RO@6c48a","a13QYCnW9MxYUBhILj56RO@f9941","a200dALEJNe59UO+pQPh1k@6c48a","a200dALEJNe59UO+pQPh1k@f9941","a5BV8RkgRHS4wfR22ZUoxb@6c48a","a5BV8RkgRHS4wfR22ZUoxb@f9941","a5CWOn0opM74izQpkn+Gh1@6c48a","a5CWOn0opM74izQpkn+Gh1@f9941","a76QxmXG9G34q4yJXu9VwE@6c48a","a76QxmXG9G34q4yJXu9VwE@f9941","a76+KawstF/5PF1KXX8gy7@6c48a","a76+KawstF/5PF1KXX8gy7@f9941","a8ZajNkxlLX5KcZjBjfhnf@f9941","a8pG155iFMXrXDguGrU6In@6c48a","a8pG155iFMXrXDguGrU6In@f9941","a8q7ndzulOJbl353u9frBF@6c48a","a8q7ndzulOJbl353u9frBF@f9941","a9vO2GBWpJgazbBPZiz4tE","aaIPIW975Mv6QOkMabaumf@6c48a","aaIPIW975Mv6QOkMabaumf@f9941","aa1/wv2X1GJqpAyYJzHgBk@6c48a","aa1/wv2X1GJqpAyYJzHgBk@f9941","aa5FcRzzpJ6YDXX6I8Qarm@f9941","aa6WB6sL1BvLhF6SdlNPuh@6c48a","aa6WB6sL1BvLhF6SdlNPuh@f9941","aa9hMJytxJELgsdkrR+Ly1@f9941","aa+Xl4ZYlN656CxUK6ZLa3","acR2Lg2zBD56HUOgsWgXaU@6c48a","acR2Lg2zBD56HUOgsWgXaU@f9941","adV/Mog+dHSrJq3SZ078NP@f9941","b0GLkiQdVO84NbiRH6V3Gq@6c48a","b0GLkiQdVO84NbiRH6V3Gq@f9941","b19jka+7FO+J3whRYYxmku@6c48a","b19jka+7FO+J3whRYYxmku@f9941","b2HjDsWT5MUL59n+Ib/jh4@6c48a","b2HjDsWT5MUL59n+Ib/jh4@f9941","b2cDYSX9FO7ZMn3c/050Ao@6c48a","b2cDYSX9FO7ZMn3c/050Ao@f9941","b2c0VohzhNI6S3R8n8WHml","b2hvSd+m5Jb5GjavS4tVFt","b2jA19ZjVFY5BQocFlL7Ix@6c48a","b2jA19ZjVFY5BQocFlL7Ix@f9941","b3mb1mGL9Nq5hbGAXZCEld@6c48a","b3mb1mGL9Nq5hbGAXZCEld@f9941","b6FbiJl4RBBYGdfqzD4kSR@6c48a","b6FbiJl4RBBYGdfqzD4kSR@f9941","b6LlTjsjhJLbZDc455t5TR@f9941","b6i1FMBlFLp6BYydSHrlzG@6c48a","b6i1FMBlFLp6BYydSHrlzG@f9941","b7Y7TvJ1REJpT3ftlu7BSg@f9941","b7pTt/8HJPTpw5gYx2SrCB@6c48a","b7pTt/8HJPTpw5gYx2SrCB@f9941","b7xGD0yiRCRYIJzyijn6XZ@6c48a","b7xGD0yiRCRYIJzyijn6XZ@f9941","b72vWdQHFGDLhBqb8gkXyF@6c48a","b72vWdQHFGDLhBqb8gkXyF@f9941","b9FROJUZFFQrDb5dN/JKds@6c48a","b9FROJUZFFQrDb5dN/JKds@f9941","bbEfgLuERLKbz+hDuazczG@6c48a","bbEfgLuERLKbz+hDuazczG@f9941","bcStKZwhFNMIwtAbUIgdcx@6c48a","bcStKZwhFNMIwtAbUIgdcx@f9941","bc5nF5A+JLK7I0f7iEHkEU@6c48a","bc5nF5A+JLK7I0f7iEHkEU@f9941","bfMOp2PWdGAo8cEhnE/OOp@6c48a","bfMOp2PWdGAo8cEhnE/OOp@f9941","bfWzzmWu1NpoYuhL2E0oHB@6c48a","bfWzzmWu1NpoYuhL2E0oHB@f9941","bf00/YKQ5Ht4nLDd/0zq2Z@6c48a","bf00/YKQ5Ht4nLDd/0zq2Z@f9941","c0ICSjtSRAJ44dtn0a2xHF@6c48a","c0ICSjtSRAJ44dtn0a2xHF@f9941","c0MKfQQTRLzLFQcBSO9jCJ@6c48a","c0MKfQQTRLzLFQcBSO9jCJ@f9941","c06zbNbdBHQLsYW0A437kQ@6c48a","c06zbNbdBHQLsYW0A437kQ@f9941","c1EU4AJddDeLNLIypgqAQz@6c48a","c1EU4AJddDeLNLIypgqAQz@f9941","c10aQI9QVCrbx+7I3z1BSE@f9941","c2JEFWPdNNe7/v7JGE3x1t@6c48a","c2JEFWPdNNe7/v7JGE3x1t@f9941","c2PTls5SBEdaoD6zxtidzV@6c48a","c2PTls5SBEdaoD6zxtidzV@f9941","c2aVwUs35O3bFYysCxEQ3s@6c48a","c2aVwUs35O3bFYysCxEQ3s@f9941","c21N7sFFJLp51I9KKJOXrQ","c3uPNgunJCsqQzNoUD+0f5@6c48a","c3uPNgunJCsqQzNoUD+0f5@f9941","c3yNX2ZTJATo/X2+PgafQV@6c48a","c3yNX2ZTJATo/X2+PgafQV@f9941","c37kFUPQ9Bh7jn+nVnxihS@6c48a","c37kFUPQ9Bh7jn+nVnxihS@f9941","c3/2H2yiVF2ZYXtK06xsPj","c4QOCIgP1Ir6F4xijRX//d@6c48a","c4QOCIgP1Ir6F4xijRX//d@f9941","c48jbkAJhFrYvuLRLJvo4A@6c48a","c48jbkAJhFrYvuLRLJvo4A@f9941","c5Rosn/z5Mp48iaUtGxg0M@f9941","c5ukk6V+xOnrXPAaXs+iUR@6c48a","c5ukk6V+xOnrXPAaXs+iUR@f9941","c6J/hD3+lPwI6Vjusykbay@f9941","c6LwSzBE9EWphfzwku4R27@f9941","c7bbZPS+tM9JrWFsjWXnC5@6c48a","c7bbZPS+tM9JrWFsjWXnC5@f9941","c7tF4hetRHc5wVk0W+vp8X@f9941","c8QeWafXpME7mEoI+OV8Tz@6c48a","c8QeWafXpME7mEoI+OV8Tz@f9941","c8fENYK2dKBacq20vcQFOo@f9941","caHCvFKPNEGpaE5iOheRRZ@6c48a","caHCvFKPNEGpaE5iOheRRZ@f9941","cabwPMrelF2rdl7RnzNrpf","cbb/xPHTdP/KFy34YT0JDq@6c48a","cbb/xPHTdP/KFy34YT0JDq@f9941","cbxW4bDWFITIR2Lr1TlqKN@6c48a","cbxW4bDWFITIR2Lr1TlqKN@f9941","cdZuva+/RL4LdMhkwj71a1@6c48a","cdZuva+/RL4LdMhkwj71a1@f9941","ce6KxuyhVNqKc2JEC7PAxD@6c48a","ce6KxuyhVNqKc2JEC7PAxD@f9941","cfDaTmLk5LyJP38WQaRpan@6c48a","cfDaTmLk5LyJP38WQaRpan@f9941","cfrl0fictCuLpeBGFATaHy@6c48a","cfrl0fictCuLpeBGFATaHy@f9941","d2WlLv9oNJmqxbsV2VBJD8@f9941","d3/pXJj/9Goq/5eavfSJ9h@6c48a","d3/pXJj/9Goq/5eavfSJ9h@f9941","d5Pw1aiZpJs6ZIx6yWba/4@f9941","d58I5kyJNHCpQqJDywRlE3@6c48a","d58I5kyJNHCpQqJDywRlE3@f9941","d6Fm2XDHVK45d2a1Pdj76W@6c48a","d6Fm2XDHVK45d2a1Pdj76W@f9941","d6+YznK2xGB419rCrqJnZ+@f9941","d87ZjnutRCb5QOEHIqtYU5@6c48a","d87ZjnutRCb5QOEHIqtYU5@f9941","d8+MyVYs1BToc1aCbwxZwC@f9941","dau35XRcFBPYQn1Mw/jm/U@6c48a","dau35XRcFBPYQn1Mw/jm/U@f9941","dcGiMk4yVG1Z17zPD37Ksk@f9941","dcPvI0BYJAQry6+efJ1a2B@6c48a","dcPvI0BYJAQry6+efJ1a2B@f9941","dcRbD0no1GS69o2J3vsB1J@6c48a","dcRbD0no1GS69o2J3vsB1J@f9941","dcc1gWlXlNjaH9wiIbHn43@6c48a","dcc1gWlXlNjaH9wiIbHn43@f9941","dcdllgohpGUKuE4CsaNZ9C@6c48a","dcdllgohpGUKuE4CsaNZ9C@f9941","dco0Ym3m9JlpEE6JaMk3px@6c48a","dco0Ym3m9JlpEE6JaMk3px@f9941","ddOBDwKQ1MAojPCmtgXCnj@f9941","ddPt3CeHdDgKAxW2+pHu2Z","ddn4e1bZNHKpXvhzcxBrZs","ddqS2IOc1N56MyQ4ae+F86@6c48a","ddqS2IOc1N56MyQ4ae+F86@f9941","deMvWzeyhBVJc/NmKC/ywE@6c48a","deMvWzeyhBVJc/NmKC/ywE@f9941","deaaM7WnNBtpuC3Xo8s1zF","det4+VA+pNnILw2KBto15G@f9941","de4t2fjdZHnptb3mt8iShn@6c48a","de4t2fjdZHnptb3mt8iShn@f9941","dfIR5itY9CHLBZnPWx47bp@f9941","dfg2KQtExB3Ki9OGZT7L2J@6c48a","dfg2KQtExB3Ki9OGZT7L2J@f9941","df75hfNZ1AebUibCOWn6SC@6c48a","df75hfNZ1AebUibCOWn6SC@f9941","e0CofzVjRC/YB7cqyAJ2um@f9941","e0EoBLkn1I1L9GjSkcpd8d@6c48a","e0EoBLkn1I1L9GjSkcpd8d@f9941","e0Qn5YDidFwL6EyQDL3Bmp@6c48a","e0Qn5YDidFwL6EyQDL3Bmp@f9941","e0t2Jb2M5MmI3IFbbh12vO@6c48a","e0t2Jb2M5MmI3IFbbh12vO@f9941","e0y2FFtYFGboP2W7MLIkSS@6c48a","e0y2FFtYFGboP2W7MLIkSS@f9941","e15dyVAzNF242aUncH37Y0@6c48a","e15dyVAzNF242aUncH37Y0@f9941","e28RDkGfxIG4CKPAZgK1+K","e4AHZDTOhDhISMc8xv7XUY@6c48a","e4AHZDTOhDhISMc8xv7XUY@f9941","e4/RwlNclECqHqKstxn69R@6c48a","e4/RwlNclECqHqKstxn69R@f9941","e5XVDCPF5IM5wcgsXfau/R@6c48a","e5XVDCPF5IM5wcgsXfau/R@f9941","e7Y4ycydREAoio4XnnVWLD","e7vlsR7oVOBo300IniKsoZ@f9941","e7yeA46F5EO5Th/grN2B+C@6c48a","e7yeA46F5EO5Th/grN2B+C@f9941","e78lu3ezxDKoro8L97gGFe@6c48a","e78lu3ezxDKoro8L97gGFe@f9941","e8uPuM0EdNgZYenPju9Pdy@6c48a","e8uPuM0EdNgZYenPju9Pdy@f9941","e85n2aydpHzJifKYkpcp5O@6c48a","e85n2aydpHzJifKYkpcp5O@f9941","e9lc9EuuNH1Z8nCDgDeSoF@6c48a","e9lc9EuuNH1Z8nCDgDeSoF@f9941","e9/hC51u1LXJI9bbEq967k@6c48a","e9/hC51u1LXJI9bbEq967k@f9941","ebUp7hkKtLX5XlI0QHPPHs@6c48a","ebUp7hkKtLX5XlI0QHPPHs@f9941","ebwiWi52xHj5HDt8mCHWjm@6c48a","ebwiWi52xHj5HDt8mCHWjm@f9941","ecP7nfjRFPcJQJ/Or0e4Bx@6c48a","ecP7nfjRFPcJQJ/Or0e4Bx@f9941","ecXQ6VXmpKmpuefTlrrop9","ecexRSviNAVY/v4A/DPSse@6c48a","ecexRSviNAVY/v4A/DPSse@f9941","ec5Bt7erhCP73pToGVKx5M@6c48a","ec5Bt7erhCP73pToGVKx5M@f9941","edQgzRsuJKDp9+5rSDV/8J@6c48a","edQgzRsuJKDp9+5rSDV/8J@f9941","eeuW4AnP9HE7DIRN8yDpcy@6c48a","eeuW4AnP9HE7DIRN8yDpcy@f9941","ee60J504tIr7JbLyla3DFs@6c48a","ee60J504tIr7JbLyla3DFs@f9941","efGBqlUhVLcaJyGzgHDCvp@f9941","f1vy851PdMh7E1gjiB1DU4@6c48a","f1vy851PdMh7E1gjiB1DU4@f9941","f2BvzbovtI0JJ6N8bVxfoM@f9941","f3SzoyrIJGTo6+k8bIHPJL@6c48a","f3SzoyrIJGTo6+k8bIHPJL@f9941","f4DkqsPPpPsoINz/3Yhvlr@6c48a","f4DkqsPPpPsoINz/3Yhvlr@f9941","f5UL4M2I5OureRqAaimftY@6c48a","f5UL4M2I5OureRqAaimftY@f9941","f7J1uPEMlH45fJNvZJpprm@f9941","f7kFcPevRAJZbs2B9lyK5G@6c48a","f7kFcPevRAJZbs2B9lyK5G@f9941","f8Lc9HEJRCCJzZSRzlFEWa@6c48a","f8Lc9HEJRCCJzZSRzlFEWa@f9941","f8L9RW34BBQJ6DLbag33RF@f9941","f8iCCwiEVJmoC9s83vtTky","f8iUYqUAVN5pMZ1H2mKh0p@f9941","f8+uDEOF1Au4sjvSNbwZcK","faYN3F9LJAZKFDXhq/0lGX@6c48a","faYN3F9LJAZKFDXhq/0lGX@f9941","faa3FkV+FMGYn5e5lH9V6F@6c48a","faa3FkV+FMGYn5e5lH9V6F@f9941","faxfdBQ7pGbZ2O0ptyZAMe@6c48a","faxfdBQ7pGbZ2O0ptyZAMe@f9941","fbgeA0VGBBBKyV2nPRkvZp","fcRAii+l5JV6k2CeV4b+e6@6c48a","fcRAii+l5JV6k2CeV4b+e6@f9941","fcv7g6OR9DsK5JhBDPw1zk@f9941","fdpcuEaexF7ouacJSi4kDi@6c48a","fdpcuEaexF7ouacJSi4kDi@f9941","ffbD1HaWFF3IUx4Fy7yKHx@6c48a","ffbD1HaWFF3IUx4Fy7yKHx@f9941","ffuIqPr2JI9I8dPLYGRDpD@6c48a","ffuIqPr2JI9I8dPLYGRDpD@f9941"],"paths":{"0":["baccaratGameScene",0,1],"1":["baccaratGameScenePC",0,1],"42":["res/preafab/autoSettingView",1,1]},"scenes":{"db://assets/games/baccarat/baccaratGameScene.scene":0,"db://assets/games/baccarat/baccaratGameScenePC.scene":1},"packs":{"02c545d9b":[275,288,304,314,317,326,330,334,345,0,350,352,357,385,394,403,405,411,415,419,421,429,446,457,461,469,501,503,507,515,531,533,540,542,551,566,572,574,584,587,589,592,605,608,623,625,627,638,639,641,644,657,672,677,701,704,715,731,736,738,740,745,747,768,770,776,781,784,786,792,801,803,806,808,810,814,822,826,835,841,847,857,864,876,878,881,883,885,887,893,894,896,899],"0793ffdce":[273,277,280,281,284,286,295,316,337,363,367,369,390,399,401,407,428,433,435,448,450,452,455,459,463,476,494,498,511,517,522,526,546,556,577,595,602,610,614,629,650,653,663,670,675,689,697,699,725,733,750,752,759,765,778,789,799,833,843,853,860,862,901],"0bd622c1d":[269,293,300,310,312,322,324,328,339,343,355,361,373,375,380,388,392,409,417,437,439,1,485,490,492,506,513,524,528,538,544,560,563,579,598,603,612,617,620,631,633,655,659,661,665,667,673,680,684,687,693,694,707,713,719,721,729,741,743,762,766,797,811,817,819,828,849,851,858,891,903],"0cd049a5f":[299,303,270,344,347,349,351,354,382,384,387,279,389,391,393,430,432,434,460,462,465,287,468,470,473,493,495,497,500,502,504,508,530,532,268,537,539,543,541,545,576,578,581,583,588,609,292,611,613,616,619,643,645,647,649,652,313,315,321,323,327,338,342,362,366,372,374,400,408,410,422,424,427,443,445,447,449,451,454,456,477,484,514,519,523,527,550,552,559,573,591,294,624,296,626,632,637,311,318,329,333,274,376,396,398,416,458,289,486,516,525,601,607,635,335,356,360,379,406,414,436,438,441,475,479,512,521,548,557,565,594,597,599,272,364,370,418,285,571,622,630,325,368,276,283,555,402,412,481,489,309,331,404,420,491,510,562,569,604,628,640,656,658,664,666,669,671,654,660,662,674,676,679,683,688,706,708,710,686,690,696,703,698,700,692,712,714,716,718,722,720,724,730,742,744,746,751,754,737,728,758,749,761,732,726,739,735,764,767,769,771,773,775,777,780,783,788,785,791,794,796,798,800,802,807,809,813,816,818,825,827,829,834,840,842,844,846,850,836,823,848,821,832,852,854,856,859,861,863,865,867,870,873,875,882,877,880,890,888,892,895,898,900,902],"0de199f9b":[290,305,336],"0e38d1acc":[271,297,319,320,332,348,365,371,377,383,397,413,423,425,431,442,444,466,467,471,474,478,480,482,487,496,505,509,520,549,553,558,570,582,600,636,646,648,691,709,711,717,723,727,755,772,774,795,824,830,837,845,855,866,868,871,874,889]},"versions":{"import":[2,"a2533",3,"a2533",4,"a2533",5,"a2533",6,"a2533",278,"094a2",7,"a2533",8,"a2533",9,"a2533",10,"a2533",11,"a2533",291,"612fe",12,"a2533",13,"a2533",14,"a2533",15,"a2533",302,"457ea",16,"a2533",306,"c0d5a",307,"d34c0",308,"1af83",17,"a2533",18,"a2533",19,"a2533",20,"a2533",21,"a2533",22,"a2533",23,"a2533",24,"a2533",25,"a2533",26,"a2533",27,"a2533",28,"a2533",29,"a2533",30,"a2533",31,"a2533",32,"a2533",33,"a2533",34,"a2533",35,"a2533",36,"a2533",37,"a2533",38,"a2533",39,"a2533",40,"a2533",41,"a2533",42,"4e796",43,"a2533",44,"a2533",45,"a2533",46,"a2533",47,"a2533",48,"a2533",49,"a2533",50,"a2533",51,"a2533",52,"a2533",53,"a2533",54,"a2533",55,"a2533",56,"a2533",57,"a2533",58,"a2533",59,"a2533",60,"a2533",61,"a2533",62,"a2533",63,"a2533",64,"a2533",65,"a2533",66,"a2533",67,"a2533",68,"a2533",69,"a2533",70,"a2533",71,"a2533",72,"a2533",73,"a2533",74,"a2533",75,"a2533",76,"a2533",77,"a2533",78,"a2533",79,"a2533",80,"a2533",81,"a2533",82,"a2533",83,"a2533",84,"a2533",85,"a2533",86,"a2533",87,"a2533",88,"a2533",89,"a2533",90,"a2533",91,"a2533",92,"a2533",93,"a2533",94,"a2533",95,"a2533",96,"a2533",97,"a2533",98,"a2533",99,"a2533",100,"a2533",101,"a2533",102,"a2533",103,"a2533",104,"a2533",105,"a2533",106,"a2533",107,"a2533",108,"a2533",109,"a2533",110,"a2533",111,"a2533",112,"a2533",113,"a2533",114,"a2533",115,"a2533",116,"a2533",117,"a2533",118,"a2533",119,"a2533",120,"a2533",121,"a2533",122,"a2533",123,"a2533",124,"a2533",125,"a2533",126,"a2533",127,"a2533",128,"a2533",129,"a2533",130,"a2533",131,"a2533",132,"a2533",133,"a2533",134,"a2533",135,"a2533",136,"a2533",137,"a2533",138,"a2533",139,"a2533",140,"a2533",141,"a2533",142,"a2533",143,"a2533",144,"a2533",145,"a2533",146,"a2533",147,"a2533",148,"a2533",149,"a2533",150,"a2533",151,"a2533",153,"a2533",154,"a2533",155,"a2533",156,"a2533",157,"a2533",158,"a2533",159,"a2533",160,"a2533",161,"a2533",162,"a2533",163,"a2533",164,"a2533",165,"a2533",166,"a2533",167,"a2533",168,"a2533",169,"a2533",170,"a2533",171,"a2533",172,"a2533",173,"a2533",174,"a2533",175,"a2533",176,"a2533",177,"a2533",178,"a2533",179,"a2533",180,"a2533",181,"a2533",182,"a2533",183,"a2533",184,"a2533",185,"a2533",186,"a2533",187,"a2533",188,"a2533",189,"a2533",190,"a2533",191,"a2533",192,"a2533",193,"a2533",194,"a2533",195,"a2533",196,"a2533",197,"a2533",198,"a2533",199,"a2533",200,"a2533",201,"a2533",202,"a2533",203,"a2533",204,"a2533",205,"a2533",206,"a2533",207,"a2533",208,"a2533",209,"a2533",210,"a2533",211,"a2533",212,"a2533",213,"a2533",214,"a2533",215,"a2533",216,"a2533",217,"a2533",218,"a2533",219,"a2533",220,"a2533",221,"a2533",222,"a2533",223,"a2533",224,"a2533",225,"a2533",226,"a2533",227,"a2533",228,"a2533",229,"a2533",230,"a2533",231,"a2533",232,"a2533",233,"a2533",234,"a2533",235,"a2533",236,"a2533",237,"a2533",238,"a2533",239,"a2533",240,"a2533",241,"a2533",242,"a2533",243,"a2533",244,"a2533",245,"a2533",246,"a2533",247,"a2533",248,"a2533",249,"a2533",250,"a2533",251,"a2533",252,"a2533",253,"a2533",254,"a2533",255,"a2533",256,"a2533",257,"a2533",258,"a2533",259,"a2533",260,"a2533",261,"a2533",262,"a2533",263,"a2533",264,"a2533",265,"a2533",266,"a2533",267,"a2533"],"native":[2,"7ee13",3,"d967c",4,"2562b",5,"de7ab",6,"650da",7,"f5aea",8,"5c6d8",9,"57aaf",10,"cbed1",11,"338df",12,"4412a",13,"ed677",14,"e1173",15,"440c4",16,"a75d8",17,"2ed4a",18,"a291e",19,"c9691",20,"407e6",21,"ca30d",22,"12aef",23,"90db6",24,"effac",25,"8cb5e",26,"f7a9a",27,"4f34c",28,"8f78e",29,"92d87",30,"ca7b3",31,"2cbb2",32,"21d37",33,"1b604",34,"85395",35,"12b1b",36,"cfe7d",37,"e96e3",38,"b4a25",39,"bf0a8",40,"faa12",41,"43507",43,"51736",44,"ffa42",45,"6ba03",46,"f7876",47,"f13b3",48,"0f3fc",49,"203fa",50,"d4496",51,"3f3be",52,"69602",53,"f6a0a",54,"6a001",55,"31fcb",56,"4eb32",57,"29d78",58,"4218e",59,"fe425",60,"8363e",61,"581d8",62,"85e6a",63,"2ef38",64,"afd53",65,"b1978",66,"7c998",67,"3b642",68,"54038",69,"2d821",70,"3425d",71,"6a460",72,"4214d",73,"86514",74,"14d73",75,"672ee",76,"b1b86",77,"8d293",78,"3ee22",79,"a8ead",80,"8b119",81,"44836",82,"81a0c",83,"27ca2",84,"9a800",85,"58ee9",86,"5d2f3",87,"3bd9f",88,"cd334",89,"3af54",90,"86eaa",91,"225dd",92,"da7f9",93,"692c0",94,"e34fc",95,"42db9",96,"bb781",97,"4a504",98,"0ea76",99,"2248a",100,"cb4ce",101,"b9b08",102,"bc5d7",103,"10a6d",104,"f8b53",105,"65b9f",106,"3f68c",107,"8fccc",108,"d9147",109,"31ffb",110,"ccb8a",111,"819a3",112,"66176",113,"01826",114,"c5080",115,"298be",116,"ec79e",117,"0b081",118,"f17c5",119,"28bc9",120,"fe571",121,"1460f",122,"2aa9c",123,"9be18",124,"88ae6",125,"9d854",126,"77cee",127,"829bb",128,"a2b7f",129,"08bcd",130,"82572",131,"e84b9",132,"1edba",133,"e6f13",134,"8f4bc",135,"c463e",136,"d6d62",137,"70d56",138,"781eb",139,"cc824",140,"a4257",141,"abb9f",142,"88489",143,"0a5df",144,"ad921",145,"33181",146,"d70bd",147,"8904b",148,"53ebe",149,"6cef2",150,"44782",151,"81fac",153,"64c4d",154,"cb991",155,"25d5d",156,"ac927",157,"d1400",158,"d9932",159,"8bc93",160,"eee6d",161,"59af6",162,"e45e4",163,"e8075",164,"6a3c8",165,"5098c",166,"411fb",167,"08000",168,"a3590",169,"49343",170,"4617a",171,"9e086",172,"1ad6b",173,"83e56",174,"cffd1",175,"050cf",176,"0dd3d",177,"6ab87",178,"26764",179,"3fe2e",180,"c53b0",181,"5470a",182,"a19aa",183,"94e5b",184,"b58b8",185,"848a8",186,"2ba3a",187,"df0b3",188,"bc7e3",189,"8c337",190,"494e2",191,"2c67a",192,"44af0",193,"f1f93",194,"0b8ac",195,"f56d5",196,"bb608",197,"f3164",198,"04232",199,"2b64b",200,"654a1",201,"a8e9a",202,"96faf",203,"28e5b",204,"9bf84",205,"7a6ff",206,"a70a9",207,"72688",208,"17db0",209,"f95ed",210,"7a7d1",211,"5ed33",212,"857a7",213,"9db1f",214,"aa060",215,"282f8",216,"4fee9",217,"6f8d0",218,"fbfba",219,"ddc89",220,"543b5",221,"6af93",222,"0677e",223,"35ed4",224,"34e71",225,"aa9eb",226,"93d21",227,"1cf6c",228,"5ea17",229,"95f40",230,"125cd",231,"d86ae",232,"30e09",233,"931b7",234,"fa662",235,"d6c97",236,"1941a",237,"2a88a",238,"a7b58",239,"0fca5",240,"8740e",241,"e668c",242,"7adde",243,"06b3c",244,"a5ea9",245,"e0076",246,"348c9",247,"b2613",248,"62528",249,"ca6ba",250,"58588",251,"1b338",252,"04fbf",253,"090fc",254,"06f29",255,"753a6",256,"e12b8",257,"c45ce",258,"283e7",259,"00ecb",260,"35b3d",261,"ec621",262,"45d46",263,"f9aae",264,"80fee",265,"18a4c",266,"f6d44",267,"6d707"]},"redirect":[282,"0",298,"0",301,"0",340,"0",341,"0",346,"0",353,"0",358,"1",359,"1",378,"0",381,"0",386,"0",395,"0",426,"1",440,"0",453,"0",464,"0",472,"0",483,"1",488,"1",499,"0",518,"1",529,"0",534,"0",535,"0",536,"0",547,"0",554,"1",561,"0",564,"0",567,"0",568,"0",575,"0",580,"0",585,"0",586,"1",590,"1",593,"0",596,"1",606,"0",615,"0",618,"0",621,"0",152,"0",634,"1",642,"0",651,"0",668,"0",678,"0",681,"0",682,"0",685,"1",695,"0",702,"0",705,"0",734,"0",748,"0",753,"0",756,"0",757,"0",760,"0",763,"0",779,"0",782,"0",787,"0",790,"0",793,"0",804,"0",805,"0",812,"1",815,"0",820,"0",831,"0",838,"0",839,"1",869,"0",872,"0",879,"1",884,"0",886,"1",897,"0"],"debug":false,"extensionMap":{".cconb":[152]},"hasPreloadScript":true,"dependencyRelationships":{},"types":["cc.SceneAsset","cc.Prefab"]}