{"skeleton":{"hash":"Bm4gGJaiuHW1nI0xTrqjmO1Hp4o","spine":"3.8.99","x":-640,"y":-360,"width":1280,"height":720,"images":"./images/","audio":""},"bones":[{"name":"root"},{"name":"buhua_zong","parent":"root"},{"name":"buhua_title","parent":"buhua_zong"},{"name":"bg","parent":"root"},{"name":"hua1","parent":"buhua_zong"},{"name":"buhua_title2","parent":"buhua_zong"},{"name":"hua2","parent":"buhua_zong"},{"name":"hua3","parent":"buhua_zong"},{"name":"hua4","parent":"buhua_zong"},{"name":"hua5","parent":"buhua_zong"},{"name":"hua6","parent":"buhua_zong"}],"slots":[{"name":"1程序麻将摆牌","bone":"bg"},{"name":"hua6","bone":"hua6"},{"name":"hua7","bone":"hua6"},{"name":"hua8","bone":"hua6"},{"name":"buhua_title","bone":"buhua_title"},{"name":"buhua_title2","bone":"buhua_title2","blend":"additive"},{"name":"hua1","bone":"hua1"},{"name":"hua2","bone":"hua2"},{"name":"hua3","bone":"hua3"},{"name":"hua4","bone":"hua4"},{"name":"hua5","bone":"hua5"}],"skins":[{"name":"default","attachments":{"buhua_title":{"buhua_title":{"y":0.5,"width":232,"height":125}},"buhua_title2":{"buhua_title":{"y":0.5,"width":232,"height":125}},"hua1":{"hua1":{"width":26,"height":24}},"hua2":{"hua2":{"x":0.5,"y":0.5,"width":21,"height":17}},"hua3":{"hua3":{"y":0.5,"width":18,"height":15}},"hua4":{"hua4":{"y":0.5,"width":18,"height":17}},"hua5":{"hua5":{"x":0.5,"y":0.5,"width":53,"height":55}},"hua6":{"hua6":{"width":86,"height":100}},"hua7":{"hua6":{"x":40.03,"y":15.01,"scaleX":0.6865,"scaleY":0.6865,"rotation":42.17,"width":86,"height":100}},"hua8":{"hua6":{"x":49.21,"y":-20.85,"scaleX":0.7948,"scaleY":0.7948,"rotation":2.14,"width":86,"height":100}}}}],"animations":{"buhua":{"slots":{"buhua_title":{"attachment":[{"name":"buhua_title"}]},"buhua_title2":{"color":[{"time":0.2667,"color":"ffffffff","curve":0.25,"c3":0.75},{"time":0.7333,"color":"ffffff00"}],"attachment":[{"time":0.1667,"name":"buhua_title"}]},"hua1":{"color":[{"color":"ffffff00","curve":0.25,"c3":0.75},{"time":0.4,"color":"ffffffff","curve":"stepped"},{"time":0.8,"color":"ffffffff","curve":0.25,"c3":0.75},{"time":1.1333,"color":"ffffff00"}],"attachment":[{"name":"hua1"}]},"hua2":{"color":[{"color":"ffffff00","curve":0.25,"c3":0.75},{"time":0.2333,"color":"ffffffff","curve":"stepped"},{"time":0.6,"color":"ffffffff","curve":0.25,"c3":0.75},{"time":0.9333,"color":"ffffff00"}],"attachment":[{"name":"hua2"}]},"hua3":{"color":[{"color":"ffffff00","curve":0.25,"c3":0.75},{"time":0.3333,"color":"ffffffff","curve":"stepped"},{"time":0.5333,"color":"ffffffff","curve":0.25,"c3":0.75},{"time":0.8,"color":"ffffff00"}],"attachment":[{"name":"hua3"}]},"hua4":{"color":[{"color":"ffffff05","curve":0.25,"c3":0.75},{"time":0.3667,"color":"ffffffff","curve":"stepped"},{"time":0.8667,"color":"ffffffff","curve":0.25,"c3":0.75},{"time":1,"color":"ffffff00"}],"attachment":[{"name":"hua4"}]},"hua5":{"color":[{"color":"ffffff00","curve":0.25,"c3":0.75},{"time":0.3333,"color":"ffffffff","curve":"stepped"},{"time":0.5333,"color":"ffffffff","curve":0.25,"c3":0.75},{"time":0.7,"color":"ffffff00"}],"attachment":[{"name":"hua5"}]},"hua6":{"attachment":[{"time":0.0667,"name":"hua6"}]},"hua7":{"attachment":[{"time":0.0667,"name":"hua6"}]},"hua8":{"attachment":[{"time":0.0667,"name":"hua6"}]}},"bones":{"buhua_title":{"translate":[{"x":-245,"curve":0.25,"c3":0.75},{"time":0.1333}]},"buhua_title2":{"scale":[{"time":0.1333,"curve":0.25,"c3":0.75},{"time":0.2667,"x":3.088,"y":3.088,"curve":0.25,"c3":0.75},{"time":0.3333}]},"hua1":{"rotate":[{"curve":0.25,"c3":0.75},{"time":1,"angle":-90}],"translate":[{"curve":0.25,"c3":0.75},{"time":1,"x":-73,"y":-103}]},"hua2":{"rotate":[{"curve":0.25,"c3":0.75},{"time":0.8,"angle":-90}],"translate":[{"x":-98,"y":159,"curve":0.25,"c3":0.75},{"time":0.8,"x":-59,"y":74}]},"hua3":{"translate":[{"x":-129,"y":80,"curve":0.25,"c3":0.75},{"time":0.2,"x":-142,"y":54,"curve":0.25,"c3":0.75},{"time":0.6667,"x":-103,"y":12}]},"hua4":{"translate":[{"x":-8,"y":82,"curve":0.25,"c3":0.75},{"time":0.3,"x":2,"y":44,"curve":0.25,"c3":0.75},{"time":1,"x":-41,"y":-67}]},"hua5":{"rotate":[{"curve":0.25,"c3":0.75},{"time":0.3333,"angle":90,"curve":0.25,"c3":0.75},{"time":0.7,"angle":180}],"translate":[{"x":148,"y":74,"curve":0.25,"c3":0.75},{"time":0.2,"x":126,"y":51,"curve":0.25,"c3":0.75},{"time":0.7,"x":54,"y":-69}]},"hua6":{"translate":[{"x":-119.26},{"time":0.2667,"x":-20.85}]}}}}}