[1,["det4+VA+pNnILw2KBto15G@f9941","20g1ukYUVPvKWKBRznAKo+@f9941","54TknWPwVPqJqeCR+Y/Czo@f9941","95EkngnxZFbYuFpsqVTaFr@f9941","10xnJmL5FMVIOvso5/drZW@f9941","55+jZHA31BwKl+ljQ2ggxe@f9941","89Wqux7l9M/7PokgavQWTl@f9941","10xnJmL5FMVIOvso5/drZW@6c48a","7dj5uJT9FMn6OrOOx83tfK@f9941","f7J1uPEMlH45fJNvZJpprm@f9941","adV/Mog+dHSrJq3SZ078NP@f9941","e7vlsR7oVOBo300IniKsoZ@f9941","81GHAJmdxJhbiPHUO367vz@f9941","bbgIVwVo5DXovhg8Im3u8r@f9941","bbgIVwVo5DXovhg8Im3u8r@6c48a"],["node","_spriteFrame","_parent","_target","_normalSprite","_hoverSprite","_pressedSprite","_disabledSprite","_textureSource","root","flyRoundTipNode","flyingCardRoundLabel","roundToggle","setRoundLabel","setRoundPanel","flyCardInfoNode","data"],[["cc.Node",["_name","_layer","_active","_objFlags","_components","_prefab","_parent","_children","_lpos"],-1,9,4,1,2,5],["cc.Sprite",["_sizeMode","_type","node","__prefab","_spriteFrame","_color"],1,1,4,6,5],["cc.Node",["_name","_layer","_active","_objFlags","_parent","_components","_prefab","_children","_lpos"],-1,1,12,4,2,5],["cc.Label",["_string","_actualFontSize","_fontSize","_lineHeight","_overflow","_enableWrapText","_isBold","node","__prefab"],-4,1,4],["cc.UITransform",["node","__prefab","_contentSize","_anchorPoint"],3,1,4,5,5],["cc.Button",["_transition","node","__prefab","clickEvents","_target","_normalSprite","_hoverSprite","_pressedSprite","_disabledSprite","_normalColor"],2,1,4,9,1,6,6,6,6,5],"cc.SpriteFrame",["cc.ClickEvent",["_componentId","handler","customEventData","target"],0,1],["cc.Prefab",["_name"],2],["cc.CompPrefabInfo",["fileId"],2],["2797eIOdUlJ54UxIpQ6HnC7",["node","__prefab","flyCardInfoNode","setRoundPanel","setRoundLabel","roundToggle","flyingCardRoundLabel","flyRoundTipNode"],3,1,4,1,1,1,1,1,1],["cc.PrefabInfo",["fileId","instance","targetOverrides","nestedPrefabInstanceRoots","root","asset"],-1,1,1],["cc.Layout",["_resizeMode","_layoutType","_paddingTop","_paddingBottom","node","__prefab"],-1,1,4],["cc.Widget",["_alignFlags","node","__prefab"],2,1,4],["cc.ScrollView",["bounceDuration","brake","horizontal","node","__prefab","_content"],0,1,4,1],["cc.Mask",["node","__prefab"],3,1,4],["cc.Graphics",["node","__prefab","_fillColor"],3,1,4,5],["cc.BlockInputEvents",["node","__prefab"],3,1,4],["cc.Toggle",["_isChecked","node","__prefab","_normalColor","_target","_checkMark"],2,1,4,5,1,1]],[[9,0,2],[11,0,1,2,3,4,5,5],[4,0,1,2,1],[0,0,1,6,4,5,8,3],[0,0,1,6,7,4,5,8,3],[1,0,2,3,4,2],[13,0,1,2,2],[3,0,1,2,3,7,8,5],[5,0,1,2,3,2],[7,0,1,2,3,4],[0,0,1,7,4,5,8,3],[1,1,0,2,3,4,3],[1,2,3,4,1],[7,0,1,3,3],[3,0,1,2,4,5,7,8,6],[3,0,1,2,7,8,4],[0,0,1,7,4,5,3],[0,0,1,6,7,4,5,3],[0,0,1,6,4,5,3],[0,0,3,1,6,4,5,4],[4,0,1,1],[1,1,2,3,5,4,2],[5,0,1,2,3,9,4,5,6,7,8,2],[8,0,2],[0,0,2,1,6,7,4,5,4],[0,0,2,1,6,7,4,5,8,4],[2,0,1,4,7,5,6,8,3],[2,0,2,1,4,7,5,6,4],[2,0,2,1,4,5,6,8,4],[2,0,3,1,4,5,6,4],[4,0,1,2,3,1],[10,0,1,2,3,4,5,6,7,1],[1,1,0,2,3,3],[1,0,2,3,5,4,2],[1,0,2,3,2],[12,0,1,2,3,4,5,5],[5,0,1,2,3,4,5,6,7,8,2],[14,0,1,2,3,4,5,4],[15,0,1,1],[16,0,1,2,1],[3,0,1,2,6,7,8,5],[17,0,1,1],[18,0,1,2,3,4,5,2]],[[[{"name":"btn_flying","rect":{"x":0,"y":0,"width":66,"height":40},"offset":{"x":0,"y":0},"originalSize":{"width":66,"height":40},"rotated":false,"capInsets":[0,0,0,0],"vertices":{"rawPosition":[-33,-20,0,33,-20,0,-33,20,0,33,20,0],"indexes":[0,1,2,2,1,3],"uv":[0,40,66,40,0,0,66,0],"nuv":[0,0,1,0,0,1,1,1],"minPos":{"x":-33,"y":-20,"z":0},"maxPos":{"x":33,"y":20,"z":0}},"packable":true,"pixelsToUnit":100,"pivot":{"x":0.5,"y":0.5},"meshType":0}],[6],0,[0],[8],[7]],[[[23,"flyingCardsViewPC"],[16,"flyingCardsViewPC",33554432,[-10,-11,-12],[[2,-2,[0,"d3S6podzhJDaRds8QqSyx3"],[5,1920,1080]],[31,-9,[0,"ffIdWhUfNJGYCTkx730yTF"],-8,-7,-6,-5,-4,-3]],[1,"1dAnFlFN9KIbX8TUVUXM71",null,null,null,-1,0]],[10,"endSelectNode",33554432,[-17,-18,-19,-20,-21,-22,-23,-24,-25,-26],[[30,-13,[0,"2bp3HvYAhAtb1UfKYmRFkW"],[5,240,261.99999999999994],[0,0.5,1]],[11,1,0,-14,[0,"41ZDX4vXZKV5NsoliUXbkZ"],27],[35,1,2,5,5,-15,[0,"34gwzihDVGs7JoMO5AknuL"]],[6,1,-16,[0,"60f5DcjTxNvqRL/degY0yx"]]],[1,"11HIm7665Hup0iDkDBy2Wc",null,null,null,1,0],[1,0,92.5,0]],[16,"pop_bg",33554432,[-29,-30,-31,-32,-33,-34],[[2,-27,[0,"7dRSqTb8dEjaUiF7ngQXgl"],[5,639.8,371]],[5,0,-28,[0,"385SzS6CNBToH6DhZkQLCX"],30]],[1,"05TW8KeTNO6a0qDbpXaVEG",null,null,null,1,0]],[26,"selectRoundToggle",33554432,3,[-38,-39,-40],[[[2,-35,[0,"f2AEY7g3BE1pRS3TMkx3zg"],[5,240,40]],[11,1,0,-36,[0,"eacpBnrBNBpKHmYcY7pe0D"],29],-37],4,4,1],[1,"50bI7wzOxGrLmylvag07qs",null,null,null,1,0],[1,70.904,29.608,0]],[4,"sureButton",33554432,3,[-45,-46],[[2,-41,[0,"174S74vllMEbmxFUiYwsU0"],[5,240,60]],[21,1,-42,[0,"71tKP3yZlGAJ3zCZxFZnAY"],[4,4292269782],12],[22,1,-44,[0,"7dhmCcs7FIK4ZP7N7hDE5Z"],[[13,"2797eIOdUlJ54UxIpQ6HnC7","sureBtnClicked",1]],[4,4292269782],-43,13,14,15,16]],[1,"2dHuRW5o1JDaSh+CAaZ5FK",null,null,null,1,0],[1,0,-140.749,0]],[10,"setRoundButton",33554432,[-51],[[2,-47,[0,"be0S5zhWRDGJU0qUlUNpuy"],[5,100,40]],[11,1,0,-48,[0,"4abgFYQgFJ3IZKV5S6eBSD"],0],[36,1,-50,[0,"c5+1R2LRJH4LpT/YlXyVn6"],[[13,"2797eIOdUlJ54UxIpQ6HnC7","sureBtnClicked",1]],-49,1,2,3,4]],[1,"eaD8idNixNvI17jLiUxL/y",null,null,null,1,0],[1,-900.845,452.168,0]],[17,"flyCardInfoNode",33554432,1,[6,-53],[[20,-52,[0,"f2PTm5Ba1O1YHiTHmPA/4r"]]],[1,"2dhzn51F5DRLgxwDa1ZHiB",null,null,null,1,0]],[24,"setRoundPanel",false,33554432,1,[-55,3],[[20,-54,[0,"0cH91vnXxFRqFijEeL/fim"]]],[1,"23KqE5W6xFgYwep3yQaF0J",null,null,null,1,0]],[3,"closeButton",33554432,3,[[2,-56,[0,"16kOLT57FBPoqPw1KU3ssc"],[5,26,26]],[21,1,-57,[0,"a4PqsVyNdAyKBAAZ/1GTEu"],[4,4292269782],6],[22,1,-59,[0,"c3Cu3AWlNBV6NIZ6YpZwjU"],[[13,"2797eIOdUlJ54UxIpQ6HnC7","hide",1]],[4,4292269782],-58,7,8,9,10]],[1,"74KcqoBxVPmbUWbDIAbi3A",null,null,null,1,0],[1,291.3,158.44,0]],[10,"ScrollView",33554432,[-63],[[2,-60,[0,"ebCRPUF6ZPOLdXFFADfUNQ"],[5,240,185]],[32,1,0,-61,[0,"fbjUrE79tHNaw55tm41M6P"]],[37,0.23,0.75,false,-62,[0,"b5bKUKFK5M74Zx/6toeeRh"],2]],[1,"095i1I6vNBi7lndhRSKk9u",null,null,null,1,0],[1,0,-112.48000000000002,0]],[17,"view",33554432,10,[2],[[2,-64,[0,"87q1rOSQRDE4rZFvH8+eaL"],[5,240,185]],[38,-65,[0,"f0ozBhkrhEs68rn7o6AtLD"]],[39,-66,[0,"72l1wLe75P9JbRpiuVNHRP"],[4,16777215]]],[1,"b4aOx7wHpBHoMKuRs32pX4",null,null,null,1,0]],[4,"roundLabel1",33554432,2,[-70],[[2,-67,[0,"26UWgKwhFNaJfU0Y2arBnw"],[5,11.123046875,25.2]],[7,"1",20,20,20,-68,[0,"01bFTK/OtCKZCD24RriZyv"]],[8,1,-69,[0,"33/Za5pIBKP4DvL9TqoFfw"],[[9,"2797eIOdUlJ54UxIpQ6HnC7","roundSelectedClicked","0",1]]]],[1,"6fnN519eVEsYXM6zMBhOBm",null,null,null,1,0],[1,0,-17.6,0]],[4,"roundLabel2",33554432,2,[-74],[[2,-71,[0,"93Jc4PskFHnK4EjQ/84Klw"],[5,11.123046875,25.2]],[7,"2",20,20,20,-72,[0,"12Fy/sUPtO8prxWku5o2kk"]],[8,1,-73,[0,"f6eRCEW/lGKo1h+/A4I7Xp"],[[9,"2797eIOdUlJ54UxIpQ6HnC7","roundSelectedClicked","1",1]]]],[1,"0cUFQ6XMlIobCNmD8czxLx",null,null,null,1,0],[1,0,-42.800000000000004,0]],[4,"roundLabel3",33554432,2,[-78],[[2,-75,[0,"f7tpcoSBRBl7ELvT2WUYz1"],[5,11.123046875,25.2]],[7,"3",20,20,20,-76,[0,"dcKq9wgP5Fqb+r968UZ3UT"]],[8,1,-77,[0,"e2QR3eg+tH562B7nEH8TJ+"],[[9,"2797eIOdUlJ54UxIpQ6HnC7","roundSelectedClicked","2",1]]]],[1,"25B4g7HilLm4eZEWnpDPhQ",null,null,null,1,0],[1,0,-68,0]],[4,"roundLabel4",33554432,2,[-82],[[2,-79,[0,"13Ls3NP3BJLYnLfvSX77dj"],[5,11.123046875,25.2]],[7,"4",20,20,20,-80,[0,"cdqp9fN1VDU63LIGTCmDYt"]],[8,1,-81,[0,"500uij+aVIWKMzn8mfXgJ7"],[[9,"2797eIOdUlJ54UxIpQ6HnC7","roundSelectedClicked","3",1]]]],[1,"64WTEJCXVM5K0DHx9A8Al7",null,null,null,1,0],[1,0,-93.19999999999999,0]],[4,"roundLabel5",33554432,2,[-86],[[2,-83,[0,"94sUIbHelCVJSOuukpM79Y"],[5,11.123046875,25.2]],[7,"5",20,20,20,-84,[0,"20zKJRRKxDF4zvMfj6c175"]],[8,1,-85,[0,"17noODjKZHOpEF6T9gAuUD"],[[9,"2797eIOdUlJ54UxIpQ6HnC7","roundSelectedClicked","4",1]]]],[1,"30wGSBVZxBMZyR3CZ7Bweg",null,null,null,1,0],[1,0,-118.39999999999998,0]],[4,"roundLabel6",33554432,2,[-90],[[2,-87,[0,"0aesI8uX1AZKKAe3OGZ14R"],[5,11.123046875,25.2]],[7,"6",20,20,20,-88,[0,"a5UgsyqOdGRYcwl2YxO8X5"]],[8,1,-89,[0,"ecbFJ488tI2L9GRal3GlxS"],[[9,"2797eIOdUlJ54UxIpQ6HnC7","roundSelectedClicked","5",1]]]],[1,"6byJSJyYFNMqA2WV4aSFjZ",null,null,null,1,0],[1,0,-143.59999999999997,0]],[4,"roundLabel7",33554432,2,[-94],[[2,-91,[0,"55lIogbZNF2qgX9wtuqf5q"],[5,11.123046875,25.2]],[7,"7",20,20,20,-92,[0,"a8X38PQ+BORq3BFrolqGQ7"]],[8,1,-93,[0,"689w8ryBRPLYiSuOJq4aFz"],[[9,"2797eIOdUlJ54UxIpQ6HnC7","roundSelectedClicked","6",1]]]],[1,"72A4KhbktJfp+H8uM30tgC",null,null,null,1,0],[1,0,-168.79999999999995,0]],[4,"roundLabel8",33554432,2,[-98],[[2,-95,[0,"1ath3412xDaaWJ+jIZB0eF"],[5,11.123046875,25.2]],[7,"8",20,20,20,-96,[0,"1e865ABn9JVb8U2q8mht+6"]],[8,1,-97,[0,"4eSzo2V7FKh7B7j9/rx+YE"],[[9,"2797eIOdUlJ54UxIpQ6HnC7","roundSelectedClicked","7",1]]]],[1,"67oFhNDlVJKY4kzT+jKVPy",null,null,null,1,0],[1,0,-193.99999999999994,0]],[4,"roundLabel9",33554432,2,[-102],[[2,-99,[0,"084uJn8nhFi7nzyxZy05S/"],[5,11.123046875,25.2]],[7,"9",20,20,20,-100,[0,"66NiUJCFVDHqAKwN2rZzvp"]],[8,1,-101,[0,"80L3tj8XFHuo5gmQH8DlFO"],[[9,"2797eIOdUlJ54UxIpQ6HnC7","roundSelectedClicked","8",1]]]],[1,"0aEsMt45xECor0BSJ823FY",null,null,null,1,0],[1,0,-219.19999999999993,0]],[4,"roundLabel10",33554432,2,[-106],[[2,-103,[0,"22FcKO8rtGr4rsSmePoGgP"],[5,22.24609375,25.2]],[7,"10",20,20,20,-104,[0,"9eT4PWL4xN+qNRuZYttmbp"]],[8,1,-105,[0,"2bt0BntV9NfrqRUf2twjhh"],[[9,"2797eIOdUlJ54UxIpQ6HnC7","roundSelectedClicked","9",1]]]],[1,"14EEvNP9tGEYhOrQTB2uLv",null,null,null,1,0],[1,0,-244.39999999999992,0]],[25,"flopRoundTip",false,33554432,1,[-109],[[2,-107,[0,"3fU+gp8NdCN7mVhzsLfUGb"],[5,878,54]],[12,-108,[0,"5eIo40iKxNKIQvxg7nrc8y"],31]],[1,"99bsBUXGdHGZWon0pqJQXT",null,null,null,1,0],[1,0,104.156,0]],[18,"mask",33554432,8,[[2,-110,[0,"9cze3Kr6BE/5b6JTaMqlwI"],[5,720,1280]],[33,0,-111,[0,"266MYmQ6RL1ImQrjhb9J9g"],[4,2013265920],5],[41,-112,[0,"b0PLwSLl9CVbqFLxewp/ul"]]],[1,"58KTULPahH2qYt3/0eY8Ib",null,null,null,1,0]],[27,"Checkmark",false,33554432,4,[10],[[[2,-113,[0,"b41f+AdKRMQ4GFbrdGm8NK"],[5,240,40]],-114],4,1],[1,"6bGKehFGBAOZmI1CcQvLaz",null,null,null,1,0]],[3,"line",33554432,12,[[2,-115,[0,"7bZofq4aZOc4vlS1+A62FR"],[5,240,1]],[5,0,-116,[0,"3fcqhBLF5G8b+boN5M+bmy"],17],[6,4,-117,[0,"50HVTotEhGooh17MTwJy96"]]],[1,"d0J1Z6A5lE4oYh4YwWDgMF",null,null,null,1,0],[1,0,-12.1,0]],[3,"line",33554432,13,[[2,-118,[0,"e9Gg7tTOhKEoX+tl5w0Na9"],[5,240,1]],[5,0,-119,[0,"daVviomA1KlJZnk1wd/C8S"],18],[6,4,-120,[0,"55d8Ovm3dGW55Lur7AsNRv"]]],[1,"3bQveU0ThAir2b6YNmQxWm",null,null,null,1,0],[1,0,-12.1,0]],[3,"line",33554432,14,[[2,-121,[0,"a5NcsiWVtCNYQtoOclH7bY"],[5,240,1]],[5,0,-122,[0,"eaStO+XnFCSIEBah4IEobu"],19],[6,4,-123,[0,"acBNG3/mBLCbS9zdAqxggB"]]],[1,"7f3ZSfvTtHfY8krnp9Zicr",null,null,null,1,0],[1,0,-12.1,0]],[3,"line",33554432,15,[[2,-124,[0,"ebOYLTPiBCSq9zxWC1maNe"],[5,240,1]],[5,0,-125,[0,"a2f2Ya079M17II4xj6H4du"],20],[6,4,-126,[0,"b7yB+UoQZJtoyeVyVO9D/r"]]],[1,"638L7yhmxP8Y9quLeUjlIZ",null,null,null,1,0],[1,0,-12.1,0]],[3,"line",33554432,16,[[2,-127,[0,"c6ceM5U2dDoIS3hCob7a4z"],[5,240,1]],[5,0,-128,[0,"f0evuJRnRIlphvCwm5rxIW"],21],[6,4,-129,[0,"2b0DGBHTZLsb/2qLWBKO08"]]],[1,"e4vYow8+FC34GW6YRbrNoN",null,null,null,1,0],[1,0,-12.1,0]],[3,"line",33554432,17,[[2,-130,[0,"37jOxdwEJPK7UCm39Onppn"],[5,240,1]],[5,0,-131,[0,"c6SMIB6CNMTqdASs5DXW0e"],22],[6,4,-132,[0,"a1Dqv7XIlHWKzpv1r5vUkt"]]],[1,"68xwFCoY5Enrm1iR9D3ZnO",null,null,null,1,0],[1,0,-12.1,0]],[3,"line",33554432,18,[[2,-133,[0,"13GywNwg5BgINaGPCJWEiZ"],[5,240,1]],[5,0,-134,[0,"8drtRwysNCXre6o6Ad5oxH"],23],[6,4,-135,[0,"b9PHuHKXFB2KMg6DJ0hpTe"]]],[1,"fejl8WCOpCfJ5hOaobRfNK",null,null,null,1,0],[1,0,-12.1,0]],[3,"line",33554432,19,[[2,-136,[0,"d9hq7HstJJS6ESU9gYYWHh"],[5,240,1]],[5,0,-137,[0,"1ccNsoGKxNNI1GbOMyWwFM"],24],[6,4,-138,[0,"5cjEs8XNNNDrlg924edwUs"]]],[1,"0cB5S65q5JmLHhswly+zWo",null,null,null,1,0],[1,0,-12.1,0]],[3,"line",33554432,20,[[2,-139,[0,"61BlxAUM9FFoxwRWr8suCj"],[5,240,1]],[5,0,-140,[0,"f4v015VEVP6JskZq7whLjF"],25],[6,4,-141,[0,"c5Gqc02AlFU5HkcDKR0Q5Z"]]],[1,"af6U8TO0tMdqJv1TR3JcVZ",null,null,null,1,0],[1,0,-12.1,0]],[3,"line",33554432,21,[[2,-142,[0,"d3Ed7F9XRFhYcI6evgCIEw"],[5,240,1]],[5,0,-143,[0,"63FuGP4A9BtLfBfCZS06nm"],26],[6,4,-144,[0,"88PiU1A5ZLrLMVge+G5/ko"]]],[1,"d3QWjxEH1GIJFNokLOufaS",null,null,null,1,0],[1,0,-12.1,0]],[19,"Label",512,33554432,6,[[2,-145,[0,"62Y3JqemFNbLUG/+AHDq3W"],[5,100,40]],[14,"飛牌",20,20,1,false,-146,[0,"e1RbcEWsBDTZlDf7q9Hge0"]]],[1,"63a6yQZShNn4vwz/BsFJRX",null,null,null,1,0]],[28,"roundInfoLabel",false,33554432,7,[[[2,-147,[0,"4bu6PaoCBO0btriirHEpUM"],[5,87.802734375,37.8]],-148],4,1],[1,"efminEJf9MJrOLIFSEN0ub",null,null,null,1,0],[1,-271.189,443.226,0]],[3,"title",33554432,3,[[2,-149,[0,"7bQnyxLl5DQbyJ9ABY8mIN"],[5,60,50.4]],[40,"飛牌",30,30,true,-150,[0,"93hhxudHBAi4fAFthcQ3jk"]]],[1,"34Un3w/gJLK6ZnmRwXr3Xh",null,null,null,1,0],[1,0,156.386,0]],[3,"line",33554432,3,[[2,-151,[0,"dcT3P/+n9LKIDI8/8R/Cf+"],[5,640,1]],[12,-152,[0,"50qLnvh7RPqIbuiszZQf5g"],11]],[1,"8axtRyNH5OzpOjnXpvH858",null,null,null,1,0],[1,0,125.234,0]],[19,"Label",512,33554432,5,[[2,-153,[0,"61FqiDymFEMrxrNGnfI4k5"],[5,100,40]],[14,"確認",26,26,1,false,-154,[0,"6eeK0awAdCVJimBzEFgN1/"]]],[1,"fdIbpW655NgJ8KhktNSWnf",null,null,null,1,0]],[3,"tipLabel",33554432,5,[[2,-155,[0,"59CU1mc6JIIY0hZ+mTh74O"],[5,240,50.4]],[15,"飛牌過程中不可下注，瞇牌",20,20,-156,[0,"26v7uO8aJPhIvPeU+I8uS5"]]],[1,"f4qzkl9pZJap1C03BkNm0v",null,null,null,1,0],[1,0,64.779,0]],[3,"Label",33554432,3,[[2,-157,[0,"49rF+jCNVHEYrx4eswf2ZS"],[5,80,50.4]],[15,"飛牌局數",20,20,-158,[0,"d5fZmtZYVKpb9pcGVzJ8rG"]]],[1,"60dUxTB2BJZbSHjQaF+iP0",null,null,null,1,0],[1,-100.422,32.079,0]],[29,"selectLabel",512,33554432,4,[[[2,-159,[0,"dc+MCotcRHAoZaD2KhNnFN"],[5,240,40]],-160],4,1],[1,"35tNB5rmhCd6b9LDNy9Lki",null,null,null,1,0]],[3,"arrow_5",33554432,4,[[2,-161,[0,"a5riTtROtCK6fzjBEdvH7o"],[5,16,10]],[12,-162,[0,"60CYp5/P1NGIK/WAkizDze"],28]],[1,"f9f1XdeMJAh4IZ7r/RWmIA",null,null,null,1,0],[1,104.91,0.714,0]],[18,"Label",33554432,22,[[2,-163,[0,"01cXnA7S1F8p8w8DrGWmU6"],[5,90,50.4]],[15,"飛牌中",30,30,-164,[0,"c0o4tL+QhDvq3zWZQl6jCt"]]],[1,"ccwfCNvKxOhY6mM10cl96z",null,null,null,1,0]],[7,"飛牌：0/5",20,20,30,36,[0,"2boR1WWrFK9J12FL4aWAui"]],[34,0,24,[0,"f7Ezm+tYxN/57xqO0eyUNl"]],[14,"1",20,20,1,false,42,[0,"b3pMZO5CtIcJMvOBgNfnni"]],[42,false,4,[0,"96P+RgNKNGI6Na8Fgfu9mu"],[4,4292269782],4,46]],0,[0,9,1,0,0,1,0,10,22,0,11,45,0,12,48,0,13,47,0,14,8,0,15,7,0,0,1,0,-1,7,0,-2,8,0,-3,22,0,0,2,0,0,2,0,0,2,0,0,2,0,-1,12,0,-2,13,0,-3,14,0,-4,15,0,-5,16,0,-6,17,0,-7,18,0,-8,19,0,-9,20,0,-10,21,0,0,3,0,0,3,0,-1,9,0,-2,37,0,-3,38,0,-4,5,0,-5,41,0,-6,4,0,0,4,0,0,4,0,-3,48,0,-1,24,0,-2,42,0,-3,43,0,0,5,0,0,5,0,3,5,0,0,5,0,-1,39,0,-2,40,0,0,6,0,0,6,0,3,6,0,0,6,0,-1,35,0,0,7,0,-2,36,0,0,8,0,-1,23,0,0,9,0,0,9,0,3,9,0,0,9,0,0,10,0,0,10,0,0,10,0,-1,11,0,0,11,0,0,11,0,0,11,0,0,12,0,0,12,0,0,12,0,-1,25,0,0,13,0,0,13,0,0,13,0,-1,26,0,0,14,0,0,14,0,0,14,0,-1,27,0,0,15,0,0,15,0,0,15,0,-1,28,0,0,16,0,0,16,0,0,16,0,-1,29,0,0,17,0,0,17,0,0,17,0,-1,30,0,0,18,0,0,18,0,0,18,0,-1,31,0,0,19,0,0,19,0,0,19,0,-1,32,0,0,20,0,0,20,0,0,20,0,-1,33,0,0,21,0,0,21,0,0,21,0,-1,34,0,0,22,0,0,22,0,-1,44,0,0,23,0,0,23,0,0,23,0,0,24,0,-2,46,0,0,25,0,0,25,0,0,25,0,0,26,0,0,26,0,0,26,0,0,27,0,0,27,0,0,27,0,0,28,0,0,28,0,0,28,0,0,29,0,0,29,0,0,29,0,0,30,0,0,30,0,0,30,0,0,31,0,0,31,0,0,31,0,0,32,0,0,32,0,0,32,0,0,33,0,0,33,0,0,33,0,0,34,0,0,34,0,0,34,0,0,35,0,0,35,0,0,36,0,-2,45,0,0,37,0,0,37,0,0,38,0,0,38,0,0,39,0,0,39,0,0,40,0,0,40,0,0,41,0,0,41,0,0,42,0,-2,47,0,0,43,0,0,43,0,0,44,0,0,44,0,16,1,2,2,11,3,2,8,6,2,7,10,2,24,164],[0,0,0,0,0,0,0,0,0,0,0,0,0,0,0,0,0,0,0,0,0,0,0,0,0,0,0,0,0,0,0,0],[1,4,5,6,7,1,1,4,5,6,7,1,1,4,5,6,7,1,1,1,1,1,1,1,1,1,1,1,1,1,1,1],[4,4,1,2,3,8,5,5,1,2,3,0,6,6,1,2,3,0,0,0,0,0,0,0,0,0,0,9,10,11,12,13]],[[{"name":"label_freehand","rect":{"x":1,"y":0,"width":878,"height":54},"offset":{"x":0,"y":0},"originalSize":{"width":880,"height":54},"rotated":false,"capInsets":[0,0,0,0],"vertices":{"rawPosition":[-439,-27,0,439,-27,0,-439,27,0,439,27,0],"indexes":[0,1,2,2,1,3],"uv":[1,54,879,54,1,0,879,0],"nuv":[0.0011363636363636363,0,0.9988636363636364,0,0.0011363636363636363,1,0.9988636363636364,1],"minPos":{"x":-439,"y":-27,"z":0},"maxPos":{"x":439,"y":27,"z":0}},"packable":true,"pixelsToUnit":100,"pivot":{"x":0.5,"y":0.5},"meshType":0}],[6],0,[0],[8],[14]]]]
