[1,["c86khmftFDIaKlPZCIFopL"],0,[["sp.SkeletonData",["_name","_atlasText","textureNames","_skeletonJson","textures"],-1,3]],[[0,0,1,2,3,4,5]],[[0,"hd_zhadan","\nhd_zhadan.png\nsize: 2048,512\nformat: RGBA8888\nfilter: Linear,Linear\nrepeat: none\nbaozha01\n  rotate: true\n  xy: 1028, 29\n  size: 153, 152\n  orig: 192, 193\n  offset: 19, 21\n  index: -1\nbaozha02\n  rotate: false\n  xy: 866, 10\n  size: 160, 161\n  orig: 192, 193\n  offset: 15, 16\n  index: -1\nbaozha03\n  rotate: true\n  xy: 717, 173\n  size: 166, 165\n  orig: 192, 193\n  offset: 13, 15\n  index: -1\nbaozha04\n  rotate: false\n  xy: 2, 126\n  size: 180, 180\n  orig: 192, 193\n  offset: 6, 8\n  index: -1\nbaozha05\n  rotate: false\n  xy: 183, 327\n  size: 180, 180\n  orig: 192, 193\n  offset: 6, 8\n  index: -1\nbaozha06\n  rotate: false\n  xy: 184, 128\n  size: 180, 180\n  orig: 192, 193\n  offset: 6, 8\n  index: -1\nbaozha07\n  rotate: false\n  xy: 365, 329\n  size: 178, 178\n  orig: 192, 193\n  offset: 7, 9\n  index: -1\nbaozha08\n  rotate: false\n  xy: 366, 152\n  size: 174, 175\n  orig: 192, 193\n  offset: 9, 10\n  index: -1\nbaozha09\n  rotate: false\n  xy: 542, 154\n  size: 173, 173\n  orig: 192, 193\n  offset: 9, 11\n  index: -1\nbaozha10\n  rotate: true\n  xy: 545, 337\n  size: 170, 169\n  orig: 192, 193\n  offset: 11, 13\n  index: -1\nbaozha11\n  rotate: false\n  xy: 716, 341\n  size: 166, 166\n  orig: 192, 193\n  offset: 13, 14\n  index: -1\nbaozha12\n  rotate: false\n  xy: 884, 345\n  size: 154, 162\n  orig: 192, 193\n  offset: 19, 13\n  index: -1\nbaozha13\n  rotate: false\n  xy: 884, 184\n  size: 147, 159\n  orig: 192, 193\n  offset: 24, 13\n  index: -1\nbaozha14\n  rotate: true\n  xy: 704, 4\n  size: 148, 160\n  orig: 192, 193\n  offset: 24, 12\n  index: -1\nbaozha15\n  rotate: true\n  xy: 541, 2\n  size: 148, 161\n  orig: 192, 193\n  offset: 24, 12\n  index: -1\nbaozha16\n  rotate: false\n  xy: 1033, 184\n  size: 146, 159\n  orig: 192, 193\n  offset: 26, 12\n  index: -1\nbing1\n  rotate: false\n  xy: 1181, 254\n  size: 72, 131\n  orig: 72, 131\n  offset: 0, 0\n  index: -1\nboom_06\n  rotate: false\n  xy: 2, 3\n  size: 139, 121\n  orig: 146, 124\n  offset: 6, 1\n  index: -1\nboom_07\n  rotate: true\n  xy: 435, 128\n  size: 22, 24\n  orig: 22, 24\n  offset: 0, 0\n  index: -1\nboom_09\n  rotate: false\n  xy: 366, 130\n  size: 33, 20\n  orig: 38, 20\n  offset: 5, 0\n  index: -1\nboom_10\n  rotate: false\n  xy: 1234, 201\n  size: 47, 51\n  orig: 54, 54\n  offset: 3, 2\n  index: -1\nci\n  rotate: true\n  xy: 1181, 185\n  size: 67, 51\n  orig: 70, 67\n  offset: 0, 0\n  index: -1\nding1\n  rotate: false\n  xy: 401, 131\n  size: 32, 19\n  orig: 34, 65\n  offset: 1, 2\n  index: -1\nding2\n  rotate: false\n  xy: 183, 310\n  size: 34, 15\n  orig: 34, 62\n  offset: 0, 4\n  index: -1\nding3\n  rotate: false\n  xy: 1028, 3\n  size: 34, 24\n  orig: 34, 62\n  offset: 0, 1\n  index: -1\nkulou\n  rotate: false\n  xy: 1182, 30\n  size: 41, 55\n  orig: 41, 55\n  offset: 0, 0\n  index: -1\nlei1\n  rotate: true\n  xy: 1182, 87\n  size: 96, 95\n  orig: 96, 95\n  offset: 0, 0\n  index: -1\nlight0267\n  rotate: false\n  xy: 1040, 379\n  size: 128, 128\n  orig: 128, 128\n  offset: 0, 0\n  index: -1\nw_no1\n  rotate: true\n  xy: 1170, 387\n  size: 120, 91\n  orig: 122, 95\n  offset: 1, 2\n  index: -1\nw_no2\n  rotate: true\n  xy: 245, 7\n  size: 119, 98\n  orig: 121, 100\n  offset: 1, 1\n  index: -1\nw_no3\n  rotate: true\n  xy: 442, 8\n  size: 118, 97\n  orig: 120, 105\n  offset: 1, 4\n  index: -1\nw_no4\n  rotate: true\n  xy: 345, 5\n  size: 121, 95\n  orig: 123, 98\n  offset: 1, 1\n  index: -1\nw_no5\n  rotate: true\n  xy: 143, 3\n  size: 121, 100\n  orig: 123, 107\n  offset: 1, 1\n  index: -1\nyanxun\n  rotate: false\n  xy: 2, 308\n  size: 179, 199\n  orig: 215, 216\n  offset: 15, 0\n  index: -1\n",["hd_zhadan.png"],{"skeleton":{"hash":"S1V7kNJYgiNHnZgUN6cjf5Cxxl0","spine":"3.8.99","x":-27,"y":-27,"width":54,"height":54,"images":"./image/","audio":"D:/work/工作/互动表情/animation/hd_shoulei01"},"bones":[{"name":"root"},{"name":"1","parent":"root","x":-360.51,"y":-277.36},{"name":"all","parent":"root"},{"name":"baozha","parent":"root"},{"name":"baodian","parent":"baozha","x":-2.72,"y":-4.89},{"name":"shoulei","parent":"all"},{"name":"bing1","parent":"shoulei","length":40.69,"rotation":90.81,"x":-5.75,"y":14.14},{"name":"ci2","parent":"all","length":57.26,"rotation":63.21,"x":24.92,"y":19.59},{"name":"tiaozheng","parent":"shoulei"},{"name":"lei1","parent":"tiaozheng","x":-8.99,"y":-28.36},{"name":"ding2","parent":"lei1","length":25.35,"rotation":90,"x":3.55,"y":48.82},{"name":"kulou","parent":"lei1","x":1.61,"y":3.19},{"name":"xuanzhuan_zong","parent":"tiaozheng"},{"name":"xuanzhuan","parent":"xuanzhuan_zong"},{"name":"xuanzhuan2","parent":"xuanzhuan_zong"},{"name":"xuanzhuan3","parent":"xuanzhuan_zong"},{"name":"xuanzhuan4","parent":"xuanzhuan_zong"},{"name":"yanxun1","parent":"root"},{"name":"yanxun","parent":"yanxun1","scaleX":0.8,"scaleY":0.8},{"name":"yanxun2","parent":"lei1","x":8.99,"y":28.36},{"name":"yanxun3","parent":"yanxun2","scaleX":0.8,"scaleY":0.8},{"name":"huoxian","parent":"root","x":0.1,"y":0.49},{"name":"huoxing","parent":"root","x":0.1,"y":0.49},{"name":"yanjing","parent":"root","x":-1.24,"y":0.47},{"name":"yanjing2","parent":"root","x":-1.24,"y":0.47}],"slots":[{"name":"zz","bone":"1"},{"name":"yanxun","bone":"yanxun"},{"name":"yanxun2","bone":"yanxun3"},{"name":"boom_06","bone":"root"},{"name":"boom_07","bone":"yanjing","attachment":"boom_07"},{"name":"boom_7","bone":"yanjing2","attachment":"boom_07"},{"name":"lei1","bone":"lei1"},{"name":"bing1","bone":"bing1"},{"name":"ding2","bone":"ding2"},{"name":"kulou","bone":"kulou"},{"name":"w_no1","bone":"xuanzhuan"},{"name":"w_no2","bone":"xuanzhuan2"},{"name":"w_no4","bone":"xuanzhuan4"},{"name":"w_no3","bone":"xuanzhuan3"},{"name":"baozha01","bone":"baozha"},{"name":"light0267","bone":"baodian","color":"fff19cff","blend":"additive"},{"name":"ci","bone":"ci2","blend":"additive"},{"name":"boom_09","bone":"huoxian","attachment":"boom_09"},{"name":"boom_10","bone":"huoxing","attachment":"boom_10"}],"skins":[{"name":"default","attachments":{"baozha01":{"baozha01":{"width":192,"height":193},"baozha02":{"width":192,"height":193},"baozha03":{"width":192,"height":193},"baozha04":{"width":192,"height":193},"baozha05":{"width":192,"height":193},"baozha06":{"width":192,"height":193},"baozha07":{"width":192,"height":193},"baozha08":{"width":192,"height":193},"baozha09":{"width":192,"height":193},"baozha10":{"width":192,"height":193},"baozha11":{"width":192,"height":193},"baozha12":{"width":192,"height":193},"baozha13":{"width":192,"height":193},"baozha14":{"width":192,"height":193},"baozha15":{"width":192,"height":193},"baozha16":{"width":192,"height":193}},"bing1":{"bing1":{"type":"mesh","hull":12,"width":72,"height":131,"uvs":[1,0.56197,1,1,0.86674,1,0,1,0,0.45468,0,0.09492,0,0,0.11639,0,0.17587,0,0.53795,0,0.61178,0,1,0,0.10975,0.45632,0.54127,0.45632,0.53971,0.24187,0.8729,0.57811,0.17807,0.45632,0.11426,0.14623,0.11661,0.09492,0.03428,0.0429,0.1522,0.06454],"triangles":[19,6,7,20,7,8,18,7,20,19,7,18,5,6,19,18,5,19,17,5,18,14,9,10,4,5,17,12,4,17,16,20,8,16,8,14,20,16,17,17,18,20,14,8,9,12,17,16,13,14,15,16,14,13,10,0,14,10,11,0,0,15,14,3,4,12,2,13,15,3,16,13,3,12,16,13,2,3,15,0,1,2,15,1],"vertices":[-16.1,-49.54,-73.47,-48.74,-73.34,-39.14,-72.46,23.26,-1.03,22.25,46.1,21.59,58.53,21.41,58.41,13.03,58.35,8.75,57.98,-17.32,57.91,-22.63,57.52,-50.58,-1.35,14.35,-1.79,-16.71,26.3,-17,-18.08,-40.36,-1.42,9.43,39.26,13.46,45.98,13.19,52.87,19.02,49.92,10.57],"edges":[12,14,6,8,8,24,18,28,28,26,28,30,2,4,4,6,30,4,2,0,0,22,18,20,20,22,0,20,14,16,16,18,24,32,32,26,16,32,34,24,8,10,10,12,34,10]}},"boom_06":{"boom_06":{"width":146,"height":124}},"boom_07":{"boom_07":{"x":1.24,"y":-0.47,"width":22,"height":24}},"boom_7":{"boom_07":{"x":1.24,"y":-0.47,"width":22,"height":24}},"boom_09":{"boom_09":{"type":"mesh","hull":15,"width":38,"height":20,"uvs":[0.46973,0.04444,0.68502,0.04447,0.84454,0.22548,0.9719,0.55399,1,0.73204,1,0.85565,0.82622,0.8558,0.66456,0.35676,0.51375,0.35623,0.39848,0.50266,0.301,0.95585,0.15545,0.95664,0.15353,0.75702,0.22892,0.46223,0.32361,0.19229],"triangles":[8,0,1,14,0,8,7,8,1,7,1,2,9,14,8,13,14,9,6,3,4,3,6,7,3,7,2,5,6,4,10,13,9,12,13,10,11,12,10],"vertices":[-1.25,8.62,6.93,8.62,12.99,5,17.83,-1.57,18.9,-5.13,18.9,-7.6,12.29,-7.61,6.15,2.38,0.42,2.39,-3.96,-0.54,-7.66,-9.61,-13.2,-9.62,-13.27,-5.63,-10.4,0.27,-6.81,5.66],"edges":[0,28,0,2,2,4,4,6,6,8,8,10,10,12,12,14,14,16,16,18,18,20,20,22,22,24,24,26,26,28]}},"boom_10":{"boom_10":{"x":-0.1,"y":-0.49,"width":54,"height":54}},"ci":{"ci":{"x":28.28,"y":-0.96,"rotation":-93.47,"width":70,"height":67}},"ding2":{"ding1":{"x":22.48,"y":-0.47,"rotation":-90,"width":34,"height":65},"ding2":{"x":20.71,"y":0.14,"rotation":-90,"width":34,"height":62},"ding3":{"x":20.71,"y":0.14,"rotation":-90,"width":34,"height":62}},"kulou":{"kulou":{"type":"mesh","hull":14,"width":41,"height":55,"uvs":[1,0.51021,1,0.59114,1,0.66621,1,0.74563,1,1,0.5,1,0,1,0,0.74137,0,0.65628,0,0.5961,0,0.51021,0,0,0.5,0,1,0,0.5009,0.51872,0.50471,0.65628,0.50471,0.75555,0.50552,0.60438],"triangles":[10,11,12,12,13,0,14,10,12,0,14,12,17,14,0,9,10,14,1,17,0,9,14,17,8,9,17,15,8,17,17,1,2,15,17,2,7,8,15,15,2,3,16,7,15,16,15,3,6,7,16,5,6,16,16,3,4,5,16,4],"vertices":[20.73,2.87,20.73,-1.58,20.73,-5.71,20.73,-10.08,20.73,-24.07,0.23,-24.07,-20.27,-24.07,-20.27,-9.84,-20.27,-5.16,-20.27,-1.85,-20.27,2.87,-20.27,30.93,0.23,30.93,20.73,30.93,0.27,2.4,0.42,-5.16,0.42,-10.62,0.45,-2.31],"edges":[8,10,10,12,22,24,24,26,20,22,0,26,4,6,6,8,12,14,14,16,20,28,28,0,16,18,18,20,18,34,0,2,2,4,34,2,16,30,30,4,14,32,32,6]}},"lei1":{"lei1":{"x":-0.07,"y":3.12,"width":96,"height":95}},"light0267":{"light0267":{"width":128,"height":128}},"w_no1":{"w_no1":{"width":122,"height":95},"w_no2":{"width":121,"height":100},"w_no3":{"width":120,"height":105},"w_no4":{"width":123,"height":98},"w_no5":{"width":123,"height":107}},"w_no2":{"w_no1":{"width":122,"height":95},"w_no2":{"width":121,"height":100},"w_no3":{"width":120,"height":105},"w_no4":{"width":123,"height":98},"w_no5":{"width":123,"height":107}},"w_no3":{"w_no1":{"width":122,"height":95},"w_no2":{"width":121,"height":100},"w_no3":{"width":120,"height":105},"w_no4":{"width":123,"height":98},"w_no5":{"width":123,"height":107}},"w_no4":{"w_no1":{"width":122,"height":95},"w_no2":{"width":121,"height":100},"w_no3":{"width":120,"height":105},"w_no4":{"width":123,"height":98},"w_no5":{"width":123,"height":107}},"yanxun":{"yanxun":{"width":215,"height":216}},"yanxun2":{"yanxun":{"width":215,"height":216}}}}],"animations":{"fly":{"slots":{"boom_07":{"attachment":[{"name":null}]},"boom_7":{"attachment":[{"name":null}]},"ding2":{"attachment":[{"name":"ding2"}]},"kulou":{"attachment":[{"name":"kulou"}]},"lei1":{"attachment":[{"name":"lei1"}]}},"bones":{"lei1":{"translate":[{"x":15.71,"y":19.46}]},"huoxian":{"translate":[{"x":-5.18,"y":49.79}]},"huoxing":{"translate":[{"x":-18.3,"y":43.3,"curve":"stepped"},{"time":0.0667,"x":-18.3,"y":43.3}]}}},"zhadan":{"slots":{"baozha01":{"color":[{"time":1.3667,"color":"ffffffff"},{"time":1.5,"color":"ffffff00"}],"attachment":[{"time":0.4333,"name":"baozha01"},{"time":0.5,"name":"baozha02"},{"time":0.5667,"name":"baozha03"},{"time":0.6333,"name":"baozha04"},{"time":0.7,"name":"baozha05"},{"time":0.7667,"name":"baozha06"},{"time":0.8333,"name":"baozha07"},{"time":0.9,"name":"baozha08"},{"time":0.9667,"name":"baozha09"},{"time":1.0333,"name":"baozha10"},{"time":1.1,"name":"baozha11"},{"time":1.1667,"name":"baozha12"},{"time":1.2333,"name":"baozha13"},{"time":1.3,"name":"baozha14"},{"time":1.3667,"name":"baozha15"},{"time":1.4333,"name":"baozha16"},{"time":1.5,"name":null}]},"bing1":{"attachment":[{"name":"bing1"},{"time":0.6,"name":null}]},"boom_06":{"color":[{"time":2.2,"color":"ffffffff"},{"time":2.6333,"color":"ffffff00"}],"attachment":[{"time":0.6,"name":"boom_06"}]},"boom_07":{"color":[{"time":2.2,"color":"ffffffff"},{"time":2.6333,"color":"ffffff00"}],"attachment":[{"name":null},{"time":0.8667,"name":"boom_07"}]},"boom_7":{"color":[{"time":2.2,"color":"ffffffff"},{"time":2.6333,"color":"ffffff00"}],"attachment":[{"name":null},{"time":0.8667,"name":"boom_07"}]},"boom_09":{"attachment":[{"time":0.4,"name":null}]},"boom_10":{"attachment":[{"time":0.4333,"name":null}]},"kulou":{"attachment":[{"name":"kulou"},{"time":0.6,"name":null}]},"lei1":{"attachment":[{"name":"lei1"},{"time":0.6,"name":null}]},"light0267":{"color":[{"time":0.5,"color":"fff19cff","curve":0,"c2":0.2,"c3":0.75},{"time":0.6667,"color":"fff19c00"}],"attachment":[{"time":0.4333,"name":"light0267"}]},"yanxun":{"color":[{"time":0.6,"color":"ffffff0b"},{"time":0.7,"color":"ffffffd9","curve":"stepped"},{"time":1.8,"color":"ffffffd9"},{"time":2.6333,"color":"ffffff00"}],"attachment":[{"time":0.6,"name":"yanxun"}]}},"bones":{"bing1":{"translate":[{"x":-3.11,"y":3.59}]},"huoxian":{"translate":[{"x":-10.63,"y":49.96}],"scale":[{"x":1.266,"y":1.163}]},"huoxing":{"rotate":[{},{"time":0.1333,"angle":150},{"time":0.2667,"angle":-60},{"time":0.3333}],"translate":[{"x":-29.23,"y":39.18},{"time":0.1333,"x":-18.56,"y":52.6},{"time":0.2,"x":-15.62,"y":54.31},{"time":0.2667,"x":-7.11,"y":56},{"time":0.3333,"x":1.73,"y":53.01},{"time":0.4,"x":9.85,"y":46.75}]},"baozha":{"scale":[{"time":0.4333,"x":2.153,"y":2.153}]},"baodian":{"scale":[{"time":0.4333,"curve":0,"c2":0.69,"c3":0.75},{"time":0.6667,"x":2.393,"y":2.393}]},"yanxun1":{"scale":[{"time":0.4667,"x":1.605,"y":1.605}]},"yanxun":{"translate":[{"time":0.6,"x":11.43}]},"yanjing":{"translate":[{"time":0.8667,"x":-5.9,"y":13.4}],"scale":[{"time":1.3},{"time":1.4,"y":0},{"time":1.5,"curve":"stepped"},{"time":1.5667},{"time":1.6667,"y":0},{"time":1.7667}]},"yanjing2":{"translate":[{"time":0.8667,"x":35.91,"y":13.4}],"scale":[{"time":1.3},{"time":1.4,"y":0},{"time":1.5,"curve":"stepped"},{"time":1.5667},{"time":1.6667,"y":0},{"time":1.7667}]},"shoulei":{"translate":[{"x":17.15,"y":16.08}]}},"deform":{"default":{"boom_09":{"boom_09":[{"offset":23,"vertices":[0.33201]},{"time":0.0667,"offset":20,"vertices":[0.06483,3.38538,2.39666,4.63423,1.68419,3.94954]},{"time":0.1333,"offset":18,"vertices":[1.55459,1.83368,3.10924,7.61702,4.46944,8.58383,4.33994,7.89913,2.13755,3.38534]},{"time":0.2,"vertices":[2.4614,0.56416,0.71251,-0.00003,0,0,0,0,0,0,0,0,0,0,0,0,2.78525,0.6347,4.59892,2.89156,5.82973,10.57914,8.42062,12.03969,8.03203,10.50862,5.9592,6.62959,4.21026,2.75056]},{"time":0.2667,"vertices":[9.26252,0.56404,5.11709,-1.90442,1.61932,-0.00004,0,0,0,0,0,0,0,0,1.87851,-0.28227,4.79319,0.63467,7.31935,2.89151,9.26266,10.5791,13.47284,12.03965,13.08426,10.50856,10.81711,6.62953,10.75228,3.66735]},{"time":0.3333,"vertices":[13.2785,-7.8996,8.35582,-9.38064,3.4978,-6.6299,-0.90674,-1.62226,0,0,0,0,0,0,6.08887,-6.06588,10.03981,-4.37299,13.66706,0.07026,15.80472,8.74522,20.07965,9.57104,20.79222,8.11043,19.23758,0.91653,17.03526,-3.31516]},{"time":0.4,"vertices":[13.2785,-7.8996,8.35582,-9.38064,3.49783,-8.95739,-0.90665,-3.80873,0,0,0,0,0,0,6.08887,-6.06588,10.03981,-4.37299,13.66706,0.07026,15.80472,8.74522,20.07965,9.57104,20.79222,8.11043,19.23758,0.91653,17.03526,-3.31516]}]}}}}}},[0]]],0,0,[0],[-1],[0]]