[1,["05Et3h5SFNIqCj5T0hAXtY@6c48a"],0,[["sp.SkeletonData",["_name","_atlasText","textureNames","_skeletonJson","textures"],-1,3]],[[0,0,1,2,3,4,5]],[[0,"caishen","\ncaishen.png\nsize: 1822,1822\nformat: RGBA4444\nfilter: Linear,Linear\nrepeat: none\n財神-animation_01\n  rotate: true\n  xy: 2, 990\n  size: 276, 294\n  orig: 350, 350\n  offset: 51, 24\n  index: -1\n財神-animation_02\n  rotate: true\n  xy: 298, 990\n  size: 276, 294\n  orig: 350, 350\n  offset: 51, 25\n  index: -1\n財神-animation_03\n  rotate: true\n  xy: 594, 990\n  size: 276, 294\n  orig: 350, 350\n  offset: 51, 26\n  index: -1\n財神-animation_04\n  rotate: true\n  xy: 890, 990\n  size: 276, 293\n  orig: 350, 350\n  offset: 51, 28\n  index: -1\n財神-animation_05\n  rotate: true\n  xy: 1185, 990\n  size: 276, 294\n  orig: 350, 350\n  offset: 51, 29\n  index: -1\n財神-animation_06\n  rotate: true\n  xy: 1481, 989\n  size: 276, 294\n  orig: 350, 350\n  offset: 51, 31\n  index: -1\n財神-animation_07\n  rotate: true\n  xy: 2, 1545\n  size: 275, 294\n  orig: 350, 350\n  offset: 52, 33\n  index: -1\n財神-animation_08\n  rotate: true\n  xy: 298, 1545\n  size: 275, 293\n  orig: 350, 350\n  offset: 52, 36\n  index: -1\n財神-animation_09\n  rotate: true\n  xy: 593, 1545\n  size: 275, 294\n  orig: 350, 350\n  offset: 52, 38\n  index: -1\n財神-animation_10\n  rotate: true\n  xy: 889, 1545\n  size: 275, 294\n  orig: 350, 350\n  offset: 52, 40\n  index: -1\n財神-animation_11\n  rotate: true\n  xy: 1185, 1545\n  size: 275, 294\n  orig: 350, 350\n  offset: 52, 43\n  index: -1\n財神-animation_12\n  rotate: true\n  xy: 1481, 1545\n  size: 275, 294\n  orig: 350, 350\n  offset: 52, 45\n  index: -1\n財神-animation_13\n  rotate: true\n  xy: 2, 432\n  size: 278, 294\n  orig: 350, 350\n  offset: 52, 47\n  index: -1\n財神-animation_14\n  rotate: false\n  xy: 890, 416\n  size: 294, 294\n  orig: 350, 350\n  offset: 38, 49\n  index: -1\n財神-animation_15\n  rotate: false\n  xy: 1494, 415\n  size: 299, 294\n  orig: 350, 350\n  offset: 35, 50\n  index: -1\n財神-animation_16\n  rotate: false\n  xy: 298, 123\n  size: 303, 294\n  orig: 350, 350\n  offset: 31, 51\n  index: -1\n財神-animation_17\n  rotate: false\n  xy: 603, 120\n  size: 305, 294\n  orig: 350, 350\n  offset: 28, 52\n  index: -1\n財神-animation_18\n  rotate: false\n  xy: 1186, 416\n  size: 306, 293\n  orig: 350, 350\n  offset: 27, 53\n  index: -1\n財神-animation_19\n  rotate: false\n  xy: 910, 120\n  size: 306, 294\n  orig: 350, 350\n  offset: 27, 52\n  index: -1\n財神-animation_20\n  rotate: false\n  xy: 1218, 119\n  size: 300, 294\n  orig: 350, 350\n  offset: 27, 51\n  index: -1\n財神-animation_21\n  rotate: false\n  xy: 1520, 119\n  size: 300, 294\n  orig: 350, 350\n  offset: 27, 50\n  index: -1\n財神-animation_22\n  rotate: true\n  xy: 2, 131\n  size: 299, 294\n  orig: 350, 350\n  offset: 28, 49\n  index: -1\n財神-animation_23\n  rotate: true\n  xy: 298, 419\n  size: 291, 294\n  orig: 350, 350\n  offset: 36, 47\n  index: -1\n財神-animation_24\n  rotate: true\n  xy: 594, 419\n  size: 291, 294\n  orig: 350, 350\n  offset: 36, 45\n  index: -1\n財神-animation_25\n  rotate: true\n  xy: 2, 1268\n  size: 275, 294\n  orig: 350, 350\n  offset: 52, 43\n  index: -1\n財神-animation_26\n  rotate: true\n  xy: 298, 1268\n  size: 275, 294\n  orig: 350, 350\n  offset: 52, 40\n  index: -1\n財神-animation_27\n  rotate: true\n  xy: 594, 1268\n  size: 275, 294\n  orig: 350, 350\n  offset: 52, 38\n  index: -1\n財神-animation_28\n  rotate: true\n  xy: 890, 1268\n  size: 275, 294\n  orig: 350, 350\n  offset: 52, 36\n  index: -1\n財神-animation_29\n  rotate: true\n  xy: 1186, 1268\n  size: 275, 294\n  orig: 350, 350\n  offset: 52, 33\n  index: -1\n財神-animation_30\n  rotate: true\n  xy: 2, 712\n  size: 276, 294\n  orig: 350, 350\n  offset: 51, 31\n  index: -1\n財神-animation_31\n  rotate: true\n  xy: 298, 712\n  size: 276, 294\n  orig: 350, 350\n  offset: 51, 29\n  index: -1\n財神-animation_32\n  rotate: true\n  xy: 594, 712\n  size: 276, 294\n  orig: 350, 350\n  offset: 51, 28\n  index: -1\n財神-animation_33\n  rotate: true\n  xy: 890, 712\n  size: 276, 294\n  orig: 350, 350\n  offset: 51, 26\n  index: -1\n財神-animation_34\n  rotate: true\n  xy: 1186, 711\n  size: 276, 294\n  orig: 350, 350\n  offset: 51, 25\n  index: -1\n財神-animation_35\n  rotate: true\n  xy: 1482, 711\n  size: 276, 294\n  orig: 350, 350\n  offset: 51, 24\n  index: -1\n財神-animation_36\n  rotate: true\n  xy: 1482, 1267\n  size: 276, 295\n  orig: 350, 350\n  offset: 51, 23\n  index: -1\n財神-animation_00\n  rotate: true\n  xy: 1482, 1267\n  size: 276, 295\n  orig: 350, 350\n  offset: 51, 23\n  index: -1\n",["caishen.png"],{"skeleton":{"hash":"jEGdv47aO9ToQouEZmUpvOq/gIQ","spine":"3.8.99","x":-250,"y":-250,"width":500,"height":500,"images":"./連續圖/","audio":""},"bones":[{"name":"root"}],"slots":[{"name":"財神-animation_00","bone":"root","attachment":"財神-animation_36"}],"skins":[{"name":"default","attachments":{"財神-animation_00":{"財神-animation_00":{"width":500,"height":500},"財神-animation_01":{"width":500,"height":500},"財神-animation_02":{"width":500,"height":500},"財神-animation_03":{"width":500,"height":500},"財神-animation_04":{"width":500,"height":500},"財神-animation_05":{"width":500,"height":500},"財神-animation_06":{"width":500,"height":500},"財神-animation_07":{"width":500,"height":500},"財神-animation_08":{"width":500,"height":500},"財神-animation_09":{"width":500,"height":500},"財神-animation_10":{"width":500,"height":500},"財神-animation_11":{"width":500,"height":500},"財神-animation_12":{"width":500,"height":500},"財神-animation_13":{"width":500,"height":500},"財神-animation_14":{"width":500,"height":500},"財神-animation_15":{"width":500,"height":500},"財神-animation_16":{"width":500,"height":500},"財神-animation_17":{"width":500,"height":500},"財神-animation_18":{"width":500,"height":500},"財神-animation_19":{"width":500,"height":500},"財神-animation_20":{"width":500,"height":500},"財神-animation_21":{"width":500,"height":500},"財神-animation_22":{"width":500,"height":500},"財神-animation_23":{"width":500,"height":500},"財神-animation_24":{"width":500,"height":500},"財神-animation_25":{"width":500,"height":500},"財神-animation_26":{"width":500,"height":500},"財神-animation_27":{"width":500,"height":500},"財神-animation_28":{"width":500,"height":500},"財神-animation_29":{"width":500,"height":500},"財神-animation_30":{"width":500,"height":500},"財神-animation_31":{"width":500,"height":500},"財神-animation_32":{"width":500,"height":500},"財神-animation_33":{"width":500,"height":500},"財神-animation_34":{"width":500,"height":500},"財神-animation_35":{"width":500,"height":500},"財神-animation_36":{"width":500,"height":500}}}}],"animations":{"animation":{"slots":{"財神-animation_00":{"attachment":[{"name":"財神-animation_00"},{"time":0.0333,"name":"財神-animation_01"},{"time":0.0667,"name":"財神-animation_02"},{"time":0.1,"name":"財神-animation_03"},{"time":0.1333,"name":"財神-animation_04"},{"time":0.1667,"name":"財神-animation_05"},{"time":0.2,"name":"財神-animation_06"},{"time":0.2333,"name":"財神-animation_07"},{"time":0.2667,"name":"財神-animation_08"},{"time":0.3,"name":"財神-animation_09"},{"time":0.3333,"name":"財神-animation_10"},{"time":0.3667,"name":"財神-animation_11"},{"time":0.4,"name":"財神-animation_12"},{"time":0.4333,"name":"財神-animation_13"},{"time":0.4667,"name":"財神-animation_14"},{"time":0.5,"name":"財神-animation_15"},{"time":0.5333,"name":"財神-animation_16"},{"time":0.5667,"name":"財神-animation_17"},{"time":0.6,"name":"財神-animation_18"},{"time":0.6333,"name":"財神-animation_19"},{"time":0.6667,"name":"財神-animation_20"},{"time":0.7,"name":"財神-animation_21"},{"time":0.7333,"name":"財神-animation_22"},{"time":0.7667,"name":"財神-animation_23"},{"time":0.8,"name":"財神-animation_24"},{"time":0.8333,"name":"財神-animation_25"},{"time":0.8667,"name":"財神-animation_26"},{"time":0.9,"name":"財神-animation_27"},{"time":0.9333,"name":"財神-animation_28"},{"time":0.9667,"name":"財神-animation_29"},{"time":1,"name":"財神-animation_30"},{"time":1.0333,"name":"財神-animation_31"},{"time":1.0667,"name":"財神-animation_32"},{"time":1.1,"name":"財神-animation_33"},{"time":1.1333,"name":"財神-animation_34"},{"time":1.1667,"name":"財神-animation_35"},{"time":1.2,"name":"財神-animation_36"}]}}}}},[0]]],0,0,[0],[-1],[0]]
