{"importBase":"import","nativeBase":"native","name":"main","deps":[],"uuids":["5cKyef6kFN6Zca8lw8ZtzQ","72UKjQQdJLUrg2rAwmkARC","20g1ukYUVPvKWKBRznAKo+","24pwTaKGdEbY0aXpIMdeCd","25pTZwJHdP3JKC8DSEBt0t","54TknWPwVPqJqeCR+Y/Czo","57UgcWSMhKGYrPQcn4d3+w","7dj5uJT9FMn6OrOOx83tfK","95EkngnxZFbYuFpsqVTaFr","9f2QDdIhtPiY8s+6NCQ8g1","afxHkx8GZGsJC+n+YfITQo","b7MFJ8MjNBwqr3fNq1j5dJ","baIUdvKGZPgZxNbjWTFuRI","bdG8q6vX1KcbFDmXyII4Pk","dbEUKT21dNT64vIrRYJKNB","f1KiPEuSRDIqJgPZgkKPHo","fdjsU2o1RKF5x0TziDw3jI","ffuIqPr2JI9I8dPLYGRDpD","0711ee05a","0fe70637f","11i5F+uhlPC5I015boKo8G","20g1ukYUVPvKWKBRznAKo+@6c48a","20g1ukYUVPvKWKBRznAKo+@f9941","24pwTaKGdEbY0aXpIMdeCd@6c48a","24pwTaKGdEbY0aXpIMdeCd@f9941","25pTZwJHdP3JKC8DSEBt0t@6c48a","25pTZwJHdP3JKC8DSEBt0t@f9941","54TknWPwVPqJqeCR+Y/Czo@6c48a","54TknWPwVPqJqeCR+Y/Czo@f9941","57UgcWSMhKGYrPQcn4d3+w@6c48a","57UgcWSMhKGYrPQcn4d3+w@f9941","7dj5uJT9FMn6OrOOx83tfK@6c48a","7dj5uJT9FMn6OrOOx83tfK@f9941","95EkngnxZFbYuFpsqVTaFr@6c48a","95EkngnxZFbYuFpsqVTaFr@f9941","9f2QDdIhtPiY8s+6NCQ8g1@6c48a","9f2QDdIhtPiY8s+6NCQ8g1@f9941","afxHkx8GZGsJC+n+YfITQo@6c48a","afxHkx8GZGsJC+n+YfITQo@f9941","b7MFJ8MjNBwqr3fNq1j5dJ@6c48a","b7MFJ8MjNBwqr3fNq1j5dJ@f9941","bdG8q6vX1KcbFDmXyII4Pk@6c48a","bdG8q6vX1KcbFDmXyII4Pk@f9941","dbEUKT21dNT64vIrRYJKNB@6c48a","dbEUKT21dNT64vIrRYJKNB@f9941","f1KiPEuSRDIqJgPZgkKPHo@6c48a","f1KiPEuSRDIqJgPZgkKPHo@f9941","ffuIqPr2JI9I8dPLYGRDpD@6c48a","ffuIqPr2JI9I8dPLYGRDpD@f9941"],"paths":{"0":["db:/assets/scene/launcherScene",0,1],"1":["db:/assets/scene/gameScene",0,1],"12":["db:/internal/physics/default-physics-material",2,1],"16":["db:/internal/default_renderpipeline/builtin-forward",1,1]},"scenes":{"db://assets/scene/gameScene.scene":1,"db://assets/scene/launcherScene.scene":0},"packs":{"0711ee05a":[31,35,23,25,27,21,33,29,37,39,41,43,45,47],"0fe70637f":[20,22,24,26,28,30,1,32,34,36,38,40,42,44,46,48]},"versions":{"import":[18,"2f5ef",19,"0f77b",2,"a2533",3,"a2533",4,"a2533",5,"a2533",6,"a2533",0,"de4d3",7,"a2533",8,"a2533",9,"a2533",10,"a2533",11,"a2533",12,"8bce7",13,"a2533",14,"a2533",15,"a2533",16,"731f4",17,"a2533"],"native":[2,"90cf4",3,"a4b59",4,"0aaeb",5,"83fcc",6,"6d3cf",7,"cea68",8,"c06a9",9,"d1118",10,"d55c2",11,"cdbc9",13,"17df6",14,"33d04",15,"5f1d9",17,"6d707"]},"redirect":[],"debug":false,"extensionMap":{},"hasPreloadScript":true,"dependencyRelationships":{},"types":["cc.SceneAsset","cc.RenderPipeline","cc.PhysicsMaterial"]}