[1,["9b1vTUpQZLc6wJWxumL3VP"],0,[["sp.SkeletonData",["_name","_atlasText","textureNames","_skeletonJson","textures"],-1,3]],[[0,0,1,2,3,4,5]],[[0,"arrow","\narrow.png\nsize: 435,219\nformat: RGBA4444\nfilter: Linear,Linear\nrepeat: none\narrow/arrow_00\n  rotate: false\n  xy: 44, 4\n  size: 50, 52\n  orig: 230, 230\n  offset: 90, 82\n  index: -1\narrow/arrow_01\n  rotate: true\n  xy: 328, 159\n  size: 58, 57\n  orig: 230, 230\n  offset: 85, 77\n  index: -1\narrow/arrow_02\n  rotate: true\n  xy: 222, 153\n  size: 64, 62\n  orig: 230, 230\n  offset: 83, 74\n  index: -1\narrow/arrow_03\n  rotate: true\n  xy: 151, 67\n  size: 72, 69\n  orig: 230, 230\n  offset: 79, 70\n  index: -1\narrow/arrow_04\n  rotate: true\n  xy: 2, 138\n  size: 79, 74\n  orig: 230, 230\n  offset: 75, 67\n  index: -1\narrow/arrow_05\n  rotate: true\n  xy: 2, 58\n  size: 78, 74\n  orig: 230, 230\n  offset: 75, 67\n  index: -1\narrow/arrow_06\n  rotate: true\n  xy: 78, 141\n  size: 76, 72\n  orig: 230, 230\n  offset: 77, 68\n  index: -1\narrow/arrow_07\n  rotate: true\n  xy: 78, 65\n  size: 74, 71\n  orig: 230, 230\n  offset: 77, 69\n  index: -1\narrow/arrow_08\n  rotate: true\n  xy: 152, 146\n  size: 71, 68\n  orig: 230, 230\n  offset: 79, 71\n  index: -1\narrow/arrow_09\n  rotate: true\n  xy: 155, 2\n  size: 63, 62\n  orig: 230, 230\n  offset: 83, 75\n  index: -1\narrow/arrow_10\n  rotate: false\n  xy: 281, 91\n  size: 57, 60\n  orig: 230, 230\n  offset: 87, 77\n  index: -1\narrow/arrow_11\n  rotate: false\n  xy: 96, 2\n  size: 57, 61\n  orig: 230, 230\n  offset: 87, 77\n  index: -1\narrow/arrow_12\n  rotate: false\n  xy: 222, 87\n  size: 57, 64\n  orig: 230, 230\n  offset: 87, 77\n  index: -1\narrow/arrow_13\n  rotate: true\n  xy: 387, 135\n  size: 40, 45\n  orig: 230, 230\n  offset: 95, 78\n  index: -1\narrow/arrow_14\n  rotate: true\n  xy: 340, 117\n  size: 40, 45\n  orig: 230, 230\n  offset: 95, 78\n  index: -1\narrow/arrow_15\n  rotate: true\n  xy: 387, 93\n  size: 40, 45\n  orig: 230, 230\n  offset: 95, 79\n  index: -1\narrow/arrow_16\n  rotate: true\n  xy: 340, 75\n  size: 40, 45\n  orig: 230, 230\n  offset: 95, 80\n  index: -1\narrow/arrow_17\n  rotate: true\n  xy: 387, 177\n  size: 40, 46\n  orig: 230, 230\n  offset: 95, 80\n  index: -1\narrow/arrow_18\n  rotate: false\n  xy: 303, 23\n  size: 40, 50\n  orig: 230, 230\n  offset: 95, 78\n  index: -1\narrow/arrow_19\n  rotate: false\n  xy: 2, 3\n  size: 40, 53\n  orig: 230, 230\n  offset: 95, 76\n  index: -1\narrow/arrow_20\n  rotate: false\n  xy: 387, 35\n  size: 40, 56\n  orig: 230, 230\n  offset: 95, 74\n  index: -1\narrow/arrow_21\n  rotate: false\n  xy: 286, 157\n  size: 40, 60\n  orig: 230, 230\n  offset: 95, 72\n  index: -1\narrow/arrow_22\n  rotate: false\n  xy: 261, 24\n  size: 40, 61\n  orig: 230, 230\n  offset: 95, 71\n  index: -1\narrow/arrow_23\n  rotate: false\n  xy: 219, 2\n  size: 40, 63\n  orig: 230, 230\n  offset: 95, 70\n  index: -1\n",["arrow.png"],{"skeleton":{"hash":"Nz3X0nGhDIV4brTKN07gjvsAijs","spine":"3.8.99","x":-640,"y":-360,"width":1280,"height":720,"fps":18,"images":"./images/","audio":""},"bones":[{"name":"root"},{"name":"bg","parent":"root"},{"name":"arrow","parent":"root"}],"slots":[{"name":"1程序麻将摆牌","bone":"bg"},{"name":"arrow/arrow_00","bone":"arrow","attachment":"arrow/arrow_23"}],"skins":[{"name":"default","attachments":{"arrow/arrow_00":{"arrow/arrow_00":{"width":256,"height":256},"arrow/arrow_01":{"width":256,"height":256},"arrow/arrow_02":{"width":256,"height":256},"arrow/arrow_03":{"width":256,"height":256},"arrow/arrow_04":{"width":256,"height":256},"arrow/arrow_05":{"width":256,"height":256},"arrow/arrow_06":{"width":256,"height":256},"arrow/arrow_07":{"width":256,"height":256},"arrow/arrow_08":{"width":256,"height":256},"arrow/arrow_09":{"width":256,"height":256},"arrow/arrow_10":{"width":256,"height":256},"arrow/arrow_11":{"width":256,"height":256},"arrow/arrow_12":{"width":256,"height":256},"arrow/arrow_13":{"width":256,"height":256},"arrow/arrow_14":{"width":256,"height":256},"arrow/arrow_15":{"width":256,"height":256},"arrow/arrow_16":{"width":256,"height":256},"arrow/arrow_17":{"width":256,"height":256},"arrow/arrow_18":{"width":256,"height":256},"arrow/arrow_19":{"width":256,"height":256},"arrow/arrow_20":{"width":256,"height":256},"arrow/arrow_21":{"width":256,"height":256},"arrow/arrow_22":{"width":256,"height":256},"arrow/arrow_23":{"width":256,"height":256}}}}],"animations":{"animation":{"slots":{"arrow/arrow_00":{"attachment":[{"name":"arrow/arrow_00"},{"time":0.0556,"name":"arrow/arrow_01"},{"time":0.1111,"name":"arrow/arrow_02"},{"time":0.1667,"name":"arrow/arrow_03"},{"time":0.2222,"name":"arrow/arrow_04"},{"time":0.2778,"name":"arrow/arrow_05"},{"time":0.3333,"name":"arrow/arrow_06"},{"time":0.3889,"name":"arrow/arrow_07"},{"time":0.4444,"name":"arrow/arrow_08"},{"time":0.5,"name":"arrow/arrow_09"},{"time":0.5556,"name":"arrow/arrow_10"},{"time":0.6111,"name":"arrow/arrow_11"},{"time":0.6667,"name":"arrow/arrow_12"},{"time":0.7222,"name":"arrow/arrow_13"},{"time":0.7778,"name":"arrow/arrow_14"},{"time":0.8333,"name":"arrow/arrow_15"},{"time":0.8889,"name":"arrow/arrow_16"},{"time":0.9444,"name":"arrow/arrow_17"},{"time":1,"name":"arrow/arrow_18"},{"time":1.0556,"name":"arrow/arrow_19"},{"time":1.1111,"name":"arrow/arrow_20"},{"time":1.1667,"name":"arrow/arrow_21"},{"time":1.2222,"name":"arrow/arrow_22"},{"time":1.2778,"name":"arrow/arrow_23"}]}},"bones":{"arrow":{"scale":[{"x":0.9,"y":0.95}]}}}}},[0]]],0,0,[0],[-1],[0]]