[1,["8a2f0ab6-0629-444c-97c8-170793f2d831@6c48a","8a2f0ab6-0629-444c-97c8-170793f2d831@f9941"],["node","_textureSource","root","tipLabel","data","_spriteFrame"],["cc.SpriteFrame",["cc.Prefab",["_name"],2],["cc.Node",["_name","_layer","_children","_components","_prefab"],1,2,9,4],["cc.Node",["_name","_layer","_parent","_components","_prefab"],1,1,12,4],["cc.UITransform",["node","__prefab","_contentSize"],3,1,4,5],["cc.CompPrefabInfo",["fileId"],2],["cc.Sprite",["_type","_sizeMode","node","__prefab","_spriteFrame"],1,1,4,6],["cc.UIOpacity",["node","__prefab"],3,1,4],["eaff5soUXRHcqCjecfQgfAW",["node","__prefab","tipLabel"],3,1,4,1],["cc.PrefabInfo",["fileId","instance","targetOverrides","nestedPrefabInstanceRoots","root","asset"],-1,1,1],["cc.Label",["_string","_actualFontSize","_fontSize","_overflow","node","__prefab"],-1,1,4]],[[5,0,2],[4,0,1,2,1],[9,0,1,2,3,4,5,5],[1,0,2],[2,0,1,2,3,4,3],[3,0,1,2,3,4,3],[6,0,1,2,3,4,3],[7,0,1,1],[8,0,1,2,1],[10,0,1,2,3,4,5,5]],[[[{"name":"mode4_label","rect":{"x":0,"y":0,"width":593,"height":28},"offset":{"x":-0.5,"y":0},"originalSize":{"width":594,"height":28},"rotated":false,"capInsets":[0,0,0,0],"vertices":{"rawPosition":[-296.5,-14,0,296.5,-14,0,-296.5,14,0,296.5,14,0],"indexes":[0,1,2,2,1,3],"uv":[0,28,593,28,0,0,593,0],"nuv":[0,0,0.9983164983164983,0,0,1,0.9983164983164983,1],"minPos":{"x":-296.5,"y":-14,"z":0},"maxPos":{"x":296.5,"y":14,"z":0}},"packable":true,"pixelsToUnit":100,"pivot":{"x":0.5,"y":0.5},"meshType":0}],[0],0,[0],[1],[0]],[[[3,"toastPopup"],[4,"toastPopup",33554432,[-7],[[1,-2,[0,"3fjmt127xKloofYAaMe7g5"],[5,593,56]],[6,1,0,-3,[0,"07rNXSMtdJMb1xZP8Hxk2s"],0],[7,-4,[0,"83jkGKxJlCOY3ypr+f0w4R"]],[8,-6,[0,"8eHKrEG9pJkJDoy9Y0cZE6"],-5]],[2,"6cV1DBK+tOiJMyUikg9Q3q",null,null,null,-1,0]],[5,"tipLabel",33554432,1,[[[1,-8,[0,"a8ZyGCez5CQa5p6PkyC28v"],[5,720,50.4]],-9],4,1],[2,"8c0zmPUlJG/ZnPdhVnblwE",null,null,null,1,0]],[9,"tip",30,30,3,2,[0,"24C+V6Po1AmJTSbQoyH/D5"]]],0,[0,2,1,0,0,1,0,0,1,0,0,1,0,3,3,0,0,1,0,-1,2,0,0,2,0,-2,3,0,4,1,9],[0],[5],[1]]]]
