[1,["ecpdLyjvZBwrvm+cedCcQy","1dacf222d","f0BIwQ8D5Ml7nTNQbh1YlS","e97GVMl6JHh5Ml5qEDdSGa","29FYIk+N1GYaeWH/q1NxQO","e0y7zv7GdBHIonkP0UgOw6","0a+PA5hvBCdJ1eET65cBqd","b7FweFCfJObakZiD8nzfVD","abQgTS0sVDeoFRORQ54d9h","5bKE3HDLNPTZNnb7Mql5AC","9funexXj1OZK8mubDJnPmn","07MQmKy3lB6o+qafCmN87x","40avEjBwBOe6ao8wrgmsUY","38US8hLg1MHbPQnMKnO91S","91Dl0CayBHybqUyj8jdcw+"],["node","_textureSetter","_spriteFrame","root","_N$target","_N$normalSprite","_N$pressedSprite","_N$hoverSprite","_N$disabledSprite","spRoomTypeBg","spRoomType","personNumLabel","anteLabel","inningsLabel","roomNumberLabel","roomNameLabel","data"],["cc.SpriteFrame",["cc.Node",["_name","_active","_objFlags","_parent","_components","_prefab","_contentSize","_trs","_children"],0,1,9,4,5,7,2],["cc.Sprite",["_type","node","_materials","_spriteFrame"],2,1,3,6],["cc.Node",["_name","_parent","_components","_prefab","_contentSize","_trs","_color"],2,1,2,4,5,7,5],["cc.PrefabInfo",["fileId","root"],2,1],["cc.Prefab",["_name"],2],["cc.Node",["_name","_children","_components","_prefab","_contentSize","_trs"],2,2,12,4,5,7],["1e5a716E0JGKKWcAd6UjAZv",["node","roomNameLabel","roomNumberLabel","inningsLabel","anteLabel","personNumLabel","spRoomType","spRoomTypeFrame","spRoomTypeBg","spRoomTypeBgFrame"],3,1,1,1,1,1,1,1,3,1,3],["cc.Button",["zoomScale","_N$transition","node","clickEvents","_N$normalColor","_N$pressedColor","_N$disabledColor","_N$target","_N$normalSprite","_N$pressedSprite","_N$hoverSprite","_N$disabledSprite"],1,1,9,5,5,5,1,6,6,6,6],["cc.ClickEvent",["_componentId","handler","target"],1,1],["dc260WzHhJCNbdTPXKK45bp",["node"],3,1],["cc.Label",["_string","_fontSize","_lineHeight","_N$horizontalAlign","_N$verticalAlign","node","_materials"],-2,1,3]],[[4,0,1,2],[3,0,1,2,3,4,5,2],[11,0,1,2,3,4,5,6,6],[1,0,3,8,4,5,6,7,2],[1,0,2,3,4,5,6,7,3],[8,0,1,2,3,4,5,6,7,8,9,10,11,3],[9,0,1,2,3],[10,0,1],[2,0,1,2,3,2],[2,1,2,3,1],[2,1,2,1],[5,0,2],[6,0,1,2,3,4,5,2],[1,0,1,3,8,4,5,6,7,3],[1,0,3,4,5,6,7,2],[3,0,1,2,3,6,4,5,2],[7,0,1,2,3,4,5,6,7,8,9,1],[4,1,1]],[[[{"name":"btn_guanzhan","rect":[130,848,109,53],"offset":[0,0],"originalSize":[109,53],"capInsets":[0,0,0,0]}],[0],0,[0],[1],[1]],[[{"name":"u_kuang5","rect":[100,3,750,91],"offset":[0,0],"originalSize":[750,91],"rotated":1,"capInsets":[0,0,0,0]}],[0],0,[0],[1],[1]],[[{"name":"ui_youxizhong","rect":[62,886,92,38],"offset":[0,0],"originalSize":[92,38],"rotated":1,"capInsets":[0,0,0,0]}],[0],0,[0],[1],[1]],[[{"name":"ui_free","rect":[106,907,63,40],"offset":[0,0],"originalSize":[63,40],"capInsets":[0,0,0,0]}],[0],0,[0],[1],[1]],[[[11,"mahjongAgentItem"],[12,"mahjongAgentItem",[-11,-12,-13,-14,-15,-16,-17,-18,-19],[[-2,[16,-10,-9,-8,-7,-6,-5,-4,[29,30,31],-3,[32,33]]],1,4],[17,-1],[5,750,91],[0,-43,0,0,0,0,1,1,1,1]],[3,"joinButton",1,[-24],[[5,0.9,3,-22,[[6,"1e5a716E0JGKKWcAd6UjAZv","joinClicked",1]],[4,4293322470],[4,4291348680],[4,3363338360],-21,12,13,14,15],[7,-23]],[0,"049jvXWnpGJ5aNtI7BlEfM",-20],[5,109,53],[193,1,0,0,0,0,1,1,1,1]],[3,"shareButton",1,[-29],[[5,0.9,3,-27,[[6,"1e5a716E0JGKKWcAd6UjAZv","shareClicked",1]],[4,4293322470],[4,4291348680],[4,3363338360],-26,18,19,20,21],[7,-28]],[0,"dcGDg9AUxLXYsbpDm94xFy",-25],[5,108,53],[308,1,0,0,0,0,1,1,1,1]],[13,"watchFightButton",false,1,[-34],[[5,0.9,3,-32,[[6,"1e5a716E0JGKKWcAd6UjAZv","watchFightClicked",1]],[4,4293322470],[4,4291348680],[4,3363338360],-31,24,25,26,27],[7,-33]],[0,"a5nLqMTZVJKL9fbRd1In3h",-30],[5,109,53],[305,0,0,0,0,0,1,1,1,1]],[3,"roomNumberBg",1,[-36,-37],[[9,-35,[5],6]],[0,"17nyxtXkNPurheWZ3e8Q4c",1],[5,117,28],[-187.155,-10,0,0,0,0,1,1,1,1]],[4,"Background",512,2,[[8,1,-38,[10],11]],[0,"0eTlyurMtDRo9Mi6sn6J+O",2],[5,109,53],[0,0,0,0,0,0,1,1,1,0]],[4,"Background",512,3,[[8,1,-39,[16],17]],[0,"0eTlyurMtDRo9Mi6sn6J+O",3],[5,108,53],[0,0,0,0,0,0,1,1,1,0]],[4,"Background",512,4,[[8,1,-40,[22],23]],[0,"0eTlyurMtDRo9Mi6sn6J+O",4],[5,109,53],[0,0,0,0,0,0,1,1,1,0]],[1,"roomNameLabel",1,[-41],[0,"0f56jPRS5H2Y5luPnPCTSJ",1],[5,144,22.68],[-191.96,21.447,0,0,0,0,1,1,1,1]],[2,"齐天大圣孙的房間",18,18,1,1,9,[0]],[1,"roomType",1,[-42],[0,"75ymlofPxCc7uSLh6W/cy4",1],[5,72,34],[-318,0,0,0,0,0,1,1,1,1]],[10,11,[1]],[14,"fanghao",5,[[9,-43,[2],3]],[0,"b2C7QAhJ5LxoBtfidHZNt5",1],[5,47,30],[-59.322,0,0,0,0,0,1,1,1,1]],[15,"roomNumberLabel",5,[-44],[0,"a3+cBke8BDxr1nxhq/fyB9",1],[4,4281200383],[5,66.74,25.2],[5.779,-1.118,0,0,0,0,1,1,1,1]],[2,"123456",20,20,1,1,14,[4]],[1,"inningsLabel",1,[-45],[0,"95aw3abRdHRKFLGDaZlrq3",1],[5,50.05,25.2],[-81,0,0,0,0,0,1,1,1,1]],[2,"12/20",20,20,1,1,16,[7]],[1,"doubleLabel",1,[-46],[0,"64cNt4twFGk4uSvyJoDKX7",1],[5,50.05,25.2],[9.308,0,0,0,0,0,1,1,1,1]],[2,"12/20",20,20,1,1,18,[8]],[1,"personNumLabel",1,[-47],[0,"d0DrqK3p1P1Iu5IY/4vtVK",1],[5,50.05,25.2],[98,0,0,0,0,0,1,1,1,1]],[2,"12/20",20,20,1,1,20,[9]],[10,1,[28]]],0,[0,3,1,0,-1,22,0,9,22,0,10,12,0,11,21,0,12,19,0,13,17,0,14,15,0,15,10,0,0,1,0,-1,9,0,-2,11,0,-3,5,0,-4,16,0,-5,18,0,-6,20,0,-7,2,0,-8,3,0,-9,4,0,3,2,0,4,6,0,0,2,0,0,2,0,-1,6,0,3,3,0,4,7,0,0,3,0,0,3,0,-1,7,0,3,4,0,4,8,0,0,4,0,0,4,0,-1,8,0,0,5,0,-1,13,0,-2,14,0,0,6,0,0,7,0,0,8,0,-1,10,0,-1,12,0,0,13,0,-1,15,0,-1,17,0,-1,19,0,-1,21,0,16,1,47],[0,0,0,0,0,0,0,0,0,0,0,0,0,0,0,0,0,0,0,0,0,0,0,0,0,0,0,0,0,0,0,0,0,0,12,22],[-1,-1,-1,2,-1,-1,2,-1,-1,-1,-1,2,5,6,7,8,-1,2,5,6,7,8,-1,2,5,6,7,8,-1,-1,-2,-3,-1,-2,2,2],[0,0,0,7,0,0,8,0,0,0,0,9,2,3,2,4,0,10,2,3,2,4,0,11,2,3,2,4,0,12,13,5,14,6,5,6]],[[{"name":"btn_jiaru","rect":[245,848,109,53],"offset":[0,0],"originalSize":[109,53],"rotated":1,"capInsets":[0,0,0,0]}],[0],0,[0],[1],[1]],[[{"name":"u_kuang4","rect":[197,3,750,91],"offset":[0,0],"originalSize":[750,91],"rotated":1,"capInsets":[0,0,0,0]}],[0],0,[0],[1],[1]],[[{"name":"btn_fenxiang","rect":[3,886,108,53],"offset":[0,0],"originalSize":[108,53],"rotated":1,"capInsets":[0,0,0,0]}],[0],0,[0],[1],[1]],[[{"name":"ui_kuang1","rect":[304,848,117,28],"offset":[0,0],"originalSize":[117,28],"rotated":1,"capInsets":[0,0,0,0]}],[0],0,[0],[1],[1]],[[{"name":"fanghao","rect":[294,3,47,30],"offset":[0,0],"originalSize":[47,30],"rotated":1,"capInsets":[0,0,0,0]}],[0],0,[0],[1],[1]],[[{"name":"ui_geren","rect":[175,907,72,34],"offset":[0,0],"originalSize":[72,34],"rotated":1,"capInsets":[0,0,0,0]}],[0],0,[0],[1],[1]]]]