[1,["1667bb70b","1426b7ca9"],["_textureSetter"],["cc.SpriteFrame"],0,[[[{"name":"ui_bei","rect":[273,201,37,37],"offset":[0,0],"originalSize":[37,37],"capInsets":[0,0,0,0]}],[0],0,[0],[0],[0]],[[{"name":"ui_txk_1","rect":[190,847,80,80],"offset":[0,0],"originalSize":[80,80],"capInsets":[0,0,0,0]}],[0],0,[0],[0],[1]],[[{"name":"ui_jiesuan_ban4","rect":[3,3,915,129],"offset":[0,0],"originalSize":[915,129],"rotated":1,"capInsets":[0,0,0,0]}],[0],0,[0],[0],[0]],[[{"name":"ui_jiesuan_ban2","rect":[324,3,302,420],"offset":[0,0],"originalSize":[302,420],"rotated":1,"capInsets":[0,0,0,0]}],[0],0,[0],[0],[0]],[[{"name":"ui_fangqiang","rect":[273,416,68,35],"offset":[0,0],"originalSize":[68,35],"rotated":1,"capInsets":[0,0,0,0]}],[0],0,[0],[0],[0]],[[{"name":"ui_xi","rect":[273,244,37,37],"offset":[0,0],"originalSize":[37,37],"capInsets":[0,0,0,0]}],[0],0,[0],[0],[0]],[[{"name":"ui_nan","rect":[273,287,37,37],"offset":[0,0],"originalSize":[37,37],"capInsets":[0,0,0,0]}],[0],0,[0],[0],[0]],[[{"name":"ui_beifengquan","rect":[273,580,83,32],"offset":[0,0],"originalSize":[83,32],"rotated":1,"capInsets":[0,0,0,0]}],[0],0,[0],[0],[0]],[[{"name":"ui_xifengquan","rect":[273,758,83,31],"offset":[0,0],"originalSize":[83,31],"rotated":1,"capInsets":[0,0,0,0]}],[0],0,[0],[0],[0]],[[{"name":"ui_hu","rect":[567,747,133,133],"offset":[0,0],"originalSize":[133,133],"capInsets":[0,0,0,0]}],[0],0,[0],[0],[0]],[[{"name":"ui_jiesuan_ban3","rect":[138,3,915,129],"offset":[0,0],"originalSize":[915,129],"rotated":1,"capInsets":[20,10,20,10]}],[0],0,[0],[0],[0]],[[{"name":"ui_heji","rect":[273,3,192,45],"offset":[0,0],"originalSize":[192,45],"rotated":1,"capInsets":[0,0,0,0]}],[0],0,[0],[0],[0]],[[{"name":"ui_dong","rect":[273,330,37,37],"offset":[0,0],"originalSize":[37,37],"capInsets":[0,0,0,0]}],[0],0,[0],[0],[0]],[[{"name":"ui_dongfengquan","rect":[273,490,84,33],"offset":[0,0],"originalSize":[84,33],"rotated":1,"capInsets":[0,0,0,0]}],[0],0,[0],[0],[0]],[[{"name":"ui_zi_liuju","rect":[567,588,74,169],"offset":[0,0],"originalSize":[74,169],"rotated":1,"capInsets":[0,0,0,0]}],[0],0,[0],[0],[0]],[[{"name":"ui_zi_heju","rect":[567,668,73,165],"offset":[0,0],"originalSize":[73,165],"rotated":1,"capInsets":[0,0,0,0]}],[0],0,[0],[0],[0]],[[{"name":"ui_nanfengquan","rect":[273,669,83,32],"offset":[0,0],"originalSize":[83,32],"rotated":1,"capInsets":[0,0,0,0]}],[0],0,[0],[0],[0]],[[{"name":"ui_zimo","rect":[567,886,133,133],"offset":[0,0],"originalSize":[133,133],"capInsets":[0,0,0,0]}],[0],0,[0],[0],[0]],[[{"name":"fan","rect":[394,912,27,34],"offset":[0,0],"originalSize":[27,34],"rotated":1,"capInsets":[0,0,0,0]}],[0],0,[0],[0],[1]]]]