[1,["5a6QBe5BZE+IYG4rBIO5nZ","c9+OCN2p1G3Ly1IkguGoiu"],["spriteFrame","_textureSetter"],["cc.SpriteFrame",["cc.BitmapFont",["_name","fontSize","_fntConfig"],0]],[[1,0,1,2,4]],[[[[0,"winSocreFont",28,{"commonHeight":28,"fontSize":28,"atlasName":"font1_0.png","fontDefDictionary":{"43":{"xOffset":0,"yOffset":0,"xAdvance":21,"rect":{"x":200,"y":5,"width":21,"height":28}},"48":{"xOffset":0,"yOffset":0,"xAdvance":20,"rect":{"x":5,"y":5,"width":20,"height":28}},"49":{"xOffset":0,"yOffset":0,"xAdvance":16,"rect":{"x":30,"y":5,"width":16,"height":28}},"50":{"xOffset":0,"yOffset":0,"xAdvance":20,"rect":{"x":51,"y":5,"width":20,"height":28}},"51":{"xOffset":0,"yOffset":0,"xAdvance":19,"rect":{"x":76,"y":5,"width":19,"height":28}},"52":{"xOffset":0,"yOffset":0,"xAdvance":21,"rect":{"x":100,"y":5,"width":21,"height":28}},"53":{"xOffset":0,"yOffset":0,"xAdvance":19,"rect":{"x":126,"y":5,"width":19,"height":28}},"54":{"xOffset":0,"yOffset":0,"xAdvance":19,"rect":{"x":150,"y":5,"width":19,"height":28}},"55":{"xOffset":0,"yOffset":0,"xAdvance":21,"rect":{"x":174,"y":5,"width":21,"height":28}},"56":{"xOffset":0,"yOffset":0,"xAdvance":20,"rect":{"x":250,"y":5,"width":20,"height":28}},"57":{"xOffset":0,"yOffset":0,"xAdvance":19,"rect":{"x":226,"y":5,"width":19,"height":28}}},"kerningDict":{}}]],0,0,[0],[0],[0]],[[{"name":"winSocreFont_0","rect":[5,5,264,28],"offset":[-0.5,0],"originalSize":[275,38],"capInsets":[0,0,0,0]}],[0],0,[0],[1],[1]]]]