[1,["d4iLCFsG1LQZ+PzRuGOqq2"],0,[["sp.SkeletonData",["_name","_atlasText","textureNames","_skeletonJson","textures"],-1,3]],[[0,0,1,2,3,4,5]],[[0,"emoji_04_daxiao","\nemoji_04_daxiao.png\nsize: 1024,512\nformat: RGBA8888\nfilter: Linear,Linear\nrepeat: none\nbiaoqing\n  rotate: false\n  xy: 2, 11\n  size: 405, 336\n  orig: 427, 336\n  offset: 11, 0\n  index: -1\ndaxiao\n  rotate: false\n  xy: 409, 2\n  size: 374, 345\n  orig: 374, 345\n  offset: 0, 0\n  index: -1\n",["emoji_04_daxiao.png"],{"skeleton":{"hash":"mYahC9jySGmptGzcZU2miUC7SjM","spine":"3.8.99","x":-43.64,"y":-34.51,"width":85.4,"height":73.6,"images":"./images/","audio":"D:/work/工作/魔法表情/04_daxiao/images"},"bones":[{"name":"root","scaleX":0.2,"scaleY":0.2},{"name":"bone","parent":"root"},{"name":"daxiao_bg","parent":"root"}],"slots":[{"name":"daxiao","bone":"daxiao_bg","attachment":"daxiao"},{"name":"biaoqing","bone":"bone","attachment":"biaoqing"}],"skins":[{"name":"default","attachments":{"biaoqing":{"biaoqing":{"x":-4.71,"y":27.47,"width":427,"height":336}},"daxiao":{"daxiao":{"x":-0.21,"y":-0.03,"width":374,"height":345}}}}],"animations":{"daxiao":{"bones":{"daxiao_bg":{"translate":[{},{"time":0.2,"y":3},{"time":0.4},{"time":0.6,"y":3},{"time":0.8},{"time":1,"y":3},{"time":1.2}],"scale":[{},{"time":0.2,"x":1.01},{"time":0.4},{"time":0.6,"x":1.01},{"time":0.8},{"time":1,"x":1.01},{"time":1.2}]},"bone":{"translate":[{},{"time":0.2,"y":10.56},{"time":0.4},{"time":0.6333,"y":10.56},{"time":0.8333},{"time":1.0333,"y":10.56},{"time":1.2333}]}}}}},[0]]],0,0,[0],[-1],[0]]