[1,["f544b34a-6e82-4750-bbb4-51a760a2acea@6c48a"],["_textureSource"],["cc.SpriteFrame"],0,[{"name":"banker_b1_a","rect":{"x":0,"y":0,"width":272,"height":57},"offset":{"x":0,"y":0},"originalSize":{"width":272,"height":57},"rotated":false,"capInsets":[0,0,0,0],"vertices":{"rawPosition":[-136,-28.5,0,136,-28.5,0,-136,28.5,0,136,28.5,0],"indexes":[0,1,2,2,1,3],"uv":[0,57,272,57,0,0,272,0],"nuv":[0,0,1,0,0,1,1,1],"minPos":{"x":-136,"y":-28.5,"z":0},"maxPos":{"x":136,"y":28.5,"z":0}},"packable":true,"pixelsToUnit":100,"pivot":{"x":0.5,"y":0.5},"meshType":0}],[0],0,[0],[0],[0]]
