[1,["0b977bjXFLGo5AixSxNTPE"],0,[["sp.SkeletonData",["_name","_atlasText","textureNames","_skeletonJson","textures"],-1,3]],[[0,0,1,2,3,4,5]],[[0,"move_owner","\nmove_owner.png\nsize: 270,186\nformat: RGBA4444\nfilter: Linear,Linear\nrepeat: none\nowner_00\n  rotate: false\n  xy: 76, 140\n  size: 72, 44\n  orig: 102, 60\n  offset: 15, 8\n  index: -1\nowner_01\n  rotate: false\n  xy: 76, 140\n  size: 72, 44\n  orig: 102, 60\n  offset: 15, 8\n  index: -1\nowner_03\n  rotate: false\n  xy: 150, 140\n  size: 72, 44\n  orig: 102, 60\n  offset: 15, 8\n  index: -1\nowner_04\n  rotate: true\n  xy: 224, 112\n  size: 72, 44\n  orig: 102, 60\n  offset: 15, 8\n  index: -1\nowner_06\n  rotate: false\n  xy: 2, 94\n  size: 72, 44\n  orig: 102, 60\n  offset: 15, 8\n  index: -1\nowner_07\n  rotate: false\n  xy: 2, 94\n  size: 72, 44\n  orig: 102, 60\n  offset: 15, 8\n  index: -1\nowner_09\n  rotate: false\n  xy: 76, 94\n  size: 72, 44\n  orig: 102, 60\n  offset: 15, 8\n  index: -1\nowner_10\n  rotate: false\n  xy: 150, 94\n  size: 72, 44\n  orig: 102, 60\n  offset: 15, 8\n  index: -1\nowner_12\n  rotate: false\n  xy: 2, 48\n  size: 72, 44\n  orig: 102, 60\n  offset: 15, 8\n  index: -1\nowner_13\n  rotate: false\n  xy: 76, 48\n  size: 72, 44\n  orig: 102, 60\n  offset: 15, 8\n  index: -1\nowner_15\n  rotate: false\n  xy: 150, 48\n  size: 72, 44\n  orig: 102, 60\n  offset: 15, 8\n  index: -1\nowner_16\n  rotate: false\n  xy: 150, 48\n  size: 72, 44\n  orig: 102, 60\n  offset: 15, 8\n  index: -1\nowner_18\n  rotate: true\n  xy: 224, 38\n  size: 72, 44\n  orig: 102, 60\n  offset: 15, 8\n  index: -1\nowner_19\n  rotate: false\n  xy: 2, 2\n  size: 72, 44\n  orig: 102, 60\n  offset: 15, 8\n  index: -1\nowner_21\n  rotate: false\n  xy: 76, 2\n  size: 72, 44\n  orig: 102, 60\n  offset: 15, 8\n  index: -1\nowner_22\n  rotate: false\n  xy: 76, 2\n  size: 72, 44\n  orig: 102, 60\n  offset: 15, 8\n  index: -1\nowner_24\n  rotate: false\n  xy: 150, 2\n  size: 72, 44\n  orig: 102, 60\n  offset: 15, 8\n  index: -1\nowner_25\n  rotate: false\n  xy: 2, 140\n  size: 72, 44\n  orig: 102, 60\n  offset: 15, 8\n  index: -1\n",["move_owner.png"],{"skeleton":{"hash":"x2UuARoZ1Fze04bardNAe1d56M8","spine":"3.8.99","x":-51,"y":-30,"width":102,"height":60,"fps":15,"images":"./资源/","audio":""},"bones":[{"name":"root"}],"slots":[{"name":"owner_00","bone":"root","attachment":"owner_25"}],"skins":[{"name":"default","attachments":{"owner_00":{"owner_00":{"width":102,"height":60},"owner_01":{"width":102,"height":60},"owner_03":{"width":102,"height":60},"owner_04":{"width":102,"height":60},"owner_06":{"width":102,"height":60},"owner_07":{"width":102,"height":60},"owner_09":{"width":102,"height":60},"owner_10":{"width":102,"height":60},"owner_12":{"width":102,"height":60},"owner_13":{"width":102,"height":60},"owner_15":{"width":102,"height":60},"owner_16":{"width":102,"height":60},"owner_18":{"width":102,"height":60},"owner_19":{"width":102,"height":60},"owner_21":{"width":102,"height":60},"owner_22":{"width":102,"height":60},"owner_24":{"width":102,"height":60},"owner_25":{"width":102,"height":60}}}}],"animations":{"move_owner":{"slots":{"owner_00":{"attachment":[{"name":"owner_00"},{"time":0.1333,"name":"owner_01"},{"time":0.2667,"name":"owner_03"},{"time":0.4,"name":"owner_04"},{"time":0.5333,"name":"owner_06"},{"time":0.6667,"name":"owner_07"},{"time":0.8,"name":"owner_09"},{"time":0.9333,"name":"owner_10"},{"time":1.0667,"name":"owner_12"},{"time":1.2,"name":"owner_13"},{"time":1.3333,"name":"owner_15"},{"time":1.4667,"name":"owner_16"},{"time":1.6,"name":"owner_18"},{"time":1.7333,"name":"owner_19"},{"time":1.8667,"name":"owner_21"},{"time":2,"name":"owner_22"},{"time":2.1333,"name":"owner_24"},{"time":2.2667,"name":"owner_25"},{"time":2.4,"name":"owner_00"}]}}}}},[0]]],0,0,[0],[-1],[0]]