{"skeleton":{"hash":"8DBflHiuIMdHIfzA2yTwZM6CPVo","spine":"3.8.99","x":-640,"y":-360,"width":1280,"height":720,"fps":45,"images":"./images/sibaziqing2/","audio":""},"bones":[{"name":"root"},{"name":"bg","parent":"root"},{"name":"2qiqiangyi","parent":"root"},{"name":"2sigangpai","parent":"root"},{"name":"qiqiangyi_majiang1","parent":"2qiqiangyi"},{"name":"qiqiangyi_majiang2","parent":"2qiqiangyi"},{"name":"qiqiangyi_majiang3","parent":"2qiqiangyi"},{"name":"qiqiangyi_majiang4","parent":"2qiqiangyi"},{"name":"qiqiangyi_majiang5","parent":"2qiqiangyi"},{"name":"qiqiangyi_majiang6","parent":"2qiqiangyi"},{"name":"qiqiangyi_hand","parent":"2qiqiangyi"},{"name":"qiqiangyi_majiang7","parent":"2qiqiangyi"},{"name":"qiqiangyi_majiang8","parent":"2qiqiangyi"},{"name":"qiqiangyi_title","parent":"2qiqiangyi"},{"name":"sigangpai_light","parent":"2sigangpai"},{"name":"sigangpai_majiang1","parent":"2sigangpai"},{"name":"sigangpai_majiang2","parent":"2sigangpai"},{"name":"sigangpai_title","parent":"2sigangpai"},{"name":"shandian","parent":"2qiqiangyi","rotation":90},{"name":"shandianliu","parent":"2qiqiangyi"},{"name":"qiqiangyi_title2","parent":"2qiqiangyi"},{"name":"qiqiangyi_majiang9","parent":"2qiqiangyi"},{"name":"qiqiangyi_majiang10","parent":"2qiqiangyi"},{"name":"4gangpai_bg","parent":"2sigangpai"},{"name":"guangzhu","parent":"2sigangpai","rotation":360,"x":-64.78},{"name":"sigangpai_title2","parent":"2sigangpai"},{"name":"sigangpai_light2","parent":"2sigangpai"},{"name":"lizi","parent":"2sigangpai"},{"name":"lizi2","parent":"2sigangpai"},{"name":"lizi3","parent":"2sigangpai"},{"name":"lizi4","parent":"2sigangpai"},{"name":"lizi5","parent":"2sigangpai"},{"name":"lizi6","parent":"2sigangpai"},{"name":"hua","parent":"root"},{"name":"hua1","parent":"hua"},{"name":"hua2","parent":"hua"},{"name":"hua3","parent":"hua"},{"name":"hua4","parent":"hua"},{"name":"hua5","parent":"hua"},{"name":"1hunyise","parent":"root"},{"name":"1haidilaoyue","parent":"root"},{"name":"1hedilaoyu","parent":"root"},{"name":"1gangshangkaihua","parent":"root"},{"name":"gangshangkaihua_title","parent":"1gangshangkaihua","y":-24.52},{"name":"gangshangkaihua_star","parent":"1gangshangkaihua","y":185.88},{"name":"gangshangkaihua-zong","parent":"1gangshangkaihua"},{"name":"gangshangkaihua_hua9","parent":"gangshangkaihua-zong","x":-158.89,"y":-32.81},{"name":"gangshangkaihua_hua8","parent":"gangshangkaihua-zong","x":-102.61,"y":-5.58},{"name":"gangshangkaihua_hua7","parent":"gangshangkaihua-zong","x":-171.01,"y":10.47},{"name":"gangshangkaihua_hua6","parent":"gangshangkaihua-zong","x":-77.48,"y":-20.24},{"name":"gangshangkaihua_hua5","parent":"gangshangkaihua-zong","x":34.9,"y":9.77},{"name":"gangshangkaihua_hua4","parent":"gangshangkaihua-zong","x":4.19,"y":-27.22},{"name":"gangshangkaihua_hua3","parent":"gangshangkaihua-zong","x":122.85,"y":46.07},{"name":"gangshangkaihua_hua2","parent":"gangshangkaihua-zong","rotation":57.04,"x":84.46,"y":-42.58},{"name":"gangshangkaihua_hua1","parent":"gangshangkaihua-zong","x":148.67,"y":46.77},{"name":"feihe","parent":"1haidilaoyue"},{"name":"haidilaoyue_feihe","parent":"feihe","x":-50.26,"y":136.11,"scaleX":0.6211,"scaleY":0.6211},{"name":"haidilaoyue_hailang","parent":"1haidilaoyue","x":-27.11,"y":-4.89},{"name":"haidilaoyue_moon","parent":"1haidilaoyue","x":7.14,"y":80.97},{"name":"haidilaoyue_title","parent":"1haidilaoyue","y":-26.52},{"name":"wave","parent":"1haidilaoyue","x":-78.94,"y":-3.04,"scaleX":1.4332,"scaleY":1.1619},{"name":"hedilaoyu_fish1","parent":"1hedilaoyu","y":106.26},{"name":"hedilaoyu_fish2","parent":"1hedilaoyu","x":224.66,"y":126.5},{"name":"hedilaoyu_hehua1","parent":"1hedilaoyu","x":-135.87,"y":14.8,"scaleX":1.6863,"scaleY":1.6863},{"name":"hedilaoyu_hehua2","parent":"1hedilaoyu","x":81.26,"y":48.6,"scaleX":2.0428,"scaleY":2.0428},{"name":"hedilaoyu_title","parent":"1hedilaoyu","y":-21.25},{"name":"water_wave","parent":"1hedilaoyu","y":-7.08,"scaleX":4.6059,"scaleY":2.3183},{"name":"hunyise_bg1","parent":"1hunyise","x":-110.2,"y":-114.49},{"name":"hunyise_bg2","parent":"1hunyise","x":103.06,"y":-106.54},{"name":"hunyise_bg3","parent":"1hunyise","x":-125.06,"y":-65.43},{"name":"hunyise_title","parent":"1hunyise"},{"name":"hunyise_zhuzi1","parent":"1hunyise","x":-108.31,"y":-135.04},{"name":"hunyise_zhuye1","parent":"hunyise_zhuzi1","x":-26.59,"y":82.43},{"name":"hunyise_zhuye1_2","parent":"hunyise_zhuzi1","x":2.59,"y":221.97},{"name":"hunyise_zhuzi4","parent":"1hunyise","x":70.5,"y":-124.94},{"name":"hunyise_zhuye4","parent":"hunyise_zhuzi4","x":-19.96,"y":72.82},{"name":"hunyise_zhuzi5","parent":"1hunyise","x":109.46,"y":-141.33},{"name":"hunyise_zhuye5","parent":"hunyise_zhuzi5","x":40.31,"y":62.49},{"name":"hunyise_zhuzi2","parent":"1hunyise","x":-180.25,"y":-138.7},{"name":"hunyise_zhuzi3","parent":"1hunyise","x":32.15,"y":-132.19},{"name":"hunyise_zhuzi6","parent":"1hunyise","x":-104.9,"y":-120.38},{"name":"zhuye","parent":"1hunyise","x":149.82,"y":291.72,"scaleX":1.5366,"scaleY":1.5366},{"name":"haidilaoyue_feihe2","parent":"feihe","x":-78.87,"y":99.81},{"name":"haidilaoyue_feihe3","parent":"feihe","x":-10.47,"y":113.77,"scaleX":0.4472,"scaleY":0.4472},{"name":"gangshangkaihua_star2","parent":"gangshangkaihua-zong","y":185.88},{"name":"gangshangkaihua_star3","parent":"1gangshangkaihua","y":185.88},{"name":"gangshangkaihua_star4","parent":"1gangshangkaihua","y":185.88},{"name":"gangshangkaihua_star5","parent":"1gangshangkaihua","y":185.88},{"name":"gangshangkaihua_star6","parent":"1gangshangkaihua","y":185.88},{"name":"gangshangkaihua_star7","parent":"gangshangkaihua-zong","y":185.88},{"name":"gangshangkaihua_title2","parent":"1gangshangkaihua","y":-24.52},{"name":"wave2","parent":"1haidilaoyue","x":90.98,"y":-3.04,"scaleX":1.4332,"scaleY":1.1619},{"name":"hedilaoyu_fish3","parent":"1hedilaoyu","y":106.26},{"name":"hedilaoyu_fish4","parent":"1hedilaoyu","x":224.66,"y":126.5},{"name":"hedilaoyu_fish5","parent":"1hedilaoyu","x":224.66,"y":126.5},{"name":"zhuye2","parent":"1hunyise","x":-29.7,"y":269.94,"scaleX":1.5366,"scaleY":1.5366},{"name":"zhuye3","parent":"1hunyise","x":283.14,"y":134.64,"scaleX":1.5366,"scaleY":1.5366},{"name":"zhuye4","parent":"1hunyise","x":-297.66,"y":165,"scaleX":1.5366,"scaleY":1.5366},{"name":"zhuye5","parent":"1hunyise","x":97.68,"y":183.48,"scaleX":1.5366,"scaleY":1.5366},{"name":"zhuye6","parent":"1hunyise","x":-0.66,"y":36.3,"scaleX":1.5366,"scaleY":1.5366},{"name":"zhuye7","parent":"1hunyise","x":-166.32,"y":134.64,"scaleX":1.5366,"scaleY":1.5366},{"name":"hunyise_title2","parent":"1hunyise"},{"name":"4pengpenghu","parent":"root"},{"name":"pengpenghu_bg","parent":"4pengpenghu"},{"name":"pengpenghu_bird1","parent":"4pengpenghu"},{"name":"pengpenghu_bird2","parent":"4pengpenghu"},{"name":"pengpenghu_lizi","parent":"4pengpenghu"},{"name":"pengpenghu_majiang1","parent":"4pengpenghu"},{"name":"pengpenghu_majiang2","parent":"4pengpenghu"},{"name":"pengpenghu_title","parent":"4pengpenghu"},{"name":"pengpenghu_title2","parent":"4pengpenghu"},{"name":"pengpenghu_lizi2","parent":"4pengpenghu"},{"name":"pengpenghu_lizi3","parent":"4pengpenghu"},{"name":"4xiasanyuan","parent":"root"},{"name":"xiaosanyuan__majiang1","parent":"4xiasanyuan"},{"name":"xiaosanyuan__majiang2","parent":"4xiasanyuan"},{"name":"xiaosanyuan__majiang3","parent":"4xiasanyuan"},{"name":"xiaosanyuan_starA","parent":"4xiasanyuan"},{"name":"xiaosanyuan_starB","parent":"4xiasanyuan"},{"name":"xiaosanyuan_starC","parent":"4xiasanyuan"},{"name":"xiaosanyuan_title","parent":"4xiasanyuan"},{"name":"xiaosanyuan_title2","parent":"4xiasanyuan"},{"name":"xiaosanyuan_starA2","parent":"4xiasanyuan"},{"name":"xiaosanyuan_starA3","parent":"4xiasanyuan"}],"slots":[{"name":"1程序麻将摆牌","bone":"bg"},{"name":"energy_yanwu/energy_yanwu_00","bone":"shandianliu"},{"name":"qiqiangyi_majiang1","bone":"qiqiangyi_majiang1"},{"name":"qiqiangyi_majiang16","bone":"qiqiangyi_majiang9","blend":"additive"},{"name":"qiqiangyi_majiang17","bone":"qiqiangyi_majiang10","blend":"additive"},{"name":"qiqiangyi_hand","bone":"qiqiangyi_hand"},{"name":"energy_shu/lightning01","bone":"shandian"},{"name":"qiqiangyi_majiang2","bone":"qiqiangyi_majiang2"},{"name":"qiqiangyi_majiang9","bone":"qiqiangyi_majiang2","blend":"additive"},{"name":"qiqiangyi_majiang3","bone":"qiqiangyi_majiang3"},{"name":"qiqiangyi_majiang10","bone":"qiqiangyi_majiang3","blend":"additive"},{"name":"qiqiangyi_majiang4","bone":"qiqiangyi_majiang4"},{"name":"qiqiangyi_majiang11","bone":"qiqiangyi_majiang4","blend":"additive"},{"name":"qiqiangyi_majiang5","bone":"qiqiangyi_majiang5"},{"name":"qiqiangyi_majiang12","bone":"qiqiangyi_majiang5","blend":"additive"},{"name":"qiqiangyi_majiang8","bone":"qiqiangyi_majiang8"},{"name":"qiqiangyi_majiang15","bone":"qiqiangyi_majiang8","blend":"additive"},{"name":"qiqiangyi_majiang7","bone":"qiqiangyi_majiang7"},{"name":"qiqiangyi_majiang14","bone":"qiqiangyi_majiang7","blend":"additive"},{"name":"qiqiangyi_majiang6","bone":"qiqiangyi_majiang6"},{"name":"qiqiangyi_majiang13","bone":"qiqiangyi_majiang6","blend":"additive"},{"name":"qiqiangyi_title","bone":"qiqiangyi_title"},{"name":"qiqiangyi_title2","bone":"qiqiangyi_title2","blend":"additive"},{"name":"pengpenghu_bg","bone":"4gangpai_bg"},{"name":"shandian_guangzhu/guangzhu_00","bone":"guangzhu","color":"2dd517ff","blend":"additive"},{"name":"shandian_guangzhu/guangzhu_1","bone":"guangzhu","color":"2dd517ff","blend":"additive"},{"name":"shandian_guangzhu/guangzhu_0","bone":"guangzhu","color":"fbffb4ff","blend":"additive"},{"name":"sigangpai_light","bone":"sigangpai_light","blend":"additive"},{"name":"sigangpai_light2","bone":"sigangpai_light2","blend":"additive"},{"name":"sigangpai_majiang1","bone":"sigangpai_majiang1"},{"name":"sigangpai_majiang2","bone":"sigangpai_majiang2"},{"name":"sigangpai_title","bone":"sigangpai_title"},{"name":"sigangpai_title2","bone":"sigangpai_title2","blend":"additive"},{"name":"xiaosanyuan_starA","bone":"lizi","blend":"additive"},{"name":"xiaosanyuan_starA2","bone":"lizi2","blend":"additive"},{"name":"xiaosanyuan_starA3","bone":"lizi3","blend":"additive"},{"name":"xiaosanyuan_starA4","bone":"lizi4","blend":"additive"},{"name":"xiaosanyuan_starA5","bone":"lizi5","blend":"additive"},{"name":"xiaosanyuan_starA6","bone":"lizi6","blend":"additive"},{"name":"huaban/hua1","bone":"hua1"},{"name":"huaban/hua2","bone":"hua2"},{"name":"huaban/hua3","bone":"hua3"},{"name":"huaban/hua4","bone":"hua4"},{"name":"huaban/hua5","bone":"hua5"},{"name":"gangshangkaihua_hua9","bone":"gangshangkaihua_hua9"},{"name":"gangshangkaihua_hua8","bone":"gangshangkaihua_hua8"},{"name":"gangshangkaihua_hua7","bone":"gangshangkaihua_hua7"},{"name":"gangshangkaihua_hua6","bone":"gangshangkaihua_hua6"},{"name":"gangshangkaihua_hua5","bone":"gangshangkaihua_hua5"},{"name":"gangshangkaihua_hua4","bone":"gangshangkaihua_hua4"},{"name":"gangshangkaihua_hua3","bone":"gangshangkaihua_hua3"},{"name":"gangshangkaihua_hua2","bone":"gangshangkaihua_hua2"},{"name":"gangshangkaihua_hua1","bone":"gangshangkaihua_hua1"},{"name":"gangshangkaihua_star","bone":"gangshangkaihua_star","blend":"additive"},{"name":"gangshangkaihua_star8","bone":"gangshangkaihua_star","blend":"additive"},{"name":"gangshangkaihua_star4","bone":"gangshangkaihua_star3","color":"ffc300ff","blend":"additive"},{"name":"gangshangkaihua_star9","bone":"gangshangkaihua_star3","color":"ffc300ff","blend":"additive"},{"name":"gangshangkaihua_star5","bone":"gangshangkaihua_star4","color":"ffc300ff","blend":"additive"},{"name":"gangshangkaihua_star10","bone":"gangshangkaihua_star4","color":"ffc300ff","blend":"additive"},{"name":"gangshangkaihua_star6","bone":"gangshangkaihua_star5","color":"ffc300ff","blend":"additive"},{"name":"gangshangkaihua_star11","bone":"gangshangkaihua_star5","color":"ffc300ff","blend":"additive"},{"name":"gangshangkaihua_star7","bone":"gangshangkaihua_star6","color":"ffc300ff","blend":"additive"},{"name":"gangshangkaihua_star12","bone":"gangshangkaihua_star6","color":"ffc300ff","blend":"additive"},{"name":"gangshangkaihua_star2","bone":"gangshangkaihua_star2","blend":"additive"},{"name":"gangshangkaihua_star13","bone":"gangshangkaihua_star7","blend":"additive"},{"name":"gangshangkaihua_star3","bone":"gangshangkaihua_star2","color":"ffc517ff","blend":"additive"},{"name":"gangshangkaihua_star14","bone":"gangshangkaihua_star7","color":"ffc517ff","blend":"additive"},{"name":"gangshangkaihua_title","bone":"gangshangkaihua_title"},{"name":"gangshangkaihua_title2","bone":"gangshangkaihua_title2","blend":"additive"},{"name":"haidilaoyue_moon","bone":"haidilaoyue_moon"},{"name":"haidilaoyue_feihe","bone":"haidilaoyue_feihe"},{"name":"haidilaoyue_feihe3","bone":"haidilaoyue_feihe3"},{"name":"haidilaoyue_feihe2","bone":"haidilaoyue_feihe2"},{"name":"haidilaoyue_hailang","bone":"haidilaoyue_hailang"},{"name":"wave/wave_00","bone":"wave","blend":"additive"},{"name":"wave/wave_0","bone":"wave2","blend":"additive"},{"name":"haidilaoyue_title","bone":"haidilaoyue_title"},{"name":"haidilaoyue_title2","bone":"haidilaoyue_title","blend":"additive"},{"name":"hedilaoyu_fish1","bone":"hedilaoyu_fish1"},{"name":"hedilaoyu_fish3","bone":"hedilaoyu_fish3"},{"name":"hedilaoyu_fish2","bone":"hedilaoyu_fish2"},{"name":"hedilaoyu_fish4","bone":"hedilaoyu_fish4"},{"name":"hedilaoyu_fish5","bone":"hedilaoyu_fish5"},{"name":"water_wave/water_00","bone":"water_wave"},{"name":"hedilaoyu_hehua2","bone":"hedilaoyu_hehua2"},{"name":"hedilaoyu_hehua4","bone":"hedilaoyu_hehua2"},{"name":"hedilaoyu_hehua1","bone":"hedilaoyu_hehua1"},{"name":"hedilaoyu_hehua3","bone":"hedilaoyu_hehua1"},{"name":"hedilaoyu_title","bone":"hedilaoyu_title"},{"name":"hedilaoyu_title2","bone":"hedilaoyu_title","blend":"additive"},{"name":"hunyise_bg2","bone":"hunyise_bg2"},{"name":"hunyise_bg3","bone":"hunyise_bg3"},{"name":"hunyise_zhuzi6","bone":"hunyise_zhuzi6"},{"name":"hunyise_bg1","bone":"hunyise_bg1"},{"name":"hunyise_zhuye1_2","bone":"hunyise_zhuye1_2"},{"name":"hunyise_zhuzi1","bone":"hunyise_zhuzi1"},{"name":"hunyise_zhuye1","bone":"hunyise_zhuye1"},{"name":"hunyise_zhuzi2","bone":"hunyise_zhuzi2"},{"name":"hunyise_zhuzi3","bone":"hunyise_zhuzi3"},{"name":"hunyise_zhuzi4","bone":"hunyise_zhuzi4"},{"name":"hunyise_zhuye4","bone":"hunyise_zhuye4"},{"name":"hunyise_zhuzi5","bone":"hunyise_zhuzi5"},{"name":"hunyise_zhuye5","bone":"hunyise_zhuye5"},{"name":"hunyise_title","bone":"hunyise_title"},{"name":"hunyise_title2","bone":"hunyise_title2","blend":"additive"},{"name":"zhuye","bone":"zhuye"},{"name":"zhuye2","bone":"zhuye2"},{"name":"zhuye3","bone":"zhuye3"},{"name":"zhuye4","bone":"zhuye4"},{"name":"zhuye5","bone":"zhuye5"},{"name":"zhuye6","bone":"zhuye6"},{"name":"zhuye7","bone":"zhuye7"},{"name":"sibaziqing/pengpenghu_majiang1","bone":"pengpenghu_majiang1"},{"name":"sibaziqing/pengpenghu_majiang2","bone":"pengpenghu_majiang2"},{"name":"sibaziqing/pengpenghu_bg","bone":"pengpenghu_bg"},{"name":"sibaziqing/pengpenghu_lizi","bone":"pengpenghu_lizi"},{"name":"sibaziqing/pengpenghu_lizi2","bone":"pengpenghu_lizi2","blend":"additive"},{"name":"sibaziqing/pengpenghu_lizi3","bone":"pengpenghu_lizi3","color":"ffb216ff","blend":"additive"},{"name":"sibaziqing/pengpenghu_bird1","bone":"pengpenghu_bird1"},{"name":"sibaziqing/pengpenghu_bird2","bone":"pengpenghu_bird2"},{"name":"sibaziqing/pengpenghu_title","bone":"pengpenghu_title"},{"name":"sibaziqing/pengpenghu_title2","bone":"pengpenghu_title2","blend":"additive"},{"name":"sibaziqing/xiaosanyuan__majiang1","bone":"xiaosanyuan__majiang1"},{"name":"sibaziqing/xiaosanyuan__majiang2","bone":"xiaosanyuan__majiang2"},{"name":"sibaziqing/xiaosanyuan__majiang3","bone":"xiaosanyuan__majiang3"},{"name":"sibaziqing/xiaosanyuan_starA","bone":"xiaosanyuan_starA","blend":"additive"},{"name":"sibaziqing/xiaosanyuan_starA6","bone":"xiaosanyuan_starA2","blend":"additive"},{"name":"sibaziqing/xiaosanyuan_starA7","bone":"xiaosanyuan_starA3","blend":"additive"},{"name":"sibaziqing/xiaosanyuan_starB","bone":"xiaosanyuan_starB","blend":"additive"},{"name":"sibaziqing/xiaosanyuan_starC","bone":"xiaosanyuan_starC","blend":"additive"},{"name":"sibaziqing/xiaosanyuan_title","bone":"xiaosanyuan_title"},{"name":"sibaziqing/xiaosanyuan_title2","bone":"xiaosanyuan_title2","blend":"additive"}],"skins":[{"name":"default","attachments":{"energy_shu/lightning01":{"energy_shu/lightning01":{"width":260,"height":90},"energy_shu/lightning02":{"width":260,"height":90},"energy_shu/lightning03":{"width":260,"height":90},"energy_shu/lightning04":{"width":260,"height":90}},"energy_yanwu/energy_yanwu_00":{"energy_yanwu/energy_yanwu_00":{"width":160,"height":240},"energy_yanwu/energy_yanwu_01":{"width":160,"height":240},"energy_yanwu/energy_yanwu_02":{"width":160,"height":240},"energy_yanwu/energy_yanwu_03":{"width":160,"height":240},"energy_yanwu/energy_yanwu_04":{"width":160,"height":240},"energy_yanwu/energy_yanwu_05":{"width":160,"height":240},"energy_yanwu/energy_yanwu_06":{"width":160,"height":240},"energy_yanwu/energy_yanwu_07":{"width":160,"height":240},"energy_yanwu/energy_yanwu_08":{"width":160,"height":240},"energy_yanwu/energy_yanwu_09":{"width":160,"height":240},"energy_yanwu/energy_yanwu_10":{"width":160,"height":240},"energy_yanwu/energy_yanwu_11":{"width":160,"height":240},"energy_yanwu/energy_yanwu_12":{"width":160,"height":240},"energy_yanwu/energy_yanwu_13":{"width":160,"height":240},"energy_yanwu/energy_yanwu_14":{"width":160,"height":240},"energy_yanwu/energy_yanwu_15":{"width":160,"height":240},"energy_yanwu/energy_yanwu_16":{"width":160,"height":240},"energy_yanwu/energy_yanwu_17":{"width":160,"height":240},"energy_yanwu/energy_yanwu_18":{"width":160,"height":240},"energy_yanwu/energy_yanwu_19":{"width":160,"height":240},"energy_yanwu/energy_yanwu_20":{"width":160,"height":240},"energy_yanwu/energy_yanwu_21":{"width":160,"height":240},"energy_yanwu/energy_yanwu_22":{"width":160,"height":240},"energy_yanwu/energy_yanwu_23":{"width":160,"height":240}},"gangshangkaihua_hua1":{"gangshangkaihua_hua1":{"x":37.69,"y":36.8,"width":122,"height":141}},"gangshangkaihua_hua2":{"gangshangkaihua_hua2":{"x":35.71,"y":-17.1,"width":71,"height":82}},"gangshangkaihua_hua3":{"gangshangkaihua_hua3":{"x":-1.59,"y":-10.67,"width":87,"height":107}},"gangshangkaihua_hua4":{"gangshangkaihua_hua4":{"x":1.4,"y":0.5,"width":84,"height":89}},"gangshangkaihua_hua5":{"gangshangkaihua_hua5":{"x":20.94,"y":36.1,"width":78,"height":75}},"gangshangkaihua_hua6":{"gangshangkaihua_hua6":{"x":52.85,"y":25.13,"width":125,"height":134}},"gangshangkaihua_hua7":{"gangshangkaihua_hua7":{"x":36.3,"y":10.97,"width":54,"height":51}},"gangshangkaihua_hua8":{"gangshangkaihua_hua8":{"y":0.5,"width":84,"height":89}},"gangshangkaihua_hua9":{"gangshangkaihua_hua9":{"x":38.19,"y":26.52,"width":145,"height":124}},"gangshangkaihua_star":{"gangshangkaihua_star":{"x":0.5,"width":91,"height":78}},"gangshangkaihua_star2":{"gangshangkaihua_star":{"x":0.5,"width":91,"height":78}},"gangshangkaihua_star3":{"gangshangkaihua_star":{"x":0.5,"width":91,"height":78}},"gangshangkaihua_star4":{"gangshangkaihua_star":{"x":0.5,"width":91,"height":78}},"gangshangkaihua_star5":{"gangshangkaihua_star":{"x":0.5,"width":91,"height":78}},"gangshangkaihua_star6":{"gangshangkaihua_star":{"x":0.5,"width":91,"height":78}},"gangshangkaihua_star7":{"gangshangkaihua_star":{"x":0.5,"width":91,"height":78}},"gangshangkaihua_star8":{"gangshangkaihua_star":{"x":0.5,"width":91,"height":78}},"gangshangkaihua_star9":{"gangshangkaihua_star":{"x":0.5,"width":91,"height":78}},"gangshangkaihua_star10":{"gangshangkaihua_star":{"x":0.5,"width":91,"height":78}},"gangshangkaihua_star11":{"gangshangkaihua_star":{"x":0.5,"width":91,"height":78}},"gangshangkaihua_star12":{"gangshangkaihua_star":{"x":0.5,"width":91,"height":78}},"gangshangkaihua_star13":{"gangshangkaihua_star":{"x":0.5,"width":91,"height":78}},"gangshangkaihua_star14":{"gangshangkaihua_star":{"x":0.5,"width":91,"height":78}},"gangshangkaihua_title":{"gangshangkaihua_title":{"x":0.5,"width":471,"height":144}},"gangshangkaihua_title2":{"gangshangkaihua_title":{"x":0.5,"width":471,"height":144}},"haidilaoyue_feihe":{"haidilaoyue_feihe":{"x":0.5,"width":63,"height":54}},"haidilaoyue_feihe2":{"haidilaoyue_feihe":{"x":0.5,"width":63,"height":54}},"haidilaoyue_feihe3":{"haidilaoyue_feihe":{"x":0.5,"width":63,"height":54}},"haidilaoyue_hailang":{"haidilaoyue_hailang":{"width":312,"height":144}},"haidilaoyue_moon":{"haidilaoyue_moon":{"y":0.5,"width":351,"height":307}},"haidilaoyue_title":{"haidilaoyue_title":{"x":0.5,"y":0.5,"width":435,"height":125}},"haidilaoyue_title2":{"haidilaoyue_title":{"x":0.5,"y":0.5,"width":435,"height":125}},"hedilaoyu_fish1":{"hedilaoyu_fish1":{"x":0.5,"width":101,"height":48}},"hedilaoyu_fish2":{"hedilaoyu_fish2":{"x":0.5,"width":131,"height":48}},"hedilaoyu_fish3":{"hedilaoyu_fish1":{"x":0.5,"width":101,"height":48}},"hedilaoyu_fish4":{"hedilaoyu_fish2":{"x":0.5,"width":131,"height":48}},"hedilaoyu_fish5":{"hedilaoyu_fish2":{"x":0.5,"width":131,"height":48}},"hedilaoyu_hehua1":{"hedilaoyu_hehua1":{"x":0.5,"y":0.5,"width":300,"height":175}},"hedilaoyu_hehua2":{"hedilaoyu_hehua2":{"x":0.5,"y":0.5,"width":300,"height":196}},"hedilaoyu_hehua3":{"hedilaoyu_hehua1":{"x":0.5,"y":0.5,"width":300,"height":175}},"hedilaoyu_hehua4":{"hedilaoyu_hehua2":{"x":0.5,"y":0.5,"width":300,"height":196}},"hedilaoyu_title":{"hedilaoyu_title":{"width":446,"height":124}},"hedilaoyu_title2":{"hedilaoyu_title":{"width":446,"height":124}},"huaban/hua1":{"huaban/hua1":{"width":26,"height":24}},"huaban/hua2":{"huaban/hua2":{"x":0.5,"y":0.5,"width":21,"height":17}},"huaban/hua3":{"huaban/hua3":{"y":0.5,"width":18,"height":15}},"huaban/hua4":{"huaban/hua4":{"y":0.5,"width":18,"height":17}},"huaban/hua5":{"huaban/hua5":{"x":0.5,"y":0.5,"width":53,"height":55}},"hunyise_bg1":{"hunyise_bg1":{"x":0.5,"y":0.5,"width":439,"height":113}},"hunyise_bg2":{"hunyise_bg2":{"x":0.5,"width":495,"height":120}},"hunyise_bg3":{"hunyise_bg3":{"x":0.5,"width":383,"height":194}},"hunyise_title":{"hunyise_title":{"y":0.5,"width":408,"height":151}},"hunyise_title2":{"hunyise_title":{"y":0.5,"width":408,"height":151}},"hunyise_zhuye1":{"hunyise_zhuye1":{"x":-67.98,"y":82.5,"width":162,"height":172}},"hunyise_zhuye1_2":{"hunyise_zhuye1_2":{"x":-12.54,"y":51.32,"width":118,"height":115}},"hunyise_zhuye4":{"hunyise_zhuye4":{"x":-52.8,"y":86.96,"width":174,"height":177}},"hunyise_zhuye5":{"hunyise_zhuye5":{"x":83.16,"y":84.98,"width":172,"height":171}},"hunyise_zhuzi1":{"hunyise_zhuzi1":{"x":-11.34,"y":169.45,"width":125,"height":344}},"hunyise_zhuzi2":{"hunyise_zhuzi2":{"x":-20.04,"y":55.16,"width":84,"height":115}},"hunyise_zhuzi3":{"hunyise_zhuzi3":{"y":82.49,"width":100,"height":169}},"hunyise_zhuzi4":{"hunyise_zhuzi4":{"y":115.29,"width":62,"height":249}},"hunyise_zhuzi5":{"hunyise_zhuzi5":{"x":55.16,"y":154.87,"width":147,"height":338}},"hunyise_zhuzi6":{"hunyise_zhuzi6":{"y":110.73,"width":158,"height":241}},"pengpenghu_bg":{"pengpenghu_bg":{"x":0.5,"y":0.5,"width":537,"height":111}},"qiqiangyi_hand":{"qiqiangyi_hand":{"width":282,"height":254}},"qiqiangyi_majiang1":{"qiqiangyi_majiang1":{"x":0.5,"y":0.5,"width":89,"height":73}},"qiqiangyi_majiang2":{"qiqiangyi_majiang2":{"x":0.5,"width":115,"height":80}},"qiqiangyi_majiang3":{"qiqiangyi_majiang3":{"width":106,"height":84}},"qiqiangyi_majiang4":{"qiqiangyi_majiang4":{"width":108,"height":94}},"qiqiangyi_majiang5":{"qiqiangyi_majiang5":{"x":0.5,"y":0.5,"width":103,"height":97}},"qiqiangyi_majiang6":{"qiqiangyi_majiang6":{"x":0.5,"width":107,"height":122}},"qiqiangyi_majiang7":{"qiqiangyi_majiang7":{"x":0.5,"y":0.5,"width":113,"height":91}},"qiqiangyi_majiang8":{"qiqiangyi_majiang8":{"y":0.5,"width":116,"height":77}},"qiqiangyi_majiang9":{"qiqiangyi_majiang2":{"x":0.5,"width":115,"height":80}},"qiqiangyi_majiang10":{"qiqiangyi_majiang3":{"width":106,"height":84}},"qiqiangyi_majiang11":{"qiqiangyi_majiang4":{"width":108,"height":94}},"qiqiangyi_majiang12":{"qiqiangyi_majiang5":{"x":0.5,"y":0.5,"width":103,"height":97}},"qiqiangyi_majiang13":{"qiqiangyi_majiang6":{"x":0.5,"width":107,"height":122}},"qiqiangyi_majiang14":{"qiqiangyi_majiang7":{"x":0.5,"y":0.5,"width":113,"height":91}},"qiqiangyi_majiang15":{"qiqiangyi_majiang8":{"y":0.5,"width":116,"height":77}},"qiqiangyi_majiang16":{"qiqiangyi_majiang1":{"x":0.5,"y":0.5,"width":89,"height":73}},"qiqiangyi_majiang17":{"qiqiangyi_majiang1":{"x":0.5,"y":0.5,"width":89,"height":73}},"qiqiangyi_title":{"qiqiangyi_title":{"width":402,"height":144}},"qiqiangyi_title2":{"qiqiangyi_title":{"width":402,"height":144}},"shandian_guangzhu/guangzhu_0":{"shandian_guangzhu/guangzhu_00":{"x":0.5,"width":333,"height":200},"shandian_guangzhu/guangzhu_01":{"x":0.5,"width":333,"height":200},"shandian_guangzhu/guangzhu_02":{"x":0.5,"width":333,"height":200},"shandian_guangzhu/guangzhu_03":{"x":0.5,"width":333,"height":200},"shandian_guangzhu/guangzhu_04":{"x":0.5,"width":333,"height":200},"shandian_guangzhu/guangzhu_05":{"x":0.5,"width":333,"height":200},"shandian_guangzhu/guangzhu_06":{"x":0.5,"width":333,"height":200},"shandian_guangzhu/guangzhu_07":{"x":0.5,"width":333,"height":200}},"shandian_guangzhu/guangzhu_00":{"shandian_guangzhu/guangzhu_00":{"x":0.5,"width":333,"height":200},"shandian_guangzhu/guangzhu_01":{"x":0.5,"width":333,"height":200},"shandian_guangzhu/guangzhu_02":{"x":0.5,"width":333,"height":200},"shandian_guangzhu/guangzhu_03":{"x":0.5,"width":333,"height":200},"shandian_guangzhu/guangzhu_04":{"x":0.5,"width":333,"height":200},"shandian_guangzhu/guangzhu_05":{"x":0.5,"width":333,"height":200},"shandian_guangzhu/guangzhu_06":{"x":0.5,"width":333,"height":200},"shandian_guangzhu/guangzhu_07":{"x":0.5,"width":333,"height":200}},"shandian_guangzhu/guangzhu_1":{"shandian_guangzhu/guangzhu_00":{"x":0.5,"width":333,"height":200},"shandian_guangzhu/guangzhu_01":{"x":0.5,"width":333,"height":200},"shandian_guangzhu/guangzhu_02":{"x":0.5,"width":333,"height":200},"shandian_guangzhu/guangzhu_03":{"x":0.5,"width":333,"height":200},"shandian_guangzhu/guangzhu_04":{"x":0.5,"width":333,"height":200},"shandian_guangzhu/guangzhu_05":{"x":0.5,"width":333,"height":200},"shandian_guangzhu/guangzhu_06":{"x":0.5,"width":333,"height":200},"shandian_guangzhu/guangzhu_07":{"x":0.5,"width":333,"height":200}},"sibaziqing/pengpenghu_bg":{"sibaziqing/pengpenghu_bg":{"x":0.5,"y":0.5,"width":537,"height":111}},"sibaziqing/pengpenghu_bird1":{"sibaziqing/pengpenghu_bird1":{"y":0.5,"width":174,"height":75}},"sibaziqing/pengpenghu_bird2":{"sibaziqing/pengpenghu_bird2":{"width":166,"height":72}},"sibaziqing/pengpenghu_lizi":{"sibaziqing/pengpenghu_lizi":{"x":0.5,"width":481,"height":144}},"sibaziqing/pengpenghu_lizi2":{"sibaziqing/pengpenghu_lizi":{"x":0.5,"width":481,"height":144}},"sibaziqing/pengpenghu_lizi3":{"sibaziqing/pengpenghu_lizi":{"x":0.5,"width":481,"height":144}},"sibaziqing/pengpenghu_majiang1":{"sibaziqing/pengpenghu_majiang1":{"x":0.5,"y":0.5,"width":145,"height":139}},"sibaziqing/pengpenghu_majiang2":{"sibaziqing/pengpenghu_majiang2":{"x":0.5,"y":0.5,"width":145,"height":139}},"sibaziqing/pengpenghu_title":{"sibaziqing/pengpenghu_title":{"y":0.5,"width":376,"height":127}},"sibaziqing/pengpenghu_title2":{"sibaziqing/pengpenghu_title":{"y":0.5,"width":376,"height":127}},"sibaziqing/xiaosanyuan__majiang1":{"sibaziqing/xiaosanyuan__majiang1":{"x":0.5,"width":113,"height":112}},"sibaziqing/xiaosanyuan__majiang2":{"sibaziqing/xiaosanyuan__majiang2":{"width":86,"height":110}},"sibaziqing/xiaosanyuan__majiang3":{"sibaziqing/xiaosanyuan__majiang3":{"width":116,"height":114}},"sibaziqing/xiaosanyuan_starA":{"sibaziqing/xiaosanyuan_starA":{"x":0.5,"y":0.5,"width":51,"height":47}},"sibaziqing/xiaosanyuan_starA6":{"sibaziqing/xiaosanyuan_starA":{"x":0.5,"y":0.5,"width":51,"height":47}},"sibaziqing/xiaosanyuan_starA7":{"sibaziqing/xiaosanyuan_starA":{"x":0.5,"y":0.5,"width":51,"height":47}},"sibaziqing/xiaosanyuan_starB":{"sibaziqing/xiaosanyuan_starB":{"y":0.5,"width":146,"height":123}},"sibaziqing/xiaosanyuan_starC":{"sibaziqing/xiaosanyuan_starC":{"y":0.5,"width":146,"height":123}},"sibaziqing/xiaosanyuan_title":{"sibaziqing/xiaosanyuan_title":{"x":0.5,"y":0.5,"width":371,"height":129}},"sibaziqing/xiaosanyuan_title2":{"sibaziqing/xiaosanyuan_title":{"x":0.5,"y":0.5,"width":371,"height":129}},"sigangpai_light":{"sigangpai_light":{"width":362,"height":108}},"sigangpai_light2":{"sigangpai_light":{"width":362,"height":108}},"sigangpai_majiang1":{"sigangpai_majiang1":{"y":0.5,"width":74,"height":73}},"sigangpai_majiang2":{"sigangpai_majiang2":{"y":0.5,"width":112,"height":119}},"sigangpai_title":{"sigangpai_title":{"width":382,"height":132}},"sigangpai_title2":{"sigangpai_title":{"width":382,"height":132}},"water_wave/water_00":{"water_wave/water_00":{"width":200,"height":200},"water_wave/water_01":{"width":200,"height":200},"water_wave/water_02":{"width":200,"height":200},"water_wave/water_03":{"width":200,"height":200},"water_wave/water_04":{"width":200,"height":200},"water_wave/water_05":{"width":200,"height":200},"water_wave/water_06":{"width":200,"height":200},"water_wave/water_07":{"width":200,"height":200},"water_wave/water_08":{"width":200,"height":200},"water_wave/water_09":{"width":200,"height":200}},"wave/wave_0":{"wave/wave_00":{"width":410,"height":231},"wave/wave_01":{"width":410,"height":231},"wave/wave_02":{"width":410,"height":231},"wave/wave_03":{"width":410,"height":231},"wave/wave_04":{"width":410,"height":231},"wave/wave_05":{"width":410,"height":231},"wave/wave_06":{"width":410,"height":231},"wave/wave_07":{"width":410,"height":231},"wave/wave_08":{"width":410,"height":231},"wave/wave_09":{"width":410,"height":231},"wave/wave_10":{"width":410,"height":231},"wave/wave_11":{"width":410,"height":231},"wave/wave_12":{"width":410,"height":231},"wave/wave_13":{"width":410,"height":231}},"wave/wave_00":{"wave/wave_00":{"width":410,"height":231},"wave/wave_01":{"width":410,"height":231},"wave/wave_02":{"width":410,"height":231},"wave/wave_03":{"width":410,"height":231},"wave/wave_04":{"width":410,"height":231},"wave/wave_05":{"width":410,"height":231},"wave/wave_06":{"width":410,"height":231},"wave/wave_07":{"width":410,"height":231},"wave/wave_08":{"width":410,"height":231},"wave/wave_09":{"width":410,"height":231},"wave/wave_10":{"width":410,"height":231},"wave/wave_11":{"width":410,"height":231},"wave/wave_12":{"width":410,"height":231},"wave/wave_13":{"width":410,"height":231}},"xiaosanyuan_starA":{"xiaosanyuan_starA":{"x":0.5,"y":0.5,"width":51,"height":47}},"xiaosanyuan_starA2":{"xiaosanyuan_starA":{"x":0.5,"y":0.5,"width":51,"height":47}},"xiaosanyuan_starA3":{"xiaosanyuan_starA":{"x":0.5,"y":0.5,"width":51,"height":47}},"xiaosanyuan_starA4":{"xiaosanyuan_starA":{"x":0.5,"y":0.5,"width":51,"height":47}},"xiaosanyuan_starA5":{"xiaosanyuan_starA":{"x":0.5,"y":0.5,"width":51,"height":47}},"xiaosanyuan_starA6":{"xiaosanyuan_starA":{"x":0.5,"y":0.5,"width":51,"height":47}},"zhuye":{"qingyise_zhuye3":{"x":0.5,"y":0.5,"width":21,"height":23}},"zhuye2":{"qingyise_zhuye3":{"x":0.5,"y":0.5,"width":21,"height":23}},"zhuye3":{"qingyise_zhuye3":{"x":0.5,"y":0.5,"width":21,"height":23}},"zhuye4":{"qingyise_zhuye3":{"x":0.5,"y":0.5,"width":21,"height":23}},"zhuye5":{"qingyise_zhuye3":{"x":0.5,"y":0.5,"width":21,"height":23}},"zhuye6":{"qingyise_zhuye3":{"x":0.5,"y":0.5,"width":21,"height":23}},"zhuye7":{"qingyise_zhuye3":{"x":0.5,"y":0.5,"width":21,"height":23}}}}],"animations":{"gangshangkaihua":{"slots":{"gangshangkaihua_hua1":{"color":[{"color":"ffffffd2"}],"attachment":[{"name":"gangshangkaihua_hua1"}]},"gangshangkaihua_hua2":{"color":[{"color":"ffffffd2"}],"attachment":[{"name":"gangshangkaihua_hua2"}]},"gangshangkaihua_hua3":{"color":[{"color":"ffffffd2"}],"attachment":[{"name":"gangshangkaihua_hua3"}]},"gangshangkaihua_hua4":{"color":[{"color":"ffffffd2"}],"attachment":[{"name":"gangshangkaihua_hua4"}]},"gangshangkaihua_hua5":{"color":[{"color":"ffffffd2"}],"attachment":[{"name":"gangshangkaihua_hua5"}]},"gangshangkaihua_hua6":{"color":[{"color":"ffffffd2"}],"attachment":[{"name":"gangshangkaihua_hua6"}]},"gangshangkaihua_hua7":{"color":[{"color":"ffffffd2"}],"attachment":[{"name":"gangshangkaihua_hua7"}]},"gangshangkaihua_hua8":{"color":[{"color":"ffffffd2"}],"attachment":[{"name":"gangshangkaihua_hua8"}]},"gangshangkaihua_hua9":{"color":[{"color":"ffffffd2"}],"attachment":[{"name":"gangshangkaihua_hua9"}]},"gangshangkaihua_star":{"color":[{"time":0.9333,"color":"ffffffff"},{"time":1,"color":"ffffff00"}],"attachment":[{"time":0.1778,"name":"gangshangkaihua_star"}]},"gangshangkaihua_star2":{"color":[{"color":"ffffff00","curve":0.25,"c3":0.75},{"time":0.1778,"color":"ffffffff","curve":"stepped"},{"time":0.6889,"color":"ffffffff"},{"time":1,"color":"ffffff00"}],"attachment":[{"name":"gangshangkaihua_star"}]},"gangshangkaihua_star3":{"color":[{"color":"ffc51700","curve":0.25,"c3":0.75},{"time":0.1778,"color":"ffc517ff","curve":"stepped"},{"time":0.6889,"color":"ffc517ff"},{"time":1,"color":"ffc51700"}],"attachment":[{"name":"gangshangkaihua_star"}]},"gangshangkaihua_star4":{"color":[{"time":0.1111,"color":"ffc30000","curve":0.25,"c3":0.75},{"time":0.4222,"color":"ffc300ff","curve":"stepped"},{"time":0.9333,"color":"ffc300ff"},{"time":1,"color":"ffc30000"}],"attachment":[{"time":0.1111,"name":"gangshangkaihua_star"}]},"gangshangkaihua_star5":{"color":[{"time":0.1111,"color":"ffc30000","curve":0.25,"c3":0.75},{"time":0.4222,"color":"ffc300ff","curve":"stepped"},{"time":0.9333,"color":"ffc300ff"},{"time":1,"color":"ffc30000"}],"attachment":[{"time":0.1111,"name":"gangshangkaihua_star"}]},"gangshangkaihua_star6":{"color":[{"time":0.1111,"color":"ffc30000","curve":0.25,"c3":0.75},{"time":0.4222,"color":"ffc300ff","curve":"stepped"},{"time":0.9333,"color":"ffc300ff"},{"time":1,"color":"ffc30000"}],"attachment":[{"time":0.1111,"name":"gangshangkaihua_star"}]},"gangshangkaihua_star7":{"color":[{"time":0.1111,"color":"ffc30000","curve":0.25,"c3":0.75},{"time":0.4222,"color":"ffc300ff","curve":"stepped"},{"time":0.9333,"color":"ffc300ff"},{"time":1,"color":"ffc30000"}],"attachment":[{"time":0.1111,"name":"gangshangkaihua_star"}]},"gangshangkaihua_star8":{"color":[{"time":0.9333,"color":"ffffffff"},{"time":1,"color":"ffffff00"}],"attachment":[{"time":0.1778,"name":"gangshangkaihua_star"}]},"gangshangkaihua_star9":{"color":[{"time":0.1111,"color":"ffc30000","curve":0.25,"c3":0.75},{"time":0.4222,"color":"ffc300ff","curve":"stepped"},{"time":0.9333,"color":"ffc300ff"},{"time":1,"color":"ffc30000"}]},"gangshangkaihua_star10":{"color":[{"time":0.1111,"color":"ffc30000","curve":0.25,"c3":0.75},{"time":0.4222,"color":"ffc300ff","curve":"stepped"},{"time":0.9333,"color":"ffc300ff"},{"time":1,"color":"ffc30000"}],"color":[{"time":0.1111,"color":"ffc30000","curve":0.25,"c3":0.75},{"time":0.4222,"color":"ffc300ff"}]},"gangshangkaihua_star11":{"color":[{"time":0.1111,"color":"ffc30000","curve":0.25,"c3":0.75},{"time":0.4222,"color":"ffc300ff","curve":"stepped"},{"time":0.9333,"color":"ffc300ff"},{"time":1,"color":"ffc30000"}],"color":[{"time":0.1111,"color":"ffc30000","curve":0.25,"c3":0.75},{"time":0.4222,"color":"ffc300ff"}]},"gangshangkaihua_star12":{"color":[{"time":0.1111,"color":"ffc30000","curve":0.25,"c3":0.75},{"time":0.4222,"color":"ffc300ff","curve":"stepped"},{"time":0.9333,"color":"ffc300ff"},{"time":1,"color":"ffc30000"}],"color":[{"time":0.1111,"color":"ffc30000","curve":0.25,"c3":0.75},{"time":0.4222,"color":"ffc300ff"}]},"gangshangkaihua_star13":{"color":[{"color":"ffffff00","curve":0.25,"c3":0.75},{"time":0.3111,"color":"ffffffff","curve":"stepped"},{"time":0.6222,"color":"ffffffff"},{"time":0.8222,"color":"ffffff00"}],"attachment":[{"name":"gangshangkaihua_star"}]},"gangshangkaihua_star14":{"color":[{"color":"ffc51700","curve":0.25,"c3":0.75},{"time":0.3111,"color":"ffc517ff","curve":"stepped"},{"time":0.6222,"color":"ffc517ff"},{"time":0.8222,"color":"ffc51700"}]},"gangshangkaihua_title":{"attachment":[{"name":"gangshangkaihua_title"}]},"gangshangkaihua_title2":{"color":[{"time":0.1556,"color":"ffffffff"},{"time":0.7111,"color":"ffffff00"}],"attachment":[{"name":"gangshangkaihua_title"}]},"huaban/hua1":{"color":[{"color":"ffffff00"},{"time":0.1778,"color":"ffffffff","curve":"stepped"},{"time":0.6222,"color":"ffffffff"},{"time":0.9556,"color":"ffffff00"}],"attachment":[{"name":"huaban/hua1"}]},"huaban/hua2":{"color":[{"color":"ffffff00"},{"time":0.1778,"color":"ffffffff","curve":"stepped"},{"time":0.7111,"color":"ffffffff"},{"time":1,"color":"ffffff00"}],"attachment":[{"name":"huaban/hua2"}]},"huaban/hua3":{"color":[{"color":"ffffff00"},{"time":0.1778,"color":"ffffffff","curve":"stepped"},{"time":0.6889,"color":"ffffffff"},{"time":0.9556,"color":"ffffff00"}],"attachment":[{"name":"huaban/hua3"}]},"huaban/hua4":{"color":[{"color":"ffffff00"},{"time":0.1778,"color":"ffffffff","curve":"stepped"},{"time":0.6667,"color":"ffffffff"},{"time":0.9333,"color":"ffffff00"}],"attachment":[{"name":"huaban/hua4"}]},"huaban/hua5":{"color":[{"color":"ffffff00"},{"time":0.1778,"color":"ffffffff","curve":"stepped"},{"time":0.6667,"color":"ffffffff"},{"time":0.9333,"color":"ffffff00"}],"attachment":[{"name":"huaban/hua5"}]}},"bones":{"gangshangkaihua_hua9":{"scale":[{"x":0,"y":0,"curve":0.25,"c3":0.75},{"time":0.0667}]},"gangshangkaihua_hua8":{"scale":[{"x":0,"y":0,"curve":0.25,"c3":0.75},{"time":0.0667}]},"gangshangkaihua_hua7":{"scale":[{"x":0,"y":0,"curve":0.25,"c3":0.75},{"time":0.0667}]},"gangshangkaihua_hua6":{"scale":[{"x":0,"y":0,"curve":0.25,"c3":0.75},{"time":0.0667}]},"gangshangkaihua_hua5":{"scale":[{"x":0,"y":0,"curve":0.25,"c3":0.75},{"time":0.0667}]},"gangshangkaihua_hua4":{"scale":[{"x":0,"y":0,"curve":0.25,"c3":0.75},{"time":0.0667}]},"gangshangkaihua_hua3":{"scale":[{"x":0,"y":0,"curve":0.25,"c3":0.75},{"time":0.0667}]},"gangshangkaihua_hua2":{"scale":[{"x":0,"y":0,"curve":0.25,"c3":0.75},{"time":0.0667}]},"gangshangkaihua_hua1":{"scale":[{"x":0,"y":0,"curve":0.25,"c3":0.75},{"time":0.0667}]},"gangshangkaihua_star":{"rotate":[{"time":0.1778},{"time":0.6222,"angle":-44.9},{"time":1,"angle":-102.44}],"translate":[{"time":0.1778,"x":-133.58,"y":-164.96},{"time":1,"x":-110.57,"y":-164.96}],"scale":[{"time":0.1778,"x":2.729,"y":2.729}]},"gangshangkaihua_title":{"scale":[{"x":0,"y":0,"curve":0.25,"c3":0.75},{"time":0.1556}]},"hua1":{"rotate":[{"time":0.1111},{"time":0.9556,"angle":-165.16}],"translate":[{"time":0.1111,"x":-164.51,"y":-22.34},{"time":0.9556,"x":8.8,"y":-111.7}],"scale":[{"time":0.1111,"x":1.314,"y":1.314}]},"hua2":{"rotate":[{"time":0.1778},{"time":1,"angle":-136.88}],"translate":[{"time":0.1778,"x":-119.83,"y":-49.42},{"time":1,"x":-36.43,"y":-100.84}],"scale":[{"time":0.1111,"x":1.314,"y":1.314}]},"hua3":{"rotate":[{"time":0.1111},{"time":0.9556,"angle":-124.89}],"translate":[{"time":0.1111,"x":37.23,"y":-42.65},{"time":0.9556,"x":128.63,"y":-119.15}],"scale":[{"time":0.1111,"x":1.314,"y":1.314}]},"hua4":{"rotate":[{"time":0.1111},{"time":1,"angle":-160.35}],"translate":[{"time":0.2222,"x":67.02,"y":3.39},{"time":0.9333,"x":214.61,"y":-72.44}],"scale":[{"time":0.1111,"x":1.314,"y":1.314}]},"hua5":{"rotate":[{"time":0.1111},{"time":1,"angle":-116.57}],"translate":[{"time":0.2444,"x":-189.56,"y":59.58},{"time":0.9333,"x":75.82,"y":-67.7}]},"gangshangkaihua_star2":{"translate":[{"y":-255.02}],"scale":[{"x":15.866,"y":1.119},{"time":1,"x":11.935,"y":1.119}]},"gangshangkaihua_star3":{"rotate":[{"time":0.1111},{"time":0.6222,"angle":151.52},{"time":1,"angle":-33.92}],"translate":[{"time":0.1111,"x":-33.55,"y":-136.62,"curve":0.25,"c3":0.75},{"time":0.4222,"x":-15.18,"y":-136.62},{"time":1,"x":7.84,"y":-136.62}],"scale":[{"time":0.1111,"x":2.649,"y":2.649}]},"gangshangkaihua_star4":{"rotate":[{"time":0.1111},{"time":0.6222,"angle":-163.4},{"time":1,"angle":106.89}],"translate":[{"time":0.1111,"x":98,"y":-192.28,"curve":0.25,"c3":0.75},{"time":0.4222,"x":116.38,"y":-192.28},{"time":1,"x":139.4,"y":-192.28}],"scale":[{"time":0.1111,"x":2.915,"y":2.915}]},"gangshangkaihua_star5":{"rotate":[{"time":0.1111},{"time":0.6222,"angle":-161.24},{"time":1,"angle":94.58}],"translate":[{"time":0.1111,"x":105.09,"y":-126.5,"curve":0.25,"c3":0.75},{"time":0.4222,"x":123.46,"y":-126.5},{"time":1,"x":146.48,"y":-126.5}],"scale":[{"time":0.1111,"x":1.742,"y":1.742}]},"gangshangkaihua_star6":{"rotate":[{"time":0.1111},{"time":0.6222,"angle":-122.17},{"time":1,"angle":101.56}],"translate":[{"time":0.1111,"x":176.94,"y":-66.79,"curve":0.25,"c3":0.75},{"time":0.4222,"x":195.32,"y":-66.79},{"time":1,"x":218.33,"y":-66.79}],"scale":[{"time":0.1111,"x":1.514,"y":1.514}]},"gangshangkaihua-zong":{"translate":[{"x":-86.02,"y":-24.37,"curve":0.25,"c3":0.75},{"time":0.1778,"x":-12.9},{"time":1,"x":18.28}],"scale":[{"x":0.124,"y":0.124},{"time":0.1778}]},"gangshangkaihua_star7":{"rotate":[{"time":0.1778,"angle":-81.33}],"translate":[{"x":-189.39,"y":-209},{"time":0.1778,"x":-189.39,"y":-193.07},{"time":0.8222,"x":166.38,"y":-193.07}],"scale":[{"time":0.1778,"x":3.27,"y":1.464}]},"gangshangkaihua_title2":{"scale":[{"x":0,"y":0,"curve":0.25,"c3":0.75},{"time":0.1556}]}},"drawOrder":[{"offsets":[{"slot":"huaban/hua1","offset":25},{"slot":"huaban/hua2","offset":25},{"slot":"huaban/hua3","offset":25},{"slot":"huaban/hua4","offset":25},{"slot":"huaban/hua5","offset":25},{"slot":"gangshangkaihua_star2","offset":0},{"slot":"gangshangkaihua_star13","offset":-3},{"slot":"gangshangkaihua_star14","offset":-4}]}]},"haidilaoyue":{"slots":{"gangshangkaihua_star13":{"color":[{"color":"ffffff00","curve":0.25,"c3":0.75},{"time":0.3333,"color":"ffffffff","curve":"stepped"},{"time":0.6667,"color":"ffffffff"},{"time":0.8889,"color":"ffffff00"}],"attachment":[{"name":"gangshangkaihua_star"}]},"gangshangkaihua_star14":{"color":[{"color":"ffc51700","curve":0.25,"c3":0.75},{"time":0.3333,"color":"ffc517ff","curve":"stepped"},{"time":0.6667,"color":"ffc517ff"},{"time":0.8889,"color":"ffc51700"}]},"haidilaoyue_feihe":{"color":[{"color":"ffffff00"},{"time":0.4,"color":"ffffffff"}],"attachment":[{"name":"haidilaoyue_feihe"}]},"haidilaoyue_feihe2":{"color":[{"color":"ffffff00"},{"time":0.4,"color":"ffffffff"}],"attachment":[{"name":"haidilaoyue_feihe"}]},"haidilaoyue_feihe3":{"color":[{"color":"ffffff00"},{"time":0.4,"color":"ffffffff"}],"attachment":[{"name":"haidilaoyue_feihe"}]},"haidilaoyue_hailang":{"color":[{"color":"ffffff00"},{"time":0.2222,"color":"ffffffd8"}],"attachment":[{"name":"haidilaoyue_hailang"}]},"haidilaoyue_moon":{"color":[{"color":"ffffff00"},{"time":0.1111,"color":"ffffffff"}],"attachment":[{"name":"haidilaoyue_moon"}]},"haidilaoyue_title":{"attachment":[{"name":"haidilaoyue_title"}]},"haidilaoyue_title2":{"color":[{"color":"ffffffff"},{"time":0.5556,"color":"ffffff00"}],"attachment":[{"name":"haidilaoyue_title"}]},"wave/wave_0":{"attachment":[{"name":"wave/wave_00"},{"time":0.0444,"name":"wave/wave_01"},{"time":0.0889,"name":"wave/wave_02"},{"time":0.1333,"name":"wave/wave_03"},{"time":0.1778,"name":"wave/wave_04"},{"time":0.2222,"name":"wave/wave_05"},{"time":0.2667,"name":"wave/wave_06"},{"time":0.3111,"name":"wave/wave_07"},{"time":0.3556,"name":"wave/wave_08"},{"time":0.4,"name":"wave/wave_09"},{"time":0.4444,"name":"wave/wave_10"},{"time":0.4889,"name":"wave/wave_11"},{"time":0.5333,"name":"wave/wave_12"},{"time":0.5778,"name":"wave/wave_13"},{"time":0.6222,"name":null}]},"wave/wave_00":{"attachment":[{"time":0.3111,"name":"wave/wave_00"},{"time":0.3556,"name":"wave/wave_01"},{"time":0.4,"name":"wave/wave_02"},{"time":0.4444,"name":"wave/wave_03"},{"time":0.4889,"name":"wave/wave_04"},{"time":0.5333,"name":"wave/wave_05"},{"time":0.5778,"name":"wave/wave_06"},{"time":0.6222,"name":"wave/wave_07"},{"time":0.6667,"name":"wave/wave_08"},{"time":0.7111,"name":"wave/wave_09"},{"time":0.7556,"name":"wave/wave_10"},{"time":0.8,"name":"wave/wave_11"},{"time":0.8444,"name":"wave/wave_12"},{"time":0.8889,"name":"wave/wave_13"},{"time":0.9333,"name":null}]}},"bones":{"haidilaoyue_moon":{"translate":[{"x":-21.77,"y":-49.03},{"time":1,"x":27.44,"y":32.74}],"scale":[{"x":0.5,"y":0.5},{"time":0.3333,"x":1.6,"y":1.6}]},"haidilaoyue_hailang":{"translate":[{"x":188.5},{"time":0.1111,"x":18.58},{"time":1,"x":-3.54}],"scale":[{"x":0.5,"y":0.5},{"time":0.1111,"x":1.911,"y":1.911}]},"haidilaoyue_title":{"scale":[{"x":0,"y":0},{"time":0.1111}]},"haidilaoyue_feihe":{"translate":[{},{"time":1,"x":12.39,"y":6.2}],"scale":[{"time":0.4},{"time":1,"x":0.789,"y":0.789}]},"haidilaoyue_feihe3":{"translate":[{},{"time":1,"x":12.39,"y":6.2}],"scale":[{"time":0.4},{"time":1,"x":0.789,"y":0.789}]},"haidilaoyue_feihe2":{"translate":[{},{"time":1,"x":12.39,"y":6.2}],"scale":[{"time":0.4},{"time":1,"x":0.789,"y":0.789}]},"wave":{"translate":[{"time":0.3111,"x":71.68,"y":86.73}],"scale":[{"time":0.3111,"x":1.787,"y":2.625}]},"wave2":{"translate":[{"y":30.98}],"scale":[{"x":1.33,"y":1.954}]},"gangshangkaihua_star7":{"rotate":[{"angle":-116.71}],"translate":[{"x":-189.39,"y":-209},{"time":0.1778,"x":-189.39,"y":-208.12},{"time":0.8889,"x":230.1,"y":-208.12}],"scale":[{"time":0.1778,"x":3.27,"y":1.464}]}},"drawOrder":[{"offsets":[{"slot":"gangshangkaihua_star13","offset":12},{"slot":"gangshangkaihua_star14","offset":11}]}]},"hedilaoyu":{"slots":{"gangshangkaihua_star13":{"color":[{"color":"ffffff00","curve":0.25,"c3":0.75},{"time":0.3333,"color":"ffffffff","curve":"stepped"},{"time":0.6667,"color":"ffffffff"},{"time":0.8667,"color":"ffffff00"}],"attachment":[{"name":"gangshangkaihua_star"}]},"gangshangkaihua_star14":{"color":[{"color":"ffc51700","curve":0.25,"c3":0.75},{"time":0.3333,"color":"ffc517ff","curve":"stepped"},{"time":0.6667,"color":"ffc517ff"},{"time":0.8667,"color":"ffc51700"}]},"hedilaoyu_fish1":{"attachment":[{"name":"hedilaoyu_fish1"}]},"hedilaoyu_fish2":{"attachment":[{"name":"hedilaoyu_fish2"}]},"hedilaoyu_fish3":{"attachment":[{"name":"hedilaoyu_fish1"}]},"hedilaoyu_fish4":{"attachment":[{"name":"hedilaoyu_fish2"}]},"hedilaoyu_fish5":{"attachment":[{"name":"hedilaoyu_fish2"}]},"hedilaoyu_hehua1":{"attachment":[{"name":"hedilaoyu_hehua1"}]},"hedilaoyu_hehua2":{"attachment":[{"name":"hedilaoyu_hehua2"}]},"hedilaoyu_hehua3":{"attachment":[{"name":"hedilaoyu_hehua1"}]},"hedilaoyu_hehua4":{"attachment":[{"name":"hedilaoyu_hehua2"}]},"hedilaoyu_title":{"attachment":[{"name":"hedilaoyu_title"}]},"hedilaoyu_title2":{"color":[{"color":"ffffffc6"},{"time":0.6667,"color":"ffffff00"}],"attachment":[{"name":"hedilaoyu_title"}]},"water_wave/water_00":{"attachment":[{"name":"water_wave/water_00"},{"time":0.0667,"name":"water_wave/water_01"},{"time":0.1333,"name":"water_wave/water_02"},{"time":0.2,"name":"water_wave/water_03"},{"time":0.2667,"name":"water_wave/water_04"},{"time":0.3333,"name":"water_wave/water_05"},{"time":0.4,"name":"water_wave/water_06"},{"time":0.4667,"name":"water_wave/water_07"},{"time":0.5333,"name":"water_wave/water_08"},{"time":0.6,"name":"water_wave/water_00"},{"time":0.6667,"name":"water_wave/water_01"},{"time":0.7333,"name":"water_wave/water_02"},{"time":0.8,"name":"water_wave/water_03"},{"time":0.8444,"name":"water_wave/water_04"},{"time":0.9111,"name":"water_wave/water_05"},{"time":0.9556,"name":"water_wave/water_06"},{"time":1,"name":"water_wave/water_07"}]}},"bones":{"hedilaoyu_fish1":{"translate":[{},{"time":1,"x":-47.79,"y":-10.62}],"scale":[{"x":0,"y":0},{"time":0.2,"x":0.912,"y":0.912}]},"hedilaoyu_fish2":{"translate":[{},{"time":1,"x":-67.26,"y":-1.77}],"scale":[{"x":0,"y":0},{"time":0.2,"x":0.912,"y":0.912}]},"hedilaoyu_hehua2":{"translate":[{"time":0.1778},{"time":1,"x":-11.5}],"scale":[{"x":0,"y":0},{"time":0.1778}]},"hedilaoyu_hehua1":{"translate":[{"time":0.1778},{"time":1,"x":15.04}],"scale":[{"x":0,"y":0},{"time":0.1778}]},"hedilaoyu_title":{"scale":[{"x":0,"y":0},{"time":0.1111}]},"water_wave":{"translate":[{"y":46.02}],"scale":[{"x":0,"y":0},{"time":0.1778,"x":2.004,"y":1.897}]},"hedilaoyu_fish3":{"translate":[{"x":46.02,"y":-70.8},{"time":1,"x":-17.7,"y":-89.38}],"scale":[{"x":0,"y":0},{"time":0.2,"x":0.774,"y":0.774}]},"hedilaoyu_fish4":{"translate":[{"x":-1.25,"y":-102.97},{"time":1,"x":-92.04,"y":-148.68}],"scale":[{"x":0,"y":0},{"time":0.2,"x":1.326,"y":1.326}]},"hedilaoyu_fish5":{"rotate":[{"angle":20.32}],"translate":[{"x":-56.12,"y":-44.56},{"time":1,"x":-100.37,"y":-64.03}],"scale":[{"x":0,"y":0},{"time":0.2,"x":0.405,"y":0.405}]},"gangshangkaihua_star7":{"rotate":[{"angle":-119.21}],"translate":[{"x":-189.39,"y":-209},{"time":0.1778,"x":-189.39,"y":-209.89},{"time":0.8667,"x":234.52,"y":-202.81}],"scale":[{"time":0.1778,"x":3.27,"y":1.464}]}},"drawOrder":[{"offsets":[{"slot":"gangshangkaihua_star13","offset":24},{"slot":"gangshangkaihua_star14","offset":23}]}]},"hunyise":{"slots":{"hunyise_bg1":{"attachment":[{"name":"hunyise_bg1"}]},"hunyise_bg2":{"attachment":[{"name":"hunyise_bg2"}]},"hunyise_bg3":{"attachment":[{"name":"hunyise_bg3"}]},"hunyise_title":{"attachment":[{"name":"hunyise_title"}]},"hunyise_title2":{"color":[{"time":0.3111,"color":"ffffffff"},{"time":0.5333,"color":"ffffff00"}],"attachment":[{"name":"hunyise_title"}]},"hunyise_zhuye1":{"attachment":[{"name":"hunyise_zhuye1"}]},"hunyise_zhuye1_2":{"attachment":[{"name":"hunyise_zhuye1_2"}]},"hunyise_zhuye4":{"attachment":[{"name":"hunyise_zhuye4"}]},"hunyise_zhuye5":{"attachment":[{"name":"hunyise_zhuye5"}]},"hunyise_zhuzi1":{"attachment":[{"name":"hunyise_zhuzi1"}]},"hunyise_zhuzi2":{"attachment":[{"name":"hunyise_zhuzi2"}]},"hunyise_zhuzi3":{"attachment":[{"name":"hunyise_zhuzi3"}]},"hunyise_zhuzi4":{"attachment":[{"name":"hunyise_zhuzi4"}]},"hunyise_zhuzi5":{"attachment":[{"name":"hunyise_zhuzi5"}]},"hunyise_zhuzi6":{"attachment":[{"name":"hunyise_zhuzi6"}]},"zhuye":{"color":[{"time":0.0667,"color":"ffffff00"},{"time":0.3556,"color":"ffffffff","curve":"stepped"},{"time":0.8222,"color":"ffffffff"},{"time":1.3333,"color":"ffffff00"}],"attachment":[{"time":0.0667,"name":"qingyise_zhuye3"}]},"zhuye2":{"color":[{"time":0.2667,"color":"ffffff00"},{"time":0.5778,"color":"ffffffff","curve":"stepped"},{"time":1.0222,"color":"ffffffff"},{"time":1.3778,"color":"ffffff00"}],"attachment":[{"time":0.2667,"name":"qingyise_zhuye3"}]},"zhuye3":{"color":[{"color":"ffffff00"},{"time":0.4,"color":"ffffffff","curve":"stepped"},{"time":0.8444,"color":"ffffffff"},{"time":1.2,"color":"ffffff00"}],"attachment":[{"name":"qingyise_zhuye3"}]},"zhuye4":{"color":[{"time":0.1556,"color":"ffffff00"},{"time":0.4444,"color":"ffffffff","curve":"stepped"},{"time":0.9111,"color":"ffffffff"},{"time":1.2667,"color":"ffffff00"}],"attachment":[{"time":0.1556,"name":"qingyise_zhuye3"}]},"zhuye5":{"color":[{"time":0.0667,"color":"ffffff00"},{"time":0.3556,"color":"ffffffff","curve":"stepped"},{"time":0.9333,"color":"ffffffff"},{"time":1.4444,"color":"ffffff00"}],"attachment":[{"time":0.0667,"name":"qingyise_zhuye3"}]},"zhuye6":{"color":[{"time":0.2667,"color":"ffffff00"},{"time":0.5778,"color":"ffffffff","curve":"stepped"},{"time":1.0222,"color":"ffffffff"},{"time":1.3333,"color":"ffffff00"}],"attachment":[{"time":0.2667,"name":"qingyise_zhuye3"}]},"zhuye7":{"color":[{"time":0.4,"color":"ffffff00"},{"time":0.6889,"color":"ffffffff","curve":"stepped"},{"time":1.1333,"color":"ffffffff"},{"time":1.4444,"color":"ffffff00"}],"attachment":[{"time":0.4,"name":"qingyise_zhuye3"}]}},"bones":{"hunyise_bg1":{"translate":[{"x":-241.41},{"time":0.1778}]},"hunyise_bg2":{"translate":[{"x":404.48},{"time":0.2444,"x":10.57},{"time":1.4444}]},"hunyise_bg3":{"translate":[{"x":-389.91},{"time":0.3556,"x":-22.65},{"time":1.4444}]},"hunyise_title":{"scale":[{"x":3.65,"y":3.65,"curve":0.25,"c3":0.75},{"time":0.1556,"curve":0.25,"c3":0.75},{"time":0.2444,"x":2.5,"y":2.5,"curve":0.25,"c3":0.75},{"time":0.3111}]},"hunyise_zhuye1":{"rotate":[{"angle":10.8},{"time":0.7111,"angle":-6.66},{"time":1.4444,"angle":10.8}]},"hunyise_zhuye1_2":{"rotate":[{"angle":-15.61},{"time":0.7111,"angle":3.85},{"time":1.4444,"angle":-15.61}]},"hunyise_zhuye4":{"rotate":[{"angle":9.79},{"time":0.7111},{"time":1.4444,"angle":9.79}]},"hunyise_zhuye5":{"rotate":[{"angle":-10.08},{"time":0.7111,"angle":-0.4},{"time":1.4444,"angle":-10.08}]},"hunyise_zhuzi1":{"scale":[{"x":0,"y":0},{"time":0.1778}]},"hunyise_zhuzi2":{"scale":[{"x":0,"y":0},{"time":0.3333}]},"hunyise_zhuzi3":{"scale":[{"x":0,"y":0},{"time":0.2667}]},"hunyise_zhuzi4":{"scale":[{"x":0,"y":0},{"time":0.2444}]},"hunyise_zhuzi5":{"scale":[{"x":0,"y":0},{"time":0.3111}]},"hunyise_zhuzi6":{"scale":[{"x":0,"y":0},{"time":0.4}]},"zhuye":{"rotate":[{"time":0.0667},{"time":1.3333,"angle":-136.74}],"translate":[{"time":0.0667,"x":-54.36,"y":-34.73},{"time":1.3333,"x":-256.7,"y":-353.34}],"scale":[{"time":0.0667,"x":0.722,"y":0.722}]},"zhuye2":{"rotate":[{"time":0.2667},{"time":1.3778,"angle":166.45}],"translate":[{"time":0.2667},{"time":1.3778,"x":61.91,"y":-345.79}],"scale":[{"time":0.2667,"x":1.672,"y":1.672}]},"zhuye3":{"rotate":[{},{"time":1.2,"angle":-153.39}],"translate":[{},{"time":1.2,"x":-72.48,"y":-314.08}],"scale":[{"x":1.426,"y":1.426}]},"zhuye4":{"rotate":[{"time":0.1556},{"time":1.2667,"angle":-140.04}],"translate":[{"time":0.1556},{"time":1.2667,"x":-146.47,"y":-320.12}]},"zhuye5":{"rotate":[{"time":0.0667},{"time":1.4444,"angle":-152.83}],"translate":[{"time":0.0667},{"time":1.4444,"x":-182.71,"y":-362.4}]},"zhuye6":{"rotate":[{"time":0.2667},{"time":1.3333,"angle":171.18}],"translate":[{"time":0.2667},{"time":1.3333,"x":-54.36,"y":-341.26}],"scale":[{"time":0.2667,"x":1.684,"y":1.684}]},"zhuye7":{"rotate":[{"time":0.4},{"time":1.4444,"angle":-177.82}],"translate":[{"time":0.4},{"time":1.4444,"x":-146.47,"y":-350.32}]},"hunyise_title2":{"scale":[{"x":3.65,"y":3.65,"curve":0.25,"c3":0.75},{"time":0.1556,"curve":0.25,"c3":0.75},{"time":0.2444,"x":2.5,"y":2.5,"curve":0.25,"c3":0.75},{"time":0.3111,"curve":0.25,"c3":0.75},{"time":0.5333,"x":4.4,"y":4.4}]}}},"pengpenghu":{"slots":{"sibaziqing/pengpenghu_bg":{"attachment":[{"name":"sibaziqing/pengpenghu_bg"}]},"sibaziqing/pengpenghu_bird1":{"attachment":[{"name":"sibaziqing/pengpenghu_bird1"}]},"sibaziqing/pengpenghu_bird2":{"attachment":[{"name":"sibaziqing/pengpenghu_bird2"}]},"sibaziqing/pengpenghu_lizi":{"attachment":[{"name":"sibaziqing/pengpenghu_lizi"}]},"sibaziqing/pengpenghu_lizi2":{"color":[{"color":"ffffffff"},{"time":0.3556,"color":"ffffff52"},{"time":0.7111,"color":"ffffffff"},{"time":1.0889,"color":"ffffff52"},{"time":1.4444,"color":"ffffffff"}],"attachment":[{"name":"sibaziqing/pengpenghu_lizi"}]},"sibaziqing/pengpenghu_lizi3":{"color":[{"color":"ffffffff"},{"time":0.3556,"color":"ffffff52"},{"time":0.7111,"color":"ffffffff"},{"time":1.0889,"color":"ffffff52"},{"time":1.4444,"color":"ffffffff"}],"attachment":[{"name":"sibaziqing/pengpenghu_lizi"}]},"sibaziqing/pengpenghu_majiang1":{"attachment":[{"name":"sibaziqing/pengpenghu_majiang1"}]},"sibaziqing/pengpenghu_majiang2":{"attachment":[{"name":"sibaziqing/pengpenghu_majiang2"}]},"sibaziqing/pengpenghu_title":{"attachment":[{"name":"sibaziqing/pengpenghu_title"}]},"sibaziqing/pengpenghu_title2":{"color":[{"time":0.3111,"color":"ffffffff"},{"time":0.5333,"color":"ffffff00"}],"attachment":[{"name":"sibaziqing/pengpenghu_title"}]}},"bones":{"pengpenghu_bird1":{"translate":[{"x":16.76,"y":130.3},{"time":0.7111,"x":12.95,"y":147.83},{"time":1.4444,"x":-1.52,"y":159.26}]},"pengpenghu_bird2":{"translate":[{"x":183.64,"y":118.87},{"time":0.7111,"x":176.78,"y":124.97},{"time":1.4444,"x":166.88,"y":128.78}]},"pengpenghu_lizi":{"translate":[{"x":14.48,"y":5.33}]},"pengpenghu_majiang1":{"rotate":[{"curve":0.25,"c3":0.75},{"time":0.7111,"angle":-8.13,"curve":0.25,"c3":0.75},{"time":1.4444}],"translate":[{"x":88.39,"y":43.43,"curve":0.25,"c3":0.75},{"time":0.7111,"x":88.39,"y":60.2,"curve":0.25,"c3":0.75},{"time":1.4444,"x":88.39,"y":43.43}]},"pengpenghu_majiang2":{"rotate":[{"angle":3.28,"curve":0.381,"c2":0.54,"c3":0.744},{"time":0.3111,"curve":0.25,"c3":0.75},{"time":1.0222,"angle":8.42,"curve":0.246,"c3":0.635,"c4":0.55},{"time":1.4444,"angle":3.28}],"translate":[{"x":-82.3,"y":52.26,"curve":0.381,"c2":0.54,"c3":0.744},{"time":0.3111,"x":-82.3,"y":45.72,"curve":0.25,"c3":0.75},{"time":1.0222,"x":-82.3,"y":62.48,"curve":0.246,"c3":0.635,"c4":0.55},{"time":1.4444,"x":-82.3,"y":52.26}]},"pengpenghu_title":{"scale":[{"x":3.649,"y":3.649},{"time":0.1556},{"time":0.2444,"x":2.238,"y":2.238},{"time":0.3111}]},"pengpenghu_title2":{"scale":[{"x":3.649,"y":3.649},{"time":0.1556},{"time":0.2444,"x":2.238,"y":2.238},{"time":0.3111},{"time":0.5333,"x":4.358,"y":4.358}]},"pengpenghu_lizi2":{"translate":[{"x":14.48,"y":5.33}]},"pengpenghu_lizi3":{"translate":[{"x":14.48,"y":5.33}]}}},"qiqiangyi":{"slots":{"energy_shu/lightning01":{"attachment":[{"time":0.2889,"name":"energy_shu/lightning01"},{"time":0.3333,"name":"energy_shu/lightning02"},{"time":0.4,"name":"energy_shu/lightning03"},{"time":0.4667,"name":"energy_shu/lightning04"},{"time":0.5111,"name":"energy_shu/lightning01"},{"time":0.5778,"name":"energy_shu/lightning02"},{"time":0.6222,"name":"energy_shu/lightning03"},{"time":0.6889,"name":"energy_shu/lightning04"},{"time":0.7556,"name":null}]},"energy_yanwu/energy_yanwu_00":{"attachment":[{"time":0.3333,"name":"energy_yanwu/energy_yanwu_10"},{"time":0.4,"name":"energy_yanwu/energy_yanwu_11"},{"time":0.4667,"name":"energy_yanwu/energy_yanwu_12"},{"time":0.4889,"name":"energy_yanwu/energy_yanwu_13"},{"time":0.5556,"name":"energy_yanwu/energy_yanwu_14"},{"time":0.5778,"name":"energy_yanwu/energy_yanwu_15"},{"time":0.6222,"name":"energy_yanwu/energy_yanwu_16"},{"time":0.6889,"name":"energy_yanwu/energy_yanwu_17"},{"time":0.7111,"name":"energy_yanwu/energy_yanwu_18"},{"time":0.7778,"name":"energy_yanwu/energy_yanwu_19"},{"time":0.8222,"name":"energy_yanwu/energy_yanwu_20"},{"time":0.8889,"name":"energy_yanwu/energy_yanwu_21"},{"time":0.9111,"name":"energy_yanwu/energy_yanwu_22"},{"time":0.9778,"name":"energy_yanwu/energy_yanwu_23"},{"time":1.0222,"name":null}]},"qiqiangyi_hand":{"attachment":[{"time":0.2889,"name":"qiqiangyi_hand"}]},"qiqiangyi_majiang1":{"attachment":[{"time":0.2889,"name":"qiqiangyi_majiang1"}]},"qiqiangyi_majiang2":{"attachment":[{"time":0.4,"name":"qiqiangyi_majiang2"}]},"qiqiangyi_majiang3":{"attachment":[{"time":0.4,"name":"qiqiangyi_majiang3"}]},"qiqiangyi_majiang4":{"attachment":[{"time":0.4,"name":"qiqiangyi_majiang4"}]},"qiqiangyi_majiang5":{"attachment":[{"time":0.4,"name":"qiqiangyi_majiang5"}]},"qiqiangyi_majiang6":{"attachment":[{"time":0.4,"name":"qiqiangyi_majiang6"}]},"qiqiangyi_majiang7":{"attachment":[{"time":0.4,"name":"qiqiangyi_majiang7"}]},"qiqiangyi_majiang8":{"attachment":[{"time":0.4,"name":"qiqiangyi_majiang8"}]},"qiqiangyi_majiang9":{"color":[{"time":0.4,"color":"ffffff00","curve":"stepped"},{"time":0.5778,"color":"ffffff00"},{"time":0.6889,"color":"ffffffff"},{"time":0.7778,"color":"ffffff00"}],"attachment":[{"time":0.4,"name":"qiqiangyi_majiang2"}]},"qiqiangyi_majiang10":{"color":[{"time":0.4,"color":"ffffff00","curve":"stepped"},{"time":0.6889,"color":"ffffff00"},{"time":0.7778,"color":"ffffffff"},{"time":0.8889,"color":"ffffff00"}],"attachment":[{"time":0.4,"name":"qiqiangyi_majiang3"}]},"qiqiangyi_majiang11":{"color":[{"time":0.4,"color":"ffffff00","curve":"stepped"},{"time":0.7778,"color":"ffffff00"},{"time":0.8889,"color":"ffffffff"},{"time":1,"color":"ffffff00"}],"attachment":[{"time":0.4,"name":"qiqiangyi_majiang4"}]},"qiqiangyi_majiang12":{"color":[{"time":0.4,"color":"ffffff00","curve":"stepped"},{"time":0.8889,"color":"ffffff00"},{"time":1,"color":"ffffffff"},{"time":1.1111,"color":"ffffff00"}],"attachment":[{"time":0.4,"name":"qiqiangyi_majiang5"}]},"qiqiangyi_majiang13":{"color":[{"time":0.4,"color":"ffffff00","curve":"stepped"},{"time":1,"color":"ffffff00"},{"time":1.1111,"color":"ffffffff"},{"time":1.2,"color":"ffffff00"}],"attachment":[{"time":0.4,"name":"qiqiangyi_majiang6"}]},"qiqiangyi_majiang14":{"color":[{"time":0.4,"color":"ffffff00","curve":"stepped"},{"time":1.1111,"color":"ffffff00"},{"time":1.2,"color":"ffffffff"},{"time":1.3111,"color":"ffffff00"}],"attachment":[{"time":0.4,"name":"qiqiangyi_majiang7"}]},"qiqiangyi_majiang15":{"color":[{"time":0.4,"color":"ffffff00","curve":"stepped"},{"time":1.2,"color":"ffffff00"},{"time":1.3111,"color":"ffffffff"},{"time":1.4444,"color":"ffffff00"}],"attachment":[{"time":0.4,"name":"qiqiangyi_majiang8"}]},"qiqiangyi_majiang16":{"color":[{"time":0.3333,"color":"ffffffff"},{"time":0.4889,"color":"ffffff00"}],"attachment":[{"time":0.3333,"name":"qiqiangyi_majiang1"}]},"qiqiangyi_majiang17":{"color":[{"time":0.4222,"color":"ffffffff"},{"time":0.6222,"color":"ffffff00"}],"attachment":[{"time":0.4222,"name":"qiqiangyi_majiang1"}]},"qiqiangyi_title":{"attachment":[{"name":"qiqiangyi_title"}]},"qiqiangyi_title2":{"color":[{"time":0.2889,"color":"ffffffff"},{"time":0.5111,"color":"ffffff00"}],"attachment":[{"name":"qiqiangyi_title"}]}},"bones":{"qiqiangyi_hand":{"rotate":[{"time":0.2889,"angle":-56.14},{"time":0.3333}],"translate":[{"time":0.2889,"x":265.9,"y":476.76},{"time":0.3333,"x":-15.97,"y":219.35}]},"qiqiangyi_majiang1":{"rotate":[{"time":0.2889,"angle":-59.57},{"time":0.3333}],"translate":[{"time":0.2889,"x":94.08,"y":488.92},{"time":0.3333,"x":-113.78,"y":84.89}]},"qiqiangyi_majiang2":{"translate":[{"time":0.4},{"time":0.5111,"x":-299.85,"y":-19.43},{"time":0.5778,"x":-267.12,"y":-7.27},{"time":1,"x":-267.12,"y":-13.82},{"time":1.4444,"x":-267.12,"y":-7.27}],"scale":[{"time":0.4,"x":0.034,"y":0.034},{"time":0.5111,"x":1.221,"y":1.221},{"time":0.5778}]},"qiqiangyi_majiang3":{"translate":[{"time":0.4},{"time":0.5111,"x":-224.29,"y":-49.78},{"time":0.5778,"x":-197.18,"y":-26.41},{"time":1,"x":-197.18,"y":-32.95},{"time":1.4444,"x":-197.18,"y":-26.41}],"scale":[{"time":0.4,"x":0.034,"y":0.034},{"time":0.5111,"x":1.221,"y":1.221},{"time":0.5778}]},"qiqiangyi_majiang4":{"translate":[{"time":0.4},{"time":0.5111,"x":-137.15,"y":-70.39},{"time":0.5778,"x":-114.71,"y":-43.27},{"time":1,"x":-114.71,"y":-49.82},{"time":1.4444,"x":-114.71,"y":-43.27}],"scale":[{"time":0.4,"x":0.034,"y":0.034},{"time":0.5111,"x":1.221,"y":1.221},{"time":0.5778}]},"qiqiangyi_majiang5":{"translate":[{"time":0.4},{"time":0.5111,"x":-28.74,"y":-79.03},{"time":0.5778,"x":-14.72,"y":-50.05},{"time":1,"x":-14.72,"y":-56.59},{"time":1.4444,"x":-14.72,"y":-50.05}],"scale":[{"time":0.4,"x":0.034,"y":0.034},{"time":0.5111,"x":1.221,"y":1.221},{"time":0.5778}]},"qiqiangyi_majiang6":{"translate":[{"time":0.4},{"time":0.5111,"x":76.44,"y":-65.34},{"time":0.5778,"x":79.24,"y":-36.35},{"time":1,"x":79.24,"y":-42.9},{"time":1.4444,"x":79.24,"y":-36.35}],"scale":[{"time":0.4,"x":0.034,"y":0.034},{"time":0.5111,"x":1.221,"y":1.221},{"time":0.5778}]},"qiqiangyi_majiang7":{"translate":[{"time":0.4},{"time":0.5111,"x":168.67,"y":-51.31},{"time":0.5778,"x":162.12,"y":-29.81},{"time":1,"x":162.12,"y":-36.35},{"time":1.4444,"x":162.12,"y":-29.81}],"scale":[{"time":0.4,"x":0.034,"y":0.034},{"time":0.5111,"x":1.221,"y":1.221},{"time":0.5778}]},"qiqiangyi_majiang8":{"translate":[{"time":0.4},{"time":0.5111,"x":247.39,"y":-26.7},{"time":0.5778,"x":233.37,"y":-8},{"time":1,"x":233.37,"y":-14.54},{"time":1.4444,"x":233.37,"y":-8}],"scale":[{"time":0.4,"x":0.034,"y":0.034},{"time":0.5111,"x":1.221,"y":1.221},{"time":0.5778}]},"qiqiangyi_title":{"translate":[{"y":32.23}],"scale":[{"x":3.65,"y":3.65,"curve":0.25,"c3":0.75},{"time":0.1333,"curve":0.25,"c3":0.75},{"time":0.2222,"x":2.5,"y":2.5,"curve":0.25,"c3":0.75},{"time":0.2889}]},"qiqiangyi_title2":{"translate":[{"y":32.23}],"scale":[{"x":3.65,"y":3.65,"curve":0.25,"c3":0.75},{"time":0.1333,"curve":0.25,"c3":0.75},{"time":0.2222,"x":2.5,"y":2.5,"curve":0.25,"c3":0.75},{"time":0.2889,"curve":0.25,"c3":0.75},{"time":0.5111,"x":4.4,"y":4.4}]},"shandian":{"translate":[{"time":0.2889,"x":-113.95,"y":576.8},{"time":0.3333,"x":-113.95,"y":194.77}]},"shandianliu":{"translate":[{"time":0.3333,"x":-107.32,"y":190.8}],"scale":[{"time":0.3333,"x":1.731,"y":1.731}]},"qiqiangyi_majiang9":{"rotate":[{"time":0.2889,"angle":-59.57},{"time":0.3333}],"translate":[{"time":0.2889,"x":94.08,"y":488.92},{"time":0.3333,"x":-113.78,"y":84.89}],"scale":[{"time":0.3333},{"time":0.4889,"x":1.974,"y":1.974}]},"qiqiangyi_majiang10":{"rotate":[{"time":0.2889,"angle":-59.57},{"time":0.3333}],"translate":[{"time":0.2889,"x":94.08,"y":488.92},{"time":0.3333,"x":-113.78,"y":84.89}],"scale":[{"time":0.4222},{"time":0.6222,"x":1.974,"y":1.974}]}}},"sigangpai":{"slots":{"pengpenghu_bg":{"attachment":[{"name":"pengpenghu_bg"}]},"shandian_guangzhu/guangzhu_0":{"color":[{"color":"4fff1cff"}],"attachment":[{"time":0.0889,"name":"shandian_guangzhu/guangzhu_00"},{"time":0.2222,"name":"shandian_guangzhu/guangzhu_01"},{"time":0.2667,"name":"shandian_guangzhu/guangzhu_02"},{"time":0.3111,"name":"shandian_guangzhu/guangzhu_03"},{"time":0.3556,"name":"shandian_guangzhu/guangzhu_04"},{"time":0.4,"name":"shandian_guangzhu/guangzhu_00"},{"time":0.4444,"name":"shandian_guangzhu/guangzhu_01"},{"time":0.4889,"name":"shandian_guangzhu/guangzhu_02"},{"time":0.5333,"name":"shandian_guangzhu/guangzhu_03"},{"time":0.5778,"name":"shandian_guangzhu/guangzhu_04"},{"time":0.6222,"name":"shandian_guangzhu/guangzhu_05"},{"time":0.6667,"name":"shandian_guangzhu/guangzhu_06"},{"time":0.7111,"name":"shandian_guangzhu/guangzhu_07"},{"time":0.7556,"name":null}]},"shandian_guangzhu/guangzhu_00":{"attachment":[{"time":0.0889,"name":"shandian_guangzhu/guangzhu_00"},{"time":0.2222,"name":"shandian_guangzhu/guangzhu_01"},{"time":0.2667,"name":"shandian_guangzhu/guangzhu_02"},{"time":0.3111,"name":"shandian_guangzhu/guangzhu_03"},{"time":0.3556,"name":"shandian_guangzhu/guangzhu_04"},{"time":0.4,"name":"shandian_guangzhu/guangzhu_00"},{"time":0.4444,"name":"shandian_guangzhu/guangzhu_01"},{"time":0.4889,"name":"shandian_guangzhu/guangzhu_02"},{"time":0.5333,"name":"shandian_guangzhu/guangzhu_03"},{"time":0.5778,"name":"shandian_guangzhu/guangzhu_04"},{"time":0.6222,"name":"shandian_guangzhu/guangzhu_05"},{"time":0.6667,"name":"shandian_guangzhu/guangzhu_06"},{"time":0.7111,"name":"shandian_guangzhu/guangzhu_07"},{"time":0.7556,"name":null}]},"shandian_guangzhu/guangzhu_1":{"attachment":[{"time":0.0889,"name":"shandian_guangzhu/guangzhu_00"},{"time":0.2222,"name":"shandian_guangzhu/guangzhu_01"},{"time":0.2667,"name":"shandian_guangzhu/guangzhu_02"},{"time":0.3111,"name":"shandian_guangzhu/guangzhu_03"},{"time":0.3556,"name":"shandian_guangzhu/guangzhu_04"},{"time":0.4,"name":"shandian_guangzhu/guangzhu_00"},{"time":0.4444,"name":"shandian_guangzhu/guangzhu_01"},{"time":0.4889,"name":"shandian_guangzhu/guangzhu_02"},{"time":0.5333,"name":"shandian_guangzhu/guangzhu_03"},{"time":0.5778,"name":"shandian_guangzhu/guangzhu_04"},{"time":0.6222,"name":"shandian_guangzhu/guangzhu_05"},{"time":0.6667,"name":"shandian_guangzhu/guangzhu_06"},{"time":0.7111,"name":"shandian_guangzhu/guangzhu_07"},{"time":0.7556,"name":null}]},"sigangpai_light":{"color":[{"time":0.4,"color":"ffffff00"},{"time":0.4889,"color":"ffffffff"},{"time":0.5556,"color":"ffffff00"},{"time":0.6222,"color":"ffffffff"},{"time":0.7111,"color":"ffffff00"},{"time":0.8,"color":"ffffffff"},{"time":0.8889,"color":"ffffff00"},{"time":0.9333,"color":"ffffffff"},{"time":1.0222,"color":"ffffff00"}],"attachment":[{"time":0.4,"name":"sigangpai_light"}]},"sigangpai_light2":{"color":[{"time":0.4,"color":"ffffff00"},{"time":0.4667,"color":"ffffffff"},{"time":0.5333,"color":"ffffff00"},{"time":0.6222,"color":"ffffffff"},{"time":0.7111,"color":"ffffff00"},{"time":0.7778,"color":"ffffffff"},{"time":0.8667,"color":"ffffff00"},{"time":0.9333,"color":"ffffffff"},{"time":1,"color":"ffffff00"}],"attachment":[{"time":0.4,"name":"sigangpai_light"}]},"sigangpai_majiang1":{"attachment":[{"name":"sigangpai_majiang1"}]},"sigangpai_majiang2":{"attachment":[{"name":"sigangpai_majiang2"}]},"sigangpai_title":{"attachment":[{"name":"sigangpai_title"}]},"sigangpai_title2":{"color":[{"time":0.2222,"color":"ffffffff"},{"time":0.4,"color":"ffffff00"}],"attachment":[{"name":"sigangpai_title"}]},"xiaosanyuan_starA":{"color":[{"time":0.3556,"color":"ffffff00"},{"time":0.4222,"color":"ffffffff","curve":"stepped"},{"time":0.7111,"color":"ffffffff"},{"time":0.8889,"color":"ffffff00"}],"attachment":[{"time":0.3556,"name":"xiaosanyuan_starA"}]},"xiaosanyuan_starA2":{"color":[{"time":0.4,"color":"ffffff00"},{"time":0.4667,"color":"ffffffff","curve":"stepped"},{"time":0.7333,"color":"ffffffff"},{"time":0.9333,"color":"ffffff00"}],"attachment":[{"time":0.4,"name":"xiaosanyuan_starA"}]},"xiaosanyuan_starA3":{"color":[{"time":0.4667,"color":"ffffff00"},{"time":0.5111,"color":"ffffffff"},{"time":0.9556,"color":"ffffff00"}],"attachment":[{"time":0.4667,"name":"xiaosanyuan_starA"}]},"xiaosanyuan_starA4":{"color":[{"time":0.4889,"color":"ffffff00"},{"time":0.5556,"color":"ffffffff","curve":"stepped"},{"time":0.8444,"color":"ffffffff"},{"time":1,"color":"ffffff00"}],"attachment":[{"time":0.4889,"name":"xiaosanyuan_starA"}]},"xiaosanyuan_starA5":{"color":[{"time":0.4889,"color":"ffffff00"},{"time":0.5556,"color":"ffffffff","curve":"stepped"},{"time":0.8444,"color":"ffffffff"},{"time":1,"color":"ffffff00"}],"attachment":[{"time":0.4889,"name":"xiaosanyuan_starA"}]},"xiaosanyuan_starA6":{"color":[{"time":0.4889,"color":"ffffff00"},{"time":0.5556,"color":"ffffffff","curve":"stepped"},{"time":0.8444,"color":"ffffffff"},{"time":1,"color":"ffffff00"}],"attachment":[{"time":0.4889,"name":"xiaosanyuan_starA"}]}},"bones":{"sigangpai_light":{"translate":[{"time":0.4,"y":-50.25},{"time":1.0222,"y":107.06}]},"sigangpai_majiang1":{"translate":[{"x":97.89,"y":-50.16},{"time":0.5111,"x":101.3,"y":-56.12},{"time":1.0222,"x":97.89,"y":-50.16}]},"sigangpai_majiang2":{"translate":[{"x":-102.74,"y":20.22},{"time":0.5111,"x":-98.65,"y":28.61},{"time":1.0222,"x":-102.74,"y":20.22}]},"sigangpai_title":{"scale":[{"x":3.65,"y":3.65,"curve":0.25,"c3":0.75},{"time":0.1111,"curve":0.25,"c3":0.75},{"time":0.1778,"x":2.5,"y":2.5,"curve":0.25,"c3":0.75},{"time":0.2222}]},"guangzhu":{"rotate":[{"time":0.0889,"angle":180}],"translate":[{"time":0.0889,"x":-900.28},{"time":0.1778,"x":21.15}],"scale":[{"time":0.0889,"x":2.108,"y":2.108,"curve":"stepped"},{"time":0.1556,"x":2.108,"y":2.108},{"time":0.1778,"x":2.309,"y":3.408}]},"sigangpai_title2":{"scale":[{"x":3.65,"y":3.65,"curve":0.25,"c3":0.75},{"time":0.1111,"curve":0.25,"c3":0.75},{"time":0.1778,"x":2.5,"y":2.5,"curve":0.25,"c3":0.75},{"time":0.2222,"curve":0.25,"c3":0.75},{"time":0.4,"x":4.4,"y":4.4}]},"sigangpai_light2":{"translate":[{"time":0.4,"y":-50.25},{"time":1,"y":107.06}]},"lizi":{"translate":[{"time":0.3556,"x":-177.15,"y":-40.98},{"time":0.5333,"x":-174.5,"y":-6.37},{"time":0.7111,"x":-201.89,"y":28.24},{"time":0.8889,"x":-206.23,"y":54.2}],"scale":[{"time":0.3556,"x":1.278,"y":1.278}]},"lizi2":{"translate":[{"time":0.4,"x":-40.98,"y":18.51},{"time":0.5333,"x":-54.2,"y":48.47},{"time":0.7333,"x":-37.02,"y":78.44},{"time":0.9333,"x":-40.98,"y":108.4}],"scale":[{"time":0.4,"x":1.278,"y":1.278}]},"lizi3":{"translate":[{"time":0.4667,"x":58.17,"y":-1.32},{"time":0.6222,"x":70.95,"y":24.24},{"time":0.7778,"x":65.22,"y":49.8},{"time":0.9556,"x":80.64,"y":75.35}],"scale":[{"time":0.4667,"x":1.278,"y":1.278}]},"lizi4":{"translate":[{"time":0.4889,"x":191.69,"y":-63.46},{"time":0.6667,"x":196.98,"y":-33.49},{"time":0.8444,"x":171.2,"y":-3.53},{"time":1,"x":171.86,"y":26.44}],"scale":[{"time":0.4889,"x":1.278,"y":1.278}]},"lizi5":{"translate":[{"time":0.4889,"x":55.52,"y":-42.3},{"time":0.6889,"x":61.45,"y":-18.98},{"time":0.8444,"x":37.99,"y":1.75},{"time":1,"x":46.27,"y":22.47}],"scale":[{"time":0.4889,"x":1.278,"y":1.278}]},"lizi6":{"translate":[{"time":0.4889,"x":181.11,"y":-2.64},{"time":0.6889,"x":171.91,"y":21.63},{"time":0.8444,"x":191.06,"y":43.2},{"time":1,"x":199.62,"y":64.78}],"scale":[{"time":0.4889,"x":1.278,"y":1.278}]}}},"xiaosanyuan":{"slots":{"sibaziqing/pengpenghu_bg":{"attachment":[{"name":"sibaziqing/pengpenghu_bg"}]},"sibaziqing/pengpenghu_lizi":{"attachment":[{"name":"sibaziqing/pengpenghu_lizi"}]},"sibaziqing/pengpenghu_lizi2":{"color":[{"color":"0af439ff"},{"time":0.7111,"color":"0af4394f"},{"time":1.4444,"color":"0af439ff"}],"attachment":[{"name":"sibaziqing/pengpenghu_lizi"}]},"sibaziqing/xiaosanyuan__majiang1":{"attachment":[{"name":"sibaziqing/xiaosanyuan__majiang1"}]},"sibaziqing/xiaosanyuan__majiang2":{"attachment":[{"name":"sibaziqing/xiaosanyuan__majiang2"}]},"sibaziqing/xiaosanyuan__majiang3":{"attachment":[{"name":"sibaziqing/xiaosanyuan__majiang3"}]},"sibaziqing/xiaosanyuan_starA":{"attachment":[{"name":"sibaziqing/xiaosanyuan_starA"}]},"sibaziqing/xiaosanyuan_starA6":{"attachment":[{"name":"sibaziqing/xiaosanyuan_starA"}]},"sibaziqing/xiaosanyuan_starA7":{"attachment":[{"name":"sibaziqing/xiaosanyuan_starA"}]},"sibaziqing/xiaosanyuan_starB":{"attachment":[{"name":"sibaziqing/xiaosanyuan_starB"}]},"sibaziqing/xiaosanyuan_starC":{"attachment":[{"name":"sibaziqing/xiaosanyuan_starC"}]},"sibaziqing/xiaosanyuan_title":{"attachment":[{"name":"sibaziqing/xiaosanyuan_title"}]},"sibaziqing/xiaosanyuan_title2":{"color":[{"time":0.2889,"color":"ffffffff"},{"time":0.5333,"color":"ffffff00"}],"attachment":[{"name":"sibaziqing/xiaosanyuan_title"}]}},"bones":{"xiaosanyuan__majiang1":{"rotate":[{},{"time":0.7111,"angle":-7.35},{"time":1.4444}],"translate":[{"x":96.56,"y":64.6},{"time":0.7111,"x":96.56,"y":74.8},{"time":1.4444,"x":96.56,"y":64.6}]},"xiaosanyuan__majiang2":{"rotate":[{},{"time":0.7111,"angle":-5.62},{"time":1.4444}],"translate":[{"x":8.16,"y":69.36},{"time":0.7111,"x":8.16,"y":79.56},{"time":1.4444,"x":8.16,"y":69.36}]},"xiaosanyuan__majiang3":{"rotate":[{},{"time":0.7111,"angle":10.04},{"time":1.4444}],"translate":[{"x":-87.72,"y":70.72},{"time":0.7111,"x":-87.72,"y":80.92},{"time":1.4444,"x":-87.72,"y":70.72}]},"xiaosanyuan_starA":{"rotate":[{},{"time":0.3556,"angle":-61.98},{"time":0.7111,"angle":-137.26},{"time":1.0667,"angle":121.79},{"time":1.4444,"angle":75.35}],"translate":[{"x":-130.56,"y":44.88}],"scale":[{},{"time":0.3556,"x":0.4,"y":0.4},{"time":0.7111},{"time":1.0667,"x":0.4,"y":0.4},{"time":1.4444}]},"xiaosanyuan_starB":{"translate":[{"x":-98.6,"y":42.84}]},"xiaosanyuan_starC":{"translate":[{"x":103.36,"y":108.12}]},"xiaosanyuan_title":{"scale":[{"x":3.649,"y":3.649},{"time":0.1556},{"time":0.2444,"x":2.238,"y":2.238},{"time":0.2889}]},"xiaosanyuan_title2":{"scale":[{"x":3.649,"y":3.649},{"time":0.1556},{"time":0.2444,"x":2.238,"y":2.238},{"time":0.2889},{"time":0.5333,"x":4.358,"y":4.358}]},"xiaosanyuan_starA2":{"rotate":[{},{"time":0.3556,"angle":74.25},{"time":0.7111,"angle":120.74},{"time":1.0667,"angle":-179.23},{"time":1.4444,"angle":-131.95}],"translate":[{"x":-73.44,"y":119}]},"xiaosanyuan_starA3":{"translate":[{"x":14.96,"y":133.28},{"time":0.3556,"x":12.94,"y":117.16},{"time":0.7111,"x":15.63,"y":129.91},{"time":1.0667,"x":7.44,"y":114.83},{"time":1.4444,"x":11.59,"y":121.82}]}}}}}