[1,["ecpdLyjvZBwrvm+cedCcQy","1acd47d67","a8lI7/8g1EfLLUOkayWJ22","d3j0L//9ZJ5IXNa6dwapLz","98A/UrqRFH9KVcQU01vAJy","309VD+Z5xNs4row1RLvJT8","06rAFmsw5IpaBn7GXKawX6","3drfZuHgRBC4Eg9EbnyvqS","e0z/XF5+FJBbnNmsUgxKCu","8fpvx2RdtGF7f+p1sTKF+m","04xMXeE95GTKm+jRJGluv/","79g6NaNRtIgqCHG6mkgkhk","a2MjXRFdtLlYQ5ouAFv/+R","02delMVqdBD70a/HSD99FK"],["node","_spriteFrame","_textureSetter","root","head","touch_table_info","touch_video","touch_5","touch_4","touch_3","touch_2","touch_1","touch_0","clock_btn","head_icon","id","target","data","_parent"],["cc.SpriteFrame",["cc.Node",["_name","_active","_components","_prefab","_contentSize","_parent","_trs","_children","_color","_anchorPoint"],1,9,4,5,1,7,2,5,5],["cc.Button",["_N$transition","duration","zoomScale","node","clickEvents"],0,1,9],["cc.ClickEvent",["_componentId","handler","customEventData","target"],0,1],["cc.PrefabInfo",["fileId","root"],2,1],["cc.Sprite",["_sizeMode","node","_materials","_spriteFrame"],2,1,3,6],["cc.Prefab",["_name"],2],["cc.Node",["_name","_active","_parent","_components","_prefab","_color","_contentSize","_anchorPoint","_trs"],1,1,2,4,5,5,5,7],["9f493H7SrNHvI1AM7ZJWhsk",["node","id","head_icon","clock_btn","touch_0","touch_1","touch_2","touch_3","touch_4","touch_5","touch_video","touch_table_info","head"],3,1,1,1,1,1,1,1,1,1,1,1,1,1],["cc.BlockInputEvents",["node"],3,1],["cc.Layout",["_N$layoutType","_N$spacingY","node","_layoutSize"],1,1,5],["090d4xRxy1K2aDHCswYsq2M",["node"],3,1],["cc.Label",["_string","_fontSize","_lineHeight","_N$horizontalAlign","_N$verticalAlign","node","_materials"],-2,1,3],["41ebaVoPpRA4Kp67XEdHfZn",["i18n_string","node"],2,1]],[[4,0,1,2],[1,0,5,2,3,4,6,2],[5,1,2,3,1],[12,0,1,2,3,4,5,6,6],[1,0,5,2,3,8,4,9,6,2],[2,0,3,4,2],[3,0,1,2,3,4],[13,0,1,2],[11,0,1],[1,0,5,7,2,3,4,6,2],[1,0,1,5,7,2,3,4,6,3],[1,0,7,2,3,4,2],[2,3,4,1],[3,0,1,3,3],[5,0,1,2,3,2],[6,0,2],[1,0,5,7,2,3,8,4,6,2],[1,0,1,5,2,3,4,6,3],[7,0,1,2,3,4,5,6,7,8,3],[8,0,1,2,3,4,5,6,7,8,9,10,11,12,1],[9,0,1],[2,1,2,3,3],[4,1,1],[10,0,1,2,3,3]],[[[{"name":"icon_7","rect":[3,168,68,68],"offset":[0,0],"originalSize":[68,68],"capInsets":[0,0,0,0]}],[0],0,[0],[2],[1]],[[{"name":"icon_1","rect":[77,168,68,68],"offset":[0,0],"originalSize":[68,68],"capInsets":[0,0,0,0]}],[0],0,[0],[2],[1]],[[{"name":"menu_photo","rect":[3,3,158,159],"offset":[0,0],"originalSize":[158,159],"capInsets":[0,0,0,0]}],[0],0,[0],[2],[1]],[[{"name":"icon_3","rect":[151,168,68,68],"offset":[0,0],"originalSize":[68,68],"capInsets":[0,0,0,0]}],[0],0,[0],[2],[1]],[[[15,"setting"],[11,"User_Settings",[-18],[[19,-14,-13,-12,-11,-10,-9,-8,-7,-6,-5,-4,-3,-2],[20,-15],[12,-17,[[13,"9f493H7SrNHvI1AM7ZJWhsk","closeNode",-16]]]],[22,-1],[5,1280,720]],[11,"menuLayout",[-20,-21,-22,-23,-24,-25,-26,-27],[[23,2,10,-19,[5,580,550]]],[0,"c8AqNDI+RIvLtHg7XJ6O8/",1],[5,580,550]],[9,"set_rule",2,[-30,-31,-32],[[5,3,-28,[[6,"9f493H7SrNHvI1AM7ZJWhsk","btnsClicked","game_rule",1]]],[8,-29]],[0,"71lpgKmqBB54wOyOZioI/J",1],[5,550,90],[6,230,0,0,0,0,1,1,1,0]],[9,"set_sound",2,[-35,-36,-37],[[5,3,-33,[[6,"9f493H7SrNHvI1AM7ZJWhsk","btnsClicked","sound_switch",1]]],[8,-34]],[0,"93cUccZq5HZpcQDernt1JX",1],[5,550,90],[6,130,0,0,0,0,1,1,1,0]],[9,"set_chip",2,[-40,-41,-42],[[5,3,-38,[[6,"9f493H7SrNHvI1AM7ZJWhsk","btnsClicked","set_chip",1]]],[8,-39]],[0,"6dYJu8srxC24iG8zER/dGe",1],[5,550,90],[6,30,0,0,0,0,1,1,1,0]],[9,"set_video",2,[-45,-46,-47],[[5,3,-43,[[6,"9f493H7SrNHvI1AM7ZJWhsk","btnsClicked","set_video",1]]],[8,-44]],[0,"ac2wmTVwlMxbHxHbhbcVj+",1],[5,550,90],[6,-70,0,0,0,0,1,1,1,0]],[9,"set_table_info",2,[-50,-51,-52],[[5,3,-48,[[6,"9f493H7SrNHvI1AM7ZJWhsk","btnsClicked","set_table_info",1]]],[8,-49]],[0,"aeoI4Ql55J66ceZwNyjiX9",1],[5,550,90],[6,-170,0,0,0,0,1,1,1,0]],[16,"bg",1,[-54,-55,-56,2],[[14,0,-53,[45],46]],[0,"f1brgO5h5F2LEp5SKBruIV",1],[4,4278190080],[5,580,720],[350,0,0,0,0,0,1,1,1,1]],[10,"set_info",false,2,[-58,-59,-60],[[5,3,-57,[[6,"9f493H7SrNHvI1AM7ZJWhsk","btnsClicked","personal",1]]]],[0,"d2W5yjfS1Eaozs77H+urIk",1],[5,550,90],[6,230,0,0,0,0,1,1,1,0]],[10,"set0",false,2,[-62,-63,-64],[[5,3,-61,[[6,"9f493H7SrNHvI1AM7ZJWhsk","btnsClicked","bet_record",1]]]],[0,"9441ddZjJJ9oLRsjO1O0Kp",1],[5,550,90],[6,140,0,0,0,0,1,1,1,0]],[10,"set0",false,2,[-66,-67,-68],[[5,3,-65,[[6,"9f493H7SrNHvI1AM7ZJWhsk","btnsClicked","credit_record",1]]]],[0,"74nEMh6RhICob2YfAIQcGA",1],[5,550,90],[6,50,0,0,0,0,1,1,1,0]],[1,"btn_cancel",8,[[2,-69,[0],1],[12,-70,[[13,"9f493H7SrNHvI1AM7ZJWhsk","closeNode",1]]],[8,-71]],[0,"bcfgiqt5NGvoF32vaurN6A",1],[5,45,45],[232.994,306.722,0,0,0,0,1,1,1,1]],[17,"menu_photo",false,8,[[14,0,-72,[2],3],[21,0,1.1,-73]],[0,"80jP2udvlDd4LeZcIJ4W+v",1],[5,158,159],[-211.515,277.214,0,0,0,0,1,0.65,0.65,0]],[4,"New Label",9,[[3,"personal_data",27,27,1,1,-74,[9]],[7,"personal_data",-75]],[0,"33Y6RERg1JkKBfDmd7T0q0",1],[4,4285782527],[5,171.14,34.02],[0,0,0.5],[-140,0,0,0,0,0,1,1,1,1]],[4,"New Label",10,[[3,"my_record",27,27,1,1,-76,[14]],[7,"my_record",-77]],[0,"23QRhcDJNC3YPFSQM3QQQ/",1],[4,4285782527],[5,127.54,34.02],[0,0,0.5],[-140,1,0,0,0,0,1,1,1,1]],[4,"New Label",11,[[3,"credit_record",27,27,1,1,-78,[19]],[7,"credit_record",-79]],[0,"b6xnufb3tA97xiUZ+oraag",1],[4,4285782527],[5,157.57,34.02],[0,0,0.5],[-140,2,0,0,0,0,1,1,1,1]],[4,"New Label",3,[[3,"game_rule",27,27,1,1,-80,[24]],[7,"game_rule",-81]],[0,"f0JJbKqS1MXKZuDOb9wdRg",1],[4,4285782527],[5,127.58,34.02],[0,0,0.5],[-140,3,0,0,0,0,1,1,1,1]],[4,"New Label",4,[[3,"Sound_switch",27,27,1,1,-82,[29]],[7,"Sound_switch",-83]],[0,"1668YSoN5KRZEM2VwFdRpO",1],[4,4285782527],[5,168.1,34.02],[0,0,0.5],[-140,3,0,0,0,0,1,1,1,1]],[4,"New Label",5,[[3,"set_chip",27,27,1,1,-84,[34]],[7,"set_chip",-85]],[0,"80WEZk4B9MeZfegMnrqoCZ",1],[4,4285782527],[5,100.56,34.02],[0,0,0.5],[-140,3,0,0,0,0,1,1,1,1]],[4,"New Label",6,[[3,"video_teach",27,27,1,1,-86,[39]],[7,"video_teach",-87]],[0,"37d7NcMOtP7Ih/CwMvODlW",1],[4,4285782527],[5,145.61,34.02],[0,0,0.5],[-140,3,0,0,0,0,1,1,1,1]],[4,"New Label",7,[[3,"table_info",27,27,1,1,-88,[44]],[7,"table_info",-89]],[0,"fcE4cfgD5BM57UE2gYaImu",1],[4,4285782527],[5,117.1,34.02],[0,0,0.5],[-140,3,0,0,0,0,1,1,1,1]],[18,"id",false,8,[-90],[0,"a0HpwrVNRATIbVPtrOjvd3",1],[4,4288124823],[5,260.42,26.46],[0,0,0.5],[-143.403,279.921,0,0,0,0,1,1,1,1]],[3,"ID:13245678901234567890",21,21,1,1,22,[4]],[1,"icon_1",9,[[2,-91,[5],6]],[0,"17Uw7LruRHN6UVrcZxYFUE",1],[5,68,68],[-213.782,-1.543,0,0,0,0,1,1,1,1]],[1,"btn_r",9,[[2,-92,[7],8]],[0,"e4AZEVaXpB4rO5EGSiuBU6",1],[5,34,34],[231,-2,0,0,0,0,1,1,1,1]],[1,"icon_2",10,[[2,-93,[10],11]],[0,"ab9fL6tGxMvboNwkLsghyF",1],[5,68,68],[-215.5,-0.124,0,0,0,0,1,1,1,1]],[1,"btn_r",10,[[2,-94,[12],13]],[0,"ffeo8QrgBCvbfbcuRUJdPR",1],[5,34,34],[231,-1,0,0,0,0,1,1,1,1]],[1,"icon_3",11,[[2,-95,[15],16]],[0,"98OMEB66xI65vHsRrRu3gP",1],[5,68,68],[-215.589,-0.488,0,0,0,0,1,1,1,1]],[1,"btn_r",11,[[2,-96,[17],18]],[0,"7fMOH0rplHH4Wd16WChL0S",1],[5,34,34],[231,0,0,0,0,0,1,1,1,1]],[1,"icon_4",3,[[2,-97,[20],21]],[0,"b9+yQvp25N96CRmwD4/3aB",1],[5,68,68],[-215.357,-0.154,0,0,0,0,1,1,1,1]],[1,"btn_r",3,[[2,-98,[22],23]],[0,"0dfxmK1NdCUo5p8eBgSn1/",1],[5,34,34],[231,1,0,0,0,0,1,1,1,1]],[1,"icon_5",4,[[2,-99,[25],26]],[0,"19F62ER3VEQagF7meJqyT3",1],[5,68,68],[-213.383,0.511,0,0,0,0,1,1,1,1]],[1,"btn_r",4,[[2,-100,[27],28]],[0,"84+wPp02tLdb4m6pqSauTk",1],[5,34,34],[231,2,0,0,0,0,1,1,1,1]],[1,"icon_7",5,[[2,-101,[30],31]],[0,"4ctD+UIOBPOpCfLWN73HQ7",1],[5,68,68],[-213.383,0.511,0,0,0,0,1,1,1,1]],[1,"btn_r",5,[[2,-102,[32],33]],[0,"9eb4fFyytG8KxHRjE/6Rq1",1],[5,34,34],[231,2,0,0,0,0,1,1,1,1]],[1,"icon_7",6,[[2,-103,[35],36]],[0,"efZFpYrNxDYbxLParJ19ZG",1],[5,68,68],[-213.383,0.511,0,0,0,0,1,1,1,1]],[1,"btn_r",6,[[2,-104,[37],38]],[0,"b0nMI5r6pOK5iR+r1Yjap9",1],[5,34,34],[231,2,0,0,0,0,1,1,1,1]],[1,"icon_7",7,[[2,-105,[40],41]],[0,"c2MXoCCBVFlaW1TRnXMRtV",1],[5,68,68],[-213.383,0.511,0,0,0,0,1,1,1,1]],[1,"btn_r",7,[[2,-106,[42],43]],[0,"c4/JngsNJFDLpnqgfTSnk+",1],[5,34,34],[231,2,0,0,0,0,1,1,1,1]]],0,[0,3,1,0,4,13,0,5,7,0,6,6,0,7,5,0,8,4,0,9,3,0,10,11,0,11,10,0,12,9,0,13,12,0,14,13,0,15,23,0,0,1,0,0,1,0,16,1,0,0,1,0,-1,8,0,0,2,0,-1,9,0,-2,10,0,-3,11,0,-4,3,0,-5,4,0,-6,5,0,-7,6,0,-8,7,0,0,3,0,0,3,0,-1,30,0,-2,31,0,-3,17,0,0,4,0,0,4,0,-1,32,0,-2,33,0,-3,18,0,0,5,0,0,5,0,-1,34,0,-2,35,0,-3,19,0,0,6,0,0,6,0,-1,36,0,-2,37,0,-3,20,0,0,7,0,0,7,0,-1,38,0,-2,39,0,-3,21,0,0,8,0,-1,12,0,-2,13,0,-3,22,0,0,9,0,-1,24,0,-2,25,0,-3,14,0,0,10,0,-1,26,0,-2,27,0,-3,15,0,0,11,0,-1,28,0,-2,29,0,-3,16,0,0,12,0,0,12,0,0,12,0,0,13,0,0,13,0,0,14,0,0,14,0,0,15,0,0,15,0,0,16,0,0,16,0,0,17,0,0,17,0,0,18,0,0,18,0,0,19,0,0,19,0,0,20,0,0,20,0,0,21,0,0,21,0,-1,23,0,0,24,0,0,25,0,0,26,0,0,27,0,0,28,0,0,29,0,0,30,0,0,31,0,0,32,0,0,33,0,0,34,0,0,35,0,0,36,0,0,37,0,0,38,0,0,39,0,17,1,2,18,8,106],[0,0,0,0,0,0,0,0,0,0,0,0,0,0,0,0,0,0,0,0,0,0,0,0,0,0,0,0,0,0,0,0,0,0,0,0,0,0,0,0,0,0,0,0,0,0,0],[-1,1,-1,1,-1,-1,1,-1,1,-1,-1,1,-1,1,-1,-1,1,-1,1,-1,-1,1,-1,1,-1,-1,1,-1,1,-1,-1,1,-1,1,-1,-1,1,-1,1,-1,-1,1,-1,1,-1,-1,1],[0,4,0,5,0,0,6,0,2,0,0,3,0,2,0,0,7,0,2,0,0,8,0,2,0,0,9,0,2,0,0,10,0,2,0,0,11,0,2,0,0,3,0,2,0,0,12]],[[{"name":"icon_video","rect":[167,3,68,68],"offset":[0,0],"originalSize":[68,68],"capInsets":[0,0,0,0]}],[0],0,[0],[2],[1]],[[{"name":"icon_5","rect":[167,77,68,68],"offset":[0,0],"originalSize":[68,68],"capInsets":[0,0,0,0]}],[0],0,[0],[2],[1]],[[{"name":"btn_cancel","rect":[151,242,45,45],"offset":[0,0],"originalSize":[45,45],"capInsets":[0,0,0,0]}],[0],0,[0],[2],[1]],[[{"name":"default_sprite_splash","rect":[0,0,2,2],"offset":[0,0],"originalSize":[2,2],"capInsets":[0,0,0,0]}],[0],0,[0],[2],[13]],[[{"name":"btn_r","rect":[202,242,34,34],"offset":[0,0],"originalSize":[34,34],"capInsets":[0,0,0,0]}],[0],0,[0],[2],[1]],[[{"name":"icon_2","rect":[3,242,68,68],"offset":[0,0],"originalSize":[68,68],"capInsets":[0,0,0,0]}],[0],0,[0],[2],[1]],[[{"name":"icon_4","rect":[77,242,68,68],"offset":[0,0],"originalSize":[68,68],"capInsets":[0,0,0,0]}],[0],0,[0],[2],[1]]]]