[1,["0c0469a1-22e4-47b2-b460-cb18604121b2@6c48a"],["_textureSource"],["cc.SpriteFrame"],0,[{"name":"btn_plus","rect":{"x":0,"y":0,"width":185,"height":49},"offset":{"x":0,"y":0},"originalSize":{"width":185,"height":49},"rotated":false,"capInsets":[0,0,0,0],"vertices":{"rawPosition":[-92.5,-24.5,0,92.5,-24.5,0,-92.5,24.5,0,92.5,24.5,0],"indexes":[0,1,2,2,1,3],"uv":[0,49,185,49,0,0,185,0],"nuv":[0,0,1,0,0,1,1,1],"minPos":{"x":-92.5,"y":-24.5,"z":0},"maxPos":{"x":92.5,"y":24.5,"z":0}},"packable":true,"pixelsToUnit":100,"pivot":{"x":0.5,"y":0.5},"meshType":0}],[0],0,[0],[0],[0]]
