[1,["0c598428-4bad-42be-b3bf-c6a1d6c71991@6c48a"],["_textureSource"],["cc.SpriteFrame"],0,[{"name":"mode3_b_b","rect":{"x":0,"y":0,"width":225,"height":146},"offset":{"x":0,"y":0},"originalSize":{"width":225,"height":146},"rotated":false,"capInsets":[0,0,0,0],"vertices":{"rawPosition":[-112.5,-73,0,112.5,-73,0,-112.5,73,0,112.5,73,0],"indexes":[0,1,2,2,1,3],"uv":[0,146,225,146,0,0,225,0],"nuv":[0,0,1,0,0,1,1,1],"minPos":{"x":-112.5,"y":-73,"z":0},"maxPos":{"x":112.5,"y":73,"z":0}},"packable":true,"pixelsToUnit":100,"pivot":{"x":0.5,"y":0.5},"meshType":0}],[0],0,[0],[0],[0]]
