[1,["1cde36511@6c48a"],["_textureSource"],["cc.SpriteFrame"],0,[[[{"name":"17","rect":{"x":505,"y":505,"width":469,"height":245},"offset":{"x":0,"y":0},"originalSize":{"width":793,"height":245},"rotated":false,"capInsets":[0,0,0,0],"packable":true,"pixelsToUnit":100,"pivot":{"x":0.5,"y":0.5},"meshType":0}],[0],0,[0],[0],[0]],[[{"name":"34","rect":{"x":566,"y":3,"width":438,"height":245},"offset":{"x":56.5,"y":0},"originalSize":{"width":793,"height":245},"rotated":false,"capInsets":[0,0,0,0],"packable":true,"pixelsToUnit":100,"pivot":{"x":0.5,"y":0.5},"meshType":0}],[0],0,[0],[0],[0]],[[{"name":"3","rect":{"x":505,"y":756,"width":469,"height":245},"offset":{"x":0,"y":0},"originalSize":{"width":793,"height":245},"rotated":false,"capInsets":[0,0,0,0],"packable":true,"pixelsToUnit":100,"pivot":{"x":0.5,"y":0.5},"meshType":0}],[0],0,[0],[0],[0]],[[{"name":"28","rect":{"x":3,"y":3,"width":557,"height":245},"offset":{"x":116,"y":0},"originalSize":{"width":793,"height":245},"rotated":false,"capInsets":[0,0,0,0],"packable":true,"pixelsToUnit":100,"pivot":{"x":0.5,"y":0.5},"meshType":0}],[0],0,[0],[0],[0]],[[{"name":"32","rect":{"x":254,"y":505,"width":498,"height":245},"offset":{"x":86.5,"y":0},"originalSize":{"width":793,"height":245},"rotated":true,"capInsets":[0,0,0,0],"packable":true,"pixelsToUnit":100,"pivot":{"x":0.5,"y":0.5},"meshType":0}],[0],0,[0],[0],[0]],[[{"name":"29","rect":{"x":3,"y":254,"width":557,"height":245},"offset":{"x":116,"y":0},"originalSize":{"width":793,"height":245},"rotated":true,"capInsets":[0,0,0,0],"packable":true,"pixelsToUnit":100,"pivot":{"x":0.5,"y":0.5},"meshType":0}],[0],0,[0],[0],[0]],[[{"name":"30","rect":{"x":254,"y":254,"width":557,"height":245},"offset":{"x":116,"y":0},"originalSize":{"width":793,"height":245},"rotated":false,"capInsets":[0,0,0,0],"packable":true,"pixelsToUnit":100,"pivot":{"x":0.5,"y":0.5},"meshType":0}],[0],0,[0],[0],[0]]]]
