[1,["175e8bf2b","ecpdLyjvZBwrvm+cedCcQy","147/6a/DtFqLb7AFD991s7","25BYfdLtlOaKCrQFNQ6+XW"],["node","_textureSetter","_spriteFrame","root","_N$target","data"],["cc.SpriteFrame",["cc.Node",["_name","_components","_prefab","_contentSize","_children","_parent","_trs"],2,9,4,5,2,1,7],["cc.Sprite",["_sizeMode","node","_materials","_spriteFrame"],2,1,3,6],["cc.PrefabInfo",["fileId","root","asset"],2,1,1],["cc.Prefab",["_name"],2],["cc.Button",["_N$transition","node","_N$target"],2,1,1],["cc.Widget",["alignMode","_alignFlags","_originalWidth","_originalHeight","node"],-1,1]],[[4,0,2],[1,0,4,1,2,3,2],[1,0,5,1,2,3,6,2],[2,1,2,3,1],[2,0,1,2,3,2],[5,0,1,2,2],[3,1,2,1],[3,0,1,2,2],[6,0,1,2,3,4,5]],[[[{"name":"peng","rect":[3,493,138,123],"offset":[0,0],"originalSize":[138,123],"rotated":1,"capInsets":[0,0,0,0]}],[0],0,[0],[1],[0]],[[{"name":"yinying","rect":[3,108,108,112],"offset":[0,0],"originalSize":[108,112],"capInsets":[0,0,0,0]}],[0],0,[0],[1],[0]],[[[0,"button_operation"],[1,"button_operation",[-5],[[3,-2,[2],3],[5,3,-4,-3]],[6,-1,0],[5,108,112]],[2,"Background",1,[[4,0,-6,[0],1],[8,0,45,100,40,-7]],[7,"a9Un3nPAVNIJ3vnnswVQjo",1,0],[5,108,112],[0,0,0,0,0,0,1,1,1,0]]],0,[0,3,1,0,0,1,0,4,2,0,0,1,0,-1,2,0,0,2,0,0,2,0,5,1,7],[0,0,0,0],[-1,2,-1,2],[1,2,1,3]]]]