[1,["87AufqIBdOcZfO+fqGZym/@f9941","87AufqIBdOcZfO+fqGZym/@6c48a"],["spriteFrame","_textureSource"],["cc.SpriteFrame",["cc.BitmapFont",["_name","fontSize","fntConfig"],0]],[[1,0,1,2,4]],[[[[0,"smallNumFont",68,{"commonHeight":68,"fontSize":68,"atlasName":"smallNumFont.png","fontDefDictionary":{"48":{"xOffset":0,"yOffset":0,"xAdvance":55,"rect":{"x":0,"y":69,"width":55,"height":68}},"49":{"xOffset":0,"yOffset":0,"xAdvance":55,"rect":{"x":168,"y":0,"width":55,"height":68}},"50":{"xOffset":0,"yOffset":0,"xAdvance":55,"rect":{"x":0,"y":0,"width":55,"height":68}},"51":{"xOffset":0,"yOffset":0,"xAdvance":55,"rect":{"x":168,"y":69,"width":55,"height":68}},"52":{"xOffset":0,"yOffset":0,"xAdvance":55,"rect":{"x":56,"y":69,"width":55,"height":68}},"53":{"xOffset":0,"yOffset":0,"xAdvance":55,"rect":{"x":112,"y":0,"width":55,"height":68}},"54":{"xOffset":0,"yOffset":0,"xAdvance":55,"rect":{"x":0,"y":138,"width":55,"height":68}},"55":{"xOffset":0,"yOffset":0,"xAdvance":55,"rect":{"x":112,"y":69,"width":55,"height":68}},"56":{"xOffset":0,"yOffset":0,"xAdvance":55,"rect":{"x":56,"y":0,"width":55,"height":68}},"57":{"xOffset":0,"yOffset":0,"xAdvance":55,"rect":{"x":56,"y":138,"width":55,"height":68}}},"kerningDict":{}}]],0,0,[0],[0],[0]],[[{"name":"smallNumFont","rect":{"x":0,"y":0,"width":223,"height":206},"offset":{"x":-0.5,"y":0.5},"originalSize":{"width":224,"height":207},"rotated":false,"capInsets":[0,0,0,0],"vertices":{"rawPosition":[-111.5,-103,0,111.5,-103,0,-111.5,103,0,111.5,103,0],"indexes":[0,1,2,2,1,3],"uv":[0,207,223,207,0,1,223,1],"nuv":[0,0.004830917874396135,0.9955357142857143,0.004830917874396135,0,1,0.9955357142857143,1],"minPos":{"x":-111.5,"y":-103,"z":0},"maxPos":{"x":111.5,"y":103,"z":0}},"packable":true,"pixelsToUnit":100,"pivot":{"x":0.5,"y":0.5},"meshType":0}],[0],0,[0],[1],[1]]]]
