{"importBase":"import","nativeBase":"native","name":"bacNiuniuSBundle","deps":["main","resources"],"uuids":["28zh2tbaxECZRZTjlAd/Pn","3492T8rcpMsovAO4RwyVfC","3b7z5RspFJnZMp/84M3mBX","41T/DB2xRCsoTxxAvI8gK9","43fLIOV2pKPKo755Rmf9A3","94Cj8bcexCqZZbm2bUEZVO","b7pE9Ynd1K67xCWggfk8um","b7tEaMMt9KaKhC3gp+oF4b","c6yM1waZFJCZgNp0uSuM/D","e52Cs4nrFJY4AGDlZVSQJN","02E8gutvJALbJYvYLpjL33","020gHFCKdBM6jU7J0TpLRB","0425PhImJArpbKLiabiTmF","05FvcGNTdGQ4DYXpJB3/mG","08t95af4ZA2YFK4UGYdLrX","0brOF/2ClHtaxNil/etn4Q","10FyAIawFGcYyOCxtXXZqX","10nkgK8W1KQbMd/PkBAEft","11zoVtRmpIw7hW+WSQgFfb","12KDX0CQVLfaiM1Mn+XSYE","13ykflF29KwIUhhMCA5Ega","14nLalIPNOB73wBjPFbx3g","16cqyrtcdDFJtCg94+muIV","180b4110d","19qDD2uk1Hv4fnrDscDMEB","1bwvEj/CJIQ6RnYmxgsekg","1chMF9cjFBEqDBI6tOuM17","1fpZc+doFBgJrg3jRtqXkb","20AsYH2lpDnpudT2uHuJr0","20g8DSkb9F9a/2WwWKby3I","24odHCfK5IkorCOCZMcFSA","28R7TECSlFrowTxwrNqcpV","28zh2tbaxECZRZTjlAd/Pn@6c48a","28zh2tbaxECZRZTjlAd/Pn@f9941","2a9RnmumtH1oZVQJzprKR8","2d0otSAAhJtqoWvn5Q++gr","2erGA6KzJNabWK94nVmKeS","32MSWOFOpJV4hPKsv1Uy/S","33Q0kYFcZAj4M725kePduf","339XHwAp1My4t9ETPNyAkD","3492T8rcpMsovAO4RwyVfC@6c48a","3492T8rcpMsovAO4RwyVfC@f9941","35yLWDApNOHaXyxbVzPem/","36WaK5SMVLoJu9kW2Sef4Q","37XIBsvpVCRp6lqzAJEgId","37kIyp6O5PobYAAwhzmEH0","38IXkC/4xGArxTPHs4x5Wh","3aMhhvOVJPZpXtJ+aloNy+","3b7z5RspFJnZMp/84M3mBX@6c48a","3b7z5RspFJnZMp/84M3mBX@f9941","3c6VsfalJLfKp1GNReqln6","41Ad+BmbpBnIBoG0nmYiMa","41T/DB2xRCsoTxxAvI8gK9@6c48a","41T/DB2xRCsoTxxAvI8gK9@f9941","41UcqJvtFJQ4FrBT4ARhNU","43fLIOV2pKPKo755Rmf9A3@6c48a","43fLIOV2pKPKo755Rmf9A3@f9941","44x+IzsAFDvZxZ8RULqCCw","48sGjaaupGRrS2qoypclDZ","4cWFIboJlMdrrBDKq5OhB1","59k2gDmW5Lp4fTh484CcEz","5bv2sml19FF5hSyKgxq2/B","5cW65jXGRMCKK8iyWtPM2f","65Lki1xK1L4bfzX152+sii","67pKv4DlhPXLDK0suB3UYP","6ayisYMdRIr55uu0Wo9e/m","6es+2ReXlEKJ+sVzes73ox","6faVLl8WVHhJECwJVQAJwN","6fevJMZs9N8qx8DkIsA/I5","713MDsuhVPiaRal9aCSDRQ","74riQP1O9PX4fQPDrBRz97","75NBmTX/JO9oJYXKkSF18K","79I20Ox45FcodtFrHKBHBM","79503ADb9O+oqVTL0otExM","7bIdNd9zlOcITv6nRengYo","7fQ0Wqb/tKxbkuc1o30cej","81GHAJmdxJhbiPHUO367vz","822fg5XpBPuZ3fgQ3dVeOj","84FObBFxlDIK2/KqLmHZn5","86LOCjLJxFkr7qX2gxF/9p","87lUUJZ3xMHpZskn/18r0b","89Wqux7l9M/7PokgavQWTl","8apQTOle5LcJVIlJMPE5XQ","8cyqK/+SBHa4sakbnUaXfd","8fR5pc/95Amr78H0rsZrLG","90Fmt0+K5LL4o0OtHEa7dW","928Nll3d1C0IxwFrUuR31M","93EqSj1UBEf4Zs9kqSlH6a","94kGuGpxZDZ4cSTQ3LgVn3","94t30MJhFKL7Njf46TSUOT","99mVQGGcdKr6FiD3BikvOQ","a1jdSkC31BuZIIvG8+YZ0Z","a13QYCnW9MxYUBhILj56RO","a5BV8RkgRHS4wfR22ZUoxb","a76QxmXG9G34q4yJXu9VwE","a76+KawstF/5PF1KXX8gy7","a8q7ndzulOJbl353u9frBF","aa1/wv2X1GJqpAyYJzHgBk","b0GLkiQdVO84NbiRH6V3Gq","b2cDYSX9FO7ZMn3c/050Ao","b6FbiJl4RBBYGdfqzD4kSR","b7pE9Ynd1K67xCWggfk8um@6c48a","b7pE9Ynd1K67xCWggfk8um@f9941","b7tEaMMt9KaKhC3gp+oF4b@6c48a","b7tEaMMt9KaKhC3gp+oF4b@f9941","b9FROJUZFFQrDb5dN/JKds","bbEfgLuERLKbz+hDuazczG","bfMOp2PWdGAo8cEhnE/OOp","c0MKfQQTRLzLFQcBSO9jCJ","c2JEFWPdNNe7/v7JGE3x1t","c3uPNgunJCsqQzNoUD+0f5","c3yNX2ZTJATo/X2+PgafQV","c37kFUPQ9Bh7jn+nVnxihS","c4QOCIgP1Ir6F4xijRX//d","c6yM1waZFJCZgNp0uSuM/D@6c48a","c6yM1waZFJCZgNp0uSuM/D@f9941","c8QeWafXpME7mEoI+OV8Tz","cbb/xPHTdP/KFy34YT0JDq","cbxW4bDWFITIR2Lr1TlqKN","d3/pXJj/9Goq/5eavfSJ9h","d58I5kyJNHCpQqJDywRlE3","d6Fm2XDHVK45d2a1Pdj76W","damuslejpH7YiL+YDnoWzO","dau35XRcFBPYQn1Mw/jm/U","dcdllgohpGUKuE4CsaNZ9C","dco0Ym3m9JlpEE6JaMk3px","de4t2fjdZHnptb3mt8iShn","dfg2KQtExB3Ki9OGZT7L2J","e0t2Jb2M5MmI3IFbbh12vO","e0y2FFtYFGboP2W7MLIkSS","e85n2aydpHzJifKYkpcp5O","e9lc9EuuNH1Z8nCDgDeSoF","f4DkqsPPpPsoINz/3Yhvlr","f5UL4M2I5OureRqAaimftY","f7kFcPevRAJZbs2B9lyK5G","faxfdBQ7pGbZ2O0ptyZAMe","fcRAii+l5JV6k2CeV4b+e6","ffbD1HaWFF3IUx4Fy7yKHx","ffuIqPr2JI9I8dPLYGRDpD","01Jxfo4wRCSrKyk9IoyU+i@f9941","02E8gutvJALbJYvYLpjL33@6c48a","02E8gutvJALbJYvYLpjL33@f9941","02700ca28","02kkBvMs5N7KE0jsPKB6BO@f9941","020gHFCKdBM6jU7J0TpLRB@6c48a","020gHFCKdBM6jU7J0TpLRB@f9941","027OFhmglBoIv7w+jzf2Zc","02/5lydMRA8oJSutUzIbQf@f9941","03aRBLKilDQZf1qZCvL6IE@f9941","03l0HrdRxMTbEcUr7BMDO7@f9941","03ce93833","03d2c50fa","0425PhImJArpbKLiabiTmF@6c48a","0425PhImJArpbKLiabiTmF@f9941","05FvcGNTdGQ4DYXpJB3/mG@6c48a","05FvcGNTdGQ4DYXpJB3/mG@f9941","058d499b5","074b78b6c","080b4110d","08t95af4ZA2YFK4UGYdLrX@6c48a","08t95af4ZA2YFK4UGYdLrX@f9941","09Hi/e0ZNLYqwkF4amjkzb@f9941","0aEywwGXNC8ZHFZ6NDcmtq@f9941","0a33f9f7a","0aa4a5a0e","0brOF/2ClHtaxNil/etn4Q@6c48a","0brOF/2ClHtaxNil/etn4Q@f9941","0b0xjPWlFAVq0VmFJ5unMQ@f9941","0cKx9+g+VOCZrxoiqT8ZuW","0cde47f9b","0de199f9b","0e50a439a","0e5b2d189","0e9c01062","10FyAIawFGcYyOCxtXXZqX@6c48a","10FyAIawFGcYyOCxtXXZqX@f9941","10nkgK8W1KQbMd/PkBAEft@6c48a","10nkgK8W1KQbMd/PkBAEft@f9941","106RmgYz1PDL6QwSfhoHDs@f9941","11AWvzKr9JorWsQA7m9O9X","11zoVtRmpIw7hW+WSQgFfb@6c48a","11zoVtRmpIw7hW+WSQgFfb@f9941","12KDX0CQVLfaiM1Mn+XSYE@6c48a","12KDX0CQVLfaiM1Mn+XSYE@f9941","13ykflF29KwIUhhMCA5Ega@6c48a","13ykflF29KwIUhhMCA5Ega@f9941","14nLalIPNOB73wBjPFbx3g@6c48a","14nLalIPNOB73wBjPFbx3g@f9941","16cqyrtcdDFJtCg94+muIV@6c48a","16cqyrtcdDFJtCg94+muIV@f9941","16qv4jj+lETaCQhE7hqgIa","170faPuu1MzrnPC+zw9NKt@f9941","180b4110d@6c48a","19hfA7J1JHvLbgzM0Z0Bb8@f9941","19qDD2uk1Hv4fnrDscDMEB@6c48a","19qDD2uk1Hv4fnrDscDMEB@f9941","1a800Gf1tNVppDcIIE2Nt3@f9941","1bwvEj/CJIQ6RnYmxgsekg@6c48a","1bwvEj/CJIQ6RnYmxgsekg@f9941","1chMF9cjFBEqDBI6tOuM17@6c48a","1chMF9cjFBEqDBI6tOuM17@f9941","1dgcNa5bBAdpuW+b9QYn9E@f9941","1fpZc+doFBgJrg3jRtqXkb@6c48a","1fpZc+doFBgJrg3jRtqXkb@f9941","20AsYH2lpDnpudT2uHuJr0@6c48a","20AsYH2lpDnpudT2uHuJr0@f9941","20YzUl2n9NQ4Wdt4CJXLM7@f9941","20g1ukYUVPvKWKBRznAKo+@f9941","20g8DSkb9F9a/2WwWKby3I@6c48a","20g8DSkb9F9a/2WwWKby3I@f9941","209sg8RU9DDqFOdOL9ByIz@f9941","23yEalyuVO4Z/B1OgMVGKz@f9941","24QxLqQRxN45qGqS3aZdWa@f9941","24odHCfK5IkorCOCZMcFSA@6c48a","24odHCfK5IkorCOCZMcFSA@f9941","259WfOS7tHl57GqCSPBjcK@f9941","28R7TECSlFrowTxwrNqcpV@6c48a","28R7TECSlFrowTxwrNqcpV@f9941","293ULKSQBNPaG0dqivhZAD@f9941","2a9RnmumtH1oZVQJzprKR8@6c48a","2a9RnmumtH1oZVQJzprKR8@f9941","2byDUhRw5E56UJje3uOKCo","2dreVSWhNERr0OePeKTn46@f9941","2d0otSAAhJtqoWvn5Q++gr@6c48a","2d0otSAAhJtqoWvn5Q++gr@f9941","2erGA6KzJNabWK94nVmKeS@6c48a","2erGA6KzJNabWK94nVmKeS@f9941","2fK+8arSVMMpMIMU7v6kVt@f9941","31XEVCFCVIVLRuoc7buOt7@f9941","31oJhFqC1IWbfkkYpxQjb6@f9941","32MSWOFOpJV4hPKsv1Uy/S@6c48a","32MSWOFOpJV4hPKsv1Uy/S@f9941","33Q0kYFcZAj4M725kePduf@6c48a","33Q0kYFcZAj4M725kePduf@f9941","33Q/xC24dMxokVtQa5TRjk@f9941","339XHwAp1My4t9ETPNyAkD@6c48a","339XHwAp1My4t9ETPNyAkD@f9941","35yLWDApNOHaXyxbVzPem/@6c48a","35yLWDApNOHaXyxbVzPem/@f9941","36WaK5SMVLoJu9kW2Sef4Q@6c48a","36WaK5SMVLoJu9kW2Sef4Q@f9941","37XIBsvpVCRp6lqzAJEgId@6c48a","37XIBsvpVCRp6lqzAJEgId@f9941","37kIyp6O5PobYAAwhzmEH0@6c48a","37kIyp6O5PobYAAwhzmEH0@f9941","38IXkC/4xGArxTPHs4x5Wh@6c48a","38IXkC/4xGArxTPHs4x5Wh@f9941","393CdjrXdE/ajrCX8tNcJU@f9941","39/ekt9XBOK6LUa9dY3ZHZ@f9941","3aMhhvOVJPZpXtJ+aloNy+@6c48a","3aMhhvOVJPZpXtJ+aloNy+@f9941","3b9fmq7BlG5as5JWWX2m0A","3c0qJBtElDX6XTqyrwoEzQ@f9941","3c6VsfalJLfKp1GNReqln6@6c48a","3c6VsfalJLfKp1GNReqln6@f9941","41Ad+BmbpBnIBoG0nmYiMa@6c48a","41Ad+BmbpBnIBoG0nmYiMa@f9941","41UcqJvtFJQ4FrBT4ARhNU@6c48a","41UcqJvtFJQ4FrBT4ARhNU@f9941","41ygQxVj5LQaGo4wZLVbx+","44x+IzsAFDvZxZ8RULqCCw@6c48a","44x+IzsAFDvZxZ8RULqCCw@f9941","45t13wflpBCLtrGD7ucc27@f9941","460YvnTplPX60b0rX1+Yrg@f9941","46/DqyOlJMKqYfiumDzX2D@f9941","47a6LCXmNH6Zt4bOUlZIJx@f9941","47zrFDEORH25eRd8NiIBT1@f9941","48sGjaaupGRrS2qoypclDZ@6c48a","48sGjaaupGRrS2qoypclDZ@f9941","49DfMBAgBOSIQn9DMerM93@f9941","4cWFIboJlMdrrBDKq5OhB1@6c48a","4cWFIboJlMdrrBDKq5OhB1@f9941","4ctarzMntJKbtB2DaM/xio@f9941","4dFd4I3x5FkqhVYucQ/07+","4f1pZvYYJJXp5baxuRgn/Y@f9941","51aKviL5ZM/rk72UjRdsYk@f9941","54TknWPwVPqJqeCR+Y/Czo@f9941","55+jZHA31BwKl+ljQ2ggxe@f9941","59k2gDmW5Lp4fTh484CcEz@6c48a","59k2gDmW5Lp4fTh484CcEz@f9941","5azX0ZC5dG5YC/DQn49CDS@f9941","5bv2sml19FF5hSyKgxq2/B@6c48a","5bv2sml19FF5hSyKgxq2/B@f9941","5cBnF0VatMdYWZtUlynvWf@f9941","5cW65jXGRMCKK8iyWtPM2f@6c48a","5cW65jXGRMCKK8iyWtPM2f@f9941","5eYqIg585C/KMBHGyUyRiG","5engCTpAZDWpvdXibJSl3v","60iBQkxyNKbpqGME9ck7+Z@f9941","62KpCKOn9EcZ8L4op2Gixz@f9941","65Lki1xK1L4bfzX152+sii@6c48a","65Lki1xK1L4bfzX152+sii@f9941","67YewG9S1Ls7/F2knnHgX+@f9941","67pKv4DlhPXLDK0suB3UYP@6c48a","67pKv4DlhPXLDK0suB3UYP@f9941","68KiXUUMhKHYXAziVEqBvS@f9941","6ad4g5eCxCZqJQiLy2fOq9@f9941","6ayisYMdRIr55uu0Wo9e/m@6c48a","6ayisYMdRIr55uu0Wo9e/m@f9941","6by57tF8VK2rGvUOUn0Lxa@f9941","6colKdavNCCLZZpblYtnz8@f9941","6dCt2tBbpG8r3QgVCx4qpF@f9941","6es+2ReXlEKJ+sVzes73ox@6c48a","6es+2ReXlEKJ+sVzes73ox@f9941","6faVLl8WVHhJECwJVQAJwN@6c48a","6faVLl8WVHhJECwJVQAJwN@f9941","6fevJMZs9N8qx8DkIsA/I5@6c48a","6fevJMZs9N8qx8DkIsA/I5@f9941","6fqoIGdzZNrZcjglG2auP1@f9941","71XiMJfmpInqOg1iYGfM+u@f9941","713MDsuhVPiaRal9aCSDRQ@6c48a","713MDsuhVPiaRal9aCSDRQ@f9941","73kWikp3NMYpLKKm9DXk5t@f9941","74riQP1O9PX4fQPDrBRz97@6c48a","74riQP1O9PX4fQPDrBRz97@f9941","74zMsjX3lGj62UKWw3LjuT@f9941","75NBmTX/JO9oJYXKkSF18K@6c48a","75NBmTX/JO9oJYXKkSF18K@f9941","75TWwsrNdHQ4hRT6LEN0re@f9941","75roTOulhB67TwHKV5E9d0@f9941","76WT/ZYcFGu6J1iC03wYNl@f9941","79I20Ox45FcodtFrHKBHBM@6c48a","79I20Ox45FcodtFrHKBHBM@f9941","79503ADb9O+oqVTL0otExM@6c48a","79503ADb9O+oqVTL0otExM@f9941","7aYppUCYpEuJ7uKI7ErZ6a@f9941","7bC/j/1UNFG5q/XVywVeCh@f9941","7bIdNd9zlOcITv6nRengYo@6c48a","7bIdNd9zlOcITv6nRengYo@f9941","7bL0BEfR1DW7oCPjDD3XmS@f9941","7dIdxIi8pNd5P1oFYDyofS@f9941","7dj5uJT9FMn6OrOOx83tfK@f9941","7eK4vv8w5A+YMANtorGQxs","7fQ0Wqb/tKxbkuc1o30cej@6c48a","7fQ0Wqb/tKxbkuc1o30cej@f9941","81GHAJmdxJhbiPHUO367vz@6c48a","81GHAJmdxJhbiPHUO367vz@f9941","822fg5XpBPuZ3fgQ3dVeOj@6c48a","822fg5XpBPuZ3fgQ3dVeOj@f9941","8278wBbDRGjIInMMQlPnUU@f9941","83CPeamIVL1Ys3R6qpM9sR@f9941","84FObBFxlDIK2/KqLmHZn5@6c48a","84FObBFxlDIK2/KqLmHZn5@f9941","86LOCjLJxFkr7qX2gxF/9p@6c48a","86LOCjLJxFkr7qX2gxF/9p@f9941","87R9FFLRxB4YMN+Wg+oQrX","87lUUJZ3xMHpZskn/18r0b@6c48a","87lUUJZ3xMHpZskn/18r0b@f9941","89OqtuCL5PQoj9JFfWXrcR@f9941","89Wqux7l9M/7PokgavQWTl@6c48a","89Wqux7l9M/7PokgavQWTl@f9941","8apQTOle5LcJVIlJMPE5XQ@6c48a","8apQTOle5LcJVIlJMPE5XQ@f9941","8cGORCCLFBD4yCQhcCXf3e@f9941","8clRQnfNNHCJLZPDZ6e7r8","8cyqK/+SBHa4sakbnUaXfd@6c48a","8cyqK/+SBHa4sakbnUaXfd@f9941","8dcHjukiRMl4pSXcXGiGu5@f9941","8fR5pc/95Amr78H0rsZrLG@6c48a","8fR5pc/95Amr78H0rsZrLG@f9941","8fhQlcCK5DjIwRCEhDG8om@f9941","90Fmt0+K5LL4o0OtHEa7dW@6c48a","90Fmt0+K5LL4o0OtHEa7dW@f9941","928Nll3d1C0IxwFrUuR31M@6c48a","928Nll3d1C0IxwFrUuR31M@f9941","94FSNmC+JCvalnQx2/Tmqv@f9941","94kGuGpxZDZ4cSTQ3LgVn3@6c48a","94kGuGpxZDZ4cSTQ3LgVn3@f9941","94t30MJhFKL7Njf46TSUOT@6c48a","94t30MJhFKL7Njf46TSUOT@f9941","95EkngnxZFbYuFpsqVTaFr@f9941","99mVQGGcdKr6FiD3BikvOQ@6c48a","99mVQGGcdKr6FiD3BikvOQ@f9941","99t+H++RVO3q+lpyS4t8x6","9dz0vvP9VJ3qdoXvtGJXkT@f9941","9eX0CUPBpHipPSBwTcDij4@f9941","9fMCtKeAdKl4NoAhbMeCtT@f9941","a1jdSkC31BuZIIvG8+YZ0Z@6c48a","a1jdSkC31BuZIIvG8+YZ0Z@f9941","a13QYCnW9MxYUBhILj56RO@6c48a","a13QYCnW9MxYUBhILj56RO@f9941","a5BV8RkgRHS4wfR22ZUoxb@6c48a","a5BV8RkgRHS4wfR22ZUoxb@f9941","a5CWOn0opM74izQpkn+Gh1@f9941","a76QxmXG9G34q4yJXu9VwE@6c48a","a76QxmXG9G34q4yJXu9VwE@f9941","a76+KawstF/5PF1KXX8gy7@6c48a","a76+KawstF/5PF1KXX8gy7@f9941","a8ZajNkxlLX5KcZjBjfhnf@f9941","a8pG155iFMXrXDguGrU6In@f9941","a8q7ndzulOJbl353u9frBF@6c48a","a8q7ndzulOJbl353u9frBF@f9941","a9vO2GBWpJgazbBPZiz4tE","aaIPIW975Mv6QOkMabaumf@f9941","aa1/wv2X1GJqpAyYJzHgBk@6c48a","aa1/wv2X1GJqpAyYJzHgBk@f9941","aa5FcRzzpJ6YDXX6I8Qarm@f9941","aa9hMJytxJELgsdkrR+Ly1@f9941","aa+Xl4ZYlN656CxUK6ZLa3","b0GLkiQdVO84NbiRH6V3Gq@6c48a","b0GLkiQdVO84NbiRH6V3Gq@f9941","b19jka+7FO+J3whRYYxmku@f9941","b2cDYSX9FO7ZMn3c/050Ao@6c48a","b2cDYSX9FO7ZMn3c/050Ao@f9941","b2c0VohzhNI6S3R8n8WHml","b2hvSd+m5Jb5GjavS4tVFt","b2jA19ZjVFY5BQocFlL7Ix@f9941","b3mb1mGL9Nq5hbGAXZCEld@f9941","b6FbiJl4RBBYGdfqzD4kSR@6c48a","b6FbiJl4RBBYGdfqzD4kSR@f9941","b6LlTjsjhJLbZDc455t5TR@f9941","b7Y7TvJ1REJpT3ftlu7BSg@f9941","b9FROJUZFFQrDb5dN/JKds@6c48a","b9FROJUZFFQrDb5dN/JKds@f9941","bbEfgLuERLKbz+hDuazczG@6c48a","bbEfgLuERLKbz+hDuazczG@f9941","bfMOp2PWdGAo8cEhnE/OOp@6c48a","bfMOp2PWdGAo8cEhnE/OOp@f9941","bf00/YKQ5Ht4nLDd/0zq2Z@f9941","c0MKfQQTRLzLFQcBSO9jCJ@6c48a","c0MKfQQTRLzLFQcBSO9jCJ@f9941","c1EU4AJddDeLNLIypgqAQz@f9941","c10aQI9QVCrbx+7I3z1BSE@f9941","c2JEFWPdNNe7/v7JGE3x1t@6c48a","c2JEFWPdNNe7/v7JGE3x1t@f9941","c21N7sFFJLp51I9KKJOXrQ","c3uPNgunJCsqQzNoUD+0f5@6c48a","c3uPNgunJCsqQzNoUD+0f5@f9941","c3yNX2ZTJATo/X2+PgafQV@6c48a","c3yNX2ZTJATo/X2+PgafQV@f9941","c37kFUPQ9Bh7jn+nVnxihS@6c48a","c37kFUPQ9Bh7jn+nVnxihS@f9941","c3/2H2yiVF2ZYXtK06xsPj","c4QOCIgP1Ir6F4xijRX//d@6c48a","c4QOCIgP1Ir6F4xijRX//d@f9941","c48jbkAJhFrYvuLRLJvo4A@f9941","c6J/hD3+lPwI6Vjusykbay@f9941","c6LwSzBE9EWphfzwku4R27@f9941","c7bbZPS+tM9JrWFsjWXnC5@f9941","c7tF4hetRHc5wVk0W+vp8X@f9941","c8QeWafXpME7mEoI+OV8Tz@6c48a","c8QeWafXpME7mEoI+OV8Tz@f9941","c8fENYK2dKBacq20vcQFOo@f9941","caHCvFKPNEGpaE5iOheRRZ@f9941","cabwPMrelF2rdl7RnzNrpf","cbb/xPHTdP/KFy34YT0JDq@6c48a","cbb/xPHTdP/KFy34YT0JDq@f9941","cbxW4bDWFITIR2Lr1TlqKN@6c48a","cbxW4bDWFITIR2Lr1TlqKN@f9941","cfrl0fictCuLpeBGFATaHy@f9941","d2WlLv9oNJmqxbsV2VBJD8@f9941","d3/pXJj/9Goq/5eavfSJ9h@6c48a","d3/pXJj/9Goq/5eavfSJ9h@f9941","d5Pw1aiZpJs6ZIx6yWba/4@f9941","d58I5kyJNHCpQqJDywRlE3@6c48a","d58I5kyJNHCpQqJDywRlE3@f9941","d6Fm2XDHVK45d2a1Pdj76W@6c48a","d6Fm2XDHVK45d2a1Pdj76W@f9941","d6+YznK2xGB419rCrqJnZ+@f9941","d87ZjnutRCb5QOEHIqtYU5@f9941","d8+MyVYs1BToc1aCbwxZwC@f9941","damuslejpH7YiL+YDnoWzO@6c48a","damuslejpH7YiL+YDnoWzO@f9941","dau35XRcFBPYQn1Mw/jm/U@6c48a","dau35XRcFBPYQn1Mw/jm/U@f9941","dcGiMk4yVG1Z17zPD37Ksk@f9941","dcc1gWlXlNjaH9wiIbHn43@f9941","dcdllgohpGUKuE4CsaNZ9C@6c48a","dcdllgohpGUKuE4CsaNZ9C@f9941","dco0Ym3m9JlpEE6JaMk3px@6c48a","dco0Ym3m9JlpEE6JaMk3px@f9941","ddOBDwKQ1MAojPCmtgXCnj@f9941","ddPt3CeHdDgKAxW2+pHu2Z","ddn4e1bZNHKpXvhzcxBrZs","deaaM7WnNBtpuC3Xo8s1zF","det4+VA+pNnILw2KBto15G@f9941","de4t2fjdZHnptb3mt8iShn@6c48a","de4t2fjdZHnptb3mt8iShn@f9941","dfIR5itY9CHLBZnPWx47bp@f9941","dfg2KQtExB3Ki9OGZT7L2J@6c48a","dfg2KQtExB3Ki9OGZT7L2J@f9941","e0CofzVjRC/YB7cqyAJ2um@f9941","e0t2Jb2M5MmI3IFbbh12vO@6c48a","e0t2Jb2M5MmI3IFbbh12vO@f9941","e0y2FFtYFGboP2W7MLIkSS@6c48a","e0y2FFtYFGboP2W7MLIkSS@f9941","e28RDkGfxIG4CKPAZgK1+K","e4AHZDTOhDhISMc8xv7XUY@f9941","e7Y4ycydREAoio4XnnVWLD","e78lu3ezxDKoro8L97gGFe@f9941","e85n2aydpHzJifKYkpcp5O@6c48a","e85n2aydpHzJifKYkpcp5O@f9941","e9lc9EuuNH1Z8nCDgDeSoF@6c48a","e9lc9EuuNH1Z8nCDgDeSoF@f9941","ebUp7hkKtLX5XlI0QHPPHs@f9941","ecexRSviNAVY/v4A/DPSse@f9941","ec5Bt7erhCP73pToGVKx5M@f9941","efGBqlUhVLcaJyGzgHDCvp@f9941","f2BvzbovtI0JJ6N8bVxfoM@f9941","f4DkqsPPpPsoINz/3Yhvlr@6c48a","f4DkqsPPpPsoINz/3Yhvlr@f9941","f5UL4M2I5OureRqAaimftY@6c48a","f5UL4M2I5OureRqAaimftY@f9941","f7kFcPevRAJZbs2B9lyK5G@6c48a","f7kFcPevRAJZbs2B9lyK5G@f9941","f8L9RW34BBQJ6DLbag33RF@f9941","f8iCCwiEVJmoC9s83vtTky","f8+uDEOF1Au4sjvSNbwZcK","faxfdBQ7pGbZ2O0ptyZAMe@6c48a","faxfdBQ7pGbZ2O0ptyZAMe@f9941","fbgeA0VGBBBKyV2nPRkvZp","fcRAii+l5JV6k2CeV4b+e6@6c48a","fcRAii+l5JV6k2CeV4b+e6@f9941","fcv7g6OR9DsK5JhBDPw1zk@f9941","ffbD1HaWFF3IUx4Fy7yKHx@6c48a","ffbD1HaWFF3IUx4Fy7yKHx@f9941","ffuIqPr2JI9I8dPLYGRDpD@6c48a","ffuIqPr2JI9I8dPLYGRDpD@f9941"],"paths":{"0":["res/texture/banker_b",1,1],"1":["res/controlNIUPC/banker_b_a_pc",1,1],"2":["res/controlNIUPC/banker_b_pc",1,1],"3":["res/controlNIUPC/player_b_pc",1,1],"4":["res/texture/banker_b_a",1,1],"5":["bacNiuNiuSGameScene",0,1],"6":["res/texture/player_b_a",1,1],"7":["res/texture/player_b",1,1],"8":["res/controlNIUPC/player_b_a_pc",1,1],"9":["bacNiuNiuSGameScenePC",0,1],"32":["res/texture/banker_b/texture",2,1],"33":["res/texture/banker_b/spriteFrame",3,1],"40":["res/controlNIUPC/banker_b_a_pc/texture",2,1],"41":["res/controlNIUPC/banker_b_a_pc/spriteFrame",3,1],"48":["res/controlNIUPC/banker_b_pc/texture",2,1],"49":["res/controlNIUPC/banker_b_pc/spriteFrame",3,1],"52":["res/controlNIUPC/player_b_pc/texture",2,1],"53":["res/controlNIUPC/player_b_pc/spriteFrame",3,1],"55":["res/texture/banker_b_a/texture",2,1],"56":["res/texture/banker_b_a/spriteFrame",3,1],"101":["res/texture/player_b_a/texture",2,1],"102":["res/texture/player_b_a/spriteFrame",3,1],"103":["res/texture/player_b/texture",2,1],"104":["res/texture/player_b/spriteFrame",3,1],"114":["res/controlNIUPC/player_b_a_pc/texture",2,1],"115":["res/controlNIUPC/player_b_a_pc/spriteFrame",3,1]},"scenes":{"db://assets/games/bacNiuniuS/bacNiuNiuSGameScene.scene":5,"db://assets/games/bacNiuniuS/bacNiuNiuSGameScenePC.scene":9},"packs":{"02700ca28":[287,334,336,350],"03ce93833":[145,146,190,254,282,344,352,434,515],"03d2c50fa":[404,480,517],"058d499b5":[160,166,177,181,185,195,203,209,224,236,41,242,250,49,53,258,279,291,298,307,328,342,345,367,369,385,392,417,420,115,441,462,485,9],"074b78b6c":[175,217,256,294,314,317,359,387,400,403,413,425,427,493],"080b4110d":[139,143,148,149,161,178,210,211,212,222,228,229,234,248,252,262,263,264,266,269,272,275,280,288,289,292,295,308,312,326,340,353,365,374,376,383,389,393,401,406,407,418,421,435,438,443,449,459,466,487,489,494,495,496],"0a33f9f7a":[356,382,444],"0aa4a5a0e":[165,197,199,202,219,144,223,225,249,48,253,270,152,281,284,297,302,306,304,327,333,351,159,355,358,180,184,194,213,32,235,40,237,260,267,293,310,313,323,337,363,368,176,186,192,140,241,52,55,154,290,343,349,188,204,208,216,239,255,257,341,243,321,361,366,182,230,174,232,245,278,316,335,346,371,379,384,386,390,377,381,394,101,103,399,408,402,412,414,416,426,428,430,114,419,433,440,423,445,447,451,454,456,461,463,467,469,476,479,482,484,490,492,499,501,503,508,511,514,516],"0cde47f9b":[141,179,200,240,244,286,324,409,431],"0de199f9b":[155,168,189],"0e50a439a":[187,205,226,233,238,246,261,285,303,305,311,332,338,347,380,391,395,415,446,448,452,457,470,477,500,504,509,512],"0e5b2d189":[153,183,198,33,220,231,251,56,268,271,322,362,364,5,372,102,104,424,429,455,464,468,473,483,491,502,506,507,510],"0e9c01062":[214,378,474]},"versions":{"import":[10,"a2533",142,"13cda",11,"a2533",150,"9bdbb",151,"48b0a",12,"a2533",13,"a2533",156,"6b92f",157,"4b5e0",158,"a61aa",14,"a2533",163,"54fbc",164,"6f554",15,"a2533",169,"0739c",170,"b7136",171,"1f6e3",172,"68ac9",173,"7b483",16,"a2533",17,"a2533",18,"a2533",19,"a2533",20,"a2533",21,"a2533",22,"a2533",23,"024f9",24,"a2533",25,"a2533",26,"a2533",27,"a2533",28,"a2533",29,"a2533",30,"a2533",31,"a2533",0,"a2533",34,"a2533",35,"a2533",36,"a2533",37,"a2533",38,"a2533",39,"a2533",1,"a2533",42,"a2533",43,"a2533",44,"a2533",45,"a2533",46,"a2533",47,"a2533",2,"a2533",50,"a2533",51,"a2533",3,"a2533",54,"a2533",4,"a2533",57,"a2533",58,"a2533",59,"a2533",60,"a2533",61,"a2533",62,"a2533",63,"a2533",64,"a2533",65,"a2533",66,"a2533",67,"a2533",68,"a2533",69,"a2533",70,"a2533",71,"a2533",72,"a2533",73,"a2533",74,"a2533",75,"a2533",76,"a2533",77,"a2533",78,"a2533",79,"a2533",80,"a2533",81,"a2533",82,"a2533",83,"a2533",84,"a2533",85,"a2533",86,"a2533",88,"a2533",89,"a2533",90,"a2533",91,"a2533",92,"a2533",93,"a2533",94,"a2533",95,"a2533",96,"a2533",97,"a2533",98,"a2533",99,"a2533",100,"a2533",6,"a2533",7,"a2533",105,"a2533",106,"a2533",107,"a2533",108,"a2533",109,"a2533",110,"a2533",111,"a2533",112,"a2533",113,"a2533",8,"a2533",116,"a2533",117,"a2533",118,"a2533",119,"a2533",120,"a2533",121,"a2533",122,"a2533",123,"a2533",124,"a2533",125,"a2533",126,"a2533",127,"a2533",128,"a2533",129,"a2533",130,"a2533",131,"a2533",132,"a2533",133,"a2533",134,"a2533",135,"a2533",136,"a2533",137,"a2533",138,"a2533"],"native":[10,"de7ab",11,"f5aea",12,"cbed1",13,"338df",14,"4412a",15,"440c4",16,"2ed4a",17,"a291e",18,"12aef",19,"effac",20,"8cb5e",21,"8f78e",22,"92d87",23,"09ca3",24,"2cbb2",25,"85395",26,"12b1b",27,"cfe7d",28,"e96e3",29,"b4a25",30,"6ba03",31,"0f3fc",0,"af79b",34,"d4496",35,"f6a0a",36,"6a001",37,"4218e",38,"fe425",39,"581d8",1,"ec6cc",42,"85e6a",43,"afd53",44,"b1978",45,"7c998",46,"3b642",47,"83bdf",2,"9a431",50,"86514",51,"14d73",3,"2e117",54,"672ee",4,"6d792",57,"3ee22",58,"27ca2",59,"58ee9",60,"0ea76",61,"b9b08",62,"bc5d7",63,"c7d36",64,"66176",65,"bffc4",66,"f17c5",67,"28bc9",68,"fe571",69,"9be18",70,"829bb",71,"a2b7f",72,"e84b9",73,"1edba",74,"8f4bc",75,"70d56",76,"3b247",77,"781eb",78,"a4257",79,"88489",80,"0a5df",81,"ad921",82,"33181",83,"53ebe",84,"6cef2",85,"44782",86,"81fac",88,"25d5d",89,"ac927",90,"8bc93",91,"5098c",92,"411fb",93,"a3590",94,"4617a",95,"9e086",96,"83e56",97,"050cf",98,"26764",99,"5470a",100,"b58b8",6,"6de88",7,"b070b",105,"8c337",106,"494e2",107,"f1f93",108,"f3164",109,"654a1",110,"28e5b",111,"9bf84",112,"7a6ff",113,"a70a9",8,"90126",116,"7a7d1",117,"857a7",118,"9db1f",119,"fbfba",120,"ddc89",121,"543b5",122,"1f4a7",123,"0677e",124,"93d21",125,"1cf6c",126,"125cd",127,"d86ae",128,"d6c97",129,"1941a",130,"a5ea9",131,"e0076",132,"c45ce",133,"283e7",134,"00ecb",135,"f9aae",136,"80fee",137,"f6d44",138,"6d707"]},"redirect":[147,"0",162,"0",167,"0",191,"0",193,"0",196,"0",201,"0",206,"1",207,"1",215,"0",218,"0",221,"0",227,"0",247,"1",259,"0",265,"0",273,"0",274,"0",276,"1",277,"1",283,"0",296,"0",299,"0",300,"0",301,"0",309,"0",315,"0",318,"0",319,"0",320,"0",325,"0",329,"0",330,"0",331,"1",339,"0",348,"0",354,"0",357,"0",360,"0",87,"0",370,"1",373,"0",375,"0",388,"0",396,"0",397,"0",398,"0",405,"0",410,"0",411,"0",422,"0",432,"0",436,"0",437,"0",439,"0",442,"0",450,"0",453,"0",458,"0",460,"0",465,"0",471,"0",472,"0",475,"1",478,"0",481,"0",486,"0",488,"0",497,"0",498,"0",505,"0",513,"0"],"debug":false,"extensionMap":{".cconb":[87]},"hasPreloadScript":true,"dependencyRelationships":{},"types":["cc.SceneAsset","cc.ImageAsset","cc.Texture2D","cc.SpriteFrame"]}