[1,["43f753af-0f4a-4a15-9544-92647204b8f0@6c48a"],0,[["sp.SkeletonData",["_name","_atlasText","textureNames","_skeletonJson","textures"],-1,3]],[[0,0,1,2,3,4,5]],[[0,"dajidali","\ndajidali.png\nsize: 1522,1522\nformat: RGBA4444\nfilter: Linear,Linear\nrepeat: none\n大吉大利-animation_00\n  rotate: false\n  xy: 323, 171\n  size: 1, 1\n  orig: 1, 1\n  offset: 0, 0\n  index: -1\n大吉大利-animation_01\n  rotate: false\n  xy: 323, 174\n  size: 129, 23\n  orig: 350, 350\n  offset: 36, 327\n  index: -1\n大吉大利-animation_02\n  rotate: true\n  xy: 1412, 72\n  size: 166, 101\n  orig: 350, 350\n  offset: 18, 249\n  index: -1\n大吉大利-animation_03\n  rotate: true\n  xy: 2, 2\n  size: 166, 138\n  orig: 350, 350\n  offset: 18, 193\n  index: -1\n大吉大利-animation_04\n  rotate: true\n  xy: 142, 2\n  size: 166, 126\n  orig: 350, 350\n  offset: 18, 166\n  index: -1\n大吉大利-animation_05\n  rotate: true\n  xy: 270, 2\n  size: 166, 121\n  orig: 350, 350\n  offset: 18, 159\n  index: -1\n大吉大利-animation_06\n  rotate: true\n  xy: 1312, 902\n  size: 299, 191\n  orig: 350, 350\n  offset: 18, 159\n  index: -1\n大吉大利-animation_07\n  rotate: false\n  xy: 454, 5\n  size: 317, 192\n  orig: 350, 350\n  offset: 18, 158\n  index: -1\n大吉大利-animation_08\n  rotate: false\n  xy: 773, 18\n  size: 317, 192\n  orig: 350, 350\n  offset: 18, 158\n  index: -1\n大吉大利-animation_09\n  rotate: true\n  xy: 1311, 1203\n  size: 317, 192\n  orig: 350, 350\n  offset: 18, 158\n  index: -1\n大吉大利-animation_10\n  rotate: true\n  xy: 1248, 240\n  size: 317, 192\n  orig: 350, 350\n  offset: 18, 158\n  index: -1\n大吉大利-animation_11\n  rotate: true\n  xy: 1299, 561\n  size: 317, 192\n  orig: 350, 350\n  offset: 18, 158\n  index: -1\n大吉大利-animation_12\n  rotate: false\n  xy: 1092, 8\n  size: 318, 228\n  orig: 350, 350\n  offset: 18, 122\n  index: -1\n大吉大利-animation_13\n  rotate: true\n  xy: 965, 238\n  size: 319, 281\n  orig: 350, 350\n  offset: 18, 69\n  index: -1\n大吉大利-animation_14\n  rotate: true\n  xy: 993, 1201\n  size: 319, 316\n  orig: 350, 350\n  offset: 18, 30\n  index: -1\n大吉大利-animation_15\n  rotate: false\n  xy: 2, 170\n  size: 319, 335\n  orig: 350, 350\n  offset: 18, 15\n  index: -1\n大吉大利-animation_16\n  rotate: false\n  xy: 2, 845\n  size: 319, 336\n  orig: 350, 350\n  offset: 18, 14\n  index: -1\n大吉大利-animation_17\n  rotate: false\n  xy: 2, 507\n  size: 319, 336\n  orig: 350, 350\n  offset: 18, 14\n  index: -1\n大吉大利-animation_18\n  rotate: false\n  xy: 2, 1183\n  size: 319, 337\n  orig: 350, 350\n  offset: 18, 13\n  index: -1\n大吉大利-animation_19\n  rotate: true\n  xy: 323, 1201\n  size: 319, 334\n  orig: 350, 350\n  offset: 18, 12\n  index: -1\n大吉大利-animation_20\n  rotate: false\n  xy: 323, 533\n  size: 319, 332\n  orig: 350, 350\n  offset: 18, 12\n  index: -1\n大吉大利-animation_21\n  rotate: false\n  xy: 323, 199\n  size: 319, 332\n  orig: 350, 350\n  offset: 18, 12\n  index: -1\n大吉大利-animation_22\n  rotate: true\n  xy: 644, 880\n  size: 319, 332\n  orig: 350, 350\n  offset: 18, 12\n  index: -1\n大吉大利-animation_23\n  rotate: true\n  xy: 659, 1201\n  size: 319, 332\n  orig: 350, 350\n  offset: 18, 12\n  index: -1\n大吉大利-animation_24\n  rotate: false\n  xy: 644, 546\n  size: 319, 332\n  orig: 350, 350\n  offset: 18, 12\n  index: -1\n大吉大利-animation_25\n  rotate: false\n  xy: 644, 212\n  size: 319, 332\n  orig: 350, 350\n  offset: 18, 12\n  index: -1\n大吉大利-animation_26\n  rotate: true\n  xy: 965, 559\n  size: 319, 332\n  orig: 350, 350\n  offset: 18, 12\n  index: -1\n大吉大利-animation_27\n  rotate: true\n  xy: 978, 880\n  size: 319, 332\n  orig: 350, 350\n  offset: 18, 12\n  index: -1\n大吉大利-animation_28\n  rotate: false\n  xy: 323, 867\n  size: 319, 332\n  orig: 350, 350\n  offset: 18, 12\n  index: -1\n",["dajidali.png"],{"skeleton":{"hash":"NuzLI+3vg55qEIbcUznCrpVeFEE","spine":"3.8.99","x":-250,"y":-250,"width":500,"height":500,"images":"./連續圖/","audio":""},"bones":[{"name":"root"}],"slots":[{"name":"大吉大利-animation_00","bone":"root","attachment":"大吉大利-animation_28"}],"skins":[{"name":"default","attachments":{"大吉大利-animation_00":{"大吉大利-animation_00":{"width":500,"height":500},"大吉大利-animation_01":{"width":500,"height":500},"大吉大利-animation_02":{"width":500,"height":500},"大吉大利-animation_03":{"width":500,"height":500},"大吉大利-animation_04":{"width":500,"height":500},"大吉大利-animation_05":{"width":500,"height":500},"大吉大利-animation_06":{"width":500,"height":500},"大吉大利-animation_07":{"width":500,"height":500},"大吉大利-animation_08":{"width":500,"height":500},"大吉大利-animation_09":{"width":500,"height":500},"大吉大利-animation_10":{"width":500,"height":500},"大吉大利-animation_11":{"width":500,"height":500},"大吉大利-animation_12":{"width":500,"height":500},"大吉大利-animation_13":{"width":500,"height":500},"大吉大利-animation_14":{"width":500,"height":500},"大吉大利-animation_15":{"width":500,"height":500},"大吉大利-animation_16":{"width":500,"height":500},"大吉大利-animation_17":{"width":500,"height":500},"大吉大利-animation_18":{"width":500,"height":500},"大吉大利-animation_19":{"width":500,"height":500},"大吉大利-animation_20":{"width":500,"height":500},"大吉大利-animation_21":{"width":500,"height":500},"大吉大利-animation_22":{"width":500,"height":500},"大吉大利-animation_23":{"width":500,"height":500},"大吉大利-animation_24":{"width":500,"height":500},"大吉大利-animation_25":{"width":500,"height":500},"大吉大利-animation_26":{"width":500,"height":500},"大吉大利-animation_27":{"width":500,"height":500},"大吉大利-animation_28":{"width":500,"height":500}}}}],"animations":{"animation":{"slots":{"大吉大利-animation_00":{"attachment":[{"name":"大吉大利-animation_00"},{"time":0.0333,"name":"大吉大利-animation_01"},{"time":0.0667,"name":"大吉大利-animation_02"},{"time":0.1,"name":"大吉大利-animation_03"},{"time":0.1333,"name":"大吉大利-animation_04"},{"time":0.1667,"name":"大吉大利-animation_05"},{"time":0.2,"name":"大吉大利-animation_06"},{"time":0.2333,"name":"大吉大利-animation_07"},{"time":0.2667,"name":"大吉大利-animation_08"},{"time":0.3,"name":"大吉大利-animation_09"},{"time":0.3333,"name":"大吉大利-animation_10"},{"time":0.3667,"name":"大吉大利-animation_11"},{"time":0.4,"name":"大吉大利-animation_12"},{"time":0.4333,"name":"大吉大利-animation_13"},{"time":0.4667,"name":"大吉大利-animation_14"},{"time":0.5,"name":"大吉大利-animation_15"},{"time":0.5333,"name":"大吉大利-animation_16"},{"time":0.5667,"name":"大吉大利-animation_17"},{"time":0.6,"name":"大吉大利-animation_18"},{"time":0.6333,"name":"大吉大利-animation_19"},{"time":0.6667,"name":"大吉大利-animation_20"},{"time":0.7,"name":"大吉大利-animation_21"},{"time":0.7333,"name":"大吉大利-animation_22"},{"time":0.7667,"name":"大吉大利-animation_23"},{"time":0.8,"name":"大吉大利-animation_24"},{"time":0.8333,"name":"大吉大利-animation_25"},{"time":0.8667,"name":"大吉大利-animation_26"},{"time":0.9,"name":"大吉大利-animation_27"},{"time":0.9333,"name":"大吉大利-animation_28"}]}}}}},[0]]],0,0,[0],[-1],[0]]
