[1,["9brNKVYtZJ2ISgoGcTjitr","10vthiGu1D5LUPtms46Pe4"],["spriteFrame","_textureSetter"],["cc.SpriteFrame",["cc.BitmapFont",["_name","fontSize","_fntConfig"],0]],[[1,0,1,2,4]],[[[[0,"mahjongRuleFont",23,{"commonHeight":23,"fontSize":23,"atlasName":"font1_0.png","fontDefDictionary":{"48":{"xOffset":0,"yOffset":0,"xAdvance":18,"rect":{"x":5,"y":5,"width":18,"height":23}},"49":{"xOffset":0,"yOffset":0,"xAdvance":14,"rect":{"x":28,"y":5,"width":14,"height":23}},"50":{"xOffset":0,"yOffset":0,"xAdvance":18,"rect":{"x":47,"y":5,"width":18,"height":23}},"51":{"xOffset":0,"yOffset":0,"xAdvance":17,"rect":{"x":70,"y":5,"width":17,"height":23}},"52":{"xOffset":0,"yOffset":0,"xAdvance":18,"rect":{"x":92,"y":5,"width":18,"height":23}},"53":{"xOffset":0,"yOffset":0,"xAdvance":17,"rect":{"x":115,"y":5,"width":17,"height":23}},"54":{"xOffset":0,"yOffset":0,"xAdvance":17,"rect":{"x":137,"y":5,"width":17,"height":23}},"55":{"xOffset":0,"yOffset":0,"xAdvance":16,"rect":{"x":159,"y":5,"width":16,"height":23}},"56":{"xOffset":0,"yOffset":0,"xAdvance":17,"rect":{"x":203,"y":5,"width":17,"height":23}},"57":{"xOffset":0,"yOffset":0,"xAdvance":18,"rect":{"x":180,"y":5,"width":18,"height":23}}},"kerningDict":{}}]],0,0,[0],[0],[0]],[[{"name":"mahjongRuleFont_0","rect":[6,5,214,23],"offset":[0.5,0],"originalSize":[225,33],"capInsets":[0,0,0,0]}],[0],0,[0],[1],[1]]]]