[1,["20P9pUxvVP04MhWrgPY6Wh@f9941","21HsyQXBNHT5CO1ZmAICdQ@f9941","20g1ukYUVPvKWKBRznAKo+@f9941","54TknWPwVPqJqeCR+Y/Czo@f9941","95EkngnxZFbYuFpsqVTaFr@f9941","55+jZHA31BwKl+ljQ2ggxe@f9941","db3SFsTs9ERpwAPuJlX5RH","02E8gutvJALbJYvYLpjL33@f9941","196fbGf5NKLrP8I0zSWVHi@f9941","22kcWrOP9OwrK4MzeAII8j","d87ZjnutRCb5QOEHIqtYU5@f9941","78I/z1mgdIhb+l9A92nM2+@f9941","02E8gutvJALbJYvYLpjL33@6c48a","176fQQya1Me6n/ypcWiqiL@6c48a","196fbGf5NKLrP8I0zSWVHi@6c48a","21HsyQXBNHT5CO1ZmAICdQ@6c48a","7dj5uJT9FMn6OrOOx83tfK@f9941","176fQQya1Me6n/ypcWiqiL@f9941","5cWHQGlbBNU5Fefp6ekG3o@f9941","e5aDBL1KNCwIl5UOnYDBHL@f9941","d6B5Y30FRCnKtrS7LDD/12@f9941","5cWHQGlbBNU5Fefp6ekG3o@6c48a","d6B5Y30FRCnKtrS7LDD/12@6c48a","edb2MrbPtLz7vyihILya6U@f9941","aeJbk4/IBACZVl/75uF9qm@f9941","34LTkT6t9L+LlsO66MUq14@f9941","dbJA7uyxJGSI0tOBdZAXDV@f9941","54LS2sRUFJA6vX4K0LhR6y@f9941","457fIps6xBnKpJI0z/llgN@f9941","16mVeAGNpFY620rbu9buI8@f9941","4eCTEhr5NHoqddmXwn2BcB@f9941","e3WzFOkCZN7YKP+PYzP1AX@f9941","dc8dpzMHBKIZSxkOK0psm4@f9941","594LCPZ35INZca5KOkCOVT@f9941","61uL901QZC66J1Wl8STux8@f9941","7992RGF2ZMBZOoAsGAyiI3@f9941","f1d4qcPsVABrUi/WjjJiaz@f9941","ccgRy7udZEFasFP4LFPI/r@f9941","deSxtvxSxAs6qBYFtv00f9@f9941","32Y+AvTg5O1Y/9P1wMMcwG@f9941","13dwQ5RY5N5IiZAIIcU8cV@f9941","a3jiIy22JJWqvEpvdNW4L6@f9941","17O9OboQdOK7ENMtCRnSeD@f9941","67rkG1j6JMKYP3OiCqJBrN@f9941","e5aDBL1KNCwIl5UOnYDBHL@6c48a"],["node","_spriteFrame","_target","_textureSource","root","_normalSprite","_hoverSprite","_pressedSprite","_disabledSprite","target","source","data","asset","_atlas","varifypointAndPasswordLabel","advanceCardPointCodeLabel","cardPointCardLabel","orderLabel","cardBackNode"],[["cc.Node",["_name","_layer","_active","_objFlags","_components","_prefab","_parent","_lpos","_children","_lscale"],-1,9,4,1,5,2,5],["cc.Label",["_string","_actualFontSize","_fontSize","_lineHeight","_overflow","_horizontalAlign","_verticalAlign","_enableWrapText","node","__prefab","_color"],-5,1,4,5],"cc.SpriteFrame",["cc.Sprite",["_type","_sizeMode","node","__prefab","_spriteFrame","_color","_atlas"],1,1,4,6,5,6],["cc.Node",["_name","_layer","_objFlags","__editorExtras__","_prefab","_components","_parent","_lpos","_children","_lscale"],-1,4,12,1,5,2,5],["cc.UITransform",["node","__prefab","_contentSize","_anchorPoint"],3,1,4,5,5],["cc.Button",["_transition","_interactable","node","__prefab","_normalColor","_target","clickEvents","_normalSprite","_hoverSprite","_pressedSprite","_disabledSprite","_disabledColor"],1,1,4,5,1,9,6,6,6,6,5],["cc.ClickEvent",["_componentId","handler","customEventData","target"],0,1],"cc.SpriteAtlas",["cc.Prefab",["_name"],2],["cc.CompPrefabInfo",["fileId"],2],["cc.PrefabInfo",["fileId","instance","root","asset","targetOverrides","nestedPrefabInstanceRoots"],1,1,1,9,2],["cc.PrefabInfo",["fileId","instance","targetOverrides","nestedPrefabInstanceRoots","root","asset"],-1,1,1],["cc.PrefabInfo",["fileId","targetOverrides","nestedPrefabInstanceRoots","root","instance","asset"],0,1,4,6],["cc.TargetOverrideInfo",["propertyPath","source","target","targetInfo"],2,1,1,4],["cc.TargetInfo",["localID"],2],["cc.Widget",["_alignFlags","node","__prefab"],2,1,4],["cc.BlockInputEvents",["node","__prefab"],3,1,4],["cc.PrefabInstance",["fileId","prefabRootNode","propertyOverrides"],2,1,9],["CCPropertyOverrideInfo",["value","propertyPath","targetInfo"],1,1],["CCPropertyOverrideInfo",["propertyPath","targetInfo","value"],2,1,8],["23b7d7+yHBD4bxUJkhpHtvt",["verfyCards","node","__prefab","verifyButton","verifySucNode","copyNodes","frameBgNodes","frameBgSpriteFrames"],2,1,4,1,1,2,2,3],["4ee07F6CP5HDoAMARX7B0sI",["node","__prefab","cardSpriteFrame","cardBackNode","orderLabel"],3,1,4,3,1,1]],[[10,0,2],[12,0,1,2,3,4,5,5],[5,0,1,2,1],[0,0,1,6,8,4,5,7,3],[0,0,1,6,4,5,3],[0,0,1,6,4,5,7,3],[7,0,1,2,3,4],[20,0,1,2,2],[4,0,1,6,5,4,7,3],[5,0,1,2,3,1],[6,0,2,3,6,4,5,2],[1,0,1,2,4,7,8,9,6],[3,2,3,5,4,1],[5,0,1,1],[15,0,2],[3,0,2,3,5,4,2],[3,0,2,3,2],[6,0,2,3,6,4,5,7,8,9,10,2],[1,0,1,2,8,9,10,4],[9,0,2],[4,2,3,6,4,3],[13,0,1,2,3,4,5,4],[14,0,1,2,3,2],[3,1,2,3,5,4,2],[3,2,3,4,6,1],[7,0,1,3,3],[16,0,1,2,2],[18,0,1,2,2],[19,0,1,2,3],[1,0,5,6,1,2,3,4,8,9,10,8],[4,0,1,8,5,4,3],[4,0,2,1,6,5,4,7,9,4],[0,0,1,6,8,4,5,3],[0,0,2,1,6,8,4,5,7,4],[0,0,1,8,4,5,7,9,3],[0,0,1,6,4,5,7,9,3],[0,0,3,1,6,4,5,4],[11,0,1,2,3,4,5,3],[3,2,3,4,1],[3,1,2,3,4,2],[6,1,0,2,3,4,11,5,3],[17,0,1,1],[1,0,1,2,8,9,4],[1,0,5,1,2,3,8,9,10,6],[1,0,5,1,2,3,4,8,9,10,7],[1,0,5,6,1,2,3,4,8,9,8],[1,0,1,2,3,8,9,5],[21,0,1,2,3,4,5,6,7,2],[22,0,1,2,3,4,1]],[[[{"name":"copy-right","rect":{"x":6,"y":3,"width":26,"height":30},"offset":{"x":1,"y":0},"originalSize":{"width":36,"height":36},"rotated":false,"capInsets":[0,0,0,0],"vertices":{"rawPosition":[-13,-15,0,13,-15,0,-13,15,0,13,15,0],"indexes":[0,1,2,2,1,3],"uv":[6,33,32,33,6,3,32,3],"nuv":[0.16666666666666666,0.08333333333333333,0.8888888888888888,0.08333333333333333,0.16666666666666666,0.9166666666666666,0.8888888888888888,0.9166666666666666],"minPos":{"x":-13,"y":-15,"z":0},"maxPos":{"x":13,"y":15,"z":0}},"packable":true,"pixelsToUnit":100,"pivot":{"x":0.5,"y":0.5},"meshType":0}],[2],0,[0],[3],[12]],[[{"name":"icon_copy","rect":{"x":6,"y":3,"width":26,"height":30},"offset":{"x":0.5,"y":0},"originalSize":{"width":37,"height":36},"rotated":false,"capInsets":[0,0,0,0],"vertices":{"rawPosition":[-13,-15,0,13,-15,0,-13,15,0,13,15,0],"indexes":[0,1,2,2,1,3],"uv":[6,33,32,33,6,3,32,3],"nuv":[0.16216216216216217,0.08333333333333333,0.8648648648648649,0.08333333333333333,0.16216216216216217,0.9166666666666666,0.8648648648648649,0.9166666666666666],"minPos":{"x":-13,"y":-15,"z":0},"maxPos":{"x":13,"y":15,"z":0}},"packable":true,"pixelsToUnit":100,"pivot":{"x":0.5,"y":0.5},"meshType":0}],[2],0,[0],[3],[13]],[[{"name":"btn_verify_2_m","rect":{"x":0,"y":0,"width":240,"height":50},"offset":{"x":0,"y":0},"originalSize":{"width":240,"height":50},"rotated":false,"capInsets":[0,0,0,0],"vertices":{"rawPosition":[-120,-25,0,120,-25,0,-120,25,0,120,25,0],"indexes":[0,1,2,2,1,3],"uv":[0,50,240,50,0,0,240,0],"nuv":[0,0,1,0,0,1,1,1],"minPos":{"x":-120,"y":-25,"z":0},"maxPos":{"x":120,"y":25,"z":0}},"packable":true,"pixelsToUnit":100,"pivot":{"x":0.5,"y":0.5},"meshType":0}],[2],0,[0],[3],[14]],[[{"name":"btn_verify_1_m","rect":{"x":0,"y":0,"width":107,"height":40},"offset":{"x":0,"y":0},"originalSize":{"width":107,"height":40},"rotated":false,"capInsets":[0,0,0,0],"vertices":{"rawPosition":[-53.5,-20,0,53.5,-20,0,-53.5,20,0,53.5,20,0],"indexes":[0,1,2,2,1,3],"uv":[0,40,107,40,0,0,107,0],"nuv":[0,0,1,0,0,1,1,1],"minPos":{"x":-53.5,"y":-20,"z":0},"maxPos":{"x":53.5,"y":20,"z":0}},"packable":true,"pixelsToUnit":100,"pivot":{"x":0.5,"y":0.5},"meshType":0}],[2],0,[0],[3],[15]],[[{"name":"auto-atlas","spriteFrames":["tj_18","13dwQ5RY5N5IiZAIIcU8cV@f9941","tj_7","16mVeAGNpFY620rbu9buI8@f9941","tj_17","32Y+AvTg5O1Y/9P1wMMcwG@f9941","tj_3","34LTkT6t9L+LlsO66MUq14@f9941","tj_6","457fIps6xBnKpJI0z/llgN@f9941","tj_8","4eCTEhr5NHoqddmXwn2BcB@f9941","tj_5","54LS2sRUFJA6vX4K0LhR6y@f9941","tj_11","594LCPZ35INZca5KOkCOVT@f9941","tj_12","61uL901QZC66J1Wl8STux8@f9941","tj_21","67rkG1j6JMKYP3OiCqJBrN@f9941","tj_13","7992RGF2ZMBZOoAsGAyiI3@f9941","tj_19","a3jiIy22JJWqvEpvdNW4L6@f9941","tj_2","aeJbk4/IBACZVl/75uF9qm@f9941","tj_15","ccgRy7udZEFasFP4LFPI/r@f9941","tj_4","dbJA7uyxJGSI0tOBdZAXDV@f9941","tj_10","dc8dpzMHBKIZSxkOK0psm4@f9941","tj_16","deSxtvxSxAs6qBYFtv00f9@f9941","tj_9","e3WzFOkCZN7YKP+PYzP1AX@f9941","tj_14","f1d4qcPsVABrUi/WjjJiaz@f9941","tj_20","17O9OboQdOK7ENMtCRnSeD@f9941","tj_1","78I/z1mgdIhb+l9A92nM2+@f9941","tj_0","edb2MrbPtLz7vyihILya6U@f9941"]}],[8],0,[],[],[]],[[[19,"tiengowSingleCardVerifViewMob"],[30,"tiengowSingleCardVerifViewMob",33554432,[-10,-11],[[[2,-8,[0,"b80Jft5SdLzKwAxsZRR3vp"],[5,720,1280]],-9],4,1],[37,"2cXSQAYE9K4bUEft61K85X",null,-7,0,[[22,["verfyCards","0"],-4,-3,[14,["2bGaq9/EVADY76nQg5qz++"]]],[22,["verfyCards","1"],-6,-5,[14,["2bGaq9/EVADY76nQg5qz++"]]]],[-1,-2]]],[32,"blockchain_pop_bg",33554432,1,[-14,-15,-16,-17,-18,-19,-20],[[2,-12,[0,"ccdXelBm5AxKA8HhBedHo5"],[5,640,897]],[38,-13,[0,"e5nvyNV7xG+LD22Q1qfwd/"],21]],[1,"0dtSGx8OlPLZfRrziMA1id",null,null,null,1,0]],[3,"cardInfo",33554432,2,[-22,-23,-24,-25,-26,-27],[[2,-21,[0,"39eo3/QhlPg5wvlOlHJ6A+"],[5,100,80]]],[1,"6ftfvivKJB3r++RvPrTgkh",null,null,null,1,0],[1,-2.886,321.766,0]],[3,"cardPointCodeInfo",33554432,2,[-29,-30,-31,-32,-33],[[13,-28,[0,"7fmPUcoZFJWL6ChxvN3d8z"]]],[1,"43rkys26dKAKZYi5P/7/CJ",null,null,null,1,0],[1,0,124.36,0]],[3,"verifyButton",33554432,2,[-38],[[2,-34,[0,"4cywYYkaBP/qvm2fv052lt"],[5,240,50]],[12,-35,[0,"12ikLwNy9P5ouuNItWa5xJ"],[4,4292269782],18],[10,1,-37,[0,"6cnROWJmFIaaL+SmmgBa1X"],[[6,"23b7d7+yHBD4bxUJkhpHtvt","btnClicked","verify",1]],[4,4292269782],-36]],[1,"50aSGBV/9EnIKuurOSRijd",null,null,null,1,0],[1,0,-373.098,0]],[33,"verifySuccessNode",false,33554432,2,[-40,-41,-42,-43],[[13,-39,[0,"dfoMN1Tw1PtLPGhT5fMxWo"]]],[1,"44MKNEG8hNerDbYqmo1BkD",null,null,null,1,0],[1,0,-47.215,0]],[3,"lookAllButton",33554432,3,[-48],[[2,-44,[0,"006cpj1kdAcIjsfs2PnA0C"],[5,107,40]],[10,1,-46,[0,"efIcWEInJAOI7pbyvWM91t"],[[6,"23b7d7+yHBD4bxUJkhpHtvt","btnClicked","lookAll",1]],[4,4292269782],-45],[12,-47,[0,"57M0kPi95HgJ8YEJO+9QNb"],[4,4292269782],7]],[1,"34PkWkEURDu6PtnN4jljCZ",null,null,null,1,0],[1,-122.178,-52.051000000000045,0]],[3,"verifLinkButton1",33554432,3,[-53],[[2,-49,[0,"0ahtZQ2wZNbpchXcKmsx8K"],[5,107,40]],[10,1,-51,[0,"d8uXq6akpCh40lASlJm9zN"],[[6,"23b7d7+yHBD4bxUJkhpHtvt","btnClicked","link1",1]],[4,4292269782],-50],[12,-52,[0,"b7QLOhrVhDqZ2i7qKYoMoI"],[4,4292269782],8]],[1,"9bj1hSAYtAVYxovI8dv+Mb",null,null,null,1,0],[1,-5.481999999999971,-52.051000000000045,0]],[3,"verifLinkButton2",33554432,3,[-58],[[2,-54,[0,"12nbpY4jRL8YT2eWY0PhpM"],[5,107,40]],[10,1,-56,[0,"e1OXUSt3hPM6FO7+Ei9ifX"],[[6,"23b7d7+yHBD4bxUJkhpHtvt","btnClicked","link2",1]],[4,4292269782],-55],[12,-57,[0,"84/+mxOjpGXK3tvDYVV+/J"],[4,4292269782],9]],[1,"eeoAhEaTpO27Q4nEApv0lU",null,null,null,1,0],[1,111.214,-52.051,0]],[3,"verifLinkButton3",33554432,3,[-63],[[2,-59,[0,"dc4VowD3ZAPo95jL2RKWrz"],[5,107,40]],[10,1,-61,[0,"c6X6yfumtIAqS3CmMQ18sR"],[[6,"23b7d7+yHBD4bxUJkhpHtvt","btnClicked","link3",1]],[4,4292269782],-60],[12,-62,[0,"c85CDTaeFEc5grcctiy76d"],[4,4292269782],10]],[1,"41k/UJmoRHkodzQjxOIj38",null,null,null,1,0],[1,227.91000000000003,-52.051000000000045,0]],[5,"copyButton",33554432,4,[[2,-64,[0,"falNbOAuRI9aqZkQtrDY0R"],[5,26,30]],[15,1,-65,[0,"aaw3m7OcBIXKjBp2UGey2J"],[4,4292269782],12],[10,1,-67,[0,"d7eR/Sz9RH3LScApEtsJwU"],[[6,"23b7d7+yHBD4bxUJkhpHtvt","btnClicked","copy1",1]],[4,4292269782],-66]],[1,"39Y2kbMVJFHrs4IIM35Zxa",null,null,null,1,0],[1,243.908,-2.427,0]],[3,"advanceCardPointCodeInfo",33554432,2,[-69,-70,-71,-72],[[13,-68,[0,"a0zcyP3YxDQ4v3fQYGxZSg"]]],[1,"98Veh5dzZEX7qDP/wUo8G8",null,null,null,1,0],[1,0,-222.062,0]],[5,"copyButton",33554432,12,[[2,-73,[0,"21szlGB6BKQpUO5s0XPpB2"],[5,26,30]],[15,1,-74,[0,"3atkGkCKtGnbvtY426n5qp"],[4,4292269782],13],[17,1,-76,[0,"8b7hpijadHSrxaSp0wRUim"],[[6,"23b7d7+yHBD4bxUJkhpHtvt","btnClicked","copy2",1]],[4,4292269782],-75,14,15,16,17]],[1,"02So1JwTtFaZjzrfwJ/fJm",null,null,null,1,0],[1,242.002,-22.124,0]],[3,"verifySuccessButton",33554432,6,[-81],[[2,-77,[0,"33mPXiAzFL9IdVNX9+LAg1"],[5,240,50]],[39,0,-78,[0,"41Mk+yoGND6ox7Kp1qjFaO"],19],[40,false,1,-80,[0,"aefTTiRXlJErQGeivr/wv3"],[4,4292269782],[4,4294967295],-79]],[1,"b5mnU3hjFBCJ81gy4nfGbC",null,null,null,1,0],[1,-150,-325.855,0]],[3,"verifyRestButton",33554432,6,[-86],[[2,-82,[0,"c1YsAIvypJ+LmuobrGYykt"],[5,240,50]],[23,0,-83,[0,"73FgKq1aZOb4FX8rBxR0OV"],[4,4292269782],20],[10,1,-85,[0,"03X6ifC5BH+L5vxxkaNmXa"],[[6,"23b7d7+yHBD4bxUJkhpHtvt","btnClicked","reset",1]],[4,4292269782],-84]],[1,"62Pt2FQtlKUopKelbObh97",null,null,null,1,0],[1,150,-325.855,0]],[3,"topNode",33554432,2,[-89,-90],[[2,-87,[0,"b4PHwfGrREALjZ+pBeNJXS"],[5,640,80]],[26,1,-88,[0,"a1j2ybVvdFAJmgeI+Vnk0N"]]],[1,"b8yKFu43NKX4I20gQazzuC",null,null,null,1,0],[1,0,408.5,0]],[5,"closeButton",33554432,16,[[2,-91,[0,"18IaxXPJFN8YFeZg/6JIvg"],[5,26,26]],[15,1,-92,[0,"430IO6vY9CnK806Y5rVQxN"],[4,4292269782],1],[17,1,-94,[0,"8eyFeWtqxM5J5RjwBe2v9j"],[[25,"23b7d7+yHBD4bxUJkhpHtvt","hide",1]],[4,4292269782],-93,2,3,4,5]],[1,"9f+m6mQtxNkZ6erhRqQKes",null,null,null,1,0],[1,280.87799999999993,0,0]],[14,["85qeIxjqhE1K+reJkLx9Vw"]],[14,["85qeIxjqhE1K+reJkLx9Vw"]],[3,"verifyCardPointCodeInfo",33554432,2,[-96,-97,-98],[[13,-95,[0,"93cNm3LJZGP77UVqZauURZ"]]],[1,"c66i9Lx1RJmbo6O+MV7/Af",null,null,null,1,0],[1,0,-47.215,0]],[4,"mask",33554432,1,[[2,-99,[0,"337roznO5FyqWICZ26RPUe"],[5,720,1280]],[23,0,-100,[0,"8diMp6S8ROL7MzV9sNjJWi"],[4,2013265920],0],[41,-101,[0,"0cMNnRucVLLqjVTVp0zkqL"]]],[1,"68qnwmtbJLE7WICorYptgY",null,null,null,1,0]],[20,0,{},3,[21,"85qeIxjqhE1K+reJkLx9Vw",null,null,-102,[27,"8cd6l03n9FnIr99CJ7ciVn",1,[[28,"tiengowDVerifyCardItem",["_name"],18],[7,["_lpos"],18,[1,-237.359,-25.74,0]],[7,["_lrot"],18,[3,0,0,0,1]],[7,["_euler"],18,[1,0,0,0]],[7,["_lscale"],18,[1,0.3,0.3,1]]]],6]],[20,0,{},4,[21,"85qeIxjqhE1K+reJkLx9Vw",null,null,-103,[27,"43VXjIgPVEXZEJjtPdeX2r",1,[[28,"tiengowDVerifyCardItem",["_name"],19],[7,["_lpos"],19,[1,-238.196,-10.087,0]],[7,["_lrot"],19,[3,0,0,0,1]],[7,["_euler"],19,[1,0,0,0]],[7,["_lscale"],19,[1,0.25,0.25,1]]]],11]],[4,"title",33554432,16,[[2,-104,[0,"d80OXhjTpOG5NLtpJrDfg0"],[5,104,50.4]],[42,"卡牌驗證",26,26,-105,[0,"f6ce5gIapGbr+BlfjE2PSl"]]],[1,"d4PQt3zslKvoHSFxYsmYaW",null,null,null,1,0]],[4,"Label",33554432,7,[[2,-106,[0,"b2WGcZsuxCL6fgvC/eSEpU"],[5,100,40]],[11,"完整靴牌",20,20,1,false,-107,[0,"59MtFI13lGULqTO4gFmoF4"]]],[1,"a8Y9cSl6NF1JAaHTBftJHH",null,null,null,1,0]],[4,"Label",33554432,8,[[2,-108,[0,"8cZxWGTqpMaJ2MDKFzcDlC"],[5,100,40]],[11,"驗證網址1",20,20,1,false,-109,[0,"664ZOu46FCfbNXQLITVCGN"]]],[1,"adIkEdCGdLKo1N9WGVgk6r",null,null,null,1,0]],[4,"Label",33554432,9,[[2,-110,[0,"edH4ZDMS1HHb39tr/KUeW6"],[5,100,40]],[11,"驗證網址2",20,20,1,false,-111,[0,"a7KBd31+1L+IcgLt8vkJxT"]]],[1,"14aB+aLEBH1YJ2LGt3mb1s",null,null,null,1,0]],[4,"Label",33554432,10,[[2,-112,[0,"55WiP6T3hMY6NKsTeXcA3P"],[5,100,40]],[11,"驗證網址3",20,20,1,false,-113,[0,"823wdTr2VE9qQ+1riac5C7"]]],[1,"6bxpupwOtLuooNxvAri7ER",null,null,null,1,0]],[5,"Label",33554432,3,[[2,-114,[0,"10Kp8JIUhN3ZCHizNFhsPW"],[5,450.0439453125,45.199999999999996]],[43,"支持任何公開的第三方SHA512算法加密平台驗證,我們保\n持絕對的公平公正",0,18,18,20,-115,[0,"35ppJfDKtPAIgG7lLFcjmj"],[4,4289832096]]],[1,"0coM0iDZlPP46xzU6j4SJK",null,null,null,1,0],[1,50.176,10.789,0]],[8,"bg",33554432,4,[[[2,-116,[0,"75B0Klv3pEBLyUMj+7/mon"],[5,560,124]],-117],4,1],[1,"c0guRVI4lJxIXBuwlmO7k7",null,null,null,1,0],[1,0,-5.124,0]],[8,"cardPointCodeLabel",33554432,4,[[[9,-118,[0,"f8dNcyjUVCJLvfpzrJ+rl0"],[5,385,71.72],[0,0,0.5]],-119],4,1],[1,"a5WRhuXfJJIaJq2nE3n+CG",null,null,null,1,0],[1,-186.945,-2.114,0]],[5,"titleLabel",33554432,4,[[9,-120,[0,"57EXNgp6FBx6yqxuf5X5MQ"],[5,120,50.4],[0,0,0.5]],[18,"卡牌點數代碼",20,20,-121,[0,"b5ADj19oVPj44E2xBzhmow"],[4,4289832096]]],[1,"d6bftCgJVBtqD4Lv6UsXgJ",null,null,null,1,0],[1,-280.644,76.362,0]],[8,"bg",33554432,20,[[[2,-122,[0,"0f5poZaL1L5526s4tEB0AV"],[5,560,124]],-123],4,1],[1,"62ZUmdHx5LfqUOF4xtqEWI",null,null,null,1,0],[1,0,-12.503,0]],[5,"varifyLabel",33554432,20,[[9,-124,[0,"eeLn6fYURFt6A4XTmsBgUM"],[5,510,56.49999999999999],[0,0,1]],[29,"你可以在開牌後馬上驗證卡牌點數加密碼,感受最公平公正的遊戲體驗",0,0,20,20,25,3,-125,[0,"ccAuF7gBpGGqXSO0s3FQkr"],[4,4289832096]]],[1,"52cslNI5tIQYmKGXZV0xMO",null,null,null,1,0],[1,-260.974,34.252,0]],[5,"Label",33554432,20,[[9,-126,[0,"02l7mem1lGM6PAJ0ulo+7D"],[5,200,50.4],[0,0,0.5]],[18,"對應卡牌點數加密代碼",20,20,-127,[0,"60q1roRy1OHI7VcXxXly1K"],[4,4289832096]]],[1,"98rdO8JVdKt4onXRsbAWCJ",null,null,null,1,0],[1,-279.379,70.848,0]],[8,"bg",33554432,12,[[[2,-128,[0,"a7tENdjQ5HEaZKpKAHaOb0"],[5,560,124]],-129],4,1],[1,"bdLnvK00BD0KPJxyVa14hp",null,null,null,1,0],[1,0,-14.655,0]],[8,"advanceCardPointCodeLabel",33554432,12,[[[9,-130,[0,"a7i82RccdEvYTUAeKc5mUo"],[5,460,71.72],[0,0,1]],-131],4,1],[1,"cbtsDNeu9KPIqAJ4nC+3p3",null,null,null,1,0],[1,-257.382,31.09,0]],[5,"Label",33554432,12,[[9,-132,[0,"bfgrTRPaxDrJDS/5I+F5JI"],[5,220,50.4],[0,0,0.5]],[18,"提前公佈的卡牌點數代碼",20,20,-133,[0,"f4RaNo2R5FWq4emjlMZD1D"],[4,4289832096]]],[1,"75LvMYVVlOOJXWvfKRDfGB",null,null,null,1,0],[1,-279.917,64.844,0]],[4,"Label",33554432,5,[[2,-134,[0,"10JbuPTnFJNYqUX0J2aiAf"],[5,100,40]],[11,"驗證",22,22,1,false,-135,[0,"a8lXJAXTdOEJdK9hd6Il9/"]]],[1,"24Tehp9H9PEYuDl/d9Oacp",null,null,null,1,0]],[8,"bg",33554432,6,[[[2,-136,[0,"88fg7wL8dJLq5J1s4FdtAa"],[5,560,124]],-137],4,1],[1,"6fWPZN/p5MgbRRBf0WOLTv",null,null,null,1,0],[1,0,-14.655,0]],[8,"varifypointAndPasswordLabel",33554432,6,[[[9,-138,[0,"61vT6TdqZOnJV5vHO8OJ4X"],[5,460,71.72],[0,0,1]],-139],4,1],[1,"efNBAQ/XJLaodAkGeRlOiy",null,null,null,1,0],[1,-257.026,31.583,0]],[4,"Label",33554432,14,[[2,-140,[0,"caJa5wcGNEgbV2eVbMQ1cC"],[5,100,40]],[11,"驗證成功",22,22,1,false,-141,[0,"9fw8omjpNA7qgehmFFlRkX"]]],[1,"ae5QJZkvxKq5TjIZ5lL00d",null,null,null,1,0]],[4,"Label",33554432,15,[[2,-142,[0,"faMJNgRg1AfIELrHX6GMSw"],[5,100,40]],[11,"重置",22,22,1,false,-143,[0,"005aEZs3FFGL7GrZKpsi07"]]],[1,"63LNIUXc5D34o0RVtKKqRg",null,null,null,1,0]],[47,[null,null],1,[0,"2fObmr4NlLFqIRGfQY5dTM"],5,6,[11,13],[-144,-145,-146,-147],[22,23]],[16,1,30,[0,"93z/K7hhJOeaZwqRJpRh+5"]],[44,"adaac724d4bd48b13d0139cd1e030786aeffc86553d34a0d70262d8f4fc45f254ce776d08f5f2329c99c5",0,22,22,22,3,31,[0,"efMFq4lxpKGrTOdAmWYr8b"],[4,4289832096]],[16,1,33,[0,"99vi4GdmhHF6nnt4+KD03R"]],[16,1,36,[0,"845Vs5q7FCpbQrIzMIvxf1"]],[29,"adaac724d4bd48b13d0139cd1e030786aeffc86553d34a0d70262d8f4fc45f254ce776d08f5f2329c99c5",0,0,22,22,22,3,37,[0,"cetNX9GcNNmKQuvTEaRXpU"],[4,4289832096]],[16,1,40,[0,"7e+qN2K99NMq7iiOOmH/n3"]],[45,"adaac724d4bd48b13d0139cd1e030786aeffc86553d34a0d70262d8f4fc45f254ce776d08f5f2329c99c5",0,0,22,22,22,3,41,[0,"aci7HU4lhCWpIDAW2l+F0E"]]],0,[0,-1,23,0,-2,22,0,9,23,0,10,44,0,9,22,0,10,44,0,4,1,0,0,1,0,-2,44,0,-1,21,0,-2,2,0,0,2,0,0,2,0,-1,16,0,-2,3,0,-3,4,0,-4,20,0,-5,12,0,-6,5,0,-7,6,0,0,3,0,-1,22,0,-2,7,0,-3,8,0,-4,9,0,-5,10,0,-6,29,0,0,4,0,-1,30,0,-2,23,0,-3,31,0,-4,11,0,-5,32,0,0,5,0,0,5,0,2,5,0,0,5,0,-1,39,0,0,6,0,-1,40,0,-2,41,0,-3,14,0,-4,15,0,0,7,0,2,7,0,0,7,0,0,7,0,-1,25,0,0,8,0,2,8,0,0,8,0,0,8,0,-1,26,0,0,9,0,2,9,0,0,9,0,0,9,0,-1,27,0,0,10,0,2,10,0,0,10,0,0,10,0,-1,28,0,0,11,0,0,11,0,2,11,0,0,11,0,0,12,0,-1,36,0,-2,37,0,-3,13,0,-4,38,0,0,13,0,0,13,0,2,13,0,0,13,0,0,14,0,0,14,0,2,14,0,0,14,0,-1,42,0,0,15,0,0,15,0,2,15,0,0,15,0,-1,43,0,0,16,0,0,16,0,-1,17,0,-2,24,0,0,17,0,0,17,0,2,17,0,0,17,0,0,20,0,-1,33,0,-2,34,0,-3,35,0,0,21,0,0,21,0,0,21,0,4,22,0,4,23,0,0,24,0,0,24,0,0,25,0,0,25,0,0,26,0,0,26,0,0,27,0,0,27,0,0,28,0,0,28,0,0,29,0,0,29,0,0,30,0,-2,45,0,0,31,0,-2,46,0,0,32,0,0,32,0,0,33,0,-2,47,0,0,34,0,0,34,0,0,35,0,0,35,0,0,36,0,-2,48,0,0,37,0,-2,49,0,0,38,0,0,38,0,0,39,0,0,39,0,0,40,0,-2,50,0,0,41,0,-2,51,0,0,42,0,0,42,0,0,43,0,0,43,0,-1,45,0,-2,47,0,-3,48,0,-4,50,0,11,1,44,14,51,44,15,49,44,16,46,147],[0,0,0,0,0,0,0,0,0,0,0,0,0,0,0,0,0,0,0,0,0,0,0,0,45,47,48,50],[1,1,5,6,7,8,12,1,1,1,1,12,1,1,5,6,7,8,1,1,1,1,-1,-2,1,1,1,1],[16,5,5,2,3,4,6,1,1,1,1,6,17,7,7,2,3,4,8,18,8,19,0,20,0,0,0,0]],[[{"name":"btn_verify_3_m","rect":{"x":0,"y":0,"width":240,"height":50},"offset":{"x":0,"y":0},"originalSize":{"width":240,"height":50},"rotated":false,"capInsets":[0,0,0,0],"vertices":{"rawPosition":[-120,-25,0,120,-25,0,-120,25,0,120,25,0],"indexes":[0,1,2,2,1,3],"uv":[0,50,240,50,0,0,240,0],"nuv":[0,0,1,0,0,1,1,1],"minPos":{"x":-120,"y":-25,"z":0},"maxPos":{"x":120,"y":25,"z":0}},"packable":true,"pixelsToUnit":100,"pivot":{"x":0.5,"y":0.5},"meshType":0}],[2],0,[0],[3],[21]],[[{"name":"frame_verify_1_m","rect":{"x":0,"y":0,"width":560,"height":124},"offset":{"x":0,"y":0},"originalSize":{"width":560,"height":124},"rotated":false,"capInsets":[0,0,0,0],"vertices":{"rawPosition":[-280,-62,0,280,-62,0,-280,62,0,280,62,0],"indexes":[0,1,2,2,1,3],"uv":[0,124,560,124,0,0,560,0],"nuv":[0,0,1,0,0,1,1,1],"minPos":{"x":-280,"y":-62,"z":0},"maxPos":{"x":280,"y":62,"z":0}},"packable":true,"pixelsToUnit":100,"pivot":{"x":0.5,"y":0.5},"meshType":0}],[2],0,[0],[3],[22]],[[[19,"tiengowDVerifyCardItem"],[34,"tiengowDVerifyCardItem",33554432,[-7,-8,-9],[[2,-2,[0,"12kHY+oRVHx75YV73zBHr5"],[5,152,380]],[24,-3,[0,"3bN7Y0t+pD9I7NaOWYqAKd"],7,8],[48,-6,[0,"2bGaq9/EVADY76nQg5qz++"],[9,10,11,12,13,14,15,16,17,18,19,20,21,22,23,24,25,26,27,28,29],-5,-4]],[1,"85qeIxjqhE1K+reJkLx9Vw",null,null,null,-1,0],[1,-122.79,27.628,0],[1,0.4,0.4,1]],[35,"verifyButton",33554432,1,[[2,-10,[0,"3eVv7B7Z5PXIWjvEb15ADD"],[5,20,20]],[15,1,-11,[0,"50OHy25xdHdbs+HuvLnl3g"],[4,4292269782],2],[17,1,-13,[0,"27pHawngZCf55GdhH8W3+9"],[[25,"4ee07F6CP5HDoAMARX7B0sI","verifyButtonClick",1]],[4,4292269782],-12,3,4,5,6],[26,36,-14,[0,"094TWHOCBDILMNmsl4zzyk"]]],[1,"129R1P9w9PKq3oRGSwWcyp",null,null,null,1,0],[1,51,-165,0],[1,2.5,2.5,1]],[36,"back",512,33554432,1,[[2,-15,[0,"c5bfDZWOxNtavXrCoBrWVZ"],[5,152,380]],[24,-16,[0,"203cosjh9EPKrbTgWDe/tX"],0,1]],[1,"96yM2UPshBe4vi33xcV5eN",null,null,null,1,0]],[31,"orderLabel",512,33554432,1,[[[2,-17,[0,"55z4bZNYVK3rsq0KYS/dgb"],[5,33.369140625,25.2]],-18],4,1],[1,"85reBAi81JooIoMHL3B2uC",null,null,null,1,0],[1,-1.6779999999998836,217.78300000000013,0],[1,2.5,2.5,1]],[46,"105",20,20,20,4,[0,"77wAbZnO9CNa5YiwOOVYnR"]]],0,[0,4,1,0,0,1,0,0,1,0,17,5,0,18,3,0,0,1,0,-1,3,0,-2,4,0,-3,2,0,0,2,0,0,2,0,2,2,0,0,2,0,0,2,0,0,3,0,0,3,0,0,4,0,-2,5,0,11,1,18],[0,0,0,0,0,0,0,0,0,0,0,0,0,0,0,0,0,0,0,0,0,0,0,0,0,0,0,0,0,0],[1,13,1,5,6,7,8,1,13,-1,-2,-3,-4,-5,-6,-7,-8,-9,-10,-11,-12,-13,-14,-15,-16,-17,-18,-19,-20,-21],[23,9,10,10,2,3,4,11,9,11,24,25,26,27,28,29,30,31,32,33,34,35,36,37,38,39,40,41,42,43]],[[{"name":"pop_verify_bg_m","rect":{"x":0,"y":0,"width":640,"height":897},"offset":{"x":0,"y":0},"originalSize":{"width":640,"height":897},"rotated":false,"capInsets":[0,0,0,0],"vertices":{"rawPosition":[-320,-448.5,0,320,-448.5,0,-320,448.5,0,320,448.5,0],"indexes":[0,1,2,2,1,3],"uv":[0,897,640,897,0,0,640,0],"nuv":[0,0,1,0,0,1,1,1],"minPos":{"x":-320,"y":-448.5,"z":0},"maxPos":{"x":320,"y":448.5,"z":0}},"packable":true,"pixelsToUnit":100,"pivot":{"x":0.5,"y":0.5},"meshType":0}],[2],0,[0],[3],[44]]]]
