[1,["75NBmTX/JO9oJYXKkSF18K@f9941","20g1ukYUVPvKWKBRznAKo+@f9941","54TknWPwVPqJqeCR+Y/Czo@f9941","95EkngnxZFbYuFpsqVTaFr@f9941","10xnJmL5FMVIOvso5/drZW@f9941","8fR5pc/95Amr78H0rsZrLG@f9941","10FyAIawFGcYyOCxtXXZqX@6c48a","28R7TECSlFrowTxwrNqcpV@6c48a","41Ad+BmbpBnIBoG0nmYiMa@6c48a","5ctKb3SLdG4ILXabgKyzN3@6c48a","67pKv4DlhPXLDK0suB3UYP@6c48a","74riQP1O9PX4fQPDrBRz97@6c48a","75NBmTX/JO9oJYXKkSF18K@6c48a","8fR5pc/95Amr78H0rsZrLG@6c48a","a76+KawstF/5PF1KXX8gy7@6c48a","b0GLkiQdVO84NbiRH6V3Gq@6c48a","b2cDYSX9FO7ZMn3c/050Ao@6c48a","b9FROJUZFFQrDb5dN/JKds@6c48a","b9FROJUZFFQrDb5dN/JKds@f9941","c3uPNgunJCsqQzNoUD+0f5@f9941","10FyAIawFGcYyOCxtXXZqX@f9941","b2cDYSX9FO7ZMn3c/050Ao@f9941","28R7TECSlFrowTxwrNqcpV@f9941","a76+KawstF/5PF1KXX8gy7@f9941","b0GLkiQdVO84NbiRH6V3Gq@f9941","74riQP1O9PX4fQPDrBRz97@f9941","e9lc9EuuNH1Z8nCDgDeSoF@f9941","67pKv4DlhPXLDK0suB3UYP@f9941","41Ad+BmbpBnIBoG0nmYiMa@f9941","5ctKb3SLdG4ILXabgKyzN3@f9941","b6LlTjsjhJLbZDc455t5TR@f9941","c3uPNgunJCsqQzNoUD+0f5@6c48a","e9lc9EuuNH1Z8nCDgDeSoF@6c48a"],["node","_spriteFrame","_textureSource","_target","_normalSprite","_hoverSprite","_pressedSprite","_disabledSprite","root","pingLabel","tableUnOwnerButton","tableOwnerButton","vidoClose","videoOpen","menuClose","menuOpen","data"],["cc.SpriteFrame",["cc.Node",["_name","_layer","_active","_objFlags","_components","_prefab","_parent","_children","_lpos"],-1,9,4,1,2,5],["cc.Sprite",["_sizeMode","_type","node","__prefab","_spriteFrame","_color"],1,1,4,6,5],["cc.Button",["_transition","node","__prefab","clickEvents","_target","_normalColor","_normalSprite","_hoverSprite","_pressedSprite","_disabledSprite"],2,1,4,9,1,5,6,6,6,6],["cc.UITransform",["node","__prefab","_contentSize","_anchorPoint"],3,1,4,5,5],["cc.PrefabInfo",["fileId","instance","nestedPrefabInstanceRoots","targetOverrides","root","asset"],-1,1,1],["cc.Label",["_string","_actualFontSize","_fontSize","_overflow","_enableWrapText","node","__prefab","_color"],-2,1,4,5],["cc.Prefab",["_name"],2],["cc.Node",["_name","_layer","_parent","_components","_prefab","_lpos"],1,1,12,4,5],["cc.CompPrefabInfo",["fileId"],2],["d5728x68LdNRIOI9Kmj0qQK",["node","__prefab","btnNodeArr","menuOpen","menuClose","videoOpen","vidoClose","tableOwnerButton","tableUnOwnerButton","pingLabel"],3,1,4,2,1,1,1,1,1,1,1],["cc.Widget",["_alignFlags","node","__prefab"],2,1,4],["cc.ClickEvent",["_componentId","handler","customEventData","target"],0,1]],[[9,0,2],[5,0,1,3,2,4,5,5],[4,0,1,2,1],[2,2,3,4,1],[1,0,1,6,4,5,3],[12,0,1,2,3,4],[1,0,1,6,7,4,5,8,3],[3,0,1,2,3,5,4,2],[3,0,1,2,3,5,4,6,7,8,9,2],[4,0,1,2,3,1],[1,0,2,1,6,7,4,5,8,4],[1,0,3,1,6,4,5,4],[2,1,0,2,3,4,3],[3,0,1,2,3,4,6,7,8,9,2],[6,0,1,2,3,4,5,6,6],[7,0,2],[1,0,1,7,4,5,8,3],[1,0,1,6,7,4,5,3],[1,0,1,6,4,5,8,3],[1,0,2,1,6,4,5,4],[8,0,1,2,3,4,5,3],[10,0,1,2,3,4,5,6,7,8,9,1],[5,0,1,2,3,4,5,5],[11,0,1,2,2],[2,1,0,2,3,3],[2,2,3,1],[2,1,0,2,3,5,4,3],[2,0,2,3,4,2],[6,0,1,2,5,6,7,4]],[[[{"name":"icon_8_a","rect":{"x":8,"y":4,"width":15,"height":26},"offset":{"x":-1.5,"y":0},"originalSize":{"width":34,"height":34},"rotated":false,"capInsets":[0,0,0,0],"vertices":{"rawPosition":[-7.5,-13,0,7.5,-13,0,-7.5,13,0,7.5,13,0],"indexes":[0,1,2,2,1,3],"uv":[8,30,23,30,8,4,23,4],"nuv":[0.23529411764705882,0.11764705882352941,0.6764705882352942,0.11764705882352941,0.23529411764705882,0.8823529411764706,0.6764705882352942,0.8823529411764706],"minPos":{"x":-7.5,"y":-13,"z":0},"maxPos":{"x":7.5,"y":13,"z":0}},"packable":true,"pixelsToUnit":100,"pivot":{"x":0.5,"y":0.5},"meshType":0}],[0],0,[0],[2],[6]],[[{"name":"icon_6","rect":{"x":2,"y":2,"width":30,"height":30},"offset":{"x":0,"y":0},"originalSize":{"width":34,"height":34},"rotated":false,"capInsets":[0,0,0,0],"vertices":{"rawPosition":[-15,-15,0,15,-15,0,-15,15,0,15,15,0],"indexes":[0,1,2,2,1,3],"uv":[2,32,32,32,2,2,32,2],"nuv":[0.058823529411764705,0.058823529411764705,0.9411764705882353,0.058823529411764705,0.058823529411764705,0.9411764705882353,0.9411764705882353,0.9411764705882353],"minPos":{"x":-15,"y":-15,"z":0},"maxPos":{"x":15,"y":15,"z":0}},"packable":true,"pixelsToUnit":100,"pivot":{"x":0.5,"y":0.5},"meshType":0}],[0],0,[0],[2],[7]],[[{"name":"icon_1","rect":{"x":5,"y":2,"width":24,"height":30},"offset":{"x":0,"y":0},"originalSize":{"width":34,"height":34},"rotated":false,"capInsets":[0,0,0,0],"vertices":{"rawPosition":[-12,-15,0,12,-15,0,-12,15,0,12,15,0],"indexes":[0,1,2,2,1,3],"uv":[5,32,29,32,5,2,29,2],"nuv":[0.14705882352941177,0.058823529411764705,0.8529411764705882,0.058823529411764705,0.14705882352941177,0.9411764705882353,0.8529411764705882,0.9411764705882353],"minPos":{"x":-12,"y":-15,"z":0},"maxPos":{"x":12,"y":15,"z":0}},"packable":true,"pixelsToUnit":100,"pivot":{"x":0.5,"y":0.5},"meshType":0}],[0],0,[0],[2],[8]],[[{"name":"icon_signal","rect":{"x":0,"y":0,"width":56,"height":56},"offset":{"x":0,"y":0},"originalSize":{"width":56,"height":56},"rotated":false,"capInsets":[0,0,0,0],"vertices":{"rawPosition":[-28,-28,0,28,-28,0,-28,28,0,28,28,0],"indexes":[0,1,2,2,1,3],"uv":[0,56,56,56,0,0,56,0],"nuv":[0,0,1,0,0,1,1,1],"minPos":{"x":-28,"y":-28,"z":0},"maxPos":{"x":28,"y":28,"z":0}},"packable":true,"pixelsToUnit":100,"pivot":{"x":0.5,"y":0.5},"meshType":0}],[0],0,[0],[2],[9]],[[{"name":"icon_2_a","rect":{"x":2,"y":3,"width":30,"height":29},"offset":{"x":0,"y":-0.5},"originalSize":{"width":34,"height":34},"rotated":false,"capInsets":[0,0,0,0],"vertices":{"rawPosition":[-15,-14.5,0,15,-14.5,0,-15,14.5,0,15,14.5,0],"indexes":[0,1,2,2,1,3],"uv":[2,31,32,31,2,2,32,2],"nuv":[0.058823529411764705,0.058823529411764705,0.9411764705882353,0.058823529411764705,0.058823529411764705,0.9117647058823529,0.9411764705882353,0.9117647058823529],"minPos":{"x":-15,"y":-14.5,"z":0},"maxPos":{"x":15,"y":14.5,"z":0}},"packable":true,"pixelsToUnit":100,"pivot":{"x":0.5,"y":0.5},"meshType":0}],[0],0,[0],[2],[10]],[[{"name":"icon_3","rect":{"x":6,"y":4,"width":23,"height":26},"offset":{"x":0.5,"y":0},"originalSize":{"width":34,"height":34},"rotated":false,"capInsets":[0,0,0,0],"vertices":{"rawPosition":[-11.5,-13,0,11.5,-13,0,-11.5,13,0,11.5,13,0],"indexes":[0,1,2,2,1,3],"uv":[6,30,29,30,6,4,29,4],"nuv":[0.17647058823529413,0.11764705882352941,0.8529411764705882,0.11764705882352941,0.17647058823529413,0.8823529411764706,0.8529411764705882,0.8823529411764706],"minPos":{"x":-11.5,"y":-13,"z":0},"maxPos":{"x":11.5,"y":13,"z":0}},"packable":true,"pixelsToUnit":100,"pivot":{"x":0.5,"y":0.5},"meshType":0}],[0],0,[0],[2],[11]],[[{"name":"icon_bg","rect":{"x":0,"y":0,"width":56,"height":56},"offset":{"x":0,"y":0},"originalSize":{"width":56,"height":56},"rotated":false,"capInsets":[0,0,0,0],"vertices":{"rawPosition":[-28,-28,0,28,-28,0,-28,28,0,28,28,0],"indexes":[0,1,2,2,1,3],"uv":[0,56,56,56,0,0,56,0],"nuv":[0,0,1,0,0,1,1,1],"minPos":{"x":-28,"y":-28,"z":0},"maxPos":{"x":28,"y":28,"z":0}},"packable":true,"pixelsToUnit":100,"pivot":{"x":0.5,"y":0.5},"meshType":0}],[0],0,[0],[2],[12]],[[{"name":"Frame 465","rect":{"x":0,"y":0,"width":56,"height":56},"offset":{"x":0,"y":0},"originalSize":{"width":56,"height":56},"rotated":false,"capInsets":[0,0,0,0],"vertices":{"rawPosition":[-28,-28,0,28,-28,0,-28,28,0,28,28,0],"indexes":[0,1,2,2,1,3],"uv":[0,56,56,56,0,0,56,0],"nuv":[0,0,1,0,0,1,1,1],"minPos":{"x":-28,"y":-28,"z":0},"maxPos":{"x":28,"y":28,"z":0}},"packable":true,"pixelsToUnit":100,"pivot":{"x":0.5,"y":0.5},"meshType":0}],[0],0,[0],[2],[13]],[[{"name":"icon_5","rect":{"x":2,"y":1,"width":30,"height":32},"offset":{"x":0,"y":0},"originalSize":{"width":34,"height":34},"rotated":false,"capInsets":[0,0,0,0],"vertices":{"rawPosition":[-15,-16,0,15,-16,0,-15,16,0,15,16,0],"indexes":[0,1,2,2,1,3],"uv":[2,33,32,33,2,1,32,1],"nuv":[0.058823529411764705,0.029411764705882353,0.9411764705882353,0.029411764705882353,0.058823529411764705,0.9705882352941176,0.9411764705882353,0.9705882352941176],"minPos":{"x":-15,"y":-16,"z":0},"maxPos":{"x":15,"y":16,"z":0}},"packable":true,"pixelsToUnit":100,"pivot":{"x":0.5,"y":0.5},"meshType":0}],[0],0,[0],[2],[14]],[[{"name":"icon_4","rect":{"x":2,"y":1,"width":30,"height":32},"offset":{"x":0,"y":0},"originalSize":{"width":34,"height":34},"rotated":false,"capInsets":[0,0,0,0],"vertices":{"rawPosition":[-15,-16,0,15,-16,0,-15,16,0,15,16,0],"indexes":[0,1,2,2,1,3],"uv":[2,33,32,33,2,1,32,1],"nuv":[0.058823529411764705,0.029411764705882353,0.9411764705882353,0.029411764705882353,0.058823529411764705,0.9705882352941176,0.9411764705882353,0.9705882352941176],"minPos":{"x":-15,"y":-16,"z":0},"maxPos":{"x":15,"y":16,"z":0}},"packable":true,"pixelsToUnit":100,"pivot":{"x":0.5,"y":0.5},"meshType":0}],[0],0,[0],[2],[15]],[[{"name":"icon_7","rect":{"x":5,"y":5,"width":24,"height":24},"offset":{"x":0,"y":0},"originalSize":{"width":34,"height":34},"rotated":false,"capInsets":[0,0,0,0],"vertices":{"rawPosition":[-12,-12,0,12,-12,0,-12,12,0,12,12,0],"indexes":[0,1,2,2,1,3],"uv":[5,29,29,29,5,5,29,5],"nuv":[0.14705882352941177,0.14705882352941177,0.8529411764705882,0.14705882352941177,0.14705882352941177,0.8529411764705882,0.8529411764705882,0.8529411764705882],"minPos":{"x":-12,"y":-12,"z":0},"maxPos":{"x":12,"y":12,"z":0}},"packable":true,"pixelsToUnit":100,"pivot":{"x":0.5,"y":0.5},"meshType":0}],[0],0,[0],[2],[16]],[[{"name":"Frame 46","rect":{"x":0,"y":0,"width":152,"height":48},"offset":{"x":0,"y":0},"originalSize":{"width":152,"height":48},"rotated":false,"capInsets":[0,0,0,0],"vertices":{"rawPosition":[-76,-24,0,76,-24,0,-76,24,0,76,24,0],"indexes":[0,1,2,2,1,3],"uv":[0,48,152,48,0,0,152,0],"nuv":[0,0,1,0,0,1,1,1],"minPos":{"x":-76,"y":-24,"z":0},"maxPos":{"x":76,"y":24,"z":0}},"packable":true,"pixelsToUnit":100,"pivot":{"x":0.5,"y":0.5},"meshType":0}],[0],0,[0],[2],[17]],[[[15,"menuViewPC"],[16,"menuViewPC",33554432,[-21,-22,-23],[[9,-2,[0,"c9SxXsW7BEmY+TEa5dHYi5"],[5,720,100],[0,0.5,1]],[21,-20,[0,"abYFcjtZhA8rFNNZcKfbHX"],[-10,-11,-12,-13,-14,-15,-16,-17,-18,-19],-9,-8,-7,-6,-5,-4,-3]],[22,"289+N2DT9JsKrQTMJqAYGC",null,null,[],-1,0],[1,599.682,548,0]],[17,"bg",33554432,1,[-26,-27,-28,-29,-30,-31,-32,-33,-34,-35,-36,-37],[[9,-24,[0,"50GKEza3BEa5uVc92AJPnL"],[5,720,100],[0,0.5,1]],[23,32,-25,[0,"6bQKUIIFlC3aJGAOyrp6Di"]]],[1,"34WDbcNZlOjr8SaD3aqBHi",null,null,null,1,0]],[6,"btn0",33554432,2,[-42,-43,-44],[[2,-38,[0,"4e2tr97mtF972w/N3GR/ik"],[5,56,56]],[3,-39,[0,"adlfeMRhlPn4LXurC+b58p"],4],[7,3,-41,[0,"3cAQ1DXaJMxa7AGl5tX7OB"],[[5,"d5728x68LdNRIOI9Kmj0qQK","optionBtnClick","menu",1]],[4,4292269782],-40]],[1,"e7vzek6gVMyLMgAlPGGVcu",null,null,null,1,0],[1,312.3409999999999,-50,0]],[6,"btn3",33554432,2,[-49,-50],[[2,-45,[0,"f3TIMN1ptF2YhiqBexiuCn"],[5,56,56]],[24,1,0,-46,[0,"b1lEx4FbdOULellKyzvaOR"]],[7,3,-48,[0,"1b2nBt64xDbJg87+C3UXeW"],[[5,"d5728x68LdNRIOI9Kmj0qQK","optionBtnClick","record",1]],[4,4292269782],-47]],[1,"870KLLDuRCDJHbOmHCEg2D",null,null,null,1,0],[1,111.79357142857134,-50,0]],[6,"btn6",33554432,2,[-55,-56],[[2,-51,[0,"61r6O2UvFCJKFBKmYtEZZR"],[5,56,56]],[3,-52,[0,"20sVjifgNKHqdOwaM9y0OK"],33],[8,3,-54,[0,"a5BKLqytFARoDWgvUadu2N"],[[5,"d5728x68LdNRIOI9Kmj0qQK","optionBtnClick","video",1]],[4,4292269782],-53,34,35,36,37]],[1,"d1D/fGhitErKxplJEe5nFz",null,null,null,1,0],[1,-88.75385714285721,-50,0]],[6,"btn1",33554432,2,[-61],[[2,-57,[0,"7b2xwXGiRF6p9sqKYDi/u+"],[5,56,56]],[3,-58,[0,"2cCwU/EdxBjaRQoupzbx/o"],6],[8,3,-60,[0,"24bc1hgAdN/YVFebfiqDdo"],[[5,"d5728x68LdNRIOI9Kmj0qQK","optionBtnClick","scale",1]],[4,4292269782],-59,7,8,9,10]],[1,"68S5yQtipEIYzbYe42Ku7Y",null,null,null,1,0],[1,245.49185714285704,-50,0]],[6,"btn2",33554432,2,[-66],[[2,-62,[0,"28OVt7MRNKhrM7bW9ZC8e0"],[5,56,56]],[3,-63,[0,"bfq/1BRZpC3rTiTS8wvQQC"],12],[8,3,-65,[0,"4bdiG4c6lIOa33YM6ZuXI+"],[[5,"d5728x68LdNRIOI9Kmj0qQK","optionBtnClick","url",1]],[4,4292269782],-64,13,14,15,16]],[1,"bd+9KFBcRIlYxvbBWBEcrU",null,null,null,1,0],[1,178.6427142857142,-50,0]],[6,"btn4",33554432,2,[-71],[[2,-67,[0,"84cOlPvJ9H5IK3huihzqUZ"],[5,56,56]],[3,-68,[0,"e6TPzrHBhDyYnxY/7V4xVN"],20],[8,3,-70,[0,"57ntGgMOJGIb0QohbQLZ70"],[[5,"d5728x68LdNRIOI9Kmj0qQK","optionBtnClick","setting",1]],[4,4292269782],-69,21,22,23,24]],[1,"21as+cRnBGOaF8uX9IPisA",null,null,null,1,0],[1,44.94442857142849,-50,0]],[6,"btn5",33554432,2,[-76],[[2,-72,[0,"06mfMBsuFKO6SIv8poD4mh"],[5,56,56]],[3,-73,[0,"61goruM45LIpYS9jhuRFWl"],26],[8,3,-75,[0,"82W8TO9wtJIIZ34b/YhTjT"],[[5,"d5728x68LdNRIOI9Kmj0qQK","optionBtnClick","soundSetting",1]],[4,4292269782],-74,27,28,29,30]],[1,"a1GnDeIWdDmJP+kYEXVx+s",null,null,null,1,0],[1,-21.904714285714363,-50,0]],[6,"btn7",33554432,2,[-81],[[2,-77,[0,"89LfuZpSFFs5lX1IOsggyu"],[5,56,56]],[3,-78,[0,"91g+HfH/BALKDZaoUpOTxH"],39],[7,3,-80,[0,"76Q/iFN3xAAJyRuSTUQsAM"],[[5,"d5728x68LdNRIOI9Kmj0qQK","optionBtnClick","verify",1]],[4,4292269782],-79]],[1,"7bcekN5uFLI61G1/K/HGbu",null,null,null,1,0],[1,-155.60300000000007,-50,0]],[6,"btn_live_road",33554432,2,[-86],[[2,-82,[0,"92U0sXlBtPVYP66ovBHrf2"],[5,56,56]],[3,-83,[0,"34xCfPB0lGjKKQJmNPyV9Z"],41],[7,3,-85,[0,"23/NRIffNP/Km6+sfcn/co"],[[5,"d5728x68LdNRIOI9Kmj0qQK","optionBtnClick","liveRoadSelected",1]],[4,4292269782],-84]],[1,"c9CrFuqeNGib6UknW5zQI3",null,null,null,1,0],[1,-221.42100000000005,-50,0]],[6,"btn_live_refresh",33554432,2,[-91],[[2,-87,[0,"432kU1AQ5Hc5pvQpS2+K6T"],[5,56,56]],[25,-88,[0,"75cYXFRaVPlonC64jhvbcr"]],[7,3,-90,[0,"d9kyelauFFjIqV+laBlrJy"],[[5,"d5728x68LdNRIOI9Kmj0qQK","optionBtnClick","videoRefresh",1]],[4,4292269782],-89]],[1,"b0lZoOHnNHCbNkfPCEtaE/",null,null,null,1,0],[1,-293.72800000000007,-50,0]],[10,"owenerButton",false,33554432,1,[-96],[[2,-92,[0,"be/HeyhJJNBpSZOYZvi4gW"],[5,100,40]],[12,1,0,-93,[0,"13+ArEGYFC+YISTvi0gAyx"],43],[13,1,-95,[0,"608iCpb1RGsL5B7dJYerdn"],[[5,"d5728x68LdNRIOI9Kmj0qQK","optionBtnClick","tableOwner",1]],-94,44,45,46,47]],[1,"ceS+ca0hhMVZYABjMOj8nv",null,null,null,1,0],[1,306.264,-106.56,0]],[10,"cancleOwenerButton",false,33554432,1,[-101],[[2,-97,[0,"17AWIgknxD25wdNK+pEzR8"],[5,100,40]],[12,1,0,-98,[0,"9aVLrZPuFPRbcS+hJMKIlh"],48],[13,1,-100,[0,"f7T39crjBPvZpnPRLDipm1"],[[5,"d5728x68LdNRIOI9Kmj0qQK","optionBtnClick","tableUnOwner",1]],-99,49,50,51,52]],[1,"096NKH7AhEZKZdY6nZ4kgN",null,null,null,1,0],[1,306.264,-106.56,0]],[18,"hallButton",33554432,2,[[2,-102,[0,"57G0ptdHxHWoWleyPI2aKa"],[5,152,48]],[26,1,0,-103,[0,"f0G09jTKBOhIlmAC3kt8UE"],[4,4292269782],0],[7,1,-105,[0,"e7Cmoj/rBAX5fZCKwARih5"],[[5,"d5728x68LdNRIOI9Kmj0qQK","optionBtnClick","hall",1]],[4,4292269782],-104]],[1,"b8EnlEVzBHAZehhW1ymk5r",null,null,null,1,0],[1,253.795,-1040,0]],[4,"menuOpen",33554432,3,[[2,-106,[0,"ddOPyNhsZNMpls9X8ZqK3D"],[5,15,26]],[3,-107,[0,"89IwyBSM1Ay4NBDET8bRS8"],2]],[1,"22YD5kVm1P25BUG5ih90jV",null,null,null,1,0]],[19,"menuClose",false,33554432,3,[[2,-108,[0,"38ReEzKsxPsJ7SozOps5om"],[5,15,26]],[3,-109,[0,"ecaiagJkhLNbQLQ/RP/tuh"],3]],[1,"519UOIlhpLCZipN0Kv4a4d",null,null,null,1,0]],[4,"videoOpen",33554432,5,[[2,-110,[0,"86LoyM2bVGYYmQX1k7UEit"],[5,30,22]],[3,-111,[0,"9bbq3/LcREpZWuPkwbMXx9"],31]],[1,"23jGOhkSdGAaVlrb5H3xPj",null,null,null,1,0]],[4,"vidoClose",33554432,5,[[2,-112,[0,"7cmoTGGKBE1oV38UvjKnsY"],[5,30,29]],[3,-113,[0,"1aB+B9Z6lGK6Dxz9tSQxLT"],32]],[1,"b8BBmvMLFLI79eV/q1kQcJ",null,null,null,1,0]],[4,"Sprite",33554432,3,[[2,-114,[0,"12c+FAdiVFuaaUfNGWJW8T"],[5,56,56]],[3,-115,[0,"78wdkEMsxCRJIHODwIO+Ij"],1]],[1,"48rFR4WTJIZZAQV/W65/NZ",null,null,null,1,0]],[4,"icon",33554432,6,[[2,-116,[0,"ff5gxleZtBCpdA/ZOyqdgu"],[5,24,24]],[3,-117,[0,"3bgH19uchOnZyRluqq25+O"],5]],[1,"0fGNuU0ulEGZaZxT2Czq8z",null,null,null,1,0]],[4,"icon",33554432,7,[[2,-118,[0,"1b4Bum2bxBo4bsldfgxqmx"],[5,30,30]],[3,-119,[0,"2fO+ClzrRByopMOu9VBObd"],11]],[1,"84MXI1zT5PT6a3iGbGDazk",null,null,null,1,0]],[4,"Sprite",33554432,4,[[2,-120,[0,"38sKIXvhFHZI1elCtBQJzI"],[5,56,56]],[3,-121,[0,"0bFZfaPf5Osq3BPZ6cI2O9"],17]],[1,"02NPY8kMlNOpuKvSP1GAp0",null,null,null,1,0]],[4,"icon",33554432,4,[[2,-122,[0,"eebkegGhtJFp1Z84Rf7nB4"],[5,30,32]],[3,-123,[0,"eeA5XmlkdF6bmZh7AbiG+w"],18]],[1,"48Rl7tFa9ET4bmpx/9gbno",null,null,null,1,0]],[4,"icon",33554432,8,[[2,-124,[0,"e8besmTxhOvI1SLG9+t3vh"],[5,30,32]],[3,-125,[0,"b6HNPBypZIPrtMZSLn+Rpj"],19]],[1,"e9Od0KuPxKGawyKatiIknK",null,null,null,1,0]],[4,"icon",33554432,9,[[2,-126,[0,"bdiw9WMLNM5I02eupAU+vn"],[5,23,26]],[3,-127,[0,"7cPR7R9ahHb5l9DUAt+SFH"],25]],[1,"efxfEJcEZN6oUjb2d7ne/+",null,null,null,1,0]],[4,"icon",33554432,10,[[2,-128,[0,"06jxRBs1VJXpUkX7o45cch"],[5,24,30]],[3,-129,[0,"6eCM0Ld/lEB6GeTmtOchIX"],38]],[1,"66qterJ9tCC4iI9mRfeneg",null,null,null,1,0]],[4,"icon",33554432,11,[[2,-130,[0,"36seAgxglL+pZzG94Gae4H"],[5,56,56]],[3,-131,[0,"81fynfZH9J9aBYvi+fEUye"],40]],[1,"f3GlELnXlLIJA7zzjWYICt",null,null,null,1,0]],[4,"icon",33554432,12,[[2,-132,[0,"afLFuwooVNU4sOuweHhJbd"],[5,56,56]],[27,0,-133,[0,"c7yUlUXNZDfoDfXAuioNdV"],42]],[1,"2dfetobqdI6o2zL/VLC/LG",null,null,null,1,0]],[20,"pingLabel",33554432,2,[[[9,-134,[0,"53Hn3JFlJGxIaxL7MQ6/7x"],[5,37.783203125,50.4],[0,1,0.5]],-135],4,1],[1,"17UlkxfFJK7I58kFRrLdCN",null,null,null,1,0],[1,-340.521,-60.74,0]],[11,"Label",512,33554432,13,[[2,-136,[0,"3a7T4KjolMib9Or6mmkO14"],[5,100,40]],[14,"包桌",20,20,1,false,-137,[0,"7f5YxHsrlBZZ3wzEfIoYhz"]]],[1,"e4TlswK7BNhr71LYPxDK4k",null,null,null,1,0]],[11,"Label",512,33554432,14,[[2,-138,[0,"c6ic1kD1hKgYLUesrZQheB"],[5,100,40]],[14,"取消包桌",20,20,1,false,-139,[0,"ef1m3glcVEdqHFb4Fu7HAC"]]],[1,"acYAWnSi9NfKPuwfHITiEK",null,null,null,1,0]],[28,"0ms",20,20,30,[0,"5dnkI1psZHeJE1WrZ744UE"],[4,4279951376]]],0,[0,8,1,0,0,1,0,9,33,0,10,14,0,11,13,0,12,19,0,13,18,0,14,17,0,15,16,0,-1,3,0,-2,6,0,-3,7,0,-4,4,0,-5,8,0,-6,9,0,-7,5,0,-8,10,0,-9,11,0,-10,12,0,0,1,0,-1,2,0,-2,13,0,-3,14,0,0,2,0,0,2,0,-1,15,0,-2,3,0,-3,6,0,-4,7,0,-5,4,0,-6,8,0,-7,9,0,-8,5,0,-9,10,0,-10,11,0,-11,12,0,-12,30,0,0,3,0,0,3,0,3,3,0,0,3,0,-1,20,0,-2,16,0,-3,17,0,0,4,0,0,4,0,3,4,0,0,4,0,-1,23,0,-2,24,0,0,5,0,0,5,0,3,5,0,0,5,0,-1,18,0,-2,19,0,0,6,0,0,6,0,3,6,0,0,6,0,-1,21,0,0,7,0,0,7,0,3,7,0,0,7,0,-1,22,0,0,8,0,0,8,0,3,8,0,0,8,0,-1,25,0,0,9,0,0,9,0,3,9,0,0,9,0,-1,26,0,0,10,0,0,10,0,3,10,0,0,10,0,-1,27,0,0,11,0,0,11,0,3,11,0,0,11,0,-1,28,0,0,12,0,0,12,0,3,12,0,0,12,0,-1,29,0,0,13,0,0,13,0,3,13,0,0,13,0,-1,31,0,0,14,0,0,14,0,3,14,0,0,14,0,-1,32,0,0,15,0,0,15,0,3,15,0,0,15,0,0,16,0,0,16,0,0,17,0,0,17,0,0,18,0,0,18,0,0,19,0,0,19,0,0,20,0,0,20,0,0,21,0,0,21,0,0,22,0,0,22,0,0,23,0,0,23,0,0,24,0,0,24,0,0,25,0,0,25,0,0,26,0,0,26,0,0,27,0,0,27,0,0,28,0,0,28,0,0,29,0,0,29,0,0,30,0,-2,33,0,0,31,0,0,31,0,0,32,0,0,32,0,16,1,139],[0,0,0,0,0,0,0,0,0,0,0,0,0,0,0,0,0,0,0,0,0,0,0,0,0,0,0,0,0,0,0,0,0,0,0,0,0,0,0,0,0,0,0,0,0,0,0,0,0,0,0,0,0],[1,1,1,1,1,1,1,4,5,6,7,1,1,4,5,6,7,1,1,1,1,4,5,6,7,1,1,4,5,6,7,1,1,1,4,5,6,7,1,1,1,1,1,1,4,5,6,7,1,4,5,6,7],[18,5,19,20,0,21,0,0,1,2,3,22,0,0,1,2,3,5,23,24,0,0,1,2,3,25,0,0,1,2,3,26,27,0,0,1,2,3,28,0,29,0,30,4,4,1,2,3,4,4,1,2,3]],[[{"name":"icon_8","rect":{"x":11,"y":4,"width":15,"height":26},"offset":{"x":1.5,"y":0},"originalSize":{"width":34,"height":34},"rotated":false,"capInsets":[0,0,0,0],"vertices":{"rawPosition":[-7.5,-13,0,7.5,-13,0,-7.5,13,0,7.5,13,0],"indexes":[0,1,2,2,1,3],"uv":[11,30,26,30,11,4,26,4],"nuv":[0.3235294117647059,0.11764705882352941,0.7647058823529411,0.11764705882352941,0.3235294117647059,0.8823529411764706,0.7647058823529411,0.8823529411764706],"minPos":{"x":-7.5,"y":-13,"z":0},"maxPos":{"x":7.5,"y":13,"z":0}},"packable":true,"pixelsToUnit":100,"pivot":{"x":0.5,"y":0.5},"meshType":0}],[0],0,[0],[2],[31]],[[{"name":"icon_2","rect":{"x":2,"y":6,"width":30,"height":22},"offset":{"x":0,"y":0},"originalSize":{"width":34,"height":34},"rotated":false,"capInsets":[0,0,0,0],"vertices":{"rawPosition":[-15,-11,0,15,-11,0,-15,11,0,15,11,0],"indexes":[0,1,2,2,1,3],"uv":[2,28,32,28,2,6,32,6],"nuv":[0.058823529411764705,0.17647058823529413,0.9411764705882353,0.17647058823529413,0.058823529411764705,0.8235294117647058,0.9411764705882353,0.8235294117647058],"minPos":{"x":-15,"y":-11,"z":0},"maxPos":{"x":15,"y":11,"z":0}},"packable":true,"pixelsToUnit":100,"pivot":{"x":0.5,"y":0.5},"meshType":0}],[0],0,[0],[2],[32]]]]
