[1,["faxfdBQ7pGbZ2O0ptyZAMe@f9941","20g1ukYUVPvKWKBRznAKo+@f9941","54TknWPwVPqJqeCR+Y/Czo@f9941","95EkngnxZFbYuFpsqVTaFr@f9941","aa1/wv2X1GJqpAyYJzHgBk@f9941","48sGjaaupGRrS2qoypclDZ@f9941","2a9RnmumtH1oZVQJzprKR8@6c48a","48sGjaaupGRrS2qoypclDZ@6c48a","713MDsuhVPiaRal9aCSDRQ@f9941","f4DkqsPPpPsoINz/3Yhvlr@f9941","cbb/xPHTdP/KFy34YT0JDq@f9941","f7kFcPevRAJZbs2B9lyK5G@f9941","44x+IzsAFDvZxZ8RULqCCw@f9941","35yLWDApNOHaXyxbVzPem/@f9941","33Q0kYFcZAj4M725kePduf@f9941","d6Fm2XDHVK45d2a1Pdj76W@f9941","38IXkC/4xGArxTPHs4x5Wh@f9941","5cW65jXGRMCKK8iyWtPM2f@f9941","6es+2ReXlEKJ+sVzes73ox@f9941","de4t2fjdZHnptb3mt8iShn@f9941","a13QYCnW9MxYUBhILj56RO@f9941","87lUUJZ3xMHpZskn/18r0b@f9941","bbEfgLuERLKbz+hDuazczG@f9941","2erGA6KzJNabWK94nVmKeS@f9941","dco0Ym3m9JlpEE6JaMk3px@f9941","822fg5XpBPuZ3fgQ3dVeOj@f9941","fcRAii+l5JV6k2CeV4b+e6@f9941","a8q7ndzulOJbl353u9frBF@f9941","14nLalIPNOB73wBjPFbx3g@f9941","d3/pXJj/9Goq/5eavfSJ9h@f9941","6faVLl8WVHhJECwJVQAJwN@f9941","cbxW4bDWFITIR2Lr1TlqKN@f9941","20AsYH2lpDnpudT2uHuJr0@f9941","ffuIqPr2JI9I8dPLYGRDpD@f9941","2a9RnmumtH1oZVQJzprKR8@f9941","a9vO2GBWpJgazbBPZiz4tE","dfg2KQtExB3Ki9OGZT7L2J@f9941","dfg2KQtExB3Ki9OGZT7L2J@6c48a","ffuIqPr2JI9I8dPLYGRDpD@6c48a"],["node","_spriteFrame","_textureSource","root","_target","data","_normalSprite","_hoverSprite","_pressedSprite","_disabledSprite","_parent","selectBtn","coinLabel","nameLabel","giftIcon","bgNode","showGiftNode","giftContentNodes","_scrollView","giftItemPrefab"],[["cc.Node",["_name","_layer","_active","_components","_prefab","_children","_lpos","_parent"],0,9,4,2,5,1],["cc.Sprite",["_sizeMode","_type","_isTrimmedMode","_enabled","node","__prefab","_spriteFrame","_color"],-1,1,4,6,5],"cc.SpriteFrame",["cc.Node",["_name","_layer","_components","_prefab","_parent","_lpos","_children"],1,12,4,1,5,2],["cc.UITransform",["node","__prefab","_contentSize","_anchorPoint"],3,1,4,5,5],["7d795ek4Y9IBaP3eFUt53yg",["node","__prefab","giftIcon","nameLabel","coinLabel","selectBtn","iconSpriteFrames"],3,1,4,1,1,1,1,3],["cc.PrefabInfo",["fileId","instance","targetOverrides","nestedPrefabInstanceRoots","root","asset"],-1,1,1],["cc.Button",["_transition","node","__prefab","clickEvents","_normalColor","_target","_normalSprite","_hoverSprite","_pressedSprite","_disabledSprite"],2,1,4,9,5,1,6,6,6,6],["cc.Label",["_string","_actualFontSize","_fontSize","_lineHeight","_cacheMode","node","__prefab","_color"],-2,1,4,5],["cc.Widget",["_alignFlags","_originalHeight","_alignMode","node","__prefab"],0,1,4],["cc.Prefab",["_name"],2],["cc.CompPrefabInfo",["fileId"],2],["cc.ClickEvent",["_componentId","handler","target"],1,1],["12b51paY+tP4J+cyA/BpetX",["node","__prefab"],3,1,4],["e9081lhTdxIUK6cG0eIjxQ3",["node","__prefab","giftContentNodes","showGiftNode","bgNode","giftItemPrefab"],3,1,4,1,1,1,6],["cc.BlockInputEvents",["node","__prefab"],3,1,4],["cc.Layout",["_resizeMode","_layoutType","_paddingLeft","_spacingX","_spacingY","node","__prefab"],-2,1,4],["cc.Mask",["node","__prefab"],3,1,4],["cc.Graphics",["node","__prefab","_fillColor"],3,1,4,5],["cc.ScrollBar",["_direction","node","__prefab","_handle"],2,1,4,1],["cc.ScrollView",["bounceDuration","brake","horizontal","node","__prefab","_content","_verticalScrollBar"],0,1,4,1,1]],[[11,0,2],[6,0,1,2,3,4,5,5],[4,0,1,2,1],[0,0,1,7,3,4,6,3],[3,0,1,4,2,3,5,3],[4,0,1,2,3,1],[12,0,1,2,3],[10,0,2],[0,0,1,5,3,4,6,3],[1,0,4,5,6,2],[7,0,1,2,3,4,5,6,7,8,9,2],[8,0,1,2,3,4,5,6,6],[0,0,2,1,7,5,3,4,6,4],[0,0,1,7,5,3,4,6,3],[0,0,2,1,7,5,3,4,4],[0,0,1,3,4,6,3],[0,0,1,7,5,3,4,3],[3,0,1,4,2,3,3],[3,0,1,6,2,3,5,3],[3,0,1,4,6,2,3,5,3],[5,0,1,2,3,4,5,6,1],[5,0,1,1],[6,0,1,3,2,4,5,5],[1,1,0,4,5,7,6,3],[1,4,5,6,1],[1,0,2,4,5,3],[1,3,1,0,4,5,6,4],[1,1,4,5,7,6,2],[1,1,0,4,5,3],[7,1,2,3,1],[13,0,1,1],[8,0,1,2,3,4,5,6,7,6],[14,0,1,2,3,4,5,1],[9,0,3,4,2],[9,0,1,2,3,4,4],[15,0,1,1],[16,0,1,2,3,4,5,6,6],[17,0,1,1],[18,0,1,2,1],[19,0,1,2,3,2],[20,0,1,2,3,4,5,6,4]],[[[{"name":"Frame 554","rect":{"x":0,"y":0,"width":720,"height":414},"offset":{"x":0,"y":0},"originalSize":{"width":720,"height":414},"rotated":false,"capInsets":[0,0,0,0],"vertices":{"rawPosition":[-360,-207,0,360,-207,0,-360,207,0,360,207,0],"indexes":[0,1,2,2,1,3],"uv":[0,414,720,414,0,0,720,0],"nuv":[0,0,1,0,0,1,1,1],"minPos":{"x":-360,"y":-207,"z":0},"maxPos":{"x":360,"y":207,"z":0}},"packable":true,"pixelsToUnit":100,"pivot":{"x":0.5,"y":0.5},"meshType":0}],[2],0,[0],[2],[6]],[[{"name":"icon_close","rect":{"x":11,"y":11,"width":26,"height":26},"offset":{"x":0,"y":0},"originalSize":{"width":48,"height":48},"rotated":false,"capInsets":[0,0,0,0],"vertices":{"rawPosition":[-13,-13,0,13,-13,0,-13,13,0,13,13,0],"indexes":[0,1,2,2,1,3],"uv":[11,37,37,37,11,11,37,11],"nuv":[0.22916666666666666,0.22916666666666666,0.7708333333333334,0.22916666666666666,0.22916666666666666,0.7708333333333334,0.7708333333333334,0.7708333333333334],"minPos":{"x":-13,"y":-13,"z":0},"maxPos":{"x":13,"y":13,"z":0}},"packable":true,"pixelsToUnit":100,"pivot":{"x":0.5,"y":0.5},"meshType":0}],[2],0,[0],[2],[7]],[[[7,"giftItemPC"],[8,"giftItemPC",33554432,[-8,-9,-10,-11],[[2,-2,[0,"63Vhr5sSlJ1oIxIirjt4Hh"],[5,90,135]],[20,-7,[0,"59XdFNdZRK3pZ46ig4Yn9V"],-6,-5,-4,-3,[7,8,9,10,11,12,13,14,15,16,17,18,19,20,21,22,23,24,25,26,27,28,29,30]]],[1,"05CvGSUWJPaq/wvPi3M/o2",null,null,null,-1,0],[1,-255,5,0]],[12,"selectButton",false,33554432,1,[-17,-18],[[2,-12,[0,"2b4Ju6/FtFlZQmykZxMHk3"],[5,90,90]],[23,1,0,-13,[0,"0345fQLKJKKo/j21wMLE0u"],[4,4292269782],2],[10,1,-15,[0,"c9LaQyXkVCMpLEw/s3GH9R"],[[6,"7d795ek4Y9IBaP3eFUt53yg","sendGiftBtnClicked",1]],[4,4292269782],-14,3,4,5,6],[30,-16,[0,"9dpPGevpxCV5UM5LQfezje"]]],[1,"43j+EokJRAYrfpYT+uyi65",null,null,null,1,0],[1,0,22.801,0]],[13,"giftBg",33554432,1,[-22],[[2,-19,[0,"5eCt9QlIpJt5N6P+m3/Wvq"],[5,90,90]],[9,0,-20,[0,"eaqrWsf/JMjIDRDLUkKehO"],0],[29,-21,[0,"38xvau8AFF1aUe6iOi1Ruh"],[[6,"7d795ek4Y9IBaP3eFUt53yg","selectBtnClicked",1]]]],[1,"59OHO5InlG0ayjWsegTtMt",null,null,null,1,0],[1,0,22.801,0]],[3,"Label",33554432,2,[[2,-23,[0,"780kOkbjhFqaHFF5kTWKYK"],[5,40,20]],[11,"贈禮",20,20,20,2,-24,[0,"2agJiYC+xEEocYubagW9OJ"]],[21,-25,[0,"6eqmNCgSNAV4ivRI7Scz/A"]]],[1,"24B1PIl6VAUotnZUZjOdKm",null,null,null,1,0],[1,0,-24.83,0]],[17,"gift",33554432,3,[[[2,-26,[0,"39PVxF0spPDa7lGDu/mVLr"],[5,73,73]],-27],4,1],[1,"adr+RQFdZO5adzkNJOigIc",null,null,null,1,0]],[4,"nameLabel",33554432,1,[[[2,-28,[0,"edTCvw001HdK9Htr1w3Jvh"],[5,32.24,20]],-29],4,1],[1,"5ciZqf5epPNrP4enK1LMO8",null,null,null,1,0],[1,0,-32.641,0]],[4,"coinLabel",33554432,1,[[[2,-30,[0,"dbAdJIv8BAsJDq+W96K+uQ"],[5,44.48,20]],-31],4,1],[1,"034aX0vUhId6N73yW4iyvC",null,null,null,1,0],[1,-0.732,-53.919,0]],[3,"Frame 104",33554432,2,[[2,-32,[0,"eb0CgBT81G9q5p+QG9mGXb"],[5,74,30]],[24,-33,[0,"bdV3FLVw9IJr4e/yLtcjms"],1]],[1,"00IdLW+RtAvLigtarR/FuE",null,null,null,1,0],[1,0,-25.284,0]],[25,2,false,5,[0,"727sM74uBJlZ1w7k5MmhP8"]],[11,"test",20,20,20,2,6,[0,"c28w9HcVhP/pn/j/sQudzT"]],[31,"1000",20,20,20,2,7,[0,"c9/Da25LxBfqsZ0U9HRTkC"],[4,4286368767]]],0,[0,3,1,0,0,1,0,11,2,0,12,11,0,13,10,0,14,9,0,0,1,0,-1,3,0,-2,6,0,-3,7,0,-4,2,0,0,2,0,0,2,0,4,2,0,0,2,0,0,2,0,-1,8,0,-2,4,0,0,3,0,0,3,0,0,3,0,-1,5,0,0,4,0,0,4,0,0,4,0,0,5,0,-2,9,0,0,6,0,-2,10,0,0,7,0,-2,11,0,0,8,0,0,8,0,5,1,33],[0,0,0,0,0,0,0,0,0,0,0,0,0,0,0,0,0,0,0,0,0,0,0,0,0,0,0,0,0,0,0,9],[1,1,1,6,7,8,9,-1,-2,-3,-4,-5,-6,-7,-8,-9,-10,-11,-12,-13,-14,-15,-16,-17,-18,-19,-20,-21,-22,-23,-24,1],[8,9,0,0,1,2,3,10,11,12,13,14,15,16,17,18,19,20,21,22,23,24,25,26,27,28,29,30,4,31,32,4]],[[[7,"giftViewPC"],[8,"giftViewPC",33554432,[-7,-8],[[2,-2,[0,"904S0Y7E5Fx7l4SHN88Vg8"],[5,484,618]],[32,-6,[0,"9buHpYk/5EYZfvOvv48zVz"],-5,-4,-3,7]],[22,"d1PFsSteJOZoZlfbVljclC",null,null,[],-1,0],[1,-703.168,185,0]],[14,"bg",false,33554432,1,[-13,-14],[[2,-9,[0,"89V/r2wOJPCKF+im8uZLsx"],[5,484,618]],[9,0,-10,[0,"6eIl3RCltDoaI1yHHaGwOl"],6],[33,4,-11,[0,"69rkMsmOpFIKC30lYhSjl6"]],[35,-12,[0,"42cf8fnC9N95T/cRamoDYF"]]],[1,"4eHgZIaS5H57rv+VBhYLzI",null,null,null,1,0]],[18,"scrollBar",33554432,[-19],[[[5,-15,[0,"b5Jou9nl9IwKFwccIuPsgl"],[5,12,566],[0,1,0.5]],[26,false,1,0,-16,[0,"f95YiL+3hLgrPvhMqSeIJ7"],5],[34,37,250,1,-17,[0,"16nJRv5VdACrJcfw/vb0H1"]],-18],4,4,4,1],[1,"46gllSnKJPapW7rFKCcQlY",null,null,null,1,0],[1,242,0,0]],[3,"closeButton",33554432,2,[[2,-20,[0,"3fjLVKsKtMzJwZ787PmfRw"],[5,26,26]],[27,1,-21,[0,"0bWDo4yz5M9a6UYYQ4+2FU"],[4,4292269782],0],[10,1,-23,[0,"1friITNs9AwYC4zaIEjNin"],[[6,"e9081lhTdxIUK6cG0eIjxQ3","hide",1]],[4,4292269782],-22,1,2,3,4]],[1,"49SG8EzPFGh7iXAA9S9XMQ",null,null,null,1,0],[1,215.36,285.659,0]],[19,"ScrollView",33554432,2,[3,-26],[[[2,-24,[0,"9eVGN4pvpPlLBWuA6/Cu7Q"],[5,484,566]],-25],4,1],[1,"7dih/tQ0pMYriyNhGq3lWr",null,null,null,1,0],[1,0,-26,0]],[15,"content",33554432,[[5,-27,[0,"2cBeG5f0BHtJa2svXJ/y/M"],[5,465,0],[0,0.5,1]],[36,1,3,11,31,25,-28,[0,"ddUAYZdRtCW7YpGIYj7ODg"]]],[1,"b0zeA0omZC5IP/0rb5pnLU",null,null,null,1,0],[1,-10,283,0]],[16,"view",33554432,5,[6],[[2,-29,[0,"99EVFePeZDPIAABZGZPszM"],[5,484,566]],[37,-30,[0,"d0qyqHy9RLDbdlQGPY1Ihq"]],[38,-31,[0,"344qiL+AxJWYuewHCTH8mh"],[4,16777215]]],[1,"40U4Pct6NPk6PmjMIrLUTe",null,null,null,1,0]],[4,"bar",33554432,3,[[[5,-32,[0,"11opvdHcZPbYACX0Vmmg4s"],[5,10,156.25],[0,0,0]],-33],4,1],[1,"73DHWMs8FOrLKTlSshIyXu",null,null,null,1,0],[1,-11,-31.25,0]],[3,"showContent",33554432,1,[[2,-34,[0,"6djk3fM39AN5AhjhS1G/TX"],[5,500,60]]],[1,"d7mj+znblKapwrJD9BJjqq",null,null,null,1,0],[1,696.908,89.37400000000002,0]],[28,1,0,8,[0,"12mcSrPkdLiqX1/Wdl6HNs"]],[39,1,3,[0,"a8Trc6kcdOzr+TdaPSh/w+"],10],[40,0.23,0.75,false,5,[0,"59KL8JqEdNuLqi8WUyrRdV"],6,11]],0,[0,3,1,0,0,1,0,15,2,0,16,9,0,17,6,0,0,1,0,-1,2,0,-2,9,0,0,2,0,0,2,0,0,2,0,0,2,0,-1,4,0,-2,5,0,0,3,0,0,3,0,0,3,0,-4,11,0,-1,8,0,0,4,0,0,4,0,4,4,0,0,4,0,0,5,0,-2,12,0,-2,7,0,0,6,0,0,6,0,0,7,0,0,7,0,0,7,0,0,8,0,-2,10,0,0,9,0,5,1,3,10,5,6,10,7,11,18,12,34],[0,0,0,0,0,0,0,0,10],[1,6,7,8,9,1,1,19,1],[5,5,1,2,3,33,34,35,36]],[[{"name":"Rectangle 53","rect":{"x":0,"y":0,"width":4,"height":357},"offset":{"x":0,"y":0},"originalSize":{"width":4,"height":357},"rotated":false,"capInsets":[0,0,0,0],"vertices":{"rawPosition":[-2,-178.5,0,2,-178.5,0,-2,178.5,0,2,178.5,0],"indexes":[0,1,2,2,1,3],"uv":[0,357,4,357,0,0,4,0],"nuv":[0,0,1,0,0,1,1,1],"minPos":{"x":-2,"y":-178.5,"z":0},"maxPos":{"x":2,"y":178.5,"z":0}},"packable":true,"pixelsToUnit":100,"pivot":{"x":0.5,"y":0.5},"meshType":0}],[2],0,[0],[2],[37]],[[{"name":"default_scrollbar_vertical_bg","rect":{"x":0,"y":0,"width":15,"height":30},"offset":{"x":0,"y":0},"originalSize":{"width":15,"height":30},"rotated":false,"capInsets":[4,10,4,10],"vertices":{"rawPosition":[-7.5,-15,0,7.5,-15,0,-7.5,15,0,7.5,15,0],"indexes":[0,1,2,2,1,3],"uv":[0,30,15,30,0,0,15,0],"nuv":[0,0,1,0,0,1,1,1],"minPos":{"x":-7.5,"y":-15,"z":0},"maxPos":{"x":7.5,"y":15,"z":0}},"packable":true,"pixelsToUnit":100,"pivot":{"x":0.5,"y":0.5},"meshType":0}],[2],0,[0],[2],[38]]]]
