[1,["0bc86d44-2699-422c-830e-638926616896@6c48a"],["_textureSource"],["cc.SpriteFrame"],0,[{"name":"arrow_down","rect":{"x":3,"y":5,"width":10,"height":7},"offset":{"x":0,"y":-0.5},"originalSize":{"width":16,"height":16},"rotated":false,"capInsets":[0,0,0,0],"vertices":{"rawPosition":[-5,-3.5,0,5,-3.5,0,-5,3.5,0,5,3.5,0],"indexes":[0,1,2,2,1,3],"uv":[3,11,13,11,3,4,13,4],"nuv":[0.1875,0.25,0.8125,0.25,0.1875,0.6875,0.8125,0.6875],"minPos":{"x":-5,"y":-3.5,"z":0},"maxPos":{"x":5,"y":3.5,"z":0}},"packable":true,"pixelsToUnit":100,"pivot":{"x":0.5,"y":0.5},"meshType":0}],[0],0,[0],[0],[0]]
