[1,["01ii6mXlpGnZ3xNkbsoVWV"],0,[["sp.SkeletonData",["_name","_atlasText","textureNames","_skeletonJson","textures"],-1,3]],[[0,0,1,2,3,4,5]],[[0,"headframe","\nheadframe.png\nsize: 482,296\nformat: RGBA4444\nfilter: Linear,Linear\nrepeat: none\nheadframe_00\n  rotate: false\n  xy: 389, 2\n  size: 91, 95\n  orig: 200, 200\n  offset: 54, 53\n  index: -1\nheadframe_01\n  rotate: true\n  xy: 291, 6\n  size: 91, 96\n  orig: 200, 200\n  offset: 54, 53\n  index: -1\nheadframe_02\n  rotate: false\n  xy: 396, 198\n  size: 84, 96\n  orig: 200, 200\n  offset: 56, 52\n  index: -1\nheadframe_03\n  rotate: false\n  xy: 396, 100\n  size: 82, 96\n  orig: 200, 200\n  offset: 59, 52\n  index: -1\nheadframe_04\n  rotate: false\n  xy: 101, 100\n  size: 95, 96\n  orig: 200, 200\n  offset: 49, 51\n  index: -1\nheadframe_05\n  rotate: true\n  xy: 2, 3\n  size: 96, 95\n  orig: 200, 200\n  offset: 49, 52\n  index: -1\nheadframe_06\n  rotate: false\n  xy: 2, 101\n  size: 97, 95\n  orig: 200, 200\n  offset: 49, 53\n  index: -1\nheadframe_07\n  rotate: false\n  xy: 2, 198\n  size: 98, 96\n  orig: 200, 200\n  offset: 49, 52\n  index: -1\nheadframe_08\n  rotate: false\n  xy: 196, 2\n  size: 93, 96\n  orig: 200, 200\n  offset: 54, 51\n  index: -1\nheadframe_09\n  rotate: false\n  xy: 295, 99\n  size: 95, 95\n  orig: 200, 200\n  offset: 53, 50\n  index: -1\nheadframe_10\n  rotate: false\n  xy: 99, 4\n  size: 95, 94\n  orig: 200, 200\n  offset: 54, 49\n  index: -1\nheadframe_11\n  rotate: true\n  xy: 198, 100\n  size: 96, 95\n  orig: 200, 200\n  offset: 53, 49\n  index: -1\nheadframe_12\n  rotate: false\n  xy: 201, 198\n  size: 96, 96\n  orig: 200, 200\n  offset: 52, 49\n  index: -1\nheadframe_13\n  rotate: true\n  xy: 102, 198\n  size: 96, 97\n  orig: 200, 200\n  offset: 52, 49\n  index: -1\nheadframe_14\n  rotate: false\n  xy: 299, 196\n  size: 95, 98\n  orig: 200, 200\n  offset: 53, 49\n  index: -1\n",["headframe.png"],{"skeleton":{"hash":"kAwKwOIc8KHa/1ZIeFER70k/M2s","spine":"3.8.99","x":-52,"y":-71,"width":105,"height":142,"fps":24,"images":"./image/","audio":""},"bones":[{"name":"root"},{"name":"headframe","parent":"root"},{"name":"bone","parent":"root","x":-1}],"slots":[{"name":"headframe_00","bone":"headframe"},{"name":"ui_txk_1","bone":"bone"}],"skins":[{"name":"default","attachments":{"headframe_00":{"headframe_00":{"width":200,"height":200},"headframe_01":{"width":200,"height":200},"headframe_02":{"width":200,"height":200},"headframe_03":{"width":200,"height":200},"headframe_04":{"width":200,"height":200},"headframe_05":{"width":200,"height":200},"headframe_06":{"width":200,"height":200},"headframe_07":{"width":200,"height":200},"headframe_08":{"width":200,"height":200},"headframe_09":{"width":200,"height":200},"headframe_10":{"width":200,"height":200},"headframe_11":{"width":200,"height":200},"headframe_12":{"width":200,"height":200},"headframe_13":{"width":200,"height":200},"headframe_14":{"width":200,"height":200}}}}],"animations":{"animation":{"slots":{"headframe_00":{"attachment":[{"name":"headframe_00"},{"time":0.0833,"name":"headframe_01"},{"time":0.1667,"name":"headframe_02"},{"time":0.25,"name":"headframe_03"},{"time":0.3333,"name":"headframe_04"},{"time":0.4167,"name":"headframe_05"},{"time":0.5,"name":"headframe_06"},{"time":0.5833,"name":"headframe_07"},{"time":0.6667,"name":"headframe_08"},{"time":0.75,"name":"headframe_09"},{"time":0.8333,"name":"headframe_10"},{"time":0.9167,"name":"headframe_11"},{"time":1,"name":"headframe_12"},{"time":1.0833,"name":"headframe_13"},{"time":1.1667,"name":"headframe_14"},{"time":1.25,"name":"headframe_00"}]}},"bones":{"headframe":{"translate":[{"y":-3}],"scale":[{"x":1.574,"y":2.104}]}}}}},[0]]],0,0,[0],[-1],[0]]