[1,["ecpdLyjvZBwrvm+cedCcQy","89Zphb/JREHrSPyU/3k7t8","86o9Cdq5NHVIoZ9YWQpfyf","b6uqfo7z5OnrMml4poQPrX","0cbT7qCM1GRKoFHrEZEKwR","f4yF46jC9ARZDdU4V9XhSd","95wT+2FABMC6h5m7zQA3L7","04xqgEdoFIyoSgMFdiYQb5","52TTFSJthKI7C245IubGpd","3dfeRFPNtLwphXIgxxsled","6eZgij4E1Kepm3cRgp64jl","53hjLFeR5JSLp2ozELF5Sl","47eQDW7OFIApS8NRWqxvwZ","0cCewYdAZNPI5OOW8pUR7u","14lBpQsdJIibBDPmaOe8xh","fa40FkDYFN6rCwLbDgcoBC","5bWJYNHbFANowCxQwVqIUX","66VijlLbRLvY6M7eMFwiF6","843XRV/fxGs7uu3oC2vEjV","1cZs+HQsVFZKlaq5E+hgOK","cdziprLn5OfqQUb9q0zTgE","82LVyZ1DFEMq/4uaehyJuX","95pyO4pRhPIabRvg4Wqp1M","1667bb70b","a2MjXRFdtLlYQ5ouAFv/+R","45D6/gCrdLXYEOFSzC3u9M","879OldDDhDwJiZvOapTUFP","b4H0hPMGxEG6RL8yF5FDsA","c0UfxpIcdG1pssCRg7QDgG","14xqGSqKRPlKtv7VMGRlFx","e97GVMl6JHh5Ml5qEDdSGa","f0BIwQ8D5Ml7nTNQbh1YlS","29FYIk+N1GYaeWH/q1NxQO","aceS4/LzNELorUL58Fg1mZ","ccxubFuoxIgLyGBsF98Xh1","74dowgV7NPD6U9dGzwAL22","5fFbppSphADLXe09LNoVz0","6bA+FsV7FIIqC1nWQQcYo9","dfd9tkH+5Bzqr4uYbSetcx","77ljbaR4hPrZdFamD6e3lG","2d6L0elXNBP4HeyEJmbenz"],["node","_spriteFrame","_N$file","spWind","nodeWinCard","spItemBg","spFangPao","spZiMo","spHu","lbLoseScore","lbWinScore","lbFanCount","nodeFan","lbTypeFan","nodeFlowerCard","nodeHandCard","nodePengCard","lbName","spHead","spBank","_parent","resultPengItem","resultMingGangItem","resultAnGangItem","resultFlowerItem","resultHandItem","_textureSetter","root","nodePlace","nodeFlow","nodeHint","nodeContiue","clock","fanItem","nodeFanList","lbTotalPoint","_N$target","data","_N$normalSprite","_N$pressedSprite","_N$hoverSprite","_N$disabledSprite"],[["cc.Node",["_name","_active","_opacity","_prefab","_contentSize","_parent","_components","_children","_trs","_anchorPoint","_color"],0,4,5,1,9,2,7,5,5],["cc.Node",["_name","_active","_parent","_components","_prefab","_trs","_contentSize","_anchorPoint","_color","_children"],1,1,2,4,7,5,5,5,2],["cc.Label",["_N$horizontalAlign","_N$verticalAlign","_string","_fontSize","_lineHeight","_isSystemFontUsed","_enableWrapText","_N$overflow","_N$cacheMode","_spacingX","node","_materials"],-7,1,3],["cc.Sprite",["_sizeMode","node","_materials","_spriteFrame"],2,1,3,6],["cc.Layout",["_resize","_N$layoutType","_N$spacingY","_N$spacingX","node","_layoutSize"],-1,1,5],["cc.PrefabInfo",["fileId","root"],2,1],"cc.SpriteFrame",["cc.Prefab",["_name"],2],["cc.Node",["_name","_active","_children","_components","_prefab","_contentSize","_trs"],1,2,12,4,5,7],["fc74bBPDzdFX5/+BD9gQIV5",["node","spWind","spWindFrame","nodeResultItem","lbTotalPoint","nodeFanList","fanItem","clock","nodeContiue","nodeHint","nodeFlow","nodePlace"],3,1,1,3,2,1,1,1,1,1,1,1,1],["a3245BY96RNwb4SFSTO3Dzg",["node","spBank","spHead","lbName","nodePengCard","nodeHandCard","nodeFlowerCard","lbTypeFan","nodeFan","lbFanCount","lbWinScore","lbLoseScore","spHu","spZiMo","spFangPao","spWind","spWindFrame","spItemBg","spItemBgFrame","nodeWinCard","resultPengItem","resultMingGangItem","resultAnGangItem","resultFlowerItem","resultHandItem"],3,1,1,1,1,1,1,1,1,1,1,1,1,1,1,1,1,3,1,3,1,6,6,6,6,6],["cc.Button",["_N$transition","node","clickEvents","_N$normalColor","_N$pressedColor","_N$disabledColor","_N$target","_N$normalSprite","_N$pressedSprite","_N$hoverSprite","_N$disabledSprite"],2,1,9,5,5,5,1,6,6,6,6],["cc.ClickEvent",["_componentId","handler","target"],1,1],["dc260WzHhJCNbdTPXKK45bp",["node"],3,1],["cc.Widget",["alignMode","_alignFlags","_originalWidth","_originalHeight","node"],-1,1],["cc.BlockInputEvents",["node"],3,1],["cc.Mask",["_type","_N$alphaThreshold","node","_materials"],1,1,3],["cc.LabelShadow",["_blur","node","_color","_offset"],2,1,5,5],["a8565PCltFJKb0VsCb7DGqV",["node","clockLabel"],3,1,1]],[[5,0,1,2],[3,1,2,1],[4,0,1,3,4,5,4],[1,0,2,3,4,6,5,2],[3,1,2,3,1],[1,0,1,2,3,4,6,5,3],[0,0,5,6,3,4,9,8,2],[0,0,5,7,6,3,4,8,2],[2,2,3,4,0,1,10,11,6],[4,0,1,4,5,3],[0,0,1,5,6,3,4,9,3],[1,0,1,2,3,4,6,7,5,3],[2,2,3,4,5,9,0,1,10,11,8],[0,0,5,6,3,4,8,2],[0,0,5,7,6,3,4,9,8,2],[0,0,5,7,3,2],[0,0,1,5,7,6,3,4,8,3],[0,0,5,7,6,3,4,2],[0,0,5,6,3,4,9,2],[8,0,1,2,3,4,5,6,3],[1,0,2,3,4,6,2],[1,0,1,2,3,4,8,6,7,5,3],[10,0,1,2,3,4,5,6,7,8,9,10,11,12,13,14,15,16,17,18,19,20,21,22,23,24,1],[3,0,1,2,2],[16,0,1,2,3,3],[2,3,4,6,0,1,7,10,11,7],[2,2,3,4,5,0,1,10,11,7],[0,0,1,5,6,3,4,8,3],[7,0,2],[0,0,7,6,3,4,2],[0,0,1,5,7,3,4,3],[0,0,2,5,6,3,10,4,3],[0,0,5,6,3,4,2],[1,0,2,9,3,4,5,2],[1,0,2,3,4,8,6,5,2],[9,0,1,2,3,4,5,6,7,8,9,10,11,1],[5,1,1],[3,0,1,2,3,2],[4,0,1,2,4,5,4],[11,0,1,2,3,4,5,6,7,8,9,10,2],[12,0,1,2,3],[13,0,1],[14,0,1,2,3,4,5],[15,0,1],[2,2,3,4,6,0,1,7,8,10,11,9],[2,2,5,0,1,10,11,5],[17,0,1,2,3,2],[18,0,1,1]],[[[{"name":"ui_jiesuan","rect":[324,903,136,80],"offset":[0,0],"originalSize":[136,80],"capInsets":[0,0,0,0]}],[6],0,[0],[26],[23]],[[[28,"smallResultView"],[29,"smallResultView",[-16,-17],[[35,-15,-14,[141,142,143,144],[-10,-11,-12,-13],-9,-8,-7,-6,-5,-4,-3,-2]],[36,-1],[5,1280,720]],[19,"resultItem1",false,[-37,-38,-39,-40,-41,-42,-43,-44,-45,-46],[[[22,-35,-34,-33,-32,-31,-30,-29,-28,-27,-26,-25,-24,-23,-22,-21,-20,[37,38,39,40],-19,[42,43],-18,32,33,34,35,36],-36],4,1],[0,"25IguWohJLopl2B5fqreYX",1],[5,915,129],[1.275,-64.5,0,0,0,0,1,1,1,1]],[19,"resultItem2",false,[-66,-67,-68,-69,-70,-71,-72,-73,-74,-75],[[[22,-64,-63,-62,-61,-60,-59,-58,-57,-56,-55,-54,-53,-52,-51,-50,-49,[65,66,67,68],-48,[70,71],-47,60,61,62,63,64],-65],4,1],[0,"1bweJMyCJIjY+GaGVZ6k7N",1],[5,915,129],[1.275,-191.5,0,0,0,0,1,1,1,1]],[19,"resultItem3",false,[-95,-96,-97,-98,-99,-100,-101,-102,-103,-104],[[[22,-93,-92,-91,-90,-89,-88,-87,-86,-85,-84,-83,-82,-81,-80,-79,-78,[93,94,95,96],-77,[98,99],-76,88,89,90,91,92],-94],4,1],[0,"a2+N5lVThIb7lmFmES81oj",1],[5,915,129],[1.275,-318.5,0,0,0,0,1,1,1,1]],[19,"resultItem4",false,[-124,-125,-126,-127,-128,-129,-130,-131,-132,-133],[[[22,-122,-121,-120,-119,-118,-117,-116,-115,-114,-113,-112,-111,-110,-109,-108,-107,[121,122,123,124],-106,[126,127],-105,116,117,118,119,120],-123],4,1],[0,"baBDBjZAZCF63dk2ZAQ7S9",1],[5,915,129],[1.275,-445.5,0,0,0,0,1,1,1,1]],[7,"bg",1,[-135,-136,-137,-138,-139,-140],[[4,-134,[139],140]],[0,"10cL9b5lFKGaboMRKlZ0mE",1],[5,1151,604],[2,28.641,0,0,0,0,1,1,1,1]],[7,"nodeLeftInfo",6,[-142,-143,-144,-145,-146,-147],[[4,-141,[14],15]],[0,"4dGY+8649MfpTQ6Z1pktmv",1],[5,302,420],[-416,22,0,0,0,0,1,1,1,1]],[14,"nodePlayerResult",6,[2,3,4,5],[[38,1,2,-2,-148,[5,900,2]]],[0,"c5LUc74mhFeo0Es4O2rAEI",1],[5,900,2],[0,0.5,1],[113.826,232,0,0,0,0,1,1,1,1]],[14,"cardLayout",2,[-150,-151,-152,-153],[[2,1,1,5,-149,[5,41.4,60]]],[0,"d0PajEDYxNOKUhm3uEZ3LZ",1],[5,41.4,60],[0,0,0.5],[-317.175,-15.241,0,0,0,0,1,1,1,1]],[14,"cardLayout",3,[-155,-156,-157,-158],[[2,1,1,5,-154,[5,41.4,60]]],[0,"75BJIXbExNnII/AurJi19K",1],[5,41.4,60],[0,0,0.5],[-317.175,-15.241,0,0,0,0,1,1,1,1]],[14,"cardLayout",4,[-160,-161,-162,-163],[[2,1,1,5,-159,[5,41.4,60]]],[0,"b66MzTAhNPZqM4ARQDRgqR",1],[5,41.4,60],[0,0,0.5],[-317.175,-15.241,0,0,0,0,1,1,1,1]],[14,"cardLayout",5,[-165,-166,-167,-168],[[2,1,1,5,-164,[5,41.4,60]]],[0,"ebdt8pZElPOLjmN4q3dZQ9",1],[5,41.4,60],[0,0,0.5],[-317.175,-15.241,0,0,0,0,1,1,1,1]],[15,"nodePlayer",2,[-169,-170,-171,-172],[0,"79PVryPCpNroqpt4df+cTS",1]],[16,"nodeFan",false,2,[-174,-175],[[9,1,1,-173,[5,82,50]]],[0,"50vzx0+mhJt5Wk0LYZWdbC",1],[5,82,50],[329.403,24.738,0,0,0,0,1,1,1,1]],[15,"nodePlayer",3,[-176,-177,-178,-179],[0,"feGvt1A3tMzLeDSVWvxyXc",1]],[16,"nodeFan",false,3,[-181,-182],[[9,1,1,-180,[5,82,50]]],[0,"5d9gaX2r9Pa7kQn8kM+7r0",1],[5,82,50],[329.403,24.738,0,0,0,0,1,1,1,1]],[15,"nodePlayer",4,[-183,-184,-185,-186],[0,"50fS+BB3VJ+4TU1uzY4NBe",1]],[16,"nodeFan",false,4,[-188,-189],[[9,1,1,-187,[5,82,50]]],[0,"99/b4Xq7dPcaU+jBRqQ0PV",1],[5,82,50],[329.403,24.738,0,0,0,0,1,1,1,1]],[15,"nodePlayer",5,[-190,-191,-192,-193],[0,"a4fa7+oHNCL5G/dSvZQPgp",1]],[16,"nodeFan",false,5,[-195,-196],[[9,1,1,-194,[5,82,50]]],[0,"97jNc58qFGJb6dFQPAvu0i",1],[5,82,50],[329.403,24.738,0,0,0,0,1,1,1,1]],[7,"button_continue",6,[-200],[[39,3,-198,[[40,"fc74bBPDzdFX5/+BD9gQIV5","onContinueGame",1]],[4,4293322470],[4,4291348680],[4,3363338360],-197,131,132,133,134],[41,-199]],[0,"2038D3fdRAt5Y2D4jmsIYj",1],[5,213,77],[0,-331.859,0,0,0,0,1,1,1,1]],[7,"Background",21,[-203],[[4,-201,[129],130],[42,0,45,100,40,-202]],[0,"95iyGloOtDOK/8Z1PXHIpU",1],[5,213,77],[0,0,0,0,0,0,1,1,1,0]],[30,"fanItem",false,7,[-204,-205],[0,"dePRP2GvdPq4TDapmRbW+r",1],[5,215,32]],[33,"clockNode",6,[-207,-208],[-206],[0,"9fi5zNCa9I65q3xOswwt7O",1],[100,-325.957,0,0,0,0,1,1,1,1]],[31,"spMask",180,1,[[37,0,-209,[0],1],[43,-210]],[0,"baLb16jG5LVbovNyFUr8wZ",1],[4,4278190080],[5,1280,720]],[6,"nodeFanlist",7,[[9,1,2,-211,[5,215,0]]],[0,"3fiR6kzUpLAKrinfTD5sbx",1],[5,215,0],[0,0.5,1],[-39,168,0,0,0,0,1,1,1,1]],[7,"spUnits",7,[-213],[[4,-212,[8],9]],[0,"3decXlM0VMzatLL+aOM4Au",1],[5,192,45],[-50,-256.633,0,0,0,0,1,1,1,1]],[27,"spFlow",false,7,[[4,-214,[10],11]],[0,"2eM10xJXRF2KeE43hM94QC",1],[5,74,169],[-50,0,0,0,0,0,1,1,1,1]],[27,"spPlace",false,7,[[4,-215,[12],13]],[0,"97ToSO0jdPk57ci1byQrQN",1],[5,73,165],[-50,0,0,0,0,0,1,1,1,1]],[7,"head",13,[-217],[[4,-216,[18],19]],[0,"b9d9fV+WRInZBjqvixMnDi",1],[5,80,80],[-407.831,19.166,0,0,0,0,1,1,1,1]],[17,"mask",30,[-219],[[24,1,0,-218,[17]]],[0,"2eqycHIS5GnppNiQNkizch",1],[5,73,73]],[6,"flowerLayout",2,[[2,1,1,-1.5,-220,[5,26,40]]],[0,"53SVH09ItMhqd9BfwAxWNw",1],[5,26,40],[0,0,0.5],[-317.175,40.956,0,0,0,0,1,1,1,1]],[10,"pengCardLayout",false,9,[[2,1,1,4,-221,[5,0,60]]],[0,"2d8lRzSr1G04jPS93Hv9PJ",1],[5,0,60],[0,0,0.5]],[18,"handCardLayout",9,[[2,1,1,-2,-222,[5,0,60]]],[0,"26zwkQ2MtLi5e/JrbzsAzu",1],[5,0,60],[0,0,0.5]],[6,"huCard",9,[[9,1,1,-223,[5,36.4,60]]],[0,"51afVnwKpEHahKYMYznITr",1],[5,36.4,60],[0,0,0.5],[5,0,0,0,0,0,1,1,1,1]],[7,"head",15,[-225],[[4,-224,[46],47]],[0,"29usO8a9dPL5uSSEn+ML+F",1],[5,80,80],[-407.831,19.166,0,0,0,0,1,1,1,1]],[17,"mask",36,[-227],[[24,1,0,-226,[45]]],[0,"79+CoeP9JLf5dgvU5N8wsw",1],[5,76,76]],[6,"flowerLayout",3,[[2,1,1,-1,-228,[5,1,40]]],[0,"cc3sbA2pBDv6euP2pb1Nso",1],[5,1,40],[0,0,0.5],[-317.175,40.956,0,0,0,0,1,1,1,1]],[10,"pengCardLayout",false,10,[[2,1,1,4,-229,[5,0,60]]],[0,"51jNWHgcFIrr5k4NyZ/0Zn",1],[5,0,60],[0,0,0.5]],[18,"handCardLayout",10,[[2,1,1,-2,-230,[5,0,60]]],[0,"e2Pv8Q10tJT5mrYLFdow3M",1],[5,0,60],[0,0,0.5]],[6,"huCard",10,[[9,1,1,-231,[5,36.4,60]]],[0,"61vRoXw5hCkKX9YsCkuzFk",1],[5,36.4,60],[0,0,0.5],[5,0,0,0,0,0,1,1,1,1]],[7,"head",17,[-233],[[4,-232,[74],75]],[0,"b3y2XcM6dKR7TF8ZcUCYSi",1],[5,80,80],[-407.831,19.166,0,0,0,0,1,1,1,1]],[17,"mask",42,[-235],[[24,1,0,-234,[73]]],[0,"041goU/pRK5Y3M4TyyK9U3",1],[5,76,76]],[6,"flowerLayout",4,[[2,1,1,-1,-236,[5,1,40]]],[0,"094oHD7WpNKbjDdvFUTqsz",1],[5,1,40],[0,0,0.5],[-317.175,40.956,0,0,0,0,1,1,1,1]],[10,"pengCardLayout",false,11,[[2,1,1,4,-237,[5,0,60]]],[0,"46i9h/tf5AQaSB7fpt0I/7",1],[5,0,60],[0,0,0.5]],[18,"handCardLayout",11,[[2,1,1,-2,-238,[5,0,60]]],[0,"53nx05Yn1HyKx9aP4EwEGS",1],[5,0,60],[0,0,0.5]],[6,"huCard",11,[[9,1,1,-239,[5,36.4,60]]],[0,"9530cwHLtJBIXmMLJqOBBZ",1],[5,36.4,60],[0,0,0.5],[5,0,0,0,0,0,1,1,1,1]],[7,"head",19,[-241],[[4,-240,[102],103]],[0,"d1H2xt1BpIi686UfVogqiP",1],[5,80,80],[-407.831,19.166,0,0,0,0,1,1,1,1]],[17,"mask",48,[-243],[[24,1,0,-242,[101]]],[0,"b9YhdoAlxGaL0kXvHTQqm9",1],[5,76,76]],[6,"flowerLayout",5,[[2,1,1,-1,-244,[5,1,40]]],[0,"27Qc8N41BIZ4qJsUuKi0IF",1],[5,1,40],[0,0,0.5],[-317.175,40.956,0,0,0,0,1,1,1,1]],[10,"pengCardLayout",false,12,[[2,1,1,4,-245,[5,0,60]]],[0,"d20gJtk8lPi4CxgqSIIUD6",1],[5,0,60],[0,0,0.5]],[18,"handCardLayout",12,[[2,1,1,-2,-246,[5,0,60]]],[0,"3fqFxZUJhE0JSJwh0DoOVi",1],[5,0,60],[0,0,0.5]],[6,"huCard",12,[[9,1,1,-247,[5,36.4,60]]],[0,"9dpWjEgoVFSpSMPRvk2En+",1],[5,36.4,60],[0,0,0.5],[5,0,0,0,0,0,1,1,1,1]],[32,"Label",22,[[44,"繼續遊戲",35,35,false,1,1,1,1,-248,[128]],[46,3,-249,[4,4285613842],[0,-3,-3]]],[0,"469AsSAE1BjqFgJ1De9026",1],[5,180,40]],[7,"lbTip",24,[-251],[[8,"秒後自動關閉)",30,30,1,1,-250,[137]]],[0,"2eU34+OVdNRbLbfoFYUBRl",1],[5,189.99,37.8],[207.33,-0.99,0,0,0,0,1,1,1,1]],[27,"lbHint",false,6,[[8,"等待其他玩家確認",30,30,1,1,-252,[138]]],[0,"549t/jq6xPd7paVmhk3MkQ",1],[5,240,37.8],[0,-329.071,0,0,0,0,1,1,1,1]],[13,"spTitle",6,[[4,-253,[2],3]],[0,"7fgGBZ2VZOVY1a8LPQk+wp",1],[5,136,80],[0,285,0,0,0,0,1,1,1,1]],[3,"spWind",7,[-254],[0,"23V1ZZrYlPkq62ymdaihNI",1],[5,84,33],[-97.376,187.977,0,0,0,0,1,1,1,1]],[1,58,[4]],[6,"lbFanName",23,[[8,"大四喜",25,25,1,1,-255,[5]]],[0,"acIaPIVuNOa5Kv3AJocgDp",1],[5,75,31.5],[0,0,0.5],[-91,0,0,0,0,0,1,1,1,1]],[6,"lbTanShu",23,[[8,"+24台",25,25,1,1,-256,[6]]],[0,"47bslV//RCxoM9TxqjOg9F",1],[5,67.41,31.5],[0,0,0.5],[27.096,0,0,0,0,0,1,1,1,1]],[3,"lbUnits",27,[-257],[0,"c6r8P9QCRDf6JkAjfyZnYL",1],[5,28.72,40],[33.928,0,0,0,0,0,1,1,1,1]],[45,"0",false,1,1,62,[7]],[20,"spHead",31,[-258],[0,"3cr5QcfvFADbTYFKaYjRTe",1],[5,86,86]],[23,0,64,[16]],[3,"lbName",13,[-259],[0,"93Q92n711HOYSMGJhOwNtf",1],[5,103.32,18.9],[-399.712,-36.118,0,0,0,0,1,1,1,1]],[25,12,15,false,1,1,2,66,[20]],[3,"spWind",13,[-260],[0,"2ag1/NonVEd7WwbnetC38b",1],[5,37,37],[-347,38,0,0,0,0,1,1,1,1]],[1,68,[21]],[3,"spBank",13,[-261],[0,"c7dBKCrppKM5uavYc3YK8Z",1],[5,37,37],[-347,-3,0,0,0,0,1,1,1,1]],[1,70,[22]],[10,"gangCardLayout",false,9,[[2,1,1,6,-262,[5,0,60]]],[0,"979rC/4mtImqvOVBAb4JBi",1],[5,0,60],[0,0,0.5]],[3,"lbFan",14,[-263],[0,"d6LGz1KghC6YXBV6LpNMKx",1],[5,55,25],[-13.5,-3.359,0,0,0,0,1,1,1,1]],[12,"100",25,25,false,-1,1,1,73,[23]],[13,"spFan",14,[[4,-264,[24],25]],[0,"51EERcjqxNHqUsWl7+MCAW",1],[5,27,34],[27.5,-3,0,0,0,0,1,1,1,1]],[11,"lbWinSocre",false,2,[-265],[0,"b9+9f3C8NCWZe9PUincDTs",1],[5,116,39],[0,0,0.5],[190,38,0,0,0,0,1,1,1,1]],[12,"+1100",39,39,false,-1,1,1,76,[26]],[11,"lbLoseScore",false,2,[-266],[0,"2bsMVzq7RKgqiiQ98pHelf",1],[5,129,34],[0,0,0.5],[190,38,0,0,0,0,1,1,1,1]],[26,"-11000",34,34,false,1,1,78,[27]],[21,"lbHuType",false,2,[-267],[0,"0alA/GEAlKd754lT/AJiWg",1],[4,4281886889],[5,69,28.98],[0,0,0.5],[-110,36.381,0,0,0,0,1,1,1,1]],[8,"清一色",23,23,1,1,80,[28]],[5,"spHu",false,2,[-268],[0,"59z6VClU5DBaQy8PxoG/Iv",1],[5,133,133],[110,38,0,0,0,0,1,0.7,0.7,1]],[1,82,[29]],[5,"spFangPao",false,2,[-269],[0,"d15HaUf7ZGULBWTI9QoXZ8",1],[5,68,35],[110,38,0,0,0,0,1,1,1,1]],[1,84,[30]],[5,"spZiMo",false,2,[-270],[0,"98XySpp1tNX74YPsLTzJgC",1],[5,133,133],[110,38,0,0,0,0,1,0.7,0.7,1]],[1,86,[31]],[1,2,[41]],[20,"spHead",37,[-271],[0,"824wPlwrJEvblsOpbyTfe2",1],[5,86,86]],[23,0,89,[44]],[3,"lbName",15,[-272],[0,"6aB3R/uI9NBrjztyemEGzd",1],[5,103.32,20.16],[-399.712,-36.118,0,0,0,0,1,1,1,1]],[25,12,16,false,1,1,2,91,[48]],[3,"spWind",15,[-273],[0,"6fFl6DVV9GlpjV3rnKAQh1",1],[5,37,37],[-347,38,0,0,0,0,1,1,1,1]],[1,93,[49]],[3,"spBank",15,[-274],[0,"f1C7x7H8hPd5xZOEpROvS7",1],[5,37,37],[-347,-3,0,0,0,0,1,1,1,1]],[1,95,[50]],[10,"gangCardLayout",false,10,[[2,1,1,6,-275,[5,0,60]]],[0,"cbMfkt5r1O/omqwfOdOs1L",1],[5,0,60],[0,0,0.5]],[3,"lbFan",16,[-276],[0,"eaFb4YEnxCcrJXgEcMkR3c",1],[5,55,25],[-13.5,-3.359,0,0,0,0,1,1,1,1]],[12,"100",25,25,false,-1,1,1,98,[51]],[13,"spFan",16,[[4,-277,[52],53]],[0,"308ew9P9hEyaruNLqdMg3U",1],[5,27,34],[27.5,-3,0,0,0,0,1,1,1,1]],[11,"lbWinSocre",false,3,[-278],[0,"3b0nlEPgJEDrQTovsBJ4EL",1],[5,116,39],[0,0,0.5],[190,38,0,0,0,0,1,1,1,1]],[12,"+1100",39,39,false,-1,1,1,101,[54]],[11,"lbLoseScore",false,3,[-279],[0,"18jqhpOOVBM5BI0uQwpmok",1],[5,129,34],[0,0,0.5],[190,38,0,0,0,0,1,1,1,1]],[26,"-11000",34,34,false,1,1,103,[55]],[21,"lbHuType",false,3,[-280],[0,"38TaTX+JtJirn/Ch66f2Cd",1],[4,4281886889],[5,69,28.98],[0,0,0.5],[-110,36.381,0,0,0,0,1,1,1,1]],[8,"清一色",23,23,1,1,105,[56]],[5,"spHu",false,3,[-281],[0,"01/1lbRD5Jq6B/Ri0sjMCD",1],[5,133,133],[110,38,0,0,0,0,1,0.7,0.7,1]],[1,107,[57]],[5,"spFangPao",false,3,[-282],[0,"29Xi5TZKJLEbsd32yhxc3J",1],[5,68,35],[110,38,0,0,0,0,1,1,1,1]],[1,109,[58]],[5,"spZiMo",false,3,[-283],[0,"051v+XQdFBuIzaFFA2Wn5l",1],[5,133,133],[110,38,0,0,0,0,1,0.7,0.7,1]],[1,111,[59]],[1,3,[69]],[20,"spHead",43,[-284],[0,"234ePDy91Cxr5oFYkV3O+w",1],[5,86,86]],[23,0,114,[72]],[3,"lbName",17,[-285],[0,"89Mvc8K+dB5pyq2mKKuaxn",1],[5,103.32,20.16],[-399.712,-36.118,0,0,0,0,1,1,1,1]],[25,12,16,false,1,1,2,116,[76]],[3,"spWind",17,[-286],[0,"cdaWAWjW5CyqNIlXTrwQCs",1],[5,37,37],[-347,38,0,0,0,0,1,1,1,1]],[1,118,[77]],[3,"spBank",17,[-287],[0,"a5D3gDe4FNbbT2As20qSly",1],[5,37,37],[-347,-3,0,0,0,0,1,1,1,1]],[1,120,[78]],[10,"gangCardLayout",false,11,[[2,1,1,6,-288,[5,0,60]]],[0,"fclrhmgnpJqYuzSTtWkmfi",1],[5,0,60],[0,0,0.5]],[3,"lbFan",18,[-289],[0,"c3BRkxXvRPgJJH5n8yzfw6",1],[5,55,25],[-13.5,-3.359,0,0,0,0,1,1,1,1]],[12,"100",25,25,false,-1,1,1,123,[79]],[13,"spFan",18,[[4,-290,[80],81]],[0,"71jjg2RuxI4JkRJeDBDsAN",1],[5,27,34],[27.5,-3,0,0,0,0,1,1,1,1]],[11,"lbWinSocre",false,4,[-291],[0,"7bS8zEzcNN37USbZiqwg1C",1],[5,116,39],[0,0,0.5],[190,38,0,0,0,0,1,1,1,1]],[12,"+1100",39,39,false,-1,1,1,126,[82]],[11,"lbLoseScore",false,4,[-292],[0,"3d6mDGyZRFFY75TtlxtL/+",1],[5,129,34],[0,0,0.5],[190,38,0,0,0,0,1,1,1,1]],[26,"-11000",34,34,false,1,1,128,[83]],[21,"lbHuType",false,4,[-293],[0,"26n25PgLRCkqo0inoPGEJJ",1],[4,4281886889],[5,69,28.98],[0,0,0.5],[-110,36.381,0,0,0,0,1,1,1,1]],[8,"清一色",23,23,1,1,130,[84]],[5,"spHu",false,4,[-294],[0,"caS9eeMxVFOaEnPzyh/mJ2",1],[5,133,133],[110,38,0,0,0,0,1,0.7,0.7,1]],[1,132,[85]],[5,"spFangPao",false,4,[-295],[0,"fa2FGiBtxCLblCMYdyFbuN",1],[5,68,35],[110,38,0,0,0,0,1,1,1,1]],[1,134,[86]],[5,"spZiMo",false,4,[-296],[0,"a43QCbpYZPDrnLv8ncPn5k",1],[5,133,133],[110,38,0,0,0,0,1,0.7,0.7,1]],[1,136,[87]],[1,4,[97]],[20,"spHead",49,[-297],[0,"70/mRQ4y9HjZsPBnzSqNnr",1],[5,86,86]],[23,0,139,[100]],[3,"lbName",19,[-298],[0,"c30NJc0ThDB67DdxL1Q0o6",1],[5,103.32,20.16],[-399.712,-36.118,0,0,0,0,1,1,1,1]],[25,12,16,false,1,1,2,141,[104]],[3,"spWind",19,[-299],[0,"fd/ljTbHJKdZkp0fuutBZ6",1],[5,37,37],[-347,38,0,0,0,0,1,1,1,1]],[1,143,[105]],[3,"spBank",19,[-300],[0,"cc/LkIln1ErYSWVkd1JUGs",1],[5,37,37],[-347,-3,0,0,0,0,1,1,1,1]],[1,145,[106]],[10,"gangCardLayout",false,12,[[2,1,1,6,-301,[5,0,60]]],[0,"52RNVNF25Bk7dyE+YfTdQR",1],[5,0,60],[0,0,0.5]],[3,"lbFan",20,[-302],[0,"f3ABd3jZtKwrPZK9x05O0K",1],[5,55,25],[-13.5,-3.359,0,0,0,0,1,1,1,1]],[12,"100",25,25,false,-1,1,1,148,[107]],[13,"spFan",20,[[4,-303,[108],109]],[0,"f8X17K0zVLSZL6k//fwg69",1],[5,27,34],[27.5,-3,0,0,0,0,1,1,1,1]],[11,"lbWinSocre",false,5,[-304],[0,"17kfmjEylH2poAVJ5HDY1L",1],[5,116,39],[0,0,0.5],[190,38,0,0,0,0,1,1,1,1]],[12,"+1100",39,39,false,-1,1,1,151,[110]],[11,"lbLoseScore",false,5,[-305],[0,"60qFjjZ9xMl4WXQ4cRfJaP",1],[5,129,34],[0,0,0.5],[190,38,0,0,0,0,1,1,1,1]],[26,"-11000",34,34,false,1,1,153,[111]],[21,"lbHuType",false,5,[-306],[0,"e8Apca1gxFc6TjFi1s61Sa",1],[4,4281886889],[5,69,28.98],[0,0,0.5],[-110,36.381,0,0,0,0,1,1,1,1]],[8,"清一色",23,23,1,1,155,[112]],[5,"spHu",false,5,[-307],[0,"a0pThgPmJITbjgg8alal61",1],[5,133,133],[110,38,0,0,0,0,1,0.7,0.7,1]],[1,157,[113]],[5,"spFangPao",false,5,[-308],[0,"45gZ2gxEpFwb4u2ho0PK60",1],[5,68,35],[110,38,0,0,0,0,1,1,1,1]],[1,159,[114]],[5,"spZiMo",false,5,[-309],[0,"9aWVQcodtBKYofQXux+WhM",1],[5,133,133],[110,38,0,0,0,0,1,0.7,0.7,1]],[1,161,[115]],[1,5,[125]],[34,"clockLabel",24,[-310],[0,"5eqPY7VjhBL4ljVEGKa4PA",1],[4,4283818495],[5,50.05,37.8],[82.249,-1.677,0,0,0,0,1,1,1,1]],[8,"300",30,30,1,1,164,[135]],[13,"lbLeft",55,[[8,"(",30,30,1,1,-311,[136]]],[0,"46V/ie+EhNF4CiB2Czbr/g",1],[5,9.99,37.8],[-157.254,0.99,0,0,0,0,1,1,1,1]],[47,24,165]],0,[0,27,1,0,28,29,0,29,28,0,30,56,0,31,21,0,32,167,0,33,23,0,34,26,0,35,63,0,-1,2,0,-2,3,0,-3,4,0,-4,5,0,3,59,0,0,1,0,-1,25,0,-2,6,0,4,35,0,5,88,0,3,69,0,6,85,0,7,87,0,8,83,0,9,79,0,10,77,0,11,74,0,12,14,0,13,81,0,14,32,0,15,34,0,16,33,0,17,67,0,18,65,0,19,71,0,0,2,0,-2,88,0,-1,13,0,-2,32,0,-3,9,0,-4,14,0,-5,76,0,-6,78,0,-7,80,0,-8,82,0,-9,84,0,-10,86,0,4,41,0,5,113,0,3,94,0,6,110,0,7,112,0,8,108,0,9,104,0,10,102,0,11,99,0,12,16,0,13,106,0,14,38,0,15,40,0,16,39,0,17,92,0,18,90,0,19,96,0,0,3,0,-2,113,0,-1,15,0,-2,38,0,-3,10,0,-4,16,0,-5,101,0,-6,103,0,-7,105,0,-8,107,0,-9,109,0,-10,111,0,4,47,0,5,138,0,3,119,0,6,135,0,7,137,0,8,133,0,9,129,0,10,127,0,11,124,0,12,18,0,13,131,0,14,44,0,15,46,0,16,45,0,17,117,0,18,115,0,19,121,0,0,4,0,-2,138,0,-1,17,0,-2,44,0,-3,11,0,-4,18,0,-5,126,0,-6,128,0,-7,130,0,-8,132,0,-9,134,0,-10,136,0,4,53,0,5,163,0,3,144,0,6,160,0,7,162,0,8,158,0,9,154,0,10,152,0,11,149,0,12,20,0,13,156,0,14,50,0,15,52,0,16,51,0,17,142,0,18,140,0,19,146,0,0,5,0,-2,163,0,-1,19,0,-2,50,0,-3,12,0,-4,20,0,-5,151,0,-6,153,0,-7,155,0,-8,157,0,-9,159,0,-10,161,0,0,6,0,-1,57,0,-2,7,0,-3,8,0,-4,21,0,-5,24,0,-6,56,0,0,7,0,-1,58,0,-2,23,0,-3,26,0,-4,27,0,-5,28,0,-6,29,0,0,8,0,0,9,0,-1,33,0,-2,72,0,-3,34,0,-4,35,0,0,10,0,-1,39,0,-2,97,0,-3,40,0,-4,41,0,0,11,0,-1,45,0,-2,122,0,-3,46,0,-4,47,0,0,12,0,-1,51,0,-2,147,0,-3,52,0,-4,53,0,-1,30,0,-2,66,0,-3,68,0,-4,70,0,0,14,0,-1,73,0,-2,75,0,-1,36,0,-2,91,0,-3,93,0,-4,95,0,0,16,0,-1,98,0,-2,100,0,-1,42,0,-2,116,0,-3,118,0,-4,120,0,0,18,0,-1,123,0,-2,125,0,-1,48,0,-2,141,0,-3,143,0,-4,145,0,0,20,0,-1,148,0,-2,150,0,36,22,0,0,21,0,0,21,0,-1,22,0,0,22,0,0,22,0,-1,54,0,-1,60,0,-2,61,0,-1,167,0,-1,164,0,-2,55,0,0,25,0,0,25,0,0,26,0,0,27,0,-1,62,0,0,28,0,0,29,0,0,30,0,-1,31,0,0,31,0,-1,64,0,0,32,0,0,33,0,0,34,0,0,35,0,0,36,0,-1,37,0,0,37,0,-1,89,0,0,38,0,0,39,0,0,40,0,0,41,0,0,42,0,-1,43,0,0,43,0,-1,114,0,0,44,0,0,45,0,0,46,0,0,47,0,0,48,0,-1,49,0,0,49,0,-1,139,0,0,50,0,0,51,0,0,52,0,0,53,0,0,54,0,0,54,0,0,55,0,-1,166,0,0,56,0,0,57,0,-1,59,0,0,60,0,0,61,0,-1,63,0,-1,65,0,-1,67,0,-1,69,0,-1,71,0,0,72,0,-1,74,0,0,75,0,-1,77,0,-1,79,0,-1,81,0,-1,83,0,-1,85,0,-1,87,0,-1,90,0,-1,92,0,-1,94,0,-1,96,0,0,97,0,-1,99,0,0,100,0,-1,102,0,-1,104,0,-1,106,0,-1,108,0,-1,110,0,-1,112,0,-1,115,0,-1,117,0,-1,119,0,-1,121,0,0,122,0,-1,124,0,0,125,0,-1,127,0,-1,129,0,-1,131,0,-1,133,0,-1,135,0,-1,137,0,-1,140,0,-1,142,0,-1,144,0,-1,146,0,0,147,0,-1,149,0,0,150,0,-1,152,0,-1,154,0,-1,156,0,-1,158,0,-1,160,0,-1,162,0,-1,165,0,0,166,0,37,1,2,20,8,3,20,8,4,20,8,5,20,8,311],[0,0,0,0,0,0,0,0,0,0,0,0,0,0,0,0,0,0,0,0,0,0,0,0,0,0,0,0,0,0,0,0,0,0,0,0,0,0,0,0,0,0,0,0,0,0,0,0,0,0,0,0,0,0,0,0,0,0,0,0,0,0,0,0,0,0,0,0,0,0,0,0,0,0,0,0,0,0,0,0,0,0,0,0,0,0,0,0,0,0,0,0,0,0,0,0,0,0,0,0,0,0,0,0,0,0,0,0,0,0,0,0,0,0,0,0,0,0,0,0,0,0,0,0,0,0,0,0,0,0,0,0,0,0,0,0,0,0,0,0,0,0,0,0,0,59,63,65,69,71,74,77,79,83,85,87,88,90,94,96,99,102,104,108,110,112,113,115,119,121,124,127,129,133,135,137,138,140,144,146,149,152,154,158,160,162,163],[-1,1,-1,1,-1,-1,-1,-1,-1,1,-1,1,-1,1,-1,1,-1,-1,-1,1,-1,-1,-1,-1,-1,1,-1,-1,-1,-1,-1,-1,21,22,23,24,25,-1,-2,-3,-4,-1,-1,-2,-1,-1,-1,1,-1,-1,-1,-1,-1,1,-1,-1,-1,-1,-1,-1,21,22,23,24,25,-1,-2,-3,-4,-1,-1,-2,-1,-1,-1,1,-1,-1,-1,-1,-1,1,-1,-1,-1,-1,-1,-1,21,22,23,24,25,-1,-2,-3,-4,-1,-1,-2,-1,-1,-1,1,-1,-1,-1,-1,-1,1,-1,-1,-1,-1,-1,-1,21,22,23,24,25,-1,-2,-3,-4,-1,-1,-2,-1,-1,1,38,39,40,41,-1,-1,-1,-1,-1,1,-1,-2,-3,-4,1,2,1,1,1,2,2,2,1,1,1,1,1,1,1,2,2,2,1,1,1,1,1,1,1,2,2,2,1,1,1,1,1,1,1,2,2,2,1,1,1,1],[0,24,0,25,0,0,0,0,0,26,0,27,0,28,0,29,0,0,0,4,0,0,0,0,0,5,0,0,0,0,0,0,6,7,8,9,10,1,11,12,13,0,14,2,0,0,0,4,0,0,0,0,0,5,0,0,0,0,0,0,6,7,8,9,10,1,11,12,13,0,14,2,0,0,0,4,0,0,0,0,0,5,0,0,0,0,0,0,6,7,8,9,10,1,11,12,13,0,14,2,0,0,0,4,0,0,0,0,0,5,0,0,0,0,0,0,6,7,8,9,10,1,11,12,13,0,14,2,0,0,21,21,30,31,32,0,0,0,0,0,33,22,34,35,36,22,3,37,1,15,16,3,17,18,19,20,2,38,1,15,16,3,17,18,19,20,2,39,1,15,16,3,17,18,19,20,2,40,1,15,16,3,17,18,19,20,2]]]]