[1,["ecpdLyjvZBwrvm+cedCcQy","d5jsiIInpL/LA2FVrdjOqm","1e8860491","c3OO77DwNGy6grlIsXvMYI","bamn4YAAhAn7jwOaOpmS66","18MT5nhZ9IWaM8sASlnH67","6aBwR0Y85KxJ+/PCd6b1JS","9asnKC/H5FoaXA5OsvialP","f0BIwQ8D5Ml7nTNQbh1YlS","a2MjXRFdtLlYQ5ouAFv/+R","18a9w8qQ1O66SrgiKyStBu","09Ch0JiStCS76UghI8Fwnh","e97GVMl6JHh5Ml5qEDdSGa","29FYIk+N1GYaeWH/q1NxQO","e3vAERvFhCpocF94e/DcbY","6eGe5qd4NEYYcqDwDVwLrd","65mcGua21Byay2B0eTXud3","ff4ar23B1Cy52rga0PXW0O","7620XMkcZHabcHPoT9qxPV"],["node","_spriteFrame","_textureSetter","_parent","position","emptyNode","nickNameLabel","_N$file","root","noRecordNode","haveRecordNode","recordScrollView","_N$target","data","_N$normalSprite","_N$pressedSprite","_N$hoverSprite","_N$disabledSprite","recordItem"],[["cc.Node",["_name","_opacity","_objFlags","_active","_prefab","_contentSize","_parent","_components","_children","_trs","_color","_anchorPoint"],-1,4,5,1,9,2,7,5,5],"cc.SpriteFrame",["cc.Sprite",["_type","_sizeMode","node","_materials","_spriteFrame"],1,1,3,6],["cc.Node",["_name","_active","_parent","_components","_prefab","_contentSize","_trs","_children"],1,1,12,4,5,7,2],["cc.Node",["_name","_active","_parent","_components","_prefab","_contentSize","_trs"],1,1,2,4,5,7],["cc.Widget",["_alignFlags","_originalWidth","_originalHeight","node"],0,1],["cc.PrefabInfo",["fileId","root"],2,1],["cc.Layout",["_resize","_N$layoutType","_N$spacingY","node","_layoutSize"],0,1,5],["cc.Label",["_fontSize","_lineHeight","_N$horizontalAlign","_N$verticalAlign","_enableWrapText","_N$overflow","_string","_isSystemFontUsed","node","_materials"],-5,1,3],["cc.Prefab",["_name"],2],["5b9e00Og1pO163BQ3bCaLMn",["node","recordScrollView","nameNode","totalRecord","recordFonts","haveRecordNode","noRecordNode","recordItem"],3,1,1,2,2,3,1,1,6],["241e6OnjmtPx7JnVqkR1Aog",["node","nickNameLabel","emptyNode","position","positionSpriteFrames"],3,1,1,1,1,3],["cc.Button",["zoomScale","_N$transition","node","_N$normalColor","_N$pressedColor","_N$disabledColor","_N$target","_N$normalSprite","_N$pressedSprite","_N$hoverSprite","_N$disabledSprite"],1,1,5,5,5,1,6,6,6,6],["dc260WzHhJCNbdTPXKK45bp",["node"],3,1],["757f2MG1rFM9rA94jsbuTl3",["node"],3,1],["cc.BlockInputEvents",["node"],3,1],["cc.Mask",["_N$alphaThreshold","node","_materials"],2,1,3],["cc.LabelOutline",["node","_color"],3,1,5],["cc.ScrollView",["horizontal","brake","bounceDuration","_N$horizontalScrollBar","_N$verticalScrollBar","node","_N$content"],-2,1,1]],[[6,0,1,2],[2,2,3,4,1],[0,0,6,7,4,5,2],[2,0,1,2,3,3],[0,0,8,7,4,5,9,2],[3,0,1,2,3,4,5,6,3],[4,0,1,2,3,4,5,6,3],[4,0,2,3,4,5,6,2],[2,2,3,1],[7,0,1,3,4,3],[11,0,1,2,3,4,1],[17,0,1,1],[8,0,1,4,2,3,5,8,9,7],[8,6,0,1,7,2,3,8,9,7],[5,0,1,2,3,4],[0,0,6,7,4,5,9,2],[9,0,2],[0,0,8,7,4,10,5,9,2],[0,0,6,8,7,4,10,5,2],[0,0,6,8,7,4,5,9,2],[0,0,8,4,5,9,2],[0,0,6,8,4,5,9,2],[0,0,1,6,7,4,10,5,3],[0,0,6,8,4,2],[0,0,6,8,7,4,5,2],[0,0,6,7,4,5,11,9,2],[0,0,2,6,7,4,10,5,9,3],[0,0,3,6,8,4,3],[3,0,2,7,3,4,5,6,2],[5,0,3,2],[10,0,1,2,3,4,5,6,7,1],[6,1,1],[2,1,2,3,4,2],[2,0,2,3,4,2],[7,0,1,2,3,4,4],[12,0,1,2,3,4,5,6,7,8,9,10,3],[13,0,1],[14,0,1],[15,0,1],[16,0,1,2,2],[18,0,1,2,3,4,5,6,6]],[[[{"name":"ui_jiesuan_xiajia","rect":[3,954,61,28],"offset":[0,0],"originalSize":[61,28],"rotated":1,"capInsets":[0,0,0,0]}],[1],0,[0],[2],[2]],[[{"name":"ui_yxjl","rect":[123,3,431,124],"offset":[0,0],"originalSize":[431,124],"rotated":1,"capInsets":[0,0,0,0]}],[1],0,[0],[2],[2]],[[{"name":"ui_jiesuan_duijia","rect":[37,954,61,28],"offset":[0,0],"originalSize":[61,28],"rotated":1,"capInsets":[0,0,0,0]}],[1],0,[0],[2],[2]],[[{"name":"ui_jiesuan_shangjia","rect":[71,954,61,28],"offset":[0,0],"originalSize":[61,28],"rotated":1,"capInsets":[0,0,0,0]}],[1],0,[0],[2],[2]],[[[16,"mahjongRecordNode"],[17,"mahjongRecordNode",[-15,-16],[[14,45,1280,720,-2],[30,-14,-13,[-9,-10,-11,-12],[-5,-6,-7,-8],[59,60],-4,-3,58]],[31,-1],[4,2533359615],[5,1280,720],[640,360,0,0,0,0,1,1,1,1]],[4,"nameLayout1",[-23,-24,-25],[[3,1,0,-17,[14]],[9,1,1,-18,[5,58,50]],[10,-22,-21,-20,-19,[15,16,17,18]]],[0,"d2+craYr1OuZ2Yeuod4SZD",1],[5,58,50],[-356.353,0,0,0,0,0,1,1,1,1]],[4,"nameLayout2",[-32,-33,-34],[[3,1,0,-26,[23]],[9,1,1,-27,[5,58,50]],[10,-31,-30,-29,-28,[24,25,26,27]]],[0,"0b9k3dMLtDsqo2meuKVIk8",1],[5,58,50],[-128.094,0,0,0,0,0,1,1,1,1]],[4,"nameLayout3",[-41,-42,-43],[[3,1,0,-35,[32]],[9,1,1,-36,[5,58,50]],[10,-40,-39,-38,-37,[33,34,35,36]]],[0,"c7GGKKNIBDFLfP0bj1zKeC",1],[5,58,50],[107.575,0,0,0,0,0,1,1,1,1]],[4,"nameLayout4",[-50,-51,-52],[[3,1,0,-44,[41]],[9,1,1,-45,[5,58,50]],[10,-49,-48,-47,-46,[42,43,44,45]]],[0,"741/18+TtOx58g+aREUqI7",1],[5,58,50],[344.012,0,0,0,0,0,1,1,1,1]],[18,"bg",1,[-54,-55,-56,-57,-58],[[1,-53,[56],57]],[0,"f359LXTixJ+JYtu6ERFfPL",1],[4,2533359615],[5,1233,648]],[19,"closeBtn",6,[-64],[[35,0.9,3,-61,[4,4293322470],[4,4291348680],[4,3363338360],-60,6,7,8,9],[36,-62],[37,-63]],[0,"dew1KXRgBJYZHhvx0PZpSb",-59],[5,97,67],[456.592,270.81,0,0,0,0,1,1,1,1]],[20,"totalGradeNode",[-65,-66,-67,-68,-69],[0,"23Y5+fodlCkpUrIEfUMtG1",1],[5,942,50],[28.59,-273.67,0,0,0,0,1,1,1,1]],[21,"playerNameNode",6,[2,3,4,5],[0,"e9iZUT6EFO+5b72RFytlWV",1],[5,942,50],[27.663,210.349,0,0,0,0,1,1,1,1]],[22,"mask",180,1,[[32,0,-70,[0],1],[38,-71],[14,45,1280,720,-72]],[0,"33VugRDC1MoqnESW9IzMWt",1],[4,4278190080],[5,1280,720]],[23,"haveRecodNode",6,[-73,8],[0,"83llcBqZlFi7qpYgddNxzd",1]],[28,"recordScrollView",11,[-76],[[[3,1,0,-74,[47]],-75],4,1],[0,"88QeYeapRNB6CwUYCcFGmm",1],[5,942,420],[-7,-28.495,0,0,0,0,1,1,1,1]],[24,"view",12,[-79],[[39,0,-77,[46]],[14,45,240,250,-78]],[0,"00rUZ/Qt1CJL9Rkh08fqOG",1],[5,942,420]],[25,"content",13,[[29,1,-80],[34,1,2,1,-81,[5,960,-1]]],[0,"4clToQCQVHgrKLlgkIX5Ep",1],[5,960,-1],[0,0.5,1],[0,210,0,0,0,0,1,1,1,1]],[26,"Background",512,7,[[33,1,-82,[4],5]],[0,"75euf69IJCqKuqZIltELoA",7],[4,4293322470],[5,97,67],[0,0,0,0,0,0,1,1,1,0]],[2,"empty",2,[[1,-83,[11],12]],[0,"7cFnGuJPhED6BTiQGBg1SK",1],[5,58,28]],[5,"nickNameLabel",false,2,[[-84,[11,-85,[4,4282523172]]],1,4],[0,"65aLGd68xBWYZBUfLHnRPf",1],[5,156.98,29.72],[29,0,0,0,0,0,1,1,1,1]],[2,"empty",3,[[1,-86,[20],21]],[0,"83MScSmCNFWIIkQTvcqO4u",1],[5,58,28]],[5,"nickNameLabel",false,3,[[-87,[11,-88,[4,4282523172]]],1,4],[0,"14sAqj4q5Kv40UO615HpQ4",1],[5,156.98,29.72],[29,0,0,0,0,0,1,1,1,1]],[2,"empty",4,[[1,-89,[29],30]],[0,"9bRnAyqqBOILjWUg/CbcT0",1],[5,58,28]],[5,"nickNameLabel",false,4,[[-90,[11,-91,[4,4282523172]]],1,4],[0,"414OhXG3lKFp8N4S5YpveN",1],[5,156.98,29.72],[29,0,0,0,0,0,1,1,1,1]],[2,"empty",5,[[1,-92,[38],39]],[0,"60Cp/+mbNCyYBgbGXv9yzV",1],[5,58,28]],[5,"nickNameLabel",false,5,[[-93,[11,-94,[4,4282523172]]],1,4],[0,"7fc13y9ZxLz510pG5V8rJs",1],[5,156.98,29.72],[29,0,0,0,0,0,1,1,1,1]],[27,"noRecordNode",false,6,[-95],[0,"feUkEpeWBDXZX34ObnsJop",1]],[15,"title",6,[[1,-96,[2],3]],[0,"0fOcJap0ZOf4Jl8NPqtMO0",1],[5,431,124],[-23.466,259.744,0,0,0,0,1,1,1,1]],[6,"seat",false,2,[-97],[0,"1dZBOZhOJLYogGe4QqQeVL",1],[5,61,28],[-78.49,0,0,0,0,0,1,1,1,1]],[8,26,[10]],[12,18,22,false,1,1,2,17,[13]],[6,"seat",false,3,[-98],[0,"cd9oQ6rgRG4YHPk529Fvly",1],[5,61,28],[-78.49,0,0,0,0,0,1,1,1,1]],[8,29,[19]],[12,18,22,false,1,1,2,19,[22]],[6,"seat",false,4,[-99],[0,"58TzAS9FBBaqTkkLjj692b",1],[5,61,28],[-78.49,0,0,0,0,0,1,1,1,1]],[8,32,[28]],[12,18,22,false,1,1,2,21,[31]],[6,"seat",false,5,[-100],[0,"3cF8pje3lPLLQChyA+cS6W",1],[5,61,28],[-78.49,0,0,0,0,0,1,1,1,1]],[8,35,[37]],[12,18,22,false,1,1,2,23,[40]],[40,false,0.75,0.23,null,null,12,14],[15,"ui_zzj_zi",8,[[1,-101,[48],49]],[0,"0bVyvxsyVFpb+XGKU2nASh",1],[5,92,33],[-479.893,0,0,0,0,0,1,1,1,1]],[7,"gradeLabel1",8,[-102],[0,"2bNf+ODdhDhaEggfuGPvm5",1],[5,22.83,36],[-352.034,0,0,0,0,0,1,1,1,1]],[13,"-",36,36,false,1,1,40,[50]],[7,"gradeLabel2",8,[-103],[0,"b9UG7iAsNOdY3/EySGnO9f",1],[5,22.83,36],[-111.35,0,0,0,0,0,1,1,1,1]],[13,"-",36,36,false,1,1,42,[51]],[7,"gradeLabel3",8,[-104],[0,"97CkWOhwhHKKxqrNk1l9rM",1],[5,22.83,36],[124.231,0,0,0,0,0,1,1,1,1]],[13,"-",36,36,false,1,1,44,[52]],[7,"gradeLabel4",8,[-105],[0,"38DEivEcxDCohhQVzd5ziP",1],[5,22.83,36],[345.226,0,0,0,0,0,1,1,1,1]],[13,"-",36,36,false,1,1,46,[53]],[2,"zj_icon",24,[[1,-106,[54],55]],[0,"777CGjIzNPhLLpf0aVLWLQ",1],[5,309,250]]],0,[0,8,1,0,0,1,0,9,24,0,10,11,0,-1,41,0,-2,43,0,-3,45,0,-4,47,0,-1,2,0,-2,3,0,-3,4,0,-4,5,0,11,38,0,0,1,0,-1,10,0,-2,6,0,0,2,0,0,2,0,4,27,0,5,16,0,6,28,0,0,2,0,-1,26,0,-2,16,0,-3,17,0,0,3,0,0,3,0,4,30,0,5,18,0,6,31,0,0,3,0,-1,29,0,-2,18,0,-3,19,0,0,4,0,0,4,0,4,33,0,5,20,0,6,34,0,0,4,0,-1,32,0,-2,20,0,-3,21,0,0,5,0,0,5,0,4,36,0,5,22,0,6,37,0,0,5,0,-1,35,0,-2,22,0,-3,23,0,0,6,0,-1,25,0,-2,7,0,-3,9,0,-4,11,0,-5,24,0,8,7,0,12,15,0,0,7,0,0,7,0,0,7,0,-1,15,0,-1,39,0,-2,40,0,-3,42,0,-4,44,0,-5,46,0,0,10,0,0,10,0,0,10,0,-1,12,0,0,12,0,-2,38,0,-1,13,0,0,13,0,0,13,0,-1,14,0,0,14,0,0,14,0,0,15,0,0,16,0,-1,28,0,0,17,0,0,18,0,-1,31,0,0,19,0,0,20,0,-1,34,0,0,21,0,0,22,0,-1,37,0,0,23,0,-1,48,0,0,25,0,-1,27,0,-1,30,0,-1,33,0,-1,36,0,0,39,0,-1,41,0,-1,43,0,-1,45,0,-1,47,0,0,48,0,13,1,2,3,9,3,3,9,4,3,9,5,3,9,8,3,11,106],[0,0,0,0,0,0,0,0,0,0,0,0,0,0,0,0,0,0,0,0,0,0,0,0,0,0,0,0,0,0,0,0,0,0,0,0,0,0,0,0,0,0,0,0,0,0,0,0,0,0,0,0,0,0,0,0,0,0,0,0,0,27,30,33,36,41,43,45,47],[-1,1,-1,1,-1,1,14,15,16,17,-1,-1,1,-1,-1,-1,-2,-3,-4,-1,-1,1,-1,-1,-1,-2,-3,-4,-1,-1,1,-1,-1,-1,-2,-3,-4,-1,-1,1,-1,-1,-1,-2,-3,-4,-1,-1,-1,1,-1,-1,-1,-1,-1,1,-1,1,18,-1,-2,1,1,1,1,7,7,7,7],[0,9,0,10,0,11,8,12,8,13,0,0,4,0,0,1,5,6,7,0,0,4,0,0,1,5,6,7,0,0,4,0,0,1,5,6,7,0,0,4,0,0,1,5,6,7,0,0,0,14,0,0,0,0,0,15,0,16,17,18,3,1,1,1,1,3,3,3,3]],[[{"name":"ui_jiesuan_benjia","rect":[105,954,61,28],"offset":[0,0],"originalSize":[61,28],"rotated":1,"capInsets":[0,0,0,0]}],[1],0,[0],[2],[2]],[[{"name":"ui_zi_zzj","rect":[139,440,92,33],"offset":[0,0],"originalSize":[92,33],"capInsets":[0,0,0,0]}],[1],0,[0],[2],[2]]]]