[1,["ecpdLyjvZBwrvm+cedCcQy","58JYFMNW9Fua4C/VHK2KjT","f0BIwQ8D5Ml7nTNQbh1YlS","e97GVMl6JHh5Ml5qEDdSGa","29FYIk+N1GYaeWH/q1NxQO","983TPkR5ZFl7jDNumeapYa","a2MjXRFdtLlYQ5ouAFv/+R","14mlSx54hC1oICmhU+elJC","80DKMkfINNKoteYNvr5PB/","09Ch0JiStCS76UghI8Fwnh","386IhLROJBZ7s1zJTveEYy","adoZP2dGdC+JqIAC+wyfue","47ciom/CBLOYFEDoAXVmjw","2buBBVuudESKGbSKyhQ1Ux","6b82vfLJlNs7+ch3+NnHOU","1ackT/1alGDKyeusqimCV7","a0XIwSofNMKomMBkpDchru","648duVlfpFrYNmF///pf2X","c8XJeDMANBqakyPz11ujWl","63jwYwr1pH7KL5c5rESGzR","91SuELHWhEj7ZTrdHofmx9","3a3jV2d7dIPbFbzxfHCZmC","b1VaX0vuhKc6O/IYXEh0NP","87aw7AgERBrK/oLq/mdRKQ","1dy6fG2n9PDr34hHmlZBih","fetW9xQZJBlYURBZ8R3MZw","57s5nBHpFNxadEeG3Cp/07","3fYiZPT9dOo5n84jLqUd3n"],["node","_spriteFrame","root","_N$target","_N$normalSprite","_N$pressedSprite","_N$hoverSprite","_N$disabledSprite","_parent","_textureSetter","_N$content","mahjongRoomInfo","data"],[["cc.Node",["_name","_objFlags","_opacity","_components","_prefab","_contentSize","_parent","_trs","_children","_color","_anchorPoint"],0,9,4,5,1,7,2,5,5],["cc.Sprite",["_sizeMode","_type","node","_materials","_spriteFrame"],1,1,3,6],["cc.PrefabInfo",["fileId","root"],2,1],["cc.Widget",["_alignFlags","_originalWidth","_originalHeight","node"],0,1],["cc.Button",["zoomScale","_N$transition","node","_N$normalColor","_N$pressedColor","_N$disabledColor","_N$target","_N$normalSprite","_N$pressedSprite","_N$hoverSprite","_N$disabledSprite","clickEvents"],1,1,5,5,5,1,6,6,6,6,9],["cc.Label",["_string","_fontSize","_lineHeight","_N$horizontalAlign","_N$verticalAlign","_enableWrapText","_N$fontFamily","_N$overflow","_N$cacheMode","node","_materials"],-6,1,3],"cc.SpriteFrame",["cc.Prefab",["_name"],2],["cc.Node",["_name","_children","_components","_prefab","_contentSize","_trs"],2,2,12,4,5,7],["cc.Node",["_name","_parent","_components","_prefab","_contentSize","_anchorPoint","_trs"],2,1,2,4,5,5,7],["cc.ScrollView",["_enabled","horizontal","brake","bounceDuration","_N$horizontalScrollBar","_N$verticalScrollBar","node","_N$content"],-3,1,1],["0041a3NLPFPZquz+HyLpp6t",["node","mahjongRoomInfo"],3,1,1],["cc.Layout",["_enabled","_resize","_N$layoutType","_N$spacingY","node","_layoutSize"],-1,1,5],["dc260WzHhJCNbdTPXKK45bp",["node"],3,1],["757f2MG1rFM9rA94jsbuTl3",["node"],3,1],["cc.BlockInputEvents",["node"],3,1],["cc.Mask",["_N$alphaThreshold","node","_materials"],2,1,3],["cc.ClickEvent",["_componentId","handler","customEventData","target"],0,1],["cc.LabelShadow",["_blur","node","_color","_offset"],2,1,5,5],["2197fCZ6uBOrJvko7Ie9JQL",["node","roomNameLabel","personNumLabel","anteLabel","pointLabel","timeLabel","inningsNumLabel","topLabel","flowerLabel","specialPlayLabel","specialTypeLabel","roomSetLabel","lbRoomType","lbPassWord","lbPayType"],3,1,1,1,1,1,1,1,1,1,1,1,1,1,1,1]],[[2,0,1,2],[1,2,3,4,1],[0,0,6,8,3,4,5,7,2],[0,0,6,3,4,5,2],[9,0,1,2,3,4,5,6,2],[5,0,1,2,3,4,9,10,6],[3,0,1,2,3,4],[1,1,2,3,4,2],[13,0,1],[0,0,1,6,8,3,4,5,7,3],[0,0,1,6,3,4,5,7,3],[0,0,6,3,4,5,7,2],[1,0,2,3,4,2],[4,0,1,2,11,3,4,5,6,7,8,9,10,3],[17,0,1,2,3,4],[5,0,1,2,5,3,4,6,7,8,9,10,10],[18,0,1,2,3,2],[7,0,2],[8,0,1,2,3,4,5,2],[0,0,8,3,4,9,5,7,2],[0,0,8,3,4,5,10,7,2],[0,0,6,8,3,4,9,5,2],[0,0,2,6,3,4,9,5,3],[0,0,1,6,8,3,4,5,3],[0,0,6,3,4,9,5,7,2],[0,0,6,8,3,4,5,10,7,2],[10,0,1,2,3,4,5,6,7,7],[2,1,1],[3,0,3,2],[11,0,1,1],[12,0,1,2,3,4,5,5],[1,1,0,2,3,4,3],[4,0,1,2,3,4,5,6,7,8,9,10,3],[14,0,1],[15,0,1],[16,0,1,2,2],[19,0,1,2,3,4,5,6,7,8,9,10,11,12,13,14,1]],[[[{"name":"cf_bg1","rect":[0,0,1148,614],"offset":[0,0],"originalSize":[1148,614],"capInsets":[0,0,0,0]}],[6],0,[0],[9],[5]],[[[17,"mahjongRoomInfo"],[18,"infoScrollView",[-5],[[[26,false,false,0.75,0.23,null,null,-3,-2],-4],4,1],[0,"09qFd/17BPW7rEWhLBB+08",-1],[5,1032,500],[0,-373,0,0,0,0,1,1,1,1]],[19,"mahjongRoomInfo",[-10,-11,-12],[[6,45,1280,720,-7],[29,-9,-8]],[27,-6],[4,2533359615],[5,1280,720],[640,360,0,0,0,0,1,1,1,1]],[20,"content",[-15,-16,-17,-18,-19,-20,-21,-22,-23,-24,-25,-26,-27,-28],[[28,1,-13],[30,false,1,2,15,-14,[5,1032,516]]],[0,"ddiys3AKBOvp1KNddVnoqP",1],[5,1032,516],[0,0.5,1],[0,250,0,0,0,0,1,1,1,1]],[21,"bg",2,[-30,-31,-32,-33,-34],[[12,0,-29,[99],100]],[0,"f359LXTixJ+JYtu6ERFfPL",2],[4,2533359615],[5,1148,650]],[2,"closeBtn",4,[-40],[[32,0.9,3,-37,[4,4293322470],[4,4291348680],[4,3363338360],-36,8,9,10,11],[8,-38],[33,-39]],[0,"dew1KXRgBJYZHhvx0PZpSb",-35],[5,97,67],[414.448,270.873,0,0,0,0,1,1,1,1]],[22,"mask",180,2,[[12,0,-41,[0],1],[34,-42],[6,45,1280,720,-43]],[0,"33VugRDC1MoqnESW9IzMWt",2],[4,4278190080],[5,1280,720]],[23,"view",512,1,[3],[[35,0,-44,[82]],[6,45,240,250,-45]],[0,"d63vzE70FJiZDYow3p0EyC",1],[5,1032,500]],[2,"roomName",3,[-47,-48],[[1,-46,[15],16]],[0,"41SXYscipCyqvtZd8nTR0O",1],[5,217,44],[-303,-22,0,0,0,0,1,1,1,1]],[2,"spPassWordType",3,[-50,-51],[[1,-49,[20],21]],[0,"60zhIpn/hLrpbune0R5sp3",1],[5,217,44],[148,-21.306,0,0,0,0,1,1,1,1]],[2,"anteName",3,[-53,-54],[[1,-52,[25],26]],[0,"0dYRv+yW9FmI3vcbGOhwQl",1],[5,217,44],[-303.061,-81,0,0,0,0,1,1,1,1]],[2,"taiName",3,[-56,-57],[[1,-55,[30],31]],[0,"c7Bt3hfTtNurov1+7P/6np",1],[5,217,44],[148,-81,0,0,0,0,1,1,1,1]],[2,"timeName",3,[-59,-60],[[1,-58,[35],36]],[0,"3autKc4GVAzJDQA8NJu4ZA",1],[5,217,44],[-303.061,-140,0,0,0,0,1,1,1,1]],[2,"inningsName",3,[-62,-63],[[1,-61,[40],41]],[0,"5b74CW9tZEpoUp7d9bBgVd",1],[5,217,44],[147.939,-140,0,0,0,0,1,1,1,1]],[2,"topName",3,[-65,-66],[[1,-64,[45],46]],[0,"b6F52NaotO8YjSmUj/mhtV",1],[5,217,44],[-303,-199,0,0,0,0,1,1,1,1]],[2,"flowersName",3,[-68,-69],[[1,-67,[50],51]],[0,"ffNqFI/vhDTolxdOaGH2Dd",1],[5,217,44],[148,-199,0,0,0,0,1,1,1,1]],[2,"personNumName",3,[-71,-72],[[1,-70,[55],56]],[0,"ffeTgVy51PkJWDjvpn6OKt",1],[5,217,44],[-303,-258,0,0,0,0,1,1,1,1]],[2,"roomSetName",3,[-74,-75],[[1,-73,[60],61]],[0,"bb35KiE3xNGYzd5OY8DPZY",1],[5,217,44],[148,-258,0,0,0,0,1,1,1,1]],[2,"specialPlayName",3,[-77,-78],[[1,-76,[65],66]],[0,"500KFhv2JDoLDgmEnj7goW",1],[5,217,44],[-303.061,-317,0,0,0,0,1,1,1,1]],[2,"specialTypeName",3,[-80,-81],[[1,-79,[70],71]],[0,"fe6jb+m31PkJ6BkSrRt3+h",1],[5,217,44],[-303.061,-376,0,0,0,0,1,1,1,1]],[2,"spCreateRoomType",3,[-83,-84],[[1,-82,[75],76]],[0,"4eigODy5ZFPq92aIb3YvD8",1],[5,217,44],[-303.061,-435,0,0,0,0,1,1,1,1]],[2,"spPayType",3,[-86,-87],[[1,-85,[80],81]],[0,"c9qg5RqcdEY4TH/Y+MlzAD",1],[5,217,44],[148,-435,0,0,0,0,1,1,1,1]],[2,"cancleButton",4,[-91],[[13,0.9,3,-89,[[14,"0041a3NLPFPZquz+HyLpp6t","btnClicked","cancle",2]],[4,4293322470],[4,4291348680],[4,3363338360],-88,88,89,90,91],[8,-90]],[0,"69VXyZGulBC4mIQvhIRBUJ",2],[5,213,77],[-177,-265,0,0,0,0,1,1,1,1]],[9,"Background",512,22,[-93],[[7,1,-92,[86],87]],[0,"ef/69Sdk9FJrn6LfLAWvdG",2],[5,213,77],[0,0,0,0,0,0,1,1,1,0]],[2,"sureButton",4,[-97],[[13,0.9,3,-95,[[14,"0041a3NLPFPZquz+HyLpp6t","btnClicked","sure",2]],[4,4293322470],[4,4291348680],[4,3363338360],-94,95,96,97,98],[8,-96]],[0,"aaHl3Bp+JLybrfaicpfhku",2],[5,213,77],[187,-265,0,0,0,0,1,1,1,1]],[9,"Background",512,24,[-99],[[7,1,-98,[93],94]],[0,"73z8SyPixNEa8Iu66vi5RY",2],[5,213,77],[0,0,0,0,0,0,1,1,1,0]],[24,"Background",5,[[7,1,-100,[6],7]],[0,"75euf69IJCqKuqZIltELoA",5],[4,4293322470],[5,97,67],[0,0,0,0,0,0,1,1,1,0]],[25,"contentBg",4,[1],[[31,1,0,-101,[83],84]],[0,"1dWv4AF3RGjKSvVmOgnAp8",2],[5,1280,700],[0,0.5,1],[0,360.321,0,0,0,0,1,1,1,1]],[10,"Label",512,23,[[15,"取  消",37,37,false,1,1,"黑体",1,1,-102,[85]],[16,0,-103,[4,2013265920],[0,-2,-2]]],[0,"a3ZhQg52xDiIvbidRjIXrC",2],[5,150,40],[0,2,0,0,0,0,1,1,1,1]],[10,"Label",512,25,[[15,"確定加入",37,37,false,1,1,"黑体",1,1,-104,[92]],[16,0,-105,[4,2013265920],[0,-2,-2]]],[0,"67iEMoueJJHJrkWTIQrB0r",2],[5,150,40],[0,2,0,0,0,0,1,1,1,1]],[11,"ui_zhuangshi1",2,[[1,-106,[2],3]],[0,"bdtLIMj0dOFKI7FHcfBDPa",2],[5,1280,543],[0,88.066,0,0,0,0,1,1,1,1]],[11,"title",4,[[1,-107,[4],5]],[0,"75o4PW4G5Cbot/+MttXjTb",2],[5,227,73],[0,274.936,0,0,0,0,1,0.8,0.8,0.8]],[3,"name",8,[[1,-108,[12],13]],[0,"3bOi8Q7zJCWprYzMs3aO6/",1],[5,151,43]],[4,"roomNameLabel",8,[-109],[0,"5a8SpYrCdIH75jvpiM710D",1],[5,196,35.28],[0,0,0.5],[104.769,0,0,0,0,0,1,1,1,1]],[5,"快來打麻將吧！",28,28,1,1,33,[14]],[3,"name",9,[[1,-110,[17],18]],[0,"70LXDdwu1KdZ6+5O9lB1rf",1],[5,151,40]],[4,"lbPassWordType",9,[-111],[0,"ba3vP92fNLfbU4mzaLONOn",1],[5,77.86,35.28],[0,0,0.5],[104.769,-1.305,0,0,0,0,1,1,1,1]],[5,"12222",28,28,1,1,36,[19]],[3,"name",10,[[1,-112,[22],23]],[0,"24PknMy+JAqru64/PTEfkz",1],[5,154,42]],[4,"anteLabel",10,[-113],[0,"9928IzUR9JRbc4Q5T9WWhU",1],[5,62.29,35.28],[0,0,0.5],[104.769,0,0,0,0,0,1,1,1,1]],[5,"5500",28,28,1,1,39,[24]],[3,"name",11,[[1,-114,[27],28]],[0,"ed/hfrrxFCIbfMWTn104z1",1],[5,150,40]],[4,"taiLabel",11,[-115],[0,"95ooieNQZPLo2viE9/UEeW",1],[5,62.29,35.28],[0,0,0.5],[104.769,0,0,0,0,0,1,1,1,1]],[5,"5500",28,28,1,1,42,[29]],[3,"name",12,[[1,-116,[32],33]],[0,"63loamFxFLjJTs5sDp/XdY",1],[5,145,43]],[4,"timeLabel",12,[-117],[0,"83jzUD+U9Pm7OZ1/xcJVwR",1],[5,62.29,35.28],[0,0,0.5],[104.769,0,0,0,0,0,1,1,1,1]],[5,"5500",28,28,1,1,45,[34]],[3,"name",13,[[1,-118,[37],38]],[0,"1clhdKEyVInIzYqLeUoJe+",1],[5,152,40]],[4,"inningsLabel",13,[-119],[0,"b3p8UjOaZOf6dtSEn5or9x",1],[5,62.29,35.28],[0,0,0.5],[104.769,0,0,0,0,0,1,1,1,1]],[5,"5500",28,28,1,1,48,[39]],[3,"name",14,[[1,-120,[42],43]],[0,"36GOh3zFdJj6E+mE4ai+EV",1],[5,147,40]],[4,"topLabel",14,[-121],[0,"56MM90geZFi4XCUt5a069A",1],[5,62.29,35.28],[0,0,0.5],[104.769,0,0,0,0,0,1,1,1,1]],[5,"5500",28,28,1,1,51,[44]],[3,"name",15,[[1,-122,[47],48]],[0,"4a448qHuBFCZa+yTKHEsPi",1],[5,151,42]],[4,"flowersLabel",15,[-123],[0,"295avd199I26kWlArHG/6G",1],[5,62.29,35.28],[0,0,0.5],[104.769,0,0,0,0,0,1,1,1,1]],[5,"5500",28,28,1,1,54,[49]],[3,"name",16,[[1,-124,[52],53]],[0,"32vWcjTlFPJoYVFGRt+v/p",1],[5,156,40]],[4,"personNumLabel",16,[-125],[0,"6ahhx1O31HFKO/jVtSJlE+",1],[5,43.57,35.28],[0,0,0.5],[104.769,0,0,0,0,0,1,1,1,1]],[5,"2人",28,28,1,1,57,[54]],[3,"name",17,[[1,-126,[57],58]],[0,"cb6/sQoqJKHLmUX0HI+uxr",1],[5,149,43]],[4,"roomSetLabel",17,[-127],[0,"f8IUPdgd1G9aDtPzj67jv+",1],[5,43.57,35.28],[0,0,0.5],[104.769,0,0,0,0,0,1,1,1,1]],[5,"2人",28,28,1,1,60,[59]],[3,"name",18,[[1,-128,[62],63]],[0,"4fHTgduHVJ+Lzqm4cNuxYL",1],[5,152,42]],[4,"specialPlayLabel",18,[-129],[0,"40l4Bb1/RD/6tkgkng5XxI",1],[5,56,35.28],[0,0,0.5],[104.769,0,0,0,0,0,1,1,1,1]],[5,"暫無",28,28,1,1,63,[64]],[3,"name",19,[[1,-130,[67],68]],[0,"b5Th9EIcdP/pJhCau+MGT7",1],[5,150,43]],[4,"specialTypeLabel",19,[-131],[0,"10e2LpkttF45op55MMcu+t",1],[5,56,35.28],[0,0,0.5],[104.769,-1.305,0,0,0,0,1,1,1,1]],[5,"暫無",28,28,1,1,66,[69]],[3,"name",20,[[1,-132,[72],73]],[0,"f1WLAox3dEGKXNvUxSNawT",1],[5,151,43]],[4,"lbCreateRoomType",20,[-133],[0,"997f3vmmFIFr/HAg+IyJxS",1],[5,56,35.28],[0,0,0.5],[104.769,-1.305,0,0,0,0,1,1,1,1]],[5,"暫無",28,28,1,1,69,[74]],[3,"name",21,[[1,-134,[77],78]],[0,"0aV18VwsdHLKJfnw8m4YAr",1],[5,150,42]],[4,"lbPayType",21,[-135],[0,"3fYh3SQtVI57ZGD7JlVQPY",1],[5,93.35,35.28],[0,0,0.5],[104.769,-1.305,0,0,0,0,1,1,1,1]],[5,"AA支付",28,28,1,1,72,[79]],[36,1,34,58,40,43,46,49,52,55,64,67,61,70,37,73]],0,[0,2,1,0,10,3,0,0,1,0,-2,74,0,-1,7,0,2,2,0,0,2,0,11,74,0,0,2,0,-1,6,0,-2,30,0,-3,4,0,0,3,0,0,3,0,-1,8,0,-2,9,0,-3,10,0,-4,11,0,-5,12,0,-6,13,0,-7,14,0,-8,15,0,-9,16,0,-10,17,0,-11,18,0,-12,19,0,-13,20,0,-14,21,0,0,4,0,-1,31,0,-2,5,0,-3,27,0,-4,22,0,-5,24,0,2,5,0,3,26,0,0,5,0,0,5,0,0,5,0,-1,26,0,0,6,0,0,6,0,0,6,0,0,7,0,0,7,0,0,8,0,-1,32,0,-2,33,0,0,9,0,-1,35,0,-2,36,0,0,10,0,-1,38,0,-2,39,0,0,11,0,-1,41,0,-2,42,0,0,12,0,-1,44,0,-2,45,0,0,13,0,-1,47,0,-2,48,0,0,14,0,-1,50,0,-2,51,0,0,15,0,-1,53,0,-2,54,0,0,16,0,-1,56,0,-2,57,0,0,17,0,-1,59,0,-2,60,0,0,18,0,-1,62,0,-2,63,0,0,19,0,-1,65,0,-2,66,0,0,20,0,-1,68,0,-2,69,0,0,21,0,-1,71,0,-2,72,0,3,23,0,0,22,0,0,22,0,-1,23,0,0,23,0,-1,28,0,3,25,0,0,24,0,0,24,0,-1,25,0,0,25,0,-1,29,0,0,26,0,0,27,0,0,28,0,0,28,0,0,29,0,0,29,0,0,30,0,0,31,0,0,32,0,-1,34,0,0,35,0,-1,37,0,0,38,0,-1,40,0,0,41,0,-1,43,0,0,44,0,-1,46,0,0,47,0,-1,49,0,0,50,0,-1,52,0,0,53,0,-1,55,0,0,56,0,-1,58,0,0,59,0,-1,61,0,0,62,0,-1,64,0,0,65,0,-1,67,0,0,68,0,-1,70,0,0,71,0,-1,73,0,12,2,1,8,27,3,8,7,135],[0,0,0,0,0,0,0,0,0,0,0,0,0,0,0,0,0,0,0,0,0,0,0,0,0,0,0,0,0,0,0,0,0,0,0,0,0,0,0,0,0,0,0,0,0,0,0,0,0,0,0,0,0,0,0,0,0,0,0,0,0,0,0,0,0,0,0,0,0,0,0,0,0,0,0,0,0,0,0,0,0,0,0,0,0,0,0,0,0,0,0,0,0,0,0,0,0,0,0,0,0],[-1,1,-1,1,-1,1,-1,1,4,5,6,7,-1,1,-1,-1,1,-1,1,-1,-1,1,-1,1,-1,-1,1,-1,1,-1,-1,1,-1,1,-1,-1,1,-1,1,-1,-1,1,-1,1,-1,-1,1,-1,1,-1,-1,1,-1,1,-1,-1,1,-1,1,-1,-1,1,-1,1,-1,-1,1,-1,1,-1,-1,1,-1,1,-1,-1,1,-1,1,-1,-1,1,-1,-1,1,-1,-1,1,4,5,6,7,-1,-1,1,4,5,6,7,-1,1],[0,6,0,7,0,8,0,9,2,3,2,4,0,10,0,0,1,0,11,0,0,1,0,12,0,0,1,0,13,0,0,1,0,14,0,0,1,0,15,0,0,1,0,16,0,0,1,0,17,0,0,1,0,18,0,0,1,0,19,0,0,1,0,20,0,0,1,0,21,0,0,1,0,22,0,0,1,0,23,0,0,1,0,0,24,0,0,25,2,3,2,4,0,0,26,2,3,2,4,0,27]]]]