[1,["171b358a6","ecpdLyjvZBwrvm+cedCcQy","bbzPZrUsJI/7zD5MsqkEd+","01lGwstQlEMa7CUrNAjwC7","73yB8rD5JFeY+p7sCR7k8e","bamkzL4G9O/asRQRMDngPI","72dJr7IXpGCYzMzbBMkJOA","6bEd+Qqt9FBoOkQcLKxRWE","c9vlmPwfxB1J154+fDveGE","f6WFMNwzBPrZaCh3Ih1xjW","2b+99pOnlDLozmlPBumYoN"],["_textureSetter","node","_spriteFrame","root","spPushCardTip","data"],["cc.SpriteFrame",["cc.Sprite",["node","_materials","_spriteFrame"],3,1,3,6],["cc.PrefabInfo",["fileId","root"],2,1],["cc.Prefab",["_name"],2],["cc.Node",["_name","_children","_components","_prefab","_contentSize"],2,2,9,4,5],["cc.Node",["_name","_parent","_components","_prefab","_contentSize","_trs"],2,1,2,4,5,7],["0d76a1NRbZL8IRkRkPHWpCy",["node","spPushCardTip","spPushCardTipsFrame"],3,1,1,3]],[[3,0,2],[4,0,1,2,3,4,2],[5,0,1,2,3,4,5,2],[1,0,1,2,1],[1,0,1,1],[6,0,1,2,1],[2,1,1],[2,0,1,2]],[[[{"name":"tsk_01","rect":[3,3,792,57],"offset":[0,0],"originalSize":[792,57],"rotated":1,"capInsets":[0,0,0,0]}],[0],0,[0],[0],[0]],[[{"name":"tswz_08","rect":[154,3,332,38],"offset":[0,0],"originalSize":[332,38],"rotated":1,"capInsets":[0,0,0,0]}],[0],0,[0],[0],[0]],[[{"name":"tswz_05","rect":[110,371,267,38],"offset":[0,0],"originalSize":[267,38],"rotated":1,"capInsets":[0,0,0,0]}],[0],0,[0],[0],[0]],[[{"name":"tswz_04","rect":[66,679,329,38],"offset":[0,0],"originalSize":[329,38],"rotated":1,"capInsets":[0,0,0,0]}],[0],0,[0],[0],[0]],[[{"name":"tswz_02","rect":[110,644,282,37],"offset":[0,0],"originalSize":[282,37],"rotated":1,"capInsets":[0,0,0,0]}],[0],0,[0],[0],[0]],[[{"name":"tswz_03","rect":[66,371,267,38],"offset":[0,0],"originalSize":[267,38],"rotated":1,"capInsets":[0,0,0,0]}],[0],0,[0],[0],[0]],[[{"name":"tswz_01","rect":[66,3,362,38],"offset":[0,0],"originalSize":[362,38],"rotated":1,"capInsets":[0,0,0,0]}],[0],0,[0],[0],[0]],[[{"name":"tswz_06","rect":[110,3,362,38],"offset":[0,0],"originalSize":[362,38],"rotated":1,"capInsets":[0,0,0,0]}],[0],0,[0],[0],[0]],[[[0,"nodePushCardTips"],[1,"nodePushCardTips",[-5],[[3,-2,[1],2],[5,-4,-3,[3,4,5,6,7,8,9,10]]],[6,-1],[5,792,57]],[2,"pushTips",1,[-6],[7,"6ar3e0HC5Hk6p8MUVOjM5K",1],[5,362,38],[0,5,0,0,0,0,1,1,1,1]],[4,2,[0]]],0,[0,3,1,0,1,1,0,4,3,0,1,1,0,-1,2,0,-1,3,0,5,1,6],[0,0,0,0,0,0,0,0,0,0,0,3],[-1,-1,2,-1,-2,-3,-4,-5,-6,-7,-8,2],[1,1,3,2,4,5,6,7,8,9,10,2]],[[{"name":"tswz_07","rect":[154,341,332,38],"offset":[0,0],"originalSize":[332,38],"rotated":1,"capInsets":[0,0,0,0]}],[0],0,[0],[0],[0]]]]