[1,["ecpdLyjvZBwrvm+cedCcQy","189ea2649","a1WJOLJZlMf49je+ZSkLbY","1dacf222d","f0BIwQ8D5Ml7nTNQbh1YlS","7a/QZLET9IDreTiBfRn2PD","e97GVMl6JHh5Ml5qEDdSGa","29FYIk+N1GYaeWH/q1NxQO","c7BLpbrt1MaaHoz28Fhdi/","0fcLCJk1dCjpW27ZVHQ3Fh","29pVTaDrpJ+IiUjqgwg/v5","3eHtknNpBE/JmPM3iNF0Ce","5aoLQB1dxIhaZaNl2C5e0x","1a488ece3","adHwRXqK9MXr/U6a2aXi5q","16045f9eb","5fcFOvV8BGDokmZbl/s+mx","1aIEkHjpBHdag16WiGMs66","51BozZbqhGW4NVIq/ootEh","e9Qe9YLFlNGr0z4wBDhgXH","94SjtlWOBFKIuFBFL7jwpS","57wlGDHvtCPKY8mfd3C2uc","6d0yiWC41Lt4Nqd8h1Ifzz","06outIBDJOFLVXZCSrTZ0S","0csxjplGdG8YlAnCbycH+R","15S697sjBMLYjlZ6CntBd7","21xkRgaINElbaARYSqitUo","2dfbh3LYNDk5r8JMbUE0Rd","4a8kE6BnxMfaERk14mPbWD","f2Wppyz/BF744hGfpWvp9i","0bHWwaH85Ap6MULcT/opam","3fwJeqyNhBrJnLMIC3SRWJ","17W9LW+7BENLzclxBg/TQu","e2HtaEhdxAQpBi/PHya4k6","57srEeXB5HW7QjYH0da6fM","16gxBZx1BFTJ0sTKADqZ5g","38NBseyl1DjrVM9HftyRDy","44YsSMEA5L8LiW+3CZFfOl","33r5mHk2JAdKIChZFdgb6P","76TBnHgP9H+IOCCCY1ZdXe","deVKUY9+RCUrHVgsJcnaeC","82gZpEN9xHNIfZeK6SdkHV","09vpvpJ4lBAIm2YWgD2jFk","33LXfLonlEabgRxWJltOSp","22XujeXRxBA6OLVM4sgbZP","c0SqvRTeBBJrnFKsPypjor","80Z27GFmtPIIE6Vxw73KTn","077lPWA9tAsIRnwQtSwzO4","b1oTsvCv9BVLQXMQdvwkUQ"],["node","_spriteFrame","_textureSetter","_parent","_N$normalSprite","_N$pressedSprite","_N$hoverSprite","_N$disabledSprite","_N$skeletonData","root","checkMark","_N$target","_normalMaterial","nodeFree","nodeTopBox","guideBtn","guideAniNode","nodeMarquee","nodeAceSdkMsg","nodeStore","moneyLabel","roomTypeToggleContainer","rightBtn","leftBtn","pageLabel","generationScrollView","haveDataNode","noDataNode","waitSprite","waitPanel","tipLayout","tipPanel","maskNode","msgLabel","scene","generationItem","_defaultClip","tipPrefab","createRoomPrefab","joinRoomPrefab","_N$file"],[["cc.Node",["_name","_active","_id","_objFlags","_contentSize","_components","_parent","_trs","_children","_prefab","_anchorPoint","_color"],-1,5,9,1,7,2,4,5,5],"cc.SpriteFrame",["cc.Sprite",["_sizeMode","_type","_isTrimmedMode","node","_materials","_spriteFrame"],0,1,3,6],["cc.Node",["_name","_active","_objFlags","_parent","_components","_contentSize","_trs","_prefab","_anchorPoint","_children","_color"],0,1,2,5,7,4,5,2,5],["cc.Widget",["_alignFlags","_originalWidth","_originalHeight","_left","_right","_top","node"],-3,1],["cc.Button",["zoomScale","_N$transition","_N$enableAutoGrayEffect","node","clickEvents","_N$normalColor","_N$pressedColor","_N$disabledColor","_N$normalSprite","_N$pressedSprite","_N$hoverSprite","_N$disabledSprite","_N$target"],0,1,9,5,5,5,6,6,6,6,1],["cc.Label",["_string","_fontSize","_N$horizontalAlign","_N$verticalAlign","_lineHeight","_isSystemFontUsed","_spacingX","_styleFlags","_N$overflow","_N$fontFamily","node","_materials"],-7,1,3],["cc.PrefabInfo",["fileId","root"],2,1],["cc.Layout",["_resize","_N$layoutType","_N$spacingY","node","_layoutSize"],0,1,5],["cc.Toggle",["_N$isChecked","node","_N$normalColor","_N$target","checkMark","checkEvents"],2,1,5,1,1,9],["cc.ClickEvent",["_componentId","handler","customEventData","target"],0,1],["cc.Mask",["_N$alphaThreshold","node","_materials"],2,1,3],["cc.SceneAsset",["_name","asyncLoadAssets"],1],["cc.Node",["_name","_parent","_children","_components","_contentSize","_trs"],2,1,2,12,5,7],["cc.Canvas",["_fitWidth","node","_designResolution"],2,1,5],["ef784NjsoFCiKap8gnrNL4N",["node"],3,1],["bbfa4PiPitABpJkY9MSTIra",["node","moneyLabel","nodeStore","nodeAceSdkMsg","nodeMarquee","guideAniNode","guideBtn","nodeTopBox","nodeFree","createRoomPrefab","joinRoomPrefab"],3,1,1,1,1,1,1,1,1,1,6,6],["bfbcbtza2BHf5SpOpX+tz9Z",["node","noDataNode","haveDataNode","generationScrollView","pageLabel","leftBtn","rightBtn","roomTypeToggleContainer","generationItem"],3,1,1,1,1,1,1,1,1,6],["e8d5aLY4mhK/oLba9d25148",["node","tipPanel","tipLayout","waitPanel","waitSprite","tipPrefab"],3,1,1,1,1,1,6],["52f76QDBMRLtrOQ6Ebqaive",["node","msgLabel","maskNode"],3,1,1,1],["sp.Skeleton",["defaultSkin","defaultAnimation","_preCacheMode","_animationName","node","_materials","_N$skeletonData"],-1,1,3,6],["cc.BlockInputEvents",["node"],3,1],["dc260WzHhJCNbdTPXKK45bp",["node"],3,1],["cc.Animation",["node","_clips","_defaultClip"],3,1,3,6],["cc.Scene",["_name","_active","autoReleaseAssets","_children","_anchorPoint","_trs"],0,2,5,7],["cc.Camera",["_clearFlags","_depth","node"],1,1],["cc.ToggleContainer",["node"],3,1],["cc.ScrollView",["horizontal","brake","bounceDuration","_N$horizontalScrollBar","_N$verticalScrollBar","node","_N$content"],-2,1,1]],[[0,0,6,5,4,7,2],[2,3,4,5,1],[7,0,1,2],[10,0,1,2,3,4],[2,1,0,3,4,5,3],[4,0,6,2],[22,0,1],[0,0,6,8,5,4,7,2],[0,0,6,5,9,4,7,2],[0,0,6,8,5,9,4,7,2],[3,0,3,9,4,5,6,2],[4,0,1,2,6,4],[20,0,1,2,3,4,5,6,5],[5,3,4,1],[0,0,6,8,5,9,4,2],[0,0,1,6,8,5,4,7,3],[0,0,6,5,4,2],[0,0,3,6,5,4,7,3],[2,1,0,3,4,3],[2,1,3,4,5,2],[2,0,2,3,4,5,3],[2,0,2,3,4,3],[7,1,1],[8,0,1,2,3,4,4],[5,0,1,3,4,5,6,7,8,9,10,11,3],[5,0,2,1,3,4,5,6,7,12,4],[12,0,1,3],[0,0,8,5,9,4,7,2],[0,0,2,8,5,4,7,3],[0,0,8,5,11,4,10,7,2],[0,0,6,8,5,4,2],[0,0,1,6,8,4,7,3],[0,0,5,9,4,10,2],[0,0,1,6,8,5,9,4,3],[0,0,6,8,4,7,2],[0,0,8,5,4,2],[0,0,6,5,4,10,7,2],[0,0,1,6,5,4,7,3],[0,0,6,5,9,4,2],[0,0,1,6,5,9,4,7,3],[0,0,6,4,7,2],[0,0,6,4,2],[13,0,1,2,3,4,5,2],[3,0,3,4,7,5,8,6,2],[3,0,1,3,4,7,5,8,3],[3,0,3,4,5,6,2],[3,0,2,1,3,4,5,6,4],[3,0,3,4,10,5,6,2],[2,0,3,4,5,2],[2,0,3,4,2],[4,0,3,4,1,6,5],[4,0,5,6,3],[14,0,1,2,2],[15,0,1],[16,0,1,2,3,4,5,6,7,8,9,10,1],[17,0,1,2,3,4,5,6,7,8,1],[18,0,1,2,3,4,5,1],[19,0,1,2,1],[8,0,1,3,4,3],[9,1,2,3,4,5,1],[9,0,1,2,3,4,5,2],[10,0,1,3,3],[5,0,1,3,4,3],[21,0,1],[11,1,2,1],[11,0,1,2,2],[23,0,1,2,1],[24,0,1,2,3,4,5,4],[25,0,1,2,3],[6,0,1,4,5,6,7,2,3,10,11,9],[6,0,1,4,2,3,10,11,6],[6,0,1,2,3,8,10,11,6],[6,0,1,4,2,3,9,10,11,7],[26,0,1],[27,0,1,2,3,4,5,6,6]],[[[{"name":"ui_shang1","rect":[0,0,1280,66],"offset":[0,0],"originalSize":[1280,66],"capInsets":[0,0,0,0]}],[1],0,[0],[2],[11]],[[{"name":"ui_srpz1","rect":[3,687,292,105],"offset":[0,-1.5],"originalSize":[292,108],"rotated":1,"capInsets":[0,0,0,0]}],[1],0,[0],[2],[1]],[[{"name":"ui_srpz2","rect":[160,283,238,59],"offset":[-2,-21.5],"originalSize":[292,108],"rotated":1,"capInsets":[0,0,0,0]}],[1],0,[0],[2],[1]],[[{"name":"btn_cjfj_","rect":[3,141,191,65],"offset":[0,0],"originalSize":[191,65],"capInsets":[0,0,0,0]}],[1],0,[0],[2],[1]],[[{"name":"xianshimianfei","rect":[3,71,183,64],"offset":[5,3],"originalSize":[193,70],"capInsets":[0,0,0,0]}],[1],0,[0],[2],[1]],[[{"name":"ui_renshu","rect":[289,971,56,31],"offset":[0,0],"originalSize":[56,31],"capInsets":[0,0,0,0]}],[1],0,[0],[2],[3]],[[{"name":"ui_fanghao","rect":[3,848,121,32],"offset":[0,0],"originalSize":[121,32],"capInsets":[0,0,0,0]}],[1],0,[0],[2],[3]],[[{"name":"btn_jrfj","rect":[3,212,195,65],"offset":[0,0],"originalSize":[195,65],"capInsets":[0,0,0,0]}],[1],0,[0],[2],[1]],[[{"name":"ui_kuang2","rect":[0,0,879,518],"offset":[0,0],"originalSize":[879,518],"capInsets":[0,0,0,0]}],[1],0,[0],[2],[12]],[[{"name":"ui_tupian","rect":[101,318,110,85],"offset":[0,0.5],"originalSize":[110,86],"capInsets":[0,0,0,0]}],[1],0,[0],[2],[13]],[[{"name":"ui_dkfjlb","rect":[3,759,339,83],"offset":[0,0],"originalSize":[339,83],"capInsets":[0,0,0,0]}],[1],0,[0],[2],[3]],[[{"name":"ui_ditai","rect":[106,953,66,33],"offset":[0,0],"originalSize":[66,33],"rotated":1,"capInsets":[0,0,0,0]}],[1],0,[0],[2],[3]],[[{"name":"ui_kuang1","rect":[68,437,244,51],"offset":[0,0],"originalSize":[244,51],"rotated":1,"capInsets":[0,0,0,0]}],[1],0,[0],[2],[1]],[[{"name":"beijing_1","rect":[0,0,1280,720],"offset":[0,0],"originalSize":[1280,720],"capInsets":[0,0,0,0]}],[1],0,[0],[2],[14]],[[{"name":"btn_xsjx","rect":[3,3,242,103],"offset":[0,-0.5],"originalSize":[242,104],"rotated":1,"capInsets":[0,0,0,0]}],[1],0,[0],[2],[15]],[[{"name":"ui_gkpz1","rect":[114,687,292,105],"offset":[0,-1.5],"originalSize":[292,108],"rotated":1,"capInsets":[0,0,0,0]}],[1],0,[0],[2],[1]],[[[26,"mahjongRoomScene",null],[27,"topBox",[-4,-5,-6,-7],[[1,-2,[26],27],[5,1,-3]],[22,-1],[5,1280,66],[0,327,0,0,0,0,1,1,1,1]],[28,"Canvas","a5esZu+45LA5mBpvttspPD",[-20,-21,-22,-23,-24],[[52,true,-8,[5,1280,720]],[5,45,-9],[53,-10],[54,-19,-18,-17,-16,-15,-14,-13,-12,-11,81,82]],[5,1280,720],[640,360,0,0,0,0,1,1,1,1]],[29,"agentNode",[-34,-35,-36,-37],[[1,-25,[66],67],[55,-33,-32,-31,-30,-29,-28,-27,-26,68]],[4,2533359615],[5,879,518],[0,0.5,0.53],[-200.629,-50,0,0,0,0,1,1,1,1]],[14,"tipBox",2,[-45,-46],[[11,45,1280,720,-39],[56,-44,-43,-42,-41,-40,80]],[22,-38],[5,1280,720]],[30,"bg",2,[1,-48,-49,-50,3,-51,-52,-53],[[48,0,-47,[75],76]],[5,1280,720]],[31,"haveDataNode",false,3,[-54,-55,-56,-57,-58,-59,-60,-61],[5,760,396],[-5.704,-22,0,0,0,0,1,1,1,1]],[9,"coin_bg",1,[-63,-64,-65],[[4,1,0,-62,[19],20]],[2,"e6bU1jVvBFeYCQqFhWaRs1",1],[5,300,42],[-390.799,-2.475,0,0,0,0,1,1,1,1]],[9,"marqueeNode",1,[-70,-71],[[18,1,0,-66,[25]],[57,-69,-68,-67]],[2,"fdhdv43lhMybKF9OHaXR6W",1],[5,665,42],[176.8,20,0,0,0,0,1,1,1,1]],[7,"spCreateRoomAnim",5,[-73,-74,-75],[[12,"default","create_room",0,"create_room",-72,[32],33]],[5,1280,720],[401.226,66.996,0,0,0,0,1,1,1,1]],[42,"roomTypeToggleContiner",3,[-78,-79],[[-76,[58,1,1,-77,[5,532,61]]],1,4],[5,532,61],[0,224.879,0,0,0,0,1,1,1,1]],[7,"toggle1",10,[-83,-84],[[59,-82,[4,4292269782],-81,-80,[[3,"bfbcbtza2BHf5SpOpX+tz9Z","typeToggleClicked","1",3]]]],[5,266,60],[-133,-18,0,0,0,0,1,1,1,0]],[7,"toggle2",10,[-88,-89],[[60,false,-87,[4,4292269782],-86,-85,[[3,"bfbcbtza2BHf5SpOpX+tz9Z","typeToggleClicked","2",3]]]],[5,266,60],[133,-18,0,0,0,0,1,1,1,0]],[15,"button_guide",false,5,[-92],[[1,-90,[73],74],[62,0.9,3,-91,[[3,"bbfa4PiPitABpJkY9MSTIra","btnClicked","guide",2]]]],[5,242,103],[486.249,236.961,0,0,0,0,1,1,1,0]],[32,"tipLayout",[[18,1,0,-93,[77]],[23,1,2,10,-94,[5,1280,0]],[50,40,-6.217248937900877e-15,6.217248937900877e-15,200,-95]],[2,"70ZHL+pfRIGYRViiefhdsb",4],[5,1280,0],[0,0.5,0]],[33,"waitPanel",false,4,[-98],[[63,-96],[5,45,-97]],[2,"88ylEWCNhLrZwtFRhqNosF",4],[5,1280,720]],[8,"backButton",1,[[24,0.9,3,-99,[[3,"bbfa4PiPitABpJkY9MSTIra","btnClicked","back",2]],[4,4293322470],[4,4291348680],[4,3363338360],2,3,4,5],[4,1,2,-100,[6],7],[6,-101]],[2,"b752cxoXJBsZIHOthSXMtA",1],[5,34,56],[-606.351,-2.285,0,0,0,0,1,1,1,0]],[8,"menuButton",1,[[24,0.9,3,-102,[[3,"bbfa4PiPitABpJkY9MSTIra","btnClicked","menu",2]],[4,4293322470],[4,4291348680],[4,3363338360],8,9,10,11],[4,1,2,-103,[12],13],[6,-104]],[2,"48QeoXvLlG1qge8jbW79Cx",1],[5,50,42],[601.99,-1.538,0,0,0,0,1,1,1,0]],[9,"maskNode",8,[-106],[[64,-105,[24]]],[2,"d2iIcRZi1HorUZNjNvnuHT",1],[5,600,35],[21.373,0,0,0,0,0,1,1,1,1]],[7,"spJoinRoomAnim",5,[-108,-109],[[12,"default","join_room",0,"join_room",-107,[36],37]],[5,1280,720],[400.452,-135.258,0,0,0,0,1,1,1,1]],[15,"titleBg",false,3,[-112],[[49,0,-110,[42]],[51,1,9.918999999999983,-111]],[5,264,41],[0,213.041,0,0,0,0,1,1,1,1]],[34,"noDataNode",3,[-113,-114],[5,760,396],[-5.704,-22,0,0,0,0,1,1,1,1]],[35,"view",[-117],[[65,0,-115,[60]],[11,45,240,250,-116]],[5,760,354]],[36,"content",22,[[23,1,2,-3,-118,[5,760,91]],[5,1,-119]],[5,760,91],[0,0.5,1],[0,177,0,0,0,0,1,1,1,1]],[37,"ui_shou",false,13,[[1,-120,[69],70],[66,-121,[72],71]],[5,52,79],[0,-50,0,0,0,0,1,1,1,1]],[14,"tipPanel",4,[14],[[5,45,-122]],[2,"0djrhER8lG7YCaHJOLAGTl",4],[5,1280,720]],[16,"spBackGround",2,[[1,-123,[0],1],[11,45,1280,720,-124]],[5,1280,720]],[0,"button_create",9,[[13,-125,[[3,"bbfa4PiPitABpJkY9MSTIra","btnClicked","creatRoom",2]]],[6,-126]],[5,350,150],[-10,5,0,0,0,0,1,1,1,1]],[0,"spFree",9,[[1,-127,[30],31]],[5,183,64],[83,57.908,0,0,0,0,1,1,1,1]],[0,"joinRoomButton",19,[[4,1,2,-128,[34],35],[6,-129]],[5,195,65],[55,0,0,0,0,0,1,1,1,0]],[0,"button_join",19,[[13,-130,[[3,"bbfa4PiPitABpJkY9MSTIra","btnClicked","joinRoom",2]]],[6,-131]],[5,350,150],[-10,5,0,0,0,0,1,1,1,1]],[10,"generationScrollView",6,[22],[-132],[5,760,354],[-2.145,-17.285,0,0,0,0,1,1,1,1]],[10,"rightButton",6,[-134],[-133],[5,22,29],[90.572,-217.097,0,0,0,0,1,-1,1,1]],[17,"Background",512,32,[[19,1,-135,[62],63]],[5,22,29],[0,0,0,0,0,0,1,1,1,0]],[10,"leftButton",6,[-137],[-136],[5,22,29],[-92.758,-217.925,0,0,0,0,1,1,1,-1]],[17,"Background",512,34,[[19,1,-138,[64],65]],[5,22,29],[0,0,0,0,0,0,1,1,1,0]],[0,"button_store",5,[[13,-139,[[61,"bbfa4PiPitABpJkY9MSTIra","openSDKMiniBank",2]]]],[5,310,50],[-383.527,322.515,0,0,0,0,1,1,1,1]],[38,"waitSprite",15,[[1,-140,[78],79]],[2,"34Zg3baZNBS6kCUq5BFNKZ",4],[5,124,126]],[67,"New Node",false,true,[2],[0,0,0],[0,0,0,0,0,0,1,1,1,1]],[0,"Main Camera",2,[[68,7,-1,-141]],[5,960,640],[0,0,445.1370575452015,0,0,0,1,1,1,1]],[8,"Gold",7,[[1,-142,[14],15]],[2,"ed4lWFj8BEPY8maJKOAdYS",1],[5,45,43],[-134.048,-3.744,0,0,0,0,1,1,1,1]],[43,"coinLabel",7,[-143],[2,"02lj53aG5NTL2XXOHUr7bm",1],[5,87.69,30],[0,1,0.5],[113,-3,0,0,0,0,1,1,1,1]],[69,"10000",28,30,false,-5,1,1,1,41,[16]],[8,"bar_btn_value_added",7,[[1,-144,[17],18]],[2,"aeU7wLnVJLbZ/XwZHTKi4l",1],[5,45,38],[139.292,-0.711,0,0,0,0,1,1,1,1]],[39,"notice",false,8,[[1,-145,[21],22]],[2,"99Y3exvkNMeqIOkeLBc8Qt",1],[5,32,28],[-310.044,0,0,0,0,0,1,1,1,1]],[44,"marqueeLabel",false,18,[-146],[2,"80OCz6pNBLQ7KS4H3ofFhv",1],[5,66.74,30.24],[0,0,0.5]],[70,"12313",24,24,1,1,45,[23]],[0,"createRoomButton",9,[[4,1,2,-147,[28],29]],[5,191,65],[55,0,0,0,0,0,1,1,1,0]],[16,"logo_twmj",5,[[12,"default","animation",0,"animation",-148,[38],39]],[5,1280,731.29]],[0,"ui_dkfjlb",20,[[1,-149,[40],41]],[5,339,83],[-9.735,2.781,0,0,0,0,1,1,1,1]],[0,"Background",11,[[20,2,false,-150,[43],44]],[5,292,108],[0,22,0,0,0,0,1,1,1,1]],[45,"checkmark",11,[-151],[5,292,108],[0,22,0,0,0,0,1,1,1,1]],[21,2,false,51,[45]],[0,"Background",12,[[20,2,false,-152,[46],47]],[5,292,108],[0,22,0,0,0,0,1,1,1,1]],[46,"checkmark",512,false,12,[-153],[5,292,108],[0,22,0,0,0,0,1,1,1,1]],[21,2,false,54,[48]],[73,10],[0,"ui_tupian",21,[[1,-154,[49],50]],[5,110,85],[0,30.112,0,0,0,0,1,1,1,1]],[0,"New Label",21,[[71,"快去創建牌桌和朋友一起遊戲吧",30,1,1,3,-155,[51]]],[5,210,90.39999999999999],[0,-51.301,0,0,0,0,1,1,1,1]],[0,"ui_fanghao",6,[[1,-156,[52],53]],[5,121,32],[-193.534,174,0,0,0,0,1,1,1,1]],[0,"ui_quanshu",6,[[1,-157,[54],55]],[5,53,31],[-82.986,175,0,0,0,0,1,1,1,1]],[0,"ui_ditai",6,[[1,-158,[56],57]],[5,66,33],[5.953,174,0,0,0,0,1,1,1,1]],[0,"ui_renshu",6,[[1,-159,[58],59]],[5,56,31],[95.771,175,0,0,0,0,1,1,1,1]],[74,false,0.75,0.23,null,null,31,23],[47,"pageLabel",6,[-160],[4,4287149265],[5,36,30.24],[0,-216.114,0,0,0,0,1,1,1,1]],[72,"0/0",24,24,1,1,"黑体",64,[61]],[25,0.9,true,2,32,[[3,"bfbcbtza2BHf5SpOpX+tz9Z","btnClicked","right",3]],[4,4293322470],[4,4291348680],[4,3363338360],33],[25,0.9,true,2,34,[[3,"bfbcbtza2BHf5SpOpX+tz9Z","btnClicked","left",3]],[4,4293322470],[4,4291348680],[4,3363338360],35],[40,"nodeMarquee",5,[5,720,32],[0,215,0,0,0,0,1,1,1,1]],[41,"nodeAceSDKMsg",2,[5,36,54]]],0,[0,9,1,0,0,1,0,0,1,0,-1,16,0,-2,17,0,-3,7,0,-4,8,0,0,2,0,0,2,0,0,2,0,13,28,0,14,4,0,15,13,0,16,24,0,17,68,0,18,69,0,19,36,0,20,42,0,0,2,0,-1,39,0,-2,26,0,-3,5,0,-4,4,0,-5,69,0,0,3,0,21,56,0,22,66,0,23,67,0,24,65,0,25,63,0,26,6,0,27,21,0,0,3,0,-1,20,0,-2,10,0,-3,21,0,-4,6,0,9,4,0,0,4,0,28,37,0,29,15,0,30,14,0,31,25,0,0,4,0,-1,25,0,-2,15,0,0,5,0,-2,9,0,-3,19,0,-4,48,0,-6,13,0,-7,68,0,-8,36,0,-1,59,0,-2,60,0,-3,61,0,-4,62,0,-5,31,0,-6,64,0,-7,32,0,-8,34,0,0,7,0,-1,40,0,-2,41,0,-3,43,0,0,8,0,32,18,0,33,46,0,0,8,0,-1,44,0,-2,18,0,0,9,0,-1,47,0,-2,27,0,-3,28,0,-1,56,0,0,10,0,-1,11,0,-2,12,0,10,52,0,11,11,0,0,11,0,-1,50,0,-2,51,0,10,55,0,11,12,0,0,12,0,-1,53,0,-2,54,0,0,13,0,0,13,0,-1,24,0,0,14,0,0,14,0,0,14,0,0,15,0,0,15,0,-1,37,0,0,16,0,0,16,0,0,16,0,0,17,0,0,17,0,0,17,0,0,18,0,-1,45,0,0,19,0,-1,29,0,-2,30,0,0,20,0,0,20,0,-1,49,0,-1,57,0,-2,58,0,0,22,0,0,22,0,-1,23,0,0,23,0,0,23,0,0,24,0,0,24,0,0,25,0,0,26,0,0,26,0,0,27,0,0,27,0,0,28,0,0,29,0,0,29,0,0,30,0,0,30,0,-1,63,0,-1,66,0,-1,33,0,0,33,0,-1,67,0,-1,35,0,0,35,0,0,36,0,0,37,0,0,39,0,0,40,0,-1,42,0,0,43,0,0,44,0,-1,46,0,0,47,0,0,48,0,0,49,0,0,50,0,-1,52,0,0,53,0,-1,55,0,0,57,0,0,58,0,0,59,0,0,60,0,0,61,0,0,62,0,-1,65,0,34,38,1,3,5,2,3,38,3,3,5,14,3,25,22,3,31,160],[0,0,0,0,0,0,0,0,0,0,0,0,0,0,0,0,0,0,0,0,0,0,0,0,0,0,0,0,0,0,0,0,0,0,0,0,0,0,0,0,0,0,0,0,0,0,0,0,0,0,0,0,0,0,0,0,0,0,0,0,0,0,0,0,0,0,0,0,0,0,0,0,0,0,0,0,0,0,0,0,0,0,0,42,52,55,66,66,66,66,66,67,67,67,67,67],[-1,1,4,5,6,7,-1,1,4,5,6,7,-1,1,-1,1,-1,-1,1,-1,1,-1,1,-1,-1,-1,-1,1,-1,1,-1,1,-1,8,-1,1,-1,8,-1,8,-1,1,-1,-1,1,-1,-1,1,-1,-1,1,-1,-1,1,-1,1,-1,1,-1,1,-1,-1,-1,1,-1,1,-1,1,35,-1,1,36,-1,-1,1,-1,1,-1,-1,1,37,38,39,40,1,1,12,4,5,6,7,12,4,5,6,7],[0,16,4,6,4,7,0,17,4,6,4,7,0,18,0,19,0,0,20,0,21,0,22,0,0,0,0,23,0,24,0,25,5,8,0,26,5,8,5,27,0,28,0,0,29,0,0,30,0,0,31,0,0,32,0,33,0,34,0,35,0,0,0,2,0,2,0,36,37,0,38,9,9,0,39,0,40,0,0,41,42,43,44,45,46,47,0,2,2,2,10,0,2,2,2,10]],[[{"name":"bj_1","rect":[0,0,1280,720],"offset":[0,0],"originalSize":[1280,720],"capInsets":[0,0,0,0]}],[1],0,[0],[2],[48]],[[{"name":"ui_quanshu","rect":[145,985,53,31],"offset":[0,0],"originalSize":[53,31],"capInsets":[0,0,0,0]}],[1],0,[0],[2],[3]],[[{"name":"ui_gkpz2","rect":[3,437,238,59],"offset":[-2,-21.5],"originalSize":[292,108],"rotated":1,"capInsets":[0,0,0,0]}],[1],0,[0],[2],[1]]]]