[1,["f4rkCSOONF27HhxVhSd4hr","aaktC0Jq1F+qqMt2nDnrXA"],["_textureSetter","spriteFrame"],["cc.SpriteFrame",["cc.BitmapFont",["_name","fontSize","_fntConfig"],0]],[[1,0,1,2,4]],[[[{"name":"loseResult","rect":[0,0,177,165],"offset":[0,2],"originalSize":[177,169],"capInsets":[0,0,0,0]}],[0],0,[0],[0],[0]],[[[0,"loseResult",41,{"commonHeight":41,"fontSize":41,"atlasName":"loseResult.png","fontDefDictionary":{"44":{"xOffset":0,"yOffset":0,"xAdvance":12,"rect":{"x":0,"y":128,"width":12,"height":41}},"45":{"xOffset":0,"yOffset":0,"xAdvance":26,"rect":{"x":0,"y":42,"width":26,"height":41}},"46":{"xOffset":0,"yOffset":0,"xAdvance":12,"rect":{"x":28,"y":42,"width":12,"height":41}},"48":{"xOffset":0,"yOffset":0,"xAdvance":26,"rect":{"x":42,"y":0,"width":26,"height":41}},"49":{"xOffset":0,"yOffset":0,"xAdvance":16,"rect":{"x":130,"y":85,"width":16,"height":41}},"50":{"xOffset":0,"yOffset":0,"xAdvance":26,"rect":{"x":70,"y":0,"width":26,"height":41}},"51":{"xOffset":0,"yOffset":0,"xAdvance":23,"rect":{"x":105,"y":85,"width":23,"height":41}},"52":{"xOffset":0,"yOffset":0,"xAdvance":25,"rect":{"x":0,"y":85,"width":25,"height":41}},"53":{"xOffset":0,"yOffset":0,"xAdvance":24,"rect":{"x":27,"y":85,"width":24,"height":41}},"54":{"xOffset":0,"yOffset":0,"xAdvance":24,"rect":{"x":53,"y":85,"width":24,"height":41}},"55":{"xOffset":0,"yOffset":0,"xAdvance":24,"rect":{"x":79,"y":85,"width":24,"height":41}},"56":{"xOffset":0,"yOffset":0,"xAdvance":23,"rect":{"x":154,"y":0,"width":23,"height":41}},"57":{"xOffset":0,"yOffset":0,"xAdvance":23,"rect":{"x":154,"y":43,"width":23,"height":41}},"75":{"xOffset":0,"yOffset":0,"xAdvance":26,"rect":{"x":98,"y":0,"width":26,"height":41}},"77":{"xOffset":0,"yOffset":0,"xAdvance":26,"rect":{"x":126,"y":0,"width":26,"height":41}},"36755":{"xOffset":0,"yOffset":0,"xAdvance":40,"rect":{"x":0,"y":0,"width":40,"height":40}}},"kerningDict":{}}]],0,0,[0],[1],[1]]]]