[1,["ecpdLyjvZBwrvm+cedCcQy","9dBAs4gp9FeK9UAjCh/1oi","bamn4YAAhAn7jwOaOpmS66","34ewVpv/xCUoWdAu6sYpFL","19b7288b3","f0BIwQ8D5Ml7nTNQbh1YlS","215fHDvq9MNLFtZhKVexdc","4b5fzdR3FAC45+eGRMrBvg","e97GVMl6JHh5Ml5qEDdSGa","29FYIk+N1GYaeWH/q1NxQO","24SLXJXC5JU6C03nETLFyH"],["node","_spriteFrame","gradeLabel","empty","nameLabel","_N$file","_textureSetter","root","publicRoom","timeNumLabel","roomNumLabel","_N$target","data","_N$normalSprite","_N$pressedSprite","_N$hoverSprite","_N$disabledSprite"],[["cc.Node",["_name","_active","_objFlags","_components","_prefab","_contentSize","_trs","_parent","_children","_anchorPoint"],0,9,4,5,7,1,2,5],["cc.Label",["_fontSize","_lineHeight","_N$horizontalAlign","_N$verticalAlign","_string","_enableWrapText","_N$overflow","_N$cacheMode","_isSystemFontUsed","_N$fontFamily","node","_materials"],-7,1,3],"cc.SpriteFrame",["cc.Node",["_name","_active","_parent","_components","_prefab","_contentSize","_trs"],1,1,12,4,5,7],["cc.Node",["_name","_parent","_components","_prefab","_contentSize","_trs","_anchorPoint"],2,1,2,4,5,7,5],["cc.Sprite",["_type","node","_materials","_spriteFrame"],2,1,3,6],["cc.PrefabInfo",["fileId","root"],2,1],["cc.LabelOutline",["_width","node","_color"],2,1,5],["cc.Prefab",["_name"],2],["6c105sXe+VKg5bJTvfwTl7Z",["node","roomNumLabel","timeNumLabel","personNode","publicRoom"],3,1,1,1,2,1],["65f03NnHGlI5oifOqbX+uYX",["node","fonts","nameLabel","empty","gradeLabel"],3,1,3,1,1,1],["cc.Button",["zoomScale","_N$transition","node","clickEvents","_N$normalColor","_N$pressedColor","_N$disabledColor","_N$target","_N$normalSprite","_N$pressedSprite","_N$hoverSprite","_N$disabledSprite"],1,1,9,5,5,5,1,6,6,6,6],["cc.ClickEvent",["_componentId","handler","target"],1,1]],[[6,0,1,2],[5,1,2,3,1],[0,0,7,8,3,4,6,2],[0,0,7,3,4,5,6,2],[4,0,1,2,3,4,5,2],[10,0,1,2,3,4,1],[7,1,2,1],[1,0,1,5,2,3,6,10,11,7],[1,4,0,1,8,2,3,9,10,11,8],[3,0,1,2,3,4,5,6,3],[1,4,0,1,2,3,10,11,6],[0,0,7,8,3,4,5,6,2],[4,0,1,2,3,4,6,5,2],[8,0,2],[0,0,8,3,4,5,6,2],[0,0,1,7,3,4,5,6,3],[0,0,2,7,3,4,5,3],[0,0,7,3,4,5,9,6,2],[3,0,2,3,4,5,6,2],[5,0,1,2,3,2],[9,0,1,2,3,4,1],[6,1,1],[11,0,1,2,3,4,5,6,7,8,9,10,11,3],[12,0,1,2,3],[7,0,1,2,2],[1,4,0,1,5,2,3,6,7,10,11,9]],[[[{"name":"mah_public","rect":[3,979,83,31],"offset":[0,0],"originalSize":[83,31],"capInsets":[0,0,0,0]}],[2],0,[0],[6],[4]],[[{"name":"ui_3kuanbanzi","rect":[3,3,970,122],"offset":[0,0],"originalSize":[970,122],"rotated":1,"capInsets":[0,0,0,0]}],[2],0,[0],[6],[4]],[[{"name":"bt_tongyong_01","rect":[131,3,142,64],"offset":[0,0],"originalSize":[142,64],"capInsets":[0,0,0,0]}],[2],0,[0],[6],[4]],[[[13,"mahjongPersonGradeItem"],[14,"mahjongPersonGradeItem",[-11,-12,-13,-14,-15,-16,-17,-18,-19],[[1,-2,[36],37],[20,-10,-9,-8,[-4,-5,-6,-7],-3]],[21,-1],[5,970,122],[0,-61,0,0,0,0,1,1,1,1]],[2,"person1",1,[-24,-25,-26],[[5,-23,[9,10],-22,-21,-20]],[0,"24iOy0+q5P8qhCzw1wrM8h",1],[-383.282,-15.204,0,0,0,0,1,1,1,1]],[2,"person2",1,[-31,-32,-33],[[5,-30,[15,16],-29,-28,-27]],[0,"acvxmoPxFHBrLGdGU8QhG+",1],[-180.415,-15,0,0,0,0,1,1,1,1]],[2,"person3",1,[-38,-39,-40],[[5,-37,[21,22],-36,-35,-34]],[0,"0cL0zYobtKZajKa0mAbOBC",1],[5.26,-15,0,0,0,0,1,1,1,1]],[2,"person4",1,[-45,-46,-47],[[5,-44,[27,28],-43,-42,-41]],[0,"d6DIdtJ0FIipaFa/iL/Xoe",1],[193.778,-15,0,0,0,0,1,1,1,1]],[11,"detailsButton",1,[-51],[[22,0.9,3,-50,[[23,"6c105sXe+VKg5bJTvfwTl7Z","detailsBtnClicked",1]],[4,4293322470],[4,4291348680],[4,3363338360],-49,32,33,34,35]],[0,"5fQ5mj0PBMwKFySE+IrPBH",-48],[5,142,64],[380.601,-10.659,0,0,0,0,1,1,1,1]],[11,"Background",6,[-53],[[19,1,-52,[30],31]],[0,"94H0P6V6BEvbZeseFPKHuy",6],[5,142,64],[0,0,0,0,0,0,1,1,1,0]],[15,"ui_gongkaifang",false,1,[[1,-54,[3],4]],[0,"c3G5UPZrNMIIMou+8wyKVb",1],[5,83,31],[-182,43,0,0,0,0,1,1,1,1]],[9,"nickNameLabel",false,2,[[-55,[6,-56,[4,4282523172]]],1,4],[0,"a4jiB3EaxBlpVrnpMFxIl0",1],[5,174.2,34.76],[0,18.663,0,0,0,0,1,1,1,1]],[3,"empty",2,[[1,-57,[6],7]],[0,"f17lqOYENJ+btfic2okM5q",1],[5,58,28],[0,18,0,0,0,0,1,1,1,1]],[9,"nickNameLabel",false,3,[[-58,[6,-59,[4,4282523172]]],1,4],[0,"75r6OuPc1KzoGhbOmO3eMi",1],[5,174.2,34.76],[0,18.663,0,0,0,0,1,1,1,1]],[3,"empty",3,[[1,-60,[12],13]],[0,"e3NZuM1TRCF4ZhWGpf7Wxf",1],[5,58,28],[0,18,0,0,0,0,1,1,1,1]],[9,"nickNameLabel",false,4,[[-61,[6,-62,[4,4282523172]]],1,4],[0,"9bDtB/An5B273K19SnxeJ5",1],[5,174.2,34.76],[0,18.663,0,0,0,0,1,1,1,1]],[3,"empty",4,[[1,-63,[18],19]],[0,"29/Bgd1rNGlbt32SbeLpAF",1],[5,58,28],[0,18,0,0,0,0,1,1,1,1]],[18,"nickNameLabel",5,[[-64,[6,-65,[4,4282523172]]],1,4],[0,"c9jZCrcmlHBJqOlK1AteUn",1],[5,174.2,34.76],[0,18.663,0,0,0,0,1,1,1,1]],[3,"empty",5,[[1,-66,[24],25]],[0,"b2PVrUHR1Pa5HPPjYDHjEn",1],[5,58,28],[0,18,0,0,0,0,1,1,1,1]],[16,"Label",512,7,[[25,"詳 情",35,35,false,1,1,1,1,-67,[29]],[24,2,-68,[4,4278796925]]],[0,"5dvDMEn0NEzK5n6vV4JaPm",6],[5,100,40]],[12,"roomNumLabel",1,[-69],[0,"0dh0KKNEdP4obCkigmBX0o",1],[5,126.74,30.24],[0,0,0.5],[-441.421,41.601,0,0,0,0,1,1,1,1]],[10,"123456号房间",20,24,1,1,18,[0]],[17,"timeLabel",1,[[10,"對戰時間：",20,24,1,1,-70,[1]]],[0,"d72MAEAYRKS6HqLraV7V+Y",1],[5,100,30.24],[0,0,0.5],[157.514,40.907,0,0,0,0,1,1,1,1]],[12,"timeNumLabel",1,[-71],[0,"037Obs5L5IsYznPZCh3V4T",1],[5,146.79,30.24],[0,0,0.5],[262.549,41.635,0,0,0,0,1,1,1,1]],[10,"2012-6-30 03:20",20,24,1,1,21,[2]],[7,20,26,false,1,1,2,9,[5]],[4,"gradeLabel",2,[-72],[0,"05Wp+RDfNPDpbEmea4U6X6",1],[5,16,21],[0,-16.402,0,0,0,0,1,1,1,1]],[8,"-",21,21,false,1,1,"黑体",24,[8]],[7,20,26,false,1,1,2,11,[11]],[4,"gradeLabel",3,[-73],[0,"7fFXSNOnZNCIN5tRecbwwk",1],[5,16,21],[0,-16.402,0,0,0,0,1,1,1,1]],[8,"-",21,21,false,1,1,"黑体",27,[14]],[7,20,26,false,1,1,2,13,[17]],[4,"gradeLabel",4,[-74],[0,"abcY/kHy9EjLqR026Skia2",1],[5,16,21],[0,-16.402,0,0,0,0,1,1,1,1]],[8,"-",21,21,false,1,1,"黑体",30,[20]],[7,20,26,false,1,1,2,15,[23]],[4,"gradeLabel",5,[-75],[0,"4eDQ44uoxEk7lE8smIVxpp",1],[5,16,21],[0,-16.402,0,0,0,0,1,1,1,1]],[8,"-",21,21,false,1,1,"黑体",33,[26]]],0,[0,7,1,0,0,1,0,8,8,0,-1,2,0,-2,3,0,-3,4,0,-4,5,0,9,22,0,10,19,0,0,1,0,-1,18,0,-2,20,0,-3,21,0,-4,8,0,-5,2,0,-6,3,0,-7,4,0,-8,5,0,-9,6,0,2,25,0,3,10,0,4,23,0,0,2,0,-1,9,0,-2,10,0,-3,24,0,2,28,0,3,12,0,4,26,0,0,3,0,-1,11,0,-2,12,0,-3,27,0,2,31,0,3,14,0,4,29,0,0,4,0,-1,13,0,-2,14,0,-3,30,0,2,34,0,3,16,0,4,32,0,0,5,0,-1,15,0,-2,16,0,-3,33,0,7,6,0,11,7,0,0,6,0,-1,7,0,0,7,0,-1,17,0,0,8,0,-1,23,0,0,9,0,0,10,0,-1,26,0,0,11,0,0,12,0,-1,29,0,0,13,0,0,14,0,-1,32,0,0,15,0,0,16,0,0,17,0,0,17,0,-1,19,0,0,20,0,-1,22,0,-1,25,0,-1,28,0,-1,31,0,-1,34,0,12,1,75],[0,0,0,0,0,0,0,0,0,0,0,0,0,0,0,0,0,0,0,0,0,0,0,0,0,0,0,0,0,0,0,0,0,0,0,0,0,0,25,28,31,34],[-1,-1,-1,-1,1,-1,-1,1,-1,-1,-2,-1,-1,1,-1,-1,-2,-1,-1,1,-1,-1,-2,-1,-1,1,-1,-1,-2,-1,-1,1,13,14,15,16,-1,1,5,5,5,5],[0,0,0,0,6,0,0,2,0,3,1,0,0,2,0,3,1,0,0,2,0,3,1,0,0,2,0,3,1,0,0,7,5,8,5,9,0,10,1,1,1,1]]]]