[1,["deQLbTNLhBuq87WNrEQFVH","48KhsZblNHKpzjFoSWL/Mq"],["spriteFrame","_textureSetter"],["cc.SpriteFrame",["cc.BitmapFont",["_name","fontSize","_fntConfig"],0]],[[1,0,1,2,4]],[[[[0,"roomInfoFont",21,{"commonHeight":21,"fontSize":21,"atlasName":"roomInfoFont.png","fontDefDictionary":{"43":{"xOffset":0,"yOffset":0,"xAdvance":16,"rect":{"x":2,"y":2,"width":16,"height":21}},"45":{"xOffset":0,"yOffset":0,"xAdvance":16,"rect":{"x":20,"y":2,"width":16,"height":21}},"47":{"xOffset":0,"yOffset":0,"xAdvance":12,"rect":{"x":211,"y":2,"width":12,"height":21}},"48":{"xOffset":0,"yOffset":0,"xAdvance":16,"rect":{"x":38,"y":2,"width":16,"height":21}},"49":{"xOffset":0,"yOffset":0,"xAdvance":13,"rect":{"x":56,"y":2,"width":13,"height":21}},"50":{"xOffset":0,"yOffset":0,"xAdvance":15,"rect":{"x":71,"y":2,"width":15,"height":21}},"51":{"xOffset":0,"yOffset":0,"xAdvance":15,"rect":{"x":88,"y":2,"width":15,"height":21}},"52":{"xOffset":0,"yOffset":0,"xAdvance":17,"rect":{"x":105,"y":2,"width":17,"height":21}},"53":{"xOffset":0,"yOffset":0,"xAdvance":15,"rect":{"x":124,"y":2,"width":15,"height":21}},"54":{"xOffset":0,"yOffset":0,"xAdvance":16,"rect":{"x":141,"y":2,"width":16,"height":21}},"55":{"xOffset":0,"yOffset":0,"xAdvance":15,"rect":{"x":159,"y":2,"width":15,"height":21}},"56":{"xOffset":0,"yOffset":0,"xAdvance":15,"rect":{"x":176,"y":2,"width":15,"height":21}},"57":{"xOffset":0,"yOffset":0,"xAdvance":16,"rect":{"x":193,"y":2,"width":16,"height":21}},"75":{"xOffset":0,"yOffset":0,"xAdvance":22,"rect":{"x":2,"y":25,"width":22,"height":21}},"77":{"xOffset":0,"yOffset":0,"xAdvance":26,"rect":{"x":225,"y":2,"width":26,"height":21}}},"kerningDict":{}}]],0,0,[0],[0],[0]],[[{"name":"roomInfoFont","rect":[2,2,249,44],"offset":[-1.5,104],"originalSize":[256,256],"capInsets":[0,0,0,0]}],[0],0,[0],[1],[1]]]]