[1,["faA9omJhtPJIKVYa4lSU1Q","04oWGW3j9NJ7rDUKYKij0d"],["_textureSetter","spriteFrame"],["cc.SpriteFrame",["cc.BitmapFont",["_name","fontSize","_fntConfig"],0]],[[1,0,1,2,4]],[[[{"name":"recordResultFont","rect":[0,0,84,67],"offset":[0,0],"originalSize":[84,67],"capInsets":[0,0,0,0]}],[0],0,[0],[0],[0]],[[[0,"recordResultFont",21,{"commonHeight":21,"fontSize":21,"atlasName":"recordResultFont.png","fontDefDictionary":{"43":{"xOffset":0,"yOffset":0,"xAdvance":16,"rect":{"x":19,"y":0,"width":16,"height":21}},"45":{"xOffset":0,"yOffset":0,"xAdvance":16,"rect":{"x":37,"y":0,"width":16,"height":21}},"47":{"xOffset":0,"yOffset":0,"xAdvance":12,"rect":{"x":72,"y":0,"width":12,"height":21}},"48":{"xOffset":0,"yOffset":0,"xAdvance":16,"rect":{"x":18,"y":23,"width":16,"height":21}},"49":{"xOffset":0,"yOffset":0,"xAdvance":13,"rect":{"x":51,"y":46,"width":13,"height":21}},"50":{"xOffset":0,"yOffset":0,"xAdvance":15,"rect":{"x":55,"y":0,"width":15,"height":21}},"51":{"xOffset":0,"yOffset":0,"xAdvance":15,"rect":{"x":55,"y":23,"width":15,"height":21}},"52":{"xOffset":0,"yOffset":0,"xAdvance":17,"rect":{"x":0,"y":0,"width":17,"height":21}},"53":{"xOffset":0,"yOffset":0,"xAdvance":15,"rect":{"x":0,"y":46,"width":15,"height":21}},"54":{"xOffset":0,"yOffset":0,"xAdvance":16,"rect":{"x":36,"y":23,"width":16,"height":21}},"55":{"xOffset":0,"yOffset":0,"xAdvance":15,"rect":{"x":17,"y":46,"width":15,"height":21}},"56":{"xOffset":0,"yOffset":0,"xAdvance":15,"rect":{"x":34,"y":46,"width":15,"height":21}},"57":{"xOffset":0,"yOffset":0,"xAdvance":16,"rect":{"x":0,"y":23,"width":16,"height":21}}},"kerningDict":{}}]],0,0,[0],[1],[1]]]]