[1,["24pwTaKGdEbY0aXpIMdeCd@6c48a","9f2QDdIhtPiY8s+6NCQ8g1@f9941","eesKUHy91PCI186CxpMqTt","24pwTaKGdEbY0aXpIMdeCd@f9941","9f2QDdIhtPiY8s+6NCQ8g1@6c48a"],["node","_textureSource","_parent","_spriteFrame","_cameraComponent","progressBar","soundLoopAudioSource","soundAudioSource","musicAudioSource","scene","wasm_asset"],[["cc.Node",["_name","_id","_layer","_components","_children","_lpos","_parent"],0,9,2,5,1],"cc.SpriteFrame",["cc.Node",["_name","_layer","_parent","_components","_lpos","_children"],1,1,12,5,2],["cc.Node",["_name","_parent","_components","_lpos"],2,1,2,5],["cc.UITransform",["node","_contentSize","_anchorPoint"],3,1,5,5],["cc.Sprite",["_type","_sizeMode","node","_spriteFrame"],1,1,6],["cc.AudioSource",["_playOnAwake","_loop","node"],1,1],["cc.SceneAsset",["_name"],2],["cc.Canvas",["node","_cameraComponent"],3,1,1],["cc.Widget",["_alignFlags","_top","_bottom","node"],0,1],["3419d1EAI5MnI0rt4TohC7M",["node","progressBar","wasm_asset"],3,1,1,6],["87654OMBdFOlaLfzbRVEAgH",["node","musicAudioSource","soundAudioSource","soundLoopAudioSource"],3,1,1,1,1],["cc.Scene",["_name","_children","_globals"],2,2,4],["cc.SceneGlobals",["ambient","shadows","_skybox","fog","octree","skin","lightProbeInfo","postSettings"],3,4,4,4,4,4,4,4,4],["cc.AmbientInfo",["_skyColorHDR","_groundAlbedoHDR"],3,5,5],["cc.ShadowsInfo",["_shadowColor","_size"],3,5,5],["cc.SkyboxInfo",[],3],["cc.FogInfo",[],3],["cc.OctreeInfo",[],3],["cc.SkinInfo",["_enabled"],2],["cc.LightProbeInfo",[],3],["cc.PostSettingsInfo",[],3],["cc.Camera",["_projection","_orthoHeight","_near","_far","_clearFlags","_visibility","node","_color"],-3,1,5],["cc.ProgressBar",["_totalLength","_progress","node","_barSprite"],1,1,1],["13c30aSSvBEbZoDUs7R3prP",["node"],3,1],["cc.BufferAsset",["_name","_native"],1]],[[3,0,1,2,2],[4,0,1,1],[6,0,2,2],[7,0,2],[0,0,2,1,4,3,5,4],[0,0,1,4,3,3],[0,0,1,6,3,3],[2,0,1,2,5,3,4,3],[2,0,1,2,3,4,3],[3,0,1,2,3,2],[4,0,1,2,1],[8,0,1,1],[9,0,1,2,3,4],[10,0,1,2,1],[5,0,1,2,3,3],[5,0,1,2,3],[11,0,1,2,3,1],[12,0,1,2,2],[13,0,1,2,3,4,5,6,7,1],[14,0,1,1],[15,0,1,1],[16,1],[17,1],[18,1],[19,0,2],[20,1],[21,1],[22,0,1,2,3,4,5,6,7,7],[23,0,1,2,3,3],[24,0,1],[6,1,0,2,3],[25,0,1,3]],[[[{"name":"default_progressbar","rect":{"x":0,"y":0,"width":30,"height":15},"offset":{"x":0,"y":0},"originalSize":{"width":30,"height":15},"rotated":false,"capInsets":[10,4,10,4],"vertices":{"rawPosition":[-15,-7.5,0,15,-7.5,0,-15,7.5,0,15,7.5,0],"indexes":[0,1,2,2,1,3],"uv":[0,15,30,15,0,0,30,0],"nuv":[0,0,1,0,0,1,1,1],"minPos":{"x":-15,"y":-7.5,"z":0},"maxPos":{"x":15,"y":7.5,"z":0}},"packable":true,"pixelsToUnit":100,"pivot":{"x":0.5,"y":0.5},"meshType":0}],[1],0,[0],[1],[0]],[[[3,"launcherScene"],[4,"Canvas",33554432,"beI88Z2HpFELqR4T5EMHpg",[-7,-8],[[1,-1,[5,720,1280]],[11,-3,-2],[12,45,5.684341886080802e-14,5.684341886080802e-14,-4],[13,-6,-5,1]],[1,360,640,0]],[7,"ProgressBar",33554432,1,[-12],[[[1,-9,[5,300,15]],[14,1,0,-10,0],-11],4,4,1],[1,0,-431.606,0]],[5,"AudioRoot","6f3UKiZgZAVZqSpN/zTLmQ",[-17,-18,-19],[[16,-16,-15,-14,-13]]],[17,"launcherScene",[1,-20,3],[18,[19,[2,0,0,0,0.520833125],[2,0,0,0,0]],[20,[4,4283190348],[0,512,512]],[21],[22],[23],[24,false],[25],[26]]],[8,"Bar",33554432,2,[[[10,-21,[5,0,15],[0,0,0.5]],-22],4,1],[1,-150,0,0]],[9,"Camera",1,[-23],[1,0,0,1000]],[27,0,640,0,2000,6,1108344832,6,[4,0]],[15,1,0,5],[28,300,0,2,8],[6,"GameMgr","0fdLtZjCVPpb+dT8JcojSg",4,[[29,-24]]],[0,"musicAudioSource",3,[-25]],[30,true,false,11],[0,"soundAudioSource",3,[-26]],[2,false,13],[0,"soundLoopAudioSource",3,[-27]],[2,false,15]],0,[0,0,1,0,4,7,0,0,1,0,0,1,0,5,9,0,0,1,0,-1,6,0,-2,2,0,0,2,0,0,2,0,-3,9,0,-1,5,0,6,16,0,7,14,0,8,12,0,0,3,0,-1,11,0,-2,13,0,-3,15,0,-2,10,0,0,5,0,-2,8,0,-1,7,0,0,10,0,-1,12,0,-1,14,0,-1,16,0,9,4,1,2,4,3,2,4,27],[0,0,8],[3,10,3],[1,2,3]],[[{"name":"default_progressbar_bg","rect":{"x":0,"y":0,"width":60,"height":15},"offset":{"x":0,"y":0},"originalSize":{"width":60,"height":15},"rotated":false,"capInsets":[10,4,10,4],"vertices":{"rawPosition":[-30,-7.5,0,30,-7.5,0,-30,7.5,0,30,7.5,0],"indexes":[0,1,2,2,1,3],"uv":[0,15,60,15,0,0,60,0],"nuv":[0,0,1,0,0,1,1,1],"minPos":{"x":-30,"y":-7.5,"z":0},"maxPos":{"x":30,"y":7.5,"z":0}},"packable":true,"pixelsToUnit":100,"pivot":{"x":0.5,"y":0.5},"meshType":0}],[1],0,[0],[1],[4]],[[[31,"pitaya_proto_wasm_bg",".bin"],-1],0,0,[],[],[]]]]
