[1,["c9RZXuhzxKfJ8/hVw9C+SO"],0,[["sp.SkeletonData",["_name","_atlasText","textureNames","_skeletonJson","textures"],-1,3]],[[0,0,1,2,3,4,5]],[[0,"emoji_12_xuxu","\nemoji_12_xuxu.png\nsize: 1024,512\nformat: RGBA8888\nfilter: Linear,Linear\nrepeat: none\nshouzhi\n  rotate: true\n  xy: 349, 2\n  size: 161, 226\n  orig: 162, 230\n  offset: 0, 4\n  index: -1\nxuxu\n  rotate: true\n  xy: 2, 93\n  size: 374, 345\n  orig: 374, 345\n  offset: 0, 0\n  index: -1\nyanzhu\n  rotate: false\n  xy: 2, 40\n  size: 51, 51\n  orig: 51, 51\n  offset: 0, 0\n  index: -1\nyanzhu1\n  rotate: false\n  xy: 2, 40\n  size: 51, 51\n  orig: 51, 51\n  offset: 0, 0\n  index: -1\nzuiyan\n  rotate: true\n  xy: 349, 165\n  size: 302, 165\n  orig: 302, 165\n  offset: 0, 0\n  index: -1\n",["emoji_12_xuxu.png"],{"skeleton":{"hash":"7oY9nYT0eZ1nxgH4RSi0XgmLq/I","spine":"3.8.99","x":-37.4,"y":-51.44,"width":74.8,"height":85.94,"images":"./images/","audio":"D:/work/工作/魔法表情/12_xuxu/images"},"bones":[{"name":"root","scaleX":0.2,"scaleY":0.2},{"name":"xuxu_bg","parent":"root"},{"name":"zuiyan","parent":"root","x":-0.45,"y":59.48},{"name":"yanzhu1","parent":"root","x":125.47,"y":42.44},{"name":"yanzhu","parent":"root","x":-45.54,"y":42.44},{"name":"shouzhi","parent":"root","x":-18.82,"y":-224.8}],"slots":[{"name":"xuxu","bone":"xuxu_bg","attachment":"xuxu"},{"name":"yanzhu","bone":"yanzhu","attachment":"yanzhu"},{"name":"yanzhu1","bone":"yanzhu1","attachment":"yanzhu1"},{"name":"zuiyan","bone":"zuiyan","attachment":"zuiyan"},{"name":"shouzhi","bone":"shouzhi","attachment":"shouzhi"}],"skins":[{"name":"default","attachments":{"shouzhi":{"shouzhi":{"x":32.86,"y":82.61,"width":162,"height":230}},"xuxu":{"xuxu":{"width":374,"height":345}},"yanzhu":{"yanzhu":{"x":0.08,"y":0.86,"width":51,"height":51}},"yanzhu1":{"yanzhu1":{"x":0.07,"y":0.86,"width":51,"height":51}},"zuiyan":{"zuiyan":{"x":0.49,"y":-71.17,"width":302,"height":165}}}}],"animations":{"xu":{"slots":{"shouzhi":{"color":[{"time":0.1667,"color":"ffffff00"},{"time":0.2667,"color":"ffffffff"}],"attachment":[{"name":null},{"time":0.1667,"name":"shouzhi"}]}},"bones":{"xuxu_bg":{"translate":[{},{"time":0.6,"y":4},{"time":1.2}],"scale":[{},{"time":0.6,"y":1.02},{"time":1.2}]},"yanzhu":{"translate":[{"x":-38.07},{"time":0.3333}]},"yanzhu1":{"translate":[{"x":-37.37},{"time":0.3333}]},"shouzhi":{"rotate":[{"time":0.1667,"angle":-82.86},{"time":0.4667}],"translate":[{"time":0.1667,"y":-12.69},{"time":0.4667,"x":8.9}],"scale":[{"time":0.1667,"x":0.3,"y":0.3},{"time":0.4667}]}}}}},[0]]],0,0,[0],[-1],[0]]