[1,["73yPu/HDxM5prXoRhMONOr"],0,[["sp.SkeletonData",["_name","_atlasText","textureNames","_skeletonJson","textures"],-1,3]],[[0,0,1,2,3,4,5]],[[0,"hd_daocha","\nhd_daocha.png\nsize: 256,256\nformat: RGBA8888\nfilter: Linear,Linear\nrepeat: none\nimages/cup_back\n  rotate: false\n  xy: 2, 13\n  size: 85, 28\n  orig: 88, 45\n  offset: 1, 2\n  index: -1\nimages/cup_front\n  rotate: true\n  xy: 163, 124\n  size: 125, 74\n  orig: 125, 94\n  offset: 0, 3\n  index: -1\nimages/pot\n  rotate: true\n  xy: 2, 43\n  size: 206, 159\n  orig: 207, 162\n  offset: 0, 1\n  index: -1\nimages/smoke\n  rotate: true\n  xy: 163, 82\n  size: 40, 35\n  orig: 50, 42\n  offset: 5, 3\n  index: -1\nimages/spake1\n  rotate: false\n  xy: 167, 26\n  size: 35, 15\n  orig: 35, 15\n  offset: 0, 0\n  index: -1\nimages/spake2\n  rotate: false\n  xy: 163, 43\n  size: 38, 20\n  orig: 39, 20\n  offset: 1, 0\n  index: -1\nimages/tea01\n  rotate: false\n  xy: 89, 19\n  size: 76, 22\n  orig: 78, 22\n  offset: 1, 0\n  index: -1\nimages/tea02\n  rotate: true\n  xy: 163, 65\n  size: 15, 78\n  orig: 16, 85\n  offset: 0, 7\n  index: -1\nimages/tea03\n  rotate: true\n  xy: 89, 2\n  size: 15, 81\n  orig: 16, 82\n  offset: 0, 1\n  index: -1\n",["hd_daocha.png"],{"skeleton":{"hash":"62HCmQDCAg0e3Mv7UJmi51OuZUU","spine":"3.8.99","x":-85.14,"y":-78.98,"width":91.38,"height":76.45,"images":"./image/","audio":"D:/work/工作/互动表情/animation/hd_daocha01"},"bones":[{"name":"root"},{"name":"tea","parent":"root","scaleX":0.731,"scaleY":0.731},{"name":"images/cup_front","parent":"tea","x":-55.5,"y":-61.17},{"name":"images/pot","parent":"tea","x":184.86,"y":8.72},{"name":"images/tea01","parent":"images/cup_front","x":0.7,"y":10.98},{"name":"smoke","parent":"tea","x":112.75,"y":-172.48},{"name":"smoke2","parent":"tea","x":132.42,"y":-161.46},{"name":"smoke3","parent":"tea","x":90.71,"y":-161.46},{"name":"spake","parent":"images/cup_front","x":1.53,"y":36.84},{"name":"teaaaa","parent":"tea","length":100.61,"rotation":-94.95,"x":70.26,"y":0.32}],"slots":[{"name":"images/cup_back","bone":"images/cup_front","attachment":"images/cup_back"},{"name":"images/tea01","bone":"images/tea01","attachment":"images/tea01"},{"name":"images/pot","bone":"images/pot"},{"name":"images/tea02","bone":"teaaaa"},{"name":"images/spake1","bone":"spake"},{"name":"images/cup_front","bone":"images/cup_front","attachment":"images/cup_front"},{"name":"images/smoke","bone":"smoke"},{"name":"images/smoke2","bone":"smoke2"},{"name":"images/smoke3","bone":"smoke3"}],"skins":[{"name":"default","attachments":{"images/cup_back":{"images/cup_back":{"x":-1.58,"y":35.21,"width":88,"height":45}},"images/cup_front":{"images/cup_front":{"x":1.53,"y":0.12,"width":125,"height":94}},"images/pot":{"images/pot":{"x":-2.08,"y":13.49,"width":207,"height":162}},"images/smoke":{"images/smoke":{"scaleX":1.366,"scaleY":1.366,"width":50,"height":42}},"images/smoke2":{"images/smoke":{"scaleX":1.366,"scaleY":1.366,"width":50,"height":42}},"images/smoke3":{"images/smoke":{"scaleX":1.366,"scaleY":1.366,"width":50,"height":42}},"images/spake1":{"images/spake1":{"scaleX":1.366,"scaleY":1.366,"width":35,"height":15},"images/spake2":{"scaleX":1.366,"scaleY":1.366,"width":39,"height":20}},"images/tea01":{"images/tea01":{"x":-2.22,"y":14.74,"scaleX":0.972,"width":78,"height":22}},"images/tea02":{"images/tea02":{"x":52.05,"y":-1.46,"scaleX":1.366,"scaleY":1.366,"rotation":94.95,"width":16,"height":85},"images/tea03":{"x":52.05,"y":-1.46,"scaleX":1.366,"scaleY":1.366,"rotation":94.95,"width":16,"height":82}}}}],"animations":{"daocha":{"slots":{"images/cup_back":{"color":[{"time":2.3333,"color":"ffffffff"},{"time":2.6,"color":"ffffff00"}]},"images/cup_front":{"color":[{"time":2.3333,"color":"ffffffff"},{"time":2.6,"color":"ffffff00"}]},"images/pot":{"color":[{"color":"ffffff00"},{"time":0.1667,"color":"ffffffff","curve":"stepped"},{"time":1.7333,"color":"ffffffff"},{"time":2.1667,"color":"ffffff00"}],"attachment":[{"name":"images/pot"},{"time":2.1667,"name":null}]},"images/smoke":{"color":[{"time":0.6333,"color":"ffffff28"},{"time":0.7333,"color":"ffffffff","curve":"stepped"},{"time":1.1333,"color":"ffffffff"},{"time":1.6333,"color":"ffffff00"}],"attachment":[{"time":0.6333,"name":"images/smoke"},{"time":1.6333,"name":null}]},"images/smoke2":{"color":[{"time":1.5333,"color":"ffffff00"},{"time":1.6333,"color":"ffffffff","curve":"stepped"},{"time":2.0333,"color":"ffffffff"},{"time":2.5333,"color":"ffffff00"}],"attachment":[{"time":1.5333,"name":"images/smoke"},{"time":2.5333,"name":null}]},"images/smoke3":{"color":[{"time":1.1333,"color":"ffffff00"},{"time":1.2333,"color":"ffffffff","curve":"stepped"},{"time":1.6333,"color":"ffffffff"},{"time":2.1333,"color":"ffffff00"}],"attachment":[{"time":1.1333,"name":"images/smoke"},{"time":2.1333,"name":null}]},"images/spake1":{"attachment":[{"time":0.8333,"name":"images/spake1"},{"time":0.9,"name":"images/spake2"},{"time":0.9667,"name":"images/spake1"},{"time":1.0333,"name":"images/spake2"},{"time":1.1,"name":"images/spake1"},{"time":1.1667,"name":"images/spake2"},{"time":1.2333,"name":"images/spake1"},{"time":1.3,"name":"images/spake2"},{"time":1.3667,"name":"images/spake1"},{"time":1.4333,"name":"images/spake2"},{"time":1.5,"name":null}]},"images/tea01":{"color":[{"time":2.2667,"color":"ffffffff"},{"time":2.6,"color":"ffffff00"}],"attachment":[{"name":null},{"time":0.8,"name":"images/tea01"}]},"images/tea02":{"attachment":[{"time":0.6,"name":"images/tea02"},{"time":0.6667,"name":"images/tea03"},{"time":0.7333,"name":"images/tea02"},{"time":0.8,"name":"images/tea03"},{"time":0.8667,"name":"images/tea02"},{"time":0.9333,"name":"images/tea03"},{"time":1,"name":"images/tea02"},{"time":1.0667,"name":"images/tea03"},{"time":1.1333,"name":"images/tea02"},{"time":1.2,"name":"images/tea03"},{"time":1.2667,"name":"images/tea02"},{"time":1.3333,"name":"images/tea03"},{"time":1.4,"name":"images/tea02"},{"time":1.4667,"name":"images/tea03"},{"time":1.5333,"name":null}]}},"bones":{"images/pot":{"rotate":[{"angle":-20.37},{"time":0.3,"angle":-21.27},{"time":0.7,"angle":41.77},{"time":1.3333,"angle":50.17},{"time":1.6,"angle":12.92},{"time":1.9,"angle":-21.27},{"time":2.1667,"angle":-3.44}],"translate":[{"x":11.63,"y":-157.75},{"time":0.3,"x":-45.07,"y":16.71},{"time":0.6,"x":-107.46,"y":54.71},{"time":0.7,"x":-120.39,"y":68.02},{"time":0.8333,"x":-127.54,"y":55.46},{"time":1.3333,"x":-128.95,"y":32.54},{"time":1.5,"x":-96.3,"y":36.3},{"time":1.6,"x":-72.48,"y":39.79},{"time":1.9,"x":-19.91,"y":16.71},{"time":2.1667,"x":40.68,"y":16.71}]},"smoke":{"rotate":[{"time":0.6333},{"time":1.6333,"angle":150.08}],"translate":[{"time":0.6333,"x":-156.8,"y":137.42},{"time":1.1333,"x":-158.88,"y":205.23},{"time":1.6333,"x":-159.57,"y":227.83}],"scale":[{"time":0.6333},{"time":1.6333,"x":1.245,"y":1.245}]},"smoke2":{"rotate":[{"time":1.5333},{"time":2.5333,"angle":150.08}],"translate":[{"time":1.5333,"x":-156.8,"y":137.42},{"time":2.0333,"x":-158.88,"y":205.23},{"time":2.5333,"x":-159.57,"y":227.83}],"scale":[{"time":1.5333},{"time":2.5333,"x":1.245,"y":1.245}]},"smoke3":{"rotate":[{"time":1.1333},{"time":2.1333,"angle":150.08}],"translate":[{"time":1.1333,"x":-156.8,"y":137.42},{"time":1.6333,"x":-158.88,"y":205.23},{"time":2.1333,"x":-159.57,"y":227.83}],"scale":[{"time":1.1333},{"time":2.1333,"x":1.245,"y":1.245}]},"spake":{"translate":[{"time":0.8333,"y":-8.99},{"time":1.5,"y":-4.83}]},"images/tea01":{"rotate":[{"time":0.8,"angle":-3.36},{"time":0.8667,"angle":7.46},{"time":0.9667,"angle":-3.36},{"time":1.0333,"angle":7.46},{"time":1.1333,"angle":-3.36},{"time":1.2,"angle":7.46},{"time":1.3,"angle":-3.36},{"time":1.3667,"angle":7.46},{"time":1.4667,"angle":-3.36},{"time":1.5667,"angle":1.83},{"time":1.6667,"angle":-1.43},{"time":1.7667,"angle":2.29},{"time":1.8667,"angle":-2.38},{"time":1.9667,"angle":1.88},{"time":2.0667,"angle":-2.59},{"time":2.1667,"angle":1.81},{"time":2.2333,"angle":-2.52},{"time":2.3333,"angle":2.42},{"time":2.4333,"angle":-2.8},{"time":2.5333,"angle":2.95},{"time":2.6,"angle":-3.36}],"translate":[{"time":0.8,"x":-1.34,"y":-22.82},{"time":1.4667,"x":-1.38,"y":-1.74}]},"teaaaa":{"rotate":[{"time":0.6,"angle":-11.68},{"time":0.6667,"angle":-4.51}],"translate":[{"time":0.6,"x":-106.61,"y":68.04},{"time":0.8333,"x":-120.05,"y":36.75},{"time":1.3333,"x":-119.18,"y":-0.63},{"time":1.5333,"x":-90.34,"y":60.38}],"scale":[{"time":0.6,"x":0.417,"y":0.507},{"time":0.6667,"x":1.065},{"time":0.8333,"x":0.857},{"time":1.3333,"x":0.815},{"time":1.5333,"x":0.815,"y":0.614}]}}},"fly":{"bones":{"images/cup_front":{"translate":[{"x":55.5,"y":61.17,"curve":"stepped"},{"time":0.0667,"x":55.5,"y":61.17}]}}}}},[0]]],0,0,[0],[-1],[0]]