{"importBase":"import","nativeBase":"native","name":"main","deps":["resources"],"uuids":["78v+n272lFN7uADQ7ZpT3y","a9LHzF38NCEoUOSluxn/47","0bJb3ScCtOPpflp3cFVQFG","0bNG2DAABLUbJ/mH9MyUhV","0bOMtnEM5OLpAkb30mzP3w","0cyYvMdvZFAZC92/fR3kDH","10UBnCkGxA/bDu+8Imt/jy","1333vyjQFLIb7dnz2PISwm","145SYHP41Jp6Fy5GTWSldf","15GOMzEytMsLvLKfygUL8m","18U815H6dLjYUihhcsLnir","18zhd6A19F8ZeJZrWxTKPu","19m5Ey2OdOgrG7HRe4OnMC","1crMDkuR5D6YPIWj8+C5ID","1dejK14ZZClLWnZKUI1cAF","24lwBozaZFG4Yy3xodkNY8","24pwTaKGdEbY0aXpIMdeCd","29NLeYYg1OspFBrptkTktR","2eQM22qNxL/YPhnDSI06UD","314rgx0oZEeb9YwHV+pr/C","32dxJXN6ZGQL2EuK3B3mZ4","32h4PmbxBGdKFJXAog0ViU","36fDAHByNEwY30ykszNhgT","37PDFUXy1Dtoc7Kp+IvK8E","37boFvl+5IiKMMngAf7eDR","44yugFAENCnY3Dr4dYkDzH","448MbbVqVAm6DypCHRuJHL","4bzQegrBJJ7L0dkKq1F+hM","4cb8949CFJNKiJ5U3dP7nr","4fDDmmiKRILozloFyAAg/V","50kVRjP8hBjY3rffF/mW6a","5cKgQppGJG4KneVPORAMAw","67vm5ZDTFBZrDYRRRhkLYN","6bk9kpoO1DMYvyRoxYZRyc","79byMT1dJEJ4l4J1/WcrgA","7aUU+jQBVOYpfQ/kXHmQxY","7b6cVVyh1M64O+7R90xsdE","86BT4NbkpPCIhVd9HYnf0R","87AufqIBdOcZfO+fqGZym/","87cASmQiBLDpo+jfwuZiO3","93EqSj1UBEf4Zs9kqSlH6a","95jPHY0rJLv4M8pIJr7Zl/","99rw6rBSlFWqdgFE5nwLzS","9ar+FLjiJPR4Cxln/kFqWK","9bQDFmgPJD+Y6/FrHBrygJ","9fcf1clzhLr6tDDjhqtqmk","9f2QDdIhtPiY8s+6NCQ8g1","a3W/p4vyxN+JptY29jkVOw","b0c7UcVb5JaKaRI/NF55UO","b1Q6jmdZBOBLYLbywA11eN","b8LEglRDtPXqEDWmCpoz0p","baIUdvKGZPgZxNbjWTFuRI","c4GUZ7B/JJQ6gryltQtV4/","c4LD05zAZDQb4GHIUTgKM6","c83GCZWiRGraKa2eO35ZUM","cccGM/3GBKiK++7/5lMoVT","d0NEPKOv5N/pMlo5qYQ4QU","d6W2JqOw5ISZhmcC4/mnQl","d9mzx4LytGI69d+3ypg66N","dcnWA7v99K9709mvrpRCCk","e44hP4NV5Kv5m4TiqH3mxB","edb24617ZO4KcSdZ87XnHr","eesKUHy91PCI186CxpMqTt","f0HRMqgqtAT4TngCw4Lknd","f1Nq6RuSRKsqryU7aYrvS5","fdjsU2o1RKF5x0TziDw3jI","ffQhOFLZNEMr73/+J8atNn","040df2d27","053e2afcb","0a0edac1e","0bJb3ScCtOPpflp3cFVQFG@6c48a","0bJb3ScCtOPpflp3cFVQFG@f9941","0bNG2DAABLUbJ/mH9MyUhV@6c48a","0bNG2DAABLUbJ/mH9MyUhV@f9941","0bOMtnEM5OLpAkb30mzP3w@6c48a","0bOMtnEM5OLpAkb30mzP3w@f9941","0cyYvMdvZFAZC92/fR3kDH@6c48a","0cyYvMdvZFAZC92/fR3kDH@f9941","0d1acd31e","0eXb0L6+FDRJMUIfVjo0je","10UBnCkGxA/bDu+8Imt/jy@6c48a","10UBnCkGxA/bDu+8Imt/jy@f9941","1333vyjQFLIb7dnz2PISwm@6c48a","1333vyjQFLIb7dnz2PISwm@f9941","145SYHP41Jp6Fy5GTWSldf@6c48a","145SYHP41Jp6Fy5GTWSldf@f9941","15GOMzEytMsLvLKfygUL8m@6c48a","15GOMzEytMsLvLKfygUL8m@f9941","18U815H6dLjYUihhcsLnir@6c48a","18U815H6dLjYUihhcsLnir@f9941","18zhd6A19F8ZeJZrWxTKPu@6c48a","18zhd6A19F8ZeJZrWxTKPu@f9941","19m5Ey2OdOgrG7HRe4OnMC@6c48a","19m5Ey2OdOgrG7HRe4OnMC@f9941","1crMDkuR5D6YPIWj8+C5ID@6c48a","1crMDkuR5D6YPIWj8+C5ID@f9941","1dejK14ZZClLWnZKUI1cAF@6c48a","1dejK14ZZClLWnZKUI1cAF@f9941","24lwBozaZFG4Yy3xodkNY8@6c48a","24lwBozaZFG4Yy3xodkNY8@f9941","24pwTaKGdEbY0aXpIMdeCd@6c48a","24pwTaKGdEbY0aXpIMdeCd@f9941","29NLeYYg1OspFBrptkTktR@6c48a","29NLeYYg1OspFBrptkTktR@f9941","2eQM22qNxL/YPhnDSI06UD@6c48a","2eQM22qNxL/YPhnDSI06UD@f9941","314rgx0oZEeb9YwHV+pr/C@6c48a","314rgx0oZEeb9YwHV+pr/C@f9941","32dxJXN6ZGQL2EuK3B3mZ4@6c48a","32dxJXN6ZGQL2EuK3B3mZ4@f9941","32h4PmbxBGdKFJXAog0ViU@6c48a","32h4PmbxBGdKFJXAog0ViU@f9941","36fDAHByNEwY30ykszNhgT@6c48a","36fDAHByNEwY30ykszNhgT@f9941","37PDFUXy1Dtoc7Kp+IvK8E@6c48a","37PDFUXy1Dtoc7Kp+IvK8E@f9941","37boFvl+5IiKMMngAf7eDR@6c48a","37boFvl+5IiKMMngAf7eDR@f9941","44yugFAENCnY3Dr4dYkDzH@6c48a","44yugFAENCnY3Dr4dYkDzH@f9941","448MbbVqVAm6DypCHRuJHL@6c48a","448MbbVqVAm6DypCHRuJHL@f9941","4bzQegrBJJ7L0dkKq1F+hM@6c48a","4bzQegrBJJ7L0dkKq1F+hM@f9941","4cb8949CFJNKiJ5U3dP7nr@6c48a","4cb8949CFJNKiJ5U3dP7nr@f9941","4fDDmmiKRILozloFyAAg/V@6c48a","4fDDmmiKRILozloFyAAg/V@f9941","50kVRjP8hBjY3rffF/mW6a@6c48a","50kVRjP8hBjY3rffF/mW6a@f9941","5cKgQppGJG4KneVPORAMAw@6c48a","5cKgQppGJG4KneVPORAMAw@f9941","67vm5ZDTFBZrDYRRRhkLYN@6c48a","67vm5ZDTFBZrDYRRRhkLYN@f9941","6bk9kpoO1DMYvyRoxYZRyc@6c48a","6bk9kpoO1DMYvyRoxYZRyc@f9941","79byMT1dJEJ4l4J1/WcrgA@6c48a","79byMT1dJEJ4l4J1/WcrgA@f9941","7aUU+jQBVOYpfQ/kXHmQxY@6c48a","7aUU+jQBVOYpfQ/kXHmQxY@f9941","7b6cVVyh1M64O+7R90xsdE@6c48a","7b6cVVyh1M64O+7R90xsdE@f9941","86BT4NbkpPCIhVd9HYnf0R@6c48a","86BT4NbkpPCIhVd9HYnf0R@f9941","87AufqIBdOcZfO+fqGZym/@6c48a","87AufqIBdOcZfO+fqGZym/@f9941","87cASmQiBLDpo+jfwuZiO3@6c48a","87cASmQiBLDpo+jfwuZiO3@f9941","95jPHY0rJLv4M8pIJr7Zl/@6c48a","95jPHY0rJLv4M8pIJr7Zl/@f9941","99rw6rBSlFWqdgFE5nwLzS@6c48a","99rw6rBSlFWqdgFE5nwLzS@f9941","9ar+FLjiJPR4Cxln/kFqWK@6c48a","9ar+FLjiJPR4Cxln/kFqWK@f9941","9bQDFmgPJD+Y6/FrHBrygJ@6c48a","9bQDFmgPJD+Y6/FrHBrygJ@f9941","9fcf1clzhLr6tDDjhqtqmk@6c48a","9fcf1clzhLr6tDDjhqtqmk@f9941","9f2QDdIhtPiY8s+6NCQ8g1@6c48a","9f2QDdIhtPiY8s+6NCQ8g1@f9941","a3W/p4vyxN+JptY29jkVOw@6c48a","a3W/p4vyxN+JptY29jkVOw@f9941","b0c7UcVb5JaKaRI/NF55UO@6c48a","b0c7UcVb5JaKaRI/NF55UO@f9941","b1Q6jmdZBOBLYLbywA11eN@6c48a","b1Q6jmdZBOBLYLbywA11eN@f9941","b8LEglRDtPXqEDWmCpoz0p@6c48a","b8LEglRDtPXqEDWmCpoz0p@f9941","c4GUZ7B/JJQ6gryltQtV4/@6c48a","c4GUZ7B/JJQ6gryltQtV4/@f9941","c4LD05zAZDQb4GHIUTgKM6@6c48a","c4LD05zAZDQb4GHIUTgKM6@f9941","c83GCZWiRGraKa2eO35ZUM@6c48a","c83GCZWiRGraKa2eO35ZUM@f9941","c9H1LOQ9BP6bngrZcyx5fe","cccGM/3GBKiK++7/5lMoVT@6c48a","cccGM/3GBKiK++7/5lMoVT@f9941","d0NEPKOv5N/pMlo5qYQ4QU@6c48a","d0NEPKOv5N/pMlo5qYQ4QU@f9941","d6W2JqOw5ISZhmcC4/mnQl@6c48a","d6W2JqOw5ISZhmcC4/mnQl@f9941","d9mzx4LytGI69d+3ypg66N@6c48a","d9mzx4LytGI69d+3ypg66N@f9941","dclp+zI1FGEadMqmRSiOq1","dcnWA7v99K9709mvrpRCCk@6c48a","dcnWA7v99K9709mvrpRCCk@f9941","e44hP4NV5Kv5m4TiqH3mxB@6c48a","e44hP4NV5Kv5m4TiqH3mxB@f9941","edb24617ZO4KcSdZ87XnHr@6c48a","edb24617ZO4KcSdZ87XnHr@f9941","f0HRMqgqtAT4TngCw4Lknd@6c48a","f0HRMqgqtAT4TngCw4Lknd@f9941","f1Nq6RuSRKsqryU7aYrvS5@6c48a","f1Nq6RuSRKsqryU7aYrvS5@f9941","fbwtlGNONEUb0LoMNDtopP","femzUda2pMxarjm7tyFuNo","ffQhOFLZNEMr73/+J8atNn@6c48a","ffQhOFLZNEMr73/+J8atNn@f9941"],"paths":{"0":["db:/assets/launcher/launcherScene",0,1],"1":["db:/assets/game/gameScene",0,1],"51":["db:/internal/physics/default-physics-material",2,1],"65":["db:/internal/default_renderpipeline/builtin-forward",1,1]},"scenes":{"db://assets/game/gameScene.scene":1,"db://assets/launcher/launcherScene.scene":0},"packs":{"040df2d27":[71,73,75,77,81,83,85,87,89,91,93,95,97,99,103,105,107,109,111,113,115,117,119,121,123,125,127,129,131,133,135,137,139,141,143,147,149,151,153,155,157,161,1,163,165,167,169,171,173,176,178,180,182,183,185,187,189,191,193,195,197],"053e2afcb":[79,145],"0a0edac1e":[70,74,72,76,94,96,104,122,124,126,130,134,138,140,152,154,156,158,82,84,90,100,106,118,120,132,150,92,112,114,116,136,148,86,88,102,144,142,80,110,146,98,108,128,160,162,166,164,172,170,168,175,179,181,177,184,186,188,190,192,196],"0d1acd31e":[101,0,159,62]},"versions":{"import":[67,"e3f6a",68,"d7d8b",69,"98d93",2,"a2533",3,"a2533",4,"a2533",5,"a2533",78,"cdcb7",6,"a2533",7,"a2533",8,"a2533",9,"a2533",10,"a2533",11,"a2533",12,"a2533",13,"a2533",14,"a2533",15,"a2533",16,"a2533",17,"a2533",18,"a2533",19,"a2533",20,"a2533",21,"a2533",22,"a2533",23,"a2533",24,"a2533",25,"a2533",26,"a2533",27,"a2533",28,"a2533",29,"a2533",30,"a2533",31,"a2533",32,"a2533",33,"a2533",34,"a2533",35,"a2533",36,"a2533",37,"a2533",38,"a2533",39,"a2533",40,"e8987",41,"a2533",42,"a2533",43,"a2533",44,"a2533",45,"a2533",46,"a2533",47,"a2533",48,"a2533",49,"a2533",50,"a2533",51,"8bce7",52,"a2533",53,"a2533",54,"a2533",55,"a2533",56,"a2533",57,"a2533",58,"a2533",59,"a2533",60,"a2533",61,"a2533",63,"a2533",64,"a2533",65,"731f4",66,"a2533"],"native":[2,"24a84",3,"29666",4,"3e1fe",5,"54c15",6,"b4bd5",7,"c8110",8,"19be7",9,"6d227",10,"7150e",11,"d275b",12,"c42b7",13,"bc584",14,"eac57",15,"77ae3",16,"a4b59",17,"fe2b4",18,"ad199",19,"8b7e8",20,"1a76c",21,"9dfd6",22,"23c6c",23,"27ba4",24,"78402",25,"85d94",26,"6a522",27,"433ce",28,"bd2e9",29,"07b14",30,"3605a",31,"03de0",32,"7136d",33,"8348e",34,"350f1",35,"78bc2",36,"97e73",37,"0f7c4",38,"51fb9",39,"fce78",41,"82227",42,"fcb65",43,"b3a33",44,"2a473",45,"a0a11",46,"d1118",47,"23132",48,"444ee",49,"6a11a",50,"2332e",52,"bce16",53,"07c8d",54,"a480a",55,"37853",56,"26b32",57,"fa1b1",58,"0080a",59,"90e62",60,"64570",61,"eed9b",62,"90dab",63,"4bd5e",64,"423c7",66,"5936c"]},"redirect":[174,"0",194,"0"],"debug":false,"extensionMap":{".cconb":[40]},"hasPreloadScript":true,"dependencyRelationships":{},"types":["cc.SceneAsset","cc.RenderPipeline","cc.PhysicsMaterial"]}