{"skeleton":{"hash":"bZUgjV90Qj+fzcDcaLA/IkNHOQU","spine":"3.8.99","x":-1124.37,"y":-139.79,"width":1280,"height":720,"images":"./image/","audio":""},"bones":[{"name":"root"},{"name":"finger","parent":"root","length":130,"rotation":-170.62,"x":138.65,"y":66.6},{"name":"majiang","parent":"root","rotation":3.81,"x":-140.43,"y":-16.2,"scaleX":0.9537,"scaleY":0.9537},{"name":"hand","parent":"root","rotation":-10.53,"x":5.7,"y":1.94},{"name":"bg","parent":"root","x":-484.37,"y":220.21},{"name":"bg2","parent":"root","x":-484.37,"y":220.21},{"name":"finger2","parent":"finger","length":114.8,"rotation":9.26,"x":129.41,"y":-0.58},{"name":"finger3","parent":"finger2","length":74.62,"rotation":-7.19,"x":116.15,"y":0.54},{"name":"fireworks","parent":"root","x":-0.55,"y":-0.49},{"name":"light","parent":"root","x":0.34,"y":-1.21}],"slots":[{"name":"bg","bone":"bg"},{"name":"bg1","bone":"bg2","color":"ffffff7b"},{"name":"hand","bone":"hand"},{"name":"tz_1","bone":"majiang"},{"name":"finger","bone":"finger3","attachment":"finger"},{"name":"light","bone":"light","blend":"additive"},{"name":"light2","bone":"light","blend":"additive"},{"name":"fireworks_00","bone":"fireworks","blend":"additive"}],"skins":[{"name":"default","attachments":{"finger":{"finger":{"type":"mesh","uvs":[0.67763,0.00676,0.57754,0.06888,0.4933,0.17176,0.41204,0.329,0.37141,0.38529,0.31889,0.44159,0.25249,0.47459,0.19799,0.527,0.13654,0.58912,0.02159,0.66676,0.00177,0.78712,0.03348,0.93271,0.11672,0.99676,0.22276,1,0.28916,0.95794,0.34564,0.91329,0.44177,0.84341,0.52799,0.81623,0.61618,0.81041,0.70934,0.82594,0.81438,0.81235,0.92537,0.75412,0.98681,0.62212,1,0.42606,1,0.22029,1,0.08053,0.88772,9.4E-4],"triangles":[14,13,8,8,13,12,12,11,8,8,7,14,14,7,15,10,9,11,11,9,8,7,6,15,6,5,15,15,5,16,5,4,16,16,4,17,4,3,17,17,3,18,3,2,18,2,1,18,20,19,0,23,21,20,1,0,19,23,20,0,19,18,1,22,21,23,26,23,0,26,24,23,26,25,24],"vertices":[2,1,94.35,-55.25,0.51158,6,-43.4,-48.31,0.48842,2,1,129.15,-51.91,0.24269,6,-8.52,-50.62,0.75731,2,1,160.25,-40.69,0.07003,6,23.98,-44.55,0.92997,2,1,192.31,-20.23,0.024,6,58.92,-29.51,0.976,2,6,75,-25.53,0.99128,7,-37.56,-31.01,0.00872,2,6,94.78,-22.99,0.90731,7,-18.26,-26.02,0.09269,2,6,117.41,-25.82,0.71397,7,4.55,-25.99,0.28603,2,6,137.56,-24.13,0.42695,7,24.33,-21.8,0.57305,2,6,160.46,-21.75,0.17935,7,46.75,-16.57,0.82065,1,7,87.1,-13.15,1,1,7,98.51,5.07,1,1,7,94.33,31.65,1,1,7,70.12,49,1,2,6,159.17,53.76,0.01503,7,36.02,58.18,0.98497,2,6,135.97,55.15,0.09074,7,12.84,56.67,0.90926,2,6,115.69,54.94,0.24332,7,-7.26,53.91,0.75668,2,6,81.55,55.54,0.45649,7,-41.2,50.24,0.54351,3,1,171.92,68.86,0.33659,6,53.13,61.69,0.43574,7,-70.17,52.79,0.22767,2,1,143,74.05,0.62839,6,25.42,71.47,0.37161,2,1,113.22,83.13,0.81242,6,-2.51,85.23,0.18758,2,1,78.53,88.21,0.96,6,-35.92,95.82,0.04,1,1,40.32,86.28,1,2,1,15.61,68.62,0.99922,6,-101.18,86.62,7.8E-4,1,1,4.33,36.95,1,2,1,-3,2.75,0.99895,6,-130.15,24.6,0.00105,1,1,-7.98,-20.48,1,1,1,25.74,-41.55,1],"hull":27,"edges":[0,2,2,4,4,6,6,8,8,10,10,12,12,14,14,16,16,18,18,20,20,22,22,24,24,26,26,28,28,30,30,32,32,34,34,36,36,38,38,40,40,42,42,44,44,46,46,48,48,50,50,52,0,52],"width":333,"height":170}},"fireworks_00":{"fireworks_00":{"width":200,"height":200},"fireworks_01":{"width":200,"height":200},"fireworks_02":{"width":200,"height":200},"fireworks_03":{"width":200,"height":200},"fireworks_04":{"width":200,"height":200},"fireworks_05":{"width":200,"height":200},"fireworks_06":{"width":200,"height":200},"fireworks_07":{"width":200,"height":200},"fireworks_08":{"width":200,"height":200},"fireworks_09":{"width":200,"height":200},"fireworks_10":{"width":200,"height":200},"fireworks_11":{"width":200,"height":200},"fireworks_12":{"width":200,"height":200},"fireworks_13":{"width":200,"height":200},"fireworks_14":{"width":200,"height":200},"fireworks_15":{"width":200,"height":200}},"hand":{"hand":{"x":2.83,"y":-1.44,"width":392,"height":258}},"light":{"light":{"width":198,"height":82}},"light2":{"light":{"width":198,"height":82}}}}],"animations":{"finger_fast":{"slots":{"tz_1":{"attachment":[{"time":1.2333,"name":null}]}},"bones":{"majiang":{"translate":[{"x":231.93,"y":152.12},{"time":0.1,"x":7.51,"y":7.51}]},"finger":{"rotate":[{"time":0.3},{"time":0.9333,"angle":-9.91}],"translate":[{"x":212.76,"y":146.51},{"time":0.1,"curve":"stepped"},{"time":1.2333},{"time":1.3333,"x":166.89,"y":159.25}]},"finger3":{"rotate":[{},{"time":0.1,"angle":-0.09,"curve":"stepped"},{"time":0.3,"angle":-0.09},{"time":0.9333,"angle":-0.3}],"scale":[{"x":0.963,"y":1.07}]},"finger2":{"rotate":[{},{"time":0.1,"angle":-2.59,"curve":"stepped"},{"time":0.3,"angle":-2.59},{"time":0.9333,"angle":-10.32}]},"hand":{"translate":[{"x":212.76,"y":146.51},{"time":0.1,"curve":"stepped"},{"time":1.2333},{"time":1.3333,"x":166.89,"y":159.25}]}}},"finger_slow":{"slots":{"tz_1":{"attachment":[{"time":2.2333,"name":null}]}},"bones":{"majiang":{"translate":[{"x":231.93,"y":152.12},{"time":0.1,"x":7.51,"y":7.51}]},"finger":{"rotate":[{"time":0.3333},{"time":0.4667,"angle":-1.52},{"time":1.8333,"angle":-3.84},{"time":1.9333,"angle":-10.3}],"translate":[{"x":212.76,"y":146.51},{"time":0.1,"curve":"stepped"},{"time":2.2333},{"time":2.3333,"x":166.89,"y":159.25}]},"finger3":{"rotate":[{},{"time":0.1,"angle":-0.09,"curve":"stepped"},{"time":0.3333,"angle":-0.09},{"time":0.4667,"angle":0.29},{"time":1.8333,"angle":0.86},{"time":1.9333,"angle":-6.71}],"scale":[{"x":0.963,"y":1.07}]},"finger2":{"rotate":[{},{"time":0.1,"angle":-2.59,"curve":"stepped"},{"time":0.3333,"angle":-2.59},{"time":0.4667,"angle":-3.68},{"time":1.8333,"angle":-5.36},{"time":1.9333,"angle":-10.45}]},"hand":{"translate":[{"x":212.76,"y":146.51},{"time":0.1,"curve":"stepped"},{"time":2.2333},{"time":2.3333,"x":166.89,"y":159.25}]}}},"fireworks":{"slots":{"finger":{"attachment":[{"name":null}]},"fireworks_00":{"attachment":[{"time":0.0333,"name":"fireworks_00"},{"time":0.0667,"name":"fireworks_01"},{"time":0.1,"name":"fireworks_02"},{"time":0.1333,"name":"fireworks_03"},{"time":0.1667,"name":"fireworks_04"},{"time":0.2,"name":"fireworks_05"},{"time":0.2333,"name":"fireworks_06"},{"time":0.2667,"name":"fireworks_07"},{"time":0.3,"name":"fireworks_08"},{"time":0.3333,"name":"fireworks_09"},{"time":0.3667,"name":"fireworks_10"},{"time":0.4,"name":"fireworks_11"},{"time":0.4333,"name":null}]},"light":{"color":[{"time":0.0667,"color":"ffffffff"},{"time":0.1667,"color":"ffffff00"}],"attachment":[{"name":"light"}]},"light2":{"color":[{"time":0.0667,"color":"ffffffff"},{"time":0.1667,"color":"ffffff00"}]}},"bones":{"majiang":{"translate":[{"x":134.99,"y":10.05}]},"light":{"scale":[{"x":0.06,"y":0.06},{"time":0.0667,"x":2.036,"y":4.723}]}}},"hand_fast":{"slots":{"finger":{"attachment":[{"name":null}]},"hand":{"attachment":[{"name":"hand"}]},"tz_1":{"attachment":[{"name":null}]}},"bones":{"hand":{"translate":[{"x":212.76,"y":146.51},{"time":0.1,"curve":"stepped"},{"time":1.2333},{"time":1.3333,"x":166.89,"y":159.25}]}}},"hand_slow":{"slots":{"finger":{"attachment":[{"name":null}]},"hand":{"attachment":[{"name":"hand"}]},"tz_1":{"attachment":[{"name":null}]}},"bones":{"hand":{"translate":[{"x":212.76,"y":146.51},{"time":0.1,"curve":"stepped"},{"time":2.2333},{"time":2.3333,"x":166.89,"y":159.25}]}}}}}