[1,["48sGjaaupGRrS2qoypclDZ@f9941","20g1ukYUVPvKWKBRznAKo+@f9941","54TknWPwVPqJqeCR+Y/Czo@f9941","95EkngnxZFbYuFpsqVTaFr@f9941","ffuIqPr2JI9I8dPLYGRDpD@f9941","3c6VsfalJLfKp1GNReqln6@f9941","2a9RnmumtH1oZVQJzprKR8@f9941","7eK4vv8w5A+YMANtorGQxs","dfg2KQtExB3Ki9OGZT7L2J@f9941","dfg2KQtExB3Ki9OGZT7L2J@6c48a","ffuIqPr2JI9I8dPLYGRDpD@6c48a"],["node","_spriteFrame","_parent","_textureSource","root","showGiftNode","giftContentNodes","_target","data","_scrollView","_normalSprite","_hoverSprite","_pressedSprite","_disabledSprite","giftItemPrefab"],[["cc.Node",["_name","_layer","_components","_prefab","_lpos","_children","_parent"],1,9,4,5,2,1],["cc.Sprite",["_sizeMode","_type","_enabled","node","__prefab","_spriteFrame","_color"],0,1,4,6,5],["cc.Node",["_name","_layer","_components","_prefab","_lpos","_children","_parent"],1,12,4,5,2,1],"cc.SpriteFrame",["cc.UITransform",["node","__prefab","_contentSize","_anchorPoint"],3,1,4,5,5],["cc.Widget",["_alignFlags","_originalHeight","_alignMode","node","__prefab"],0,1,4],["cc.Prefab",["_name"],2],["cc.CompPrefabInfo",["fileId"],2],["e9081lhTdxIUK6cG0eIjxQ3",["node","__prefab","giftContentNodes","showGiftNode","giftItemPrefab"],3,1,4,1,1,6],["cc.PrefabInfo",["fileId","instance","targetOverrides","nestedPrefabInstanceRoots","root","asset"],-1,1,1],["cc.Button",["_transition","node","__prefab","clickEvents","_normalColor","_target","_normalSprite","_hoverSprite","_pressedSprite","_disabledSprite"],2,1,4,9,5,1,6,6,6,6],["cc.ClickEvent",["_componentId","handler","target"],1,1],["cc.Layout",["_resizeMode","_layoutType","_paddingLeft","_spacingX","_spacingY","node","__prefab"],-2,1,4],["cc.Mask",["node","__prefab"],3,1,4],["cc.Graphics",["node","__prefab","_fillColor"],3,1,4,5],["cc.PageViewIndicator",["spacing","node","__prefab","_cellSize","_spriteFrame"],2,1,4,5,6],["cc.ScrollBar",["_direction","node","__prefab","_handle"],2,1,4,1],["cc.ScrollView",["bounceDuration","brake","horizontal","node","__prefab","_content","_verticalScrollBar"],0,1,4,1,1]],[[7,0,2],[9,0,1,2,3,4,5,5],[4,0,1,2,1],[4,0,1,2,3,1],[0,0,1,6,5,2,3,3],[0,0,1,6,2,3,4,3],[6,0,2],[0,0,1,5,2,3,4,3],[0,0,1,2,3,4,3],[2,0,1,5,2,3,4,3],[2,0,1,6,5,2,3,4,3],[2,0,1,6,2,3,4,3],[8,0,1,2,3,4,1],[1,0,3,4,5,2],[1,2,1,0,3,4,5,4],[1,1,3,4,6,5,2],[1,1,0,3,4,3],[5,0,3,4,2],[5,0,1,2,3,4,4],[10,0,1,2,3,4,5,6,7,8,9,2],[11,0,1,2,3],[12,0,1,2,3,4,5,6,6],[13,0,1,1],[14,0,1,2,1],[15,0,1,2,3,4,2],[16,0,1,2,3,2],[17,0,1,2,3,4,5,6,4]],[[[[6,"giftViewPC"],[7,"giftViewPC",33554432,[-6],[[2,-2,[0,"904S0Y7E5Fx7l4SHN88Vg8"],[5,484,618]],[12,-5,[0,"9buHpYk/5EYZfvOvv48zVz"],-4,-3,8]],[1,"d1PFsSteJOZoZlfbVljclC",null,null,null,-1,0],[1,0,119.88,0]],[4,"bg",33554432,1,[-10,-11,-12],[[2,-7,[0,"89V/r2wOJPCKF+im8uZLsx"],[5,484,618]],[13,0,-8,[0,"6eIl3RCltDoaI1yHHaGwOl"],7],[17,4,-9,[0,"69rkMsmOpFIKC30lYhSjl6"]]],[1,"4eHgZIaS5H57rv+VBhYLzI",null,null,null,1,0]],[9,"scrollBar",33554432,[-17],[[[3,-13,[0,"b5Jou9nl9IwKFwccIuPsgl"],[5,12,566],[0,1,0.5]],[14,false,1,0,-14,[0,"f95YiL+3hLgrPvhMqSeIJ7"],5],[18,37,250,1,-15,[0,"16nJRv5VdACrJcfw/vb0H1"]],-16],4,4,4,1],[1,"46gllSnKJPapW7rFKCcQlY",null,null,null,1,0],[1,242,0,0]],[5,"closeButton",33554432,2,[[2,-18,[0,"3fjLVKsKtMzJwZ787PmfRw"],[5,26,26]],[15,1,-19,[0,"0bWDo4yz5M9a6UYYQ4+2FU"],[4,4292269782],0],[19,1,-21,[0,"1friITNs9AwYC4zaIEjNin"],[[20,"e9081lhTdxIUK6cG0eIjxQ3","hide",1]],[4,4292269782],-20,1,2,3,4]],[1,"49SG8EzPFGh7iXAA9S9XMQ",null,null,null,1,0],[1,215.36,285.659,0]],[10,"ScrollView",33554432,2,[3,-24],[[[2,-22,[0,"9eVGN4pvpPlLBWuA6/Cu7Q"],[5,484,566]],-23],4,1],[1,"7dih/tQ0pMYriyNhGq3lWr",null,null,null,1,0],[1,0,-26,0]],[8,"content",33554432,[[3,-25,[0,"2cBeG5f0BHtJa2svXJ/y/M"],[5,465,0],[0,0.5,1]],[21,1,3,11,31,75,-26,[0,"ddUAYZdRtCW7YpGIYj7ODg"]]],[1,"b0zeA0omZC5IP/0rb5pnLU",null,null,null,1,0],[1,-10,283,0]],[4,"view",33554432,5,[6],[[2,-27,[0,"99EVFePeZDPIAABZGZPszM"],[5,484,566]],[22,-28,[0,"d0qyqHy9RLDbdlQGPY1Ihq"]],[23,-29,[0,"344qiL+AxJWYuewHCTH8mh"],[4,16777215]]],[1,"40U4Pct6NPk6PmjMIrLUTe",null,null,null,1,0]],[5,"indicator",33554432,2,[[2,-30,[0,"6djk3fM39AN5AhjhS1G/TX"],[5,500,60]],[24,10,-31,[0,"bdQMCLc6RCCb+BEJFAynD3"],[5,10,10],6]],[1,"d7mj+znblKapwrJD9BJjqq",null,null,null,1,0],[1,0,-344.913,0]],[11,"bar",33554432,3,[[[3,-32,[0,"11opvdHcZPbYACX0Vmmg4s"],[5,10,156.25],[0,0,0]],-33],4,1],[1,"73DHWMs8FOrLKTlSshIyXu",null,null,null,1,0],[1,-11,-31.25,0]],[16,1,0,9,[0,"12mcSrPkdLiqX1/Wdl6HNs"]],[25,1,3,[0,"a8Trc6kcdOzr+TdaPSh/w+"],10],[26,0.23,0.75,false,5,[0,"59KL8JqEdNuLqi8WUyrRdV"],6,11]],0,[0,4,1,0,0,1,0,5,8,0,6,6,0,0,1,0,-1,2,0,0,2,0,0,2,0,0,2,0,-1,4,0,-2,5,0,-3,8,0,0,3,0,0,3,0,0,3,0,-4,11,0,-1,9,0,0,4,0,0,4,0,7,4,0,0,4,0,0,5,0,-2,12,0,-2,7,0,0,6,0,0,6,0,0,7,0,0,7,0,0,7,0,0,8,0,0,8,0,0,9,0,-2,10,0,8,1,3,2,5,6,2,7,11,9,12,33],[0,0,0,0,0,0,0,0,0,10],[1,10,11,12,13,1,1,1,14,1],[0,0,1,2,3,4,5,6,7,8]],[[{"name":"Rectangle 53","rect":{"x":0,"y":0,"width":4,"height":357},"offset":{"x":0,"y":0},"originalSize":{"width":4,"height":357},"rotated":false,"capInsets":[0,0,0,0],"vertices":{"rawPosition":[-2,-178.5,0,2,-178.5,0,-2,178.5,0,2,178.5,0],"indexes":[0,1,2,2,1,3],"uv":[0,357,4,357,0,0,4,0],"nuv":[0,0,1,0,0,1,1,1],"minPos":{"x":-2,"y":-178.5,"z":0},"maxPos":{"x":2,"y":178.5,"z":0}},"packable":true,"pixelsToUnit":100,"pivot":{"x":0.5,"y":0.5},"meshType":0}],[3],0,[0],[3],[9]],[[{"name":"default_scrollbar_vertical_bg","rect":{"x":0,"y":0,"width":15,"height":30},"offset":{"x":0,"y":0},"originalSize":{"width":15,"height":30},"rotated":false,"capInsets":[4,10,4,10],"vertices":{"rawPosition":[-7.5,-15,0,7.5,-15,0,-7.5,15,0,7.5,15,0],"indexes":[0,1,2,2,1,3],"uv":[0,30,15,30,0,0,15,0],"nuv":[0,0,1,0,0,1,1,1],"minPos":{"x":-7.5,"y":-15,"z":0},"maxPos":{"x":7.5,"y":15,"z":0}},"packable":true,"pixelsToUnit":100,"pivot":{"x":0.5,"y":0.5},"meshType":0}],[3],0,[0],[3],[10]]]]
