[1,["20g1ukYUVPvKWKBRznAKo+@f9941","54TknWPwVPqJqeCR+Y/Czo@f9941","95EkngnxZFbYuFpsqVTaFr@f9941","8278wBbDRGjIInMMQlPnUU@f9941","75TWwsrNdHQ4hRT6LEN0re@f9941","c6LwSzBE9EWphfzwku4R27@f9941","2fK+8arSVMMpMIMU7v6kVt@6c48a","6colKdavNCCLZZpblYtnz8@6c48a","75TWwsrNdHQ4hRT6LEN0re@6c48a","8278wBbDRGjIInMMQlPnUU@6c48a","aa5FcRzzpJ6YDXX6I8Qarm@6c48a","2fK+8arSVMMpMIMU7v6kVt@f9941","6colKdavNCCLZZpblYtnz8@f9941","aa5FcRzzpJ6YDXX6I8Qarm@f9941","e28RDkGfxIG4CKPAZgK1+K","c6LwSzBE9EWphfzwku4R27@6c48a"],["node","_spriteFrame","_textureSource","_target","_normalSprite","_hoverSprite","_pressedSprite","_disabledSprite","root","data","chatBtn","chatFrameScrollView","msgEditBox","_parent","chatMsgNodePrefab"],[["cc.Node",["_name","_layer","_active","_objFlags","_components","_prefab","_parent","_lpos","_children"],-1,9,4,1,5,2],["cc.Sprite",["_type","_sizeMode","node","__prefab","_spriteFrame","_color"],1,1,4,6,5],"cc.SpriteFrame",["cc.Node",["_name","_layer","_active","_parent","_components","_prefab","_lpos","_children"],0,1,12,4,5,2],["cc.Label",["_string","_actualFontSize","_fontSize","_overflow","_enableWrapText","_horizontalAlign","_lineHeight","node","__prefab","_color"],-4,1,4,5],["cc.Button",["_transition","node","__prefab","clickEvents","_target","_normalColor","_normalSprite","_hoverSprite","_pressedSprite","_disabledSprite"],2,1,4,9,1,5,6,6,6,6],["cc.Widget",["_alignFlags","_right","_originalWidth","_originalHeight","node","__prefab"],-1,1,4],["cc.UITransform",["node","__prefab","_contentSize","_anchorPoint"],3,1,4,5,5],["cc.PrefabInfo",["fileId","instance","nestedPrefabInstanceRoots","targetOverrides","root","asset"],-1,1,1],["cc.Prefab",["_name"],2],["cc.CompPrefabInfo",["fileId"],2],["b82c4KEtO1IHKj0jCigsmjx",["node","__prefab","msgEditBox","chatFrameScrollView","chatBtn","chatMsgNodePrefab"],3,1,4,1,1,1,6],["cc.ClickEvent",["_componentId","handler","target"],1,1],["cc.Mask",["node","__prefab"],3,1,4],["cc.Graphics",["node","__prefab","_fillColor"],3,1,4,5],["cc.Layout",["_resizeMode","_layoutType","node","__prefab"],1,1,4],["cc.EditBox",["_inputMode","_maxLength","node","__prefab","editingDidBegan","_textLabel","_placeholderLabel"],1,1,4,9,1,1],["cc.ScrollView",["bounceDuration","brake","horizontal","node","__prefab","_content"],0,1,4,1]],[[10,0,2],[8,0,1,3,2,4,5,5],[7,0,1,2,1],[12,0,1,2,3],[0,0,1,6,4,5,7,3],[7,0,1,2,3,1],[5,0,1,2,3,5,4,6,7,8,9,2],[9,0,2],[0,0,1,8,4,5,7,3],[0,0,2,1,6,8,4,5,7,4],[0,0,3,1,6,4,5,4],[1,0,1,2,3,4,3],[1,0,1,2,3,5,4,3],[1,2,3,4,1],[4,0,1,2,3,4,7,8,9,6],[0,0,1,6,8,4,5,3],[0,0,1,6,4,5,3],[0,0,1,4,5,7,3],[3,0,1,3,7,4,5,6,3],[3,0,2,1,3,7,4,5,6,4],[3,0,2,1,3,4,5,6,4],[3,0,1,3,4,5,6,3],[11,0,1,2,3,4,5,1],[8,0,1,2,3,4,5,5],[1,0,1,2,3,3],[1,2,3,5,1],[1,0,2,3,5,4,2],[1,0,2,3,4,2],[5,1,2,3,5,4,1],[5,0,1,2,3,4,6,7,8,9,2],[6,0,1,4,5,3],[6,0,2,3,4,5,4],[6,0,4,5,2],[13,0,1,1],[14,0,1,2,1],[15,0,1,2,3,3],[4,0,5,1,2,3,4,7,8,7],[4,0,5,1,2,3,4,7,8,9,7],[4,0,5,1,2,6,3,7,8,7],[16,0,1,2,3,4,5,6,3],[17,0,1,2,3,4,5,4]],[[[{"name":"chatbar","rect":{"x":0,"y":0,"width":580,"height":48},"offset":{"x":0,"y":0},"originalSize":{"width":580,"height":48},"rotated":false,"capInsets":[0,0,0,0],"vertices":{"rawPosition":[-290,-24,0,290,-24,0,-290,24,0,290,24,0],"indexes":[0,1,2,2,1,3],"uv":[0,48,580,48,0,0,580,0],"nuv":[0,0,1,0,0,1,1,1],"minPos":{"x":-290,"y":-24,"z":0},"maxPos":{"x":290,"y":24,"z":0}},"packable":true,"pixelsToUnit":100,"pivot":{"x":0.5,"y":0.5},"meshType":0}],[2],0,[0],[2],[6]],[[{"name":"chat_close","rect":{"x":0,"y":0,"width":22,"height":4},"offset":{"x":0,"y":0},"originalSize":{"width":22,"height":4},"rotated":false,"capInsets":[0,0,0,0],"vertices":{"rawPosition":[-11,-2,0,11,-2,0,-11,2,0,11,2,0],"indexes":[0,1,2,2,1,3],"uv":[0,4,22,4,0,0,22,0],"nuv":[0,0,1,0,0,1,1,1],"minPos":{"x":-11,"y":-2,"z":0},"maxPos":{"x":11,"y":2,"z":0}},"packable":true,"pixelsToUnit":100,"pivot":{"x":0.5,"y":0.5},"meshType":0}],[2],0,[0],[2],[7]],[[{"name":"gift-01","rect":{"x":2,"y":0,"width":30,"height":31},"offset":{"x":0,"y":1.5},"originalSize":{"width":34,"height":34},"rotated":false,"capInsets":[0,0,0,0],"vertices":{"rawPosition":[-15,-15.5,0,15,-15.5,0,-15,15.5,0,15,15.5,0],"indexes":[0,1,2,2,1,3],"uv":[2,34,32,34,2,3,32,3],"nuv":[0.058823529411764705,0.08823529411764706,0.9411764705882353,0.08823529411764706,0.058823529411764705,1,0.9411764705882353,1],"minPos":{"x":-15,"y":-15.5,"z":0},"maxPos":{"x":15,"y":15.5,"z":0}},"packable":true,"pixelsToUnit":100,"pivot":{"x":0.5,"y":0.5},"meshType":0}],[2],0,[0],[2],[8]],[[{"name":"send_btn","rect":{"x":0,"y":0,"width":102,"height":48},"offset":{"x":0,"y":0},"originalSize":{"width":102,"height":48},"rotated":false,"capInsets":[0,0,0,0],"vertices":{"rawPosition":[-51,-24,0,51,-24,0,-51,24,0,51,24,0],"indexes":[0,1,2,2,1,3],"uv":[0,48,102,48,0,0,102,0],"nuv":[0,0,1,0,0,1,1,1],"minPos":{"x":-51,"y":-24,"z":0},"maxPos":{"x":51,"y":24,"z":0}},"packable":true,"pixelsToUnit":100,"pivot":{"x":0.5,"y":0.5},"meshType":0}],[2],0,[0],[2],[9]],[[{"name":"chat_bg","rect":{"x":0,"y":0,"width":250,"height":200},"offset":{"x":0,"y":0},"originalSize":{"width":250,"height":200},"rotated":false,"capInsets":[0,0,0,0],"vertices":{"rawPosition":[-125,-100,0,125,-100,0,-125,100,0,125,100,0],"indexes":[0,1,2,2,1,3],"uv":[0,200,250,200,0,0,250,0],"nuv":[0,0,1,0,0,1,1,1],"minPos":{"x":-125,"y":-100,"z":0},"maxPos":{"x":125,"y":100,"z":0}},"packable":true,"pixelsToUnit":100,"pivot":{"x":0.5,"y":0.5},"meshType":0}],[2],0,[0],[2],[10]],[[[7,"chatView"],[8,"chatView",33554432,[-7,-8,-9,-10,-11,-12,-13],[[2,-2,[0,"450JQD6pJOS5bNWjzGTry5"],[5,720,200]],[22,-6,[0,"a4CyZtlC9Bwb37TA9VMPkd"],-5,-4,-3,28]],[23,"4aoVA3RQZGuLsvF+bnopSB",null,null,[],-1,0],[1,0,270,0]],[18,"EditBox",33554432,1,[-17,-18,-19],[[[2,-14,[0,"89jvbdNh1LmqwGH4DYaK3h"],[5,520,40]],[24,1,0,-15,[0,"33mLpXf8dAfb6Ww6gm4nOO"]],-16],4,4,1],[1,"9cDXcOKllAMbJllikOWhBn",null,null,null,1,0],[1,-74.765,-70,0]],[8,"closeButton",33554432,[-25],[[2,-20,[0,"22WjD2FTdGUqXXzms3l/DN"],[5,22,22]],[25,-21,[0,"bfkYKOfnJNUbY76AYuHsMR"],[4,4292269782]],[28,-23,[0,"ebVDY5g4RHOITFzJ7m9Mzu"],[[3,"b82c4KEtO1IHKj0jCigsmjx","hideChatFrame",1]],[4,4292269782],-22],[30,33,6,-24,[0,"c1BB4SK+FMBJZFsUjANNQK"]]],[1,"03Ra3ydGZPD41a0zpXbo5k",null,null,null,1,0],[1,133,89,0]],[9,"createGroupButton",false,33554432,1,[-30],[[2,-26,[0,"961bUCCRhJfbeomXLuwNlP"],[5,100,40]],[11,1,0,-27,[0,"6e9Z9LWphG6474XeuO7S/7"],0],[6,2,-29,[0,"3bqkI7VKJECr6m1H1EB9Mg"],[[3,"b82c4KEtO1IHKj0jCigsmjx","createGroup",1]],[4,4292269782],-28,1,2,3,4]],[1,"c60bdn5zpF9p6SXQFKPBA5",null,null,null,1,0],[1,0,-5.874000000000024,0]],[9,"joinGroupButton",false,33554432,1,[-35],[[2,-31,[0,"a5YPM7bcBGd6zS6g+/eDWu"],[5,100,40]],[11,1,0,-32,[0,"9cPbNOhKJCMbZr17t5RFdN"],5],[6,2,-34,[0,"4cKtjD9UdDEIm4d7lSq6pq"],[[3,"b82c4KEtO1IHKj0jCigsmjx","joinGroup",1]],[4,4292269782],-33,6,7,8,9]],[1,"8ew/6Xr+lFv6XYkxDB0d2W",null,null,null,1,0],[1,191.873,-5.874000000000024,0]],[19,"talkingBoxesScroll",false,33554432,1,[-39,3],[[[2,-36,[0,"ccjuoppWRALo8i0DsX5T2y"],[5,300,200]],[12,1,0,-37,[0,"fcxGnEnnhDGbswhLiqj6ne"],[4,4279900701],22],-38],4,4,1],[1,"1fqhGR4NpIEYKgcNyIhAbP",null,null,null,1,0],[1,-205,72.407,0]],[15,"view",33554432,6,[-44],[[2,-40,[0,"b3SK488yBMHby7RqysmTpp"],[5,300,200]],[33,-41,[0,"13I+uBVoVGKKBvc68iAbzn"]],[34,-42,[0,"098OWXWmROgZzkB8hfnz+k"],[4,16777215]],[31,45,200,200,-43,[0,"49JLp3JUBJuYAy2h4pDb8j"]]],[1,"33AJbPOPBF0LDjvUfKds78",null,null,null,1,0]],[4,"chatButton",33554432,1,[[2,-45,[0,"20EOzAGXlEXJvKNk84fU1v"],[5,54,54]],[26,1,-46,[0,"432S8vH8VHg71nTRCnK+4+"],[4,4292269782],23],[6,1,-48,[0,"0foVUIx/dEH6p5e6F4eIHS"],[[3,"b82c4KEtO1IHKj0jCigsmjx","showChatFrame",1]],[4,4292269782],-47,24,25,26,27]],[1,"eb5WSMwZtA54p+DqAE5URo",null,null,null,1,0],[1,-324.795,6.014,0]],[4,"sendButton",33554432,1,[[2,-49,[0,"fbEC7ieehJpLaD25hh/Lrg"],[5,102,48]],[27,1,-50,[0,"29q8c9xPRIO6HhsudLtGVx"],11],[29,1,-52,[0,"36Lnd2er9BwpkT2THKUfMP"],[[3,"b82c4KEtO1IHKj0jCigsmjx","sendMsg",1]],-51,12,13,14,15]],[1,"dcwW9ggrpHELBeM2k3D71q",null,null,null,1,0],[1,293.069,-70,0]],[4,"giftButton",33554432,1,[[2,-53,[0,"93uIfpUU5MdJh9yRywGKui"],[5,40,40]],[12,1,0,-54,[0,"4cXrmZg9RPV7C3vUdXCdA4"],[4,4292269782],16],[6,1,-56,[0,"a0/E4v4N9J8rcmdtEN+4aw"],[[3,"b82c4KEtO1IHKj0jCigsmjx","showGiftView",1]],[4,4292269782],-55,17,18,19,20]],[1,"cdJ/zB4QNL7J0Vmz++fV4A",null,null,null,1,0],[1,212.654,-70,0]],[4,"content",33554432,7,[[5,-57,[0,"dc8cxti5hF2YJ7W4xf/K8s"],[5,300,0],[0,0,1]],[35,1,2,-58,[0,"3cKLclQ0lNJrrf29O++fT0"]],[32,8,-59,[0,"20ETx6DxBCH51/ZUZn9+2C"]]],[1,"aa/NMf5L1Pcb0MNQfEtYQJ",null,null,null,1,0],[1,-150,100,0]],[10,"Label",512,33554432,4,[[2,-60,[0,"51DJe5jv5PQqy43PacLviH"],[5,100,40]],[14,"创建",20,20,1,false,-61,[0,"80Mhnp2a9Gdr6pUknHphKY"],[4,4278190080]]],[1,"628FnZ/QRJ/rJVFW6zibmZ",null,null,null,1,0]],[10,"Label",512,33554432,5,[[2,-62,[0,"75SPbsVnFKR5O1BLUw1egx"],[5,100,40]],[14,"加入",20,20,1,false,-63,[0,"d53y9VwbBGmrf8gmwyApN6"],[4,4278190080]]],[1,"7cb6bbmE1KWZsnei4U3QOR",null,null,null,1,0]],[4,"chatbar",33554432,2,[[2,-64,[0,"b7bX6K19VPnrYTBMXBDvx/"],[5,580,48]],[13,-65,[0,"beUEPBaZBGj7QeCu2mZ4u+"],10]],[1,"43wwtXLbBPLr1J2XzFdIDp",null,null,null,1,0],[1,20,0,0]],[20,"TEXT_LABEL",false,33554432,2,[[[5,-66,[0,"6cwqwKNGxFr5FyM5O8byGp"],[5,518,40],[0,0,1]],-67],4,1],[1,"55wHzaKCRGcqGBEcc32Aoz",null,null,null,1,0],[1,-258,20,0]],[21,"PLACEHOLDER_LABEL",33554432,2,[[[5,-68,[0,"fajRN2CoZNyZs0Phr6XGzl"],[5,518,40],[0,0,1]],-69],4,1],[1,"67ijQlOQBKTrmS8xLLkapA",null,null,null,1,0],[1,-258,20,0]],[16,"chat_close",33554432,3,[[2,-70,[0,"9btRfAsZBDlIttTgcJ4UWR"],[5,22,4]],[13,-71,[0,"4e7flhuddHd5rGXWzv46/a"],21]],[1,"d4hZKNMLJEw74N6gXKJ7vv",null,null,null,1,0]],[36,"",0,40,20,1,false,15,[0,"7eaNHWrlRMQ5XWW6ODVorX"]],[37,"請輸入文字...",0,20,20,1,false,16,[0,"0cakc4uTRE5oK8h/DaOJ0N"],[4,4290493371]],[39,6,30,2,[0,"f2cmZP6SdPkZqvNUAht0fW"],[[3,"b82c4KEtO1IHKj0jCigsmjx","showChatFrame",1]],18,19],[40,0.23,0.75,false,6,[0,"5aaDZhyDpIO4fABqIj6DpC"],11]],0,[0,8,1,0,0,1,0,10,8,0,11,21,0,12,20,0,0,1,0,-1,4,0,-2,5,0,-3,2,0,-4,9,0,-5,10,0,-6,6,0,-7,8,0,0,2,0,0,2,0,-3,20,0,-1,14,0,-2,15,0,-3,16,0,0,3,0,0,3,0,3,3,0,0,3,0,0,3,0,-1,17,0,0,4,0,0,4,0,3,4,0,0,4,0,-1,12,0,0,5,0,0,5,0,3,5,0,0,5,0,-1,13,0,0,6,0,0,6,0,-3,21,0,-1,7,0,0,7,0,0,7,0,0,7,0,0,7,0,-1,11,0,0,8,0,0,8,0,3,8,0,0,8,0,0,9,0,0,9,0,3,9,0,0,9,0,0,10,0,0,10,0,3,10,0,0,10,0,0,11,0,0,11,0,0,11,0,0,12,0,0,12,0,0,13,0,0,13,0,0,14,0,0,14,0,0,15,0,-2,18,0,0,16,0,-2,19,0,0,17,0,0,17,0,9,1,3,13,6,71],[0,0,0,0,0,0,0,0,0,0,0,0,0,0,0,0,0,0,0,0,0,0,0,0,0,0,0,0,0],[1,4,5,6,7,1,4,5,6,7,1,1,4,5,6,7,1,4,5,6,7,1,1,1,4,5,6,7,14],[0,0,0,1,2,0,0,0,1,2,11,3,3,0,1,2,4,4,0,1,2,12,13,5,5,0,1,2,14]],[[{"name":"icon_chat","rect":{"x":0,"y":0,"width":54,"height":54},"offset":{"x":0,"y":0},"originalSize":{"width":54,"height":54},"rotated":false,"capInsets":[0,0,0,0],"vertices":{"rawPosition":[-27,-27,0,27,-27,0,-27,27,0,27,27,0],"indexes":[0,1,2,2,1,3],"uv":[0,54,54,54,0,0,54,0],"nuv":[0,0,1,0,0,1,1,1],"minPos":{"x":-27,"y":-27,"z":0},"maxPos":{"x":27,"y":27,"z":0}},"packable":true,"pixelsToUnit":100,"pivot":{"x":0.5,"y":0.5},"meshType":0}],[2],0,[0],[2],[15]],[[[7,"chatLabelItem"],[17,"chatLabelItem",33554432,[[5,-2,[0,"58b0qE/zpKi56KdFLZtysd"],[5,290,31.5],[0,0,0.5]],[38,"name:contentnamename:",0,20,20,25,3,-3,[0,"17mjzRSshDwoMvAAd/jcX5"]]],[1,"04pAWDMvtDHqgrslRAb2qj",null,null,null,-1,0],[1,5,-15.75,0]]],0,[0,8,1,0,0,1,0,0,1,0,9,1,3],[],[],[]]]]
