[1,["0fx/3E4ntFTI6c8LdQ9Efx@6c48a"],["_textureSource"],["cc.SpriteFrame"],0,[{"name":"road_b_pc","rect":{"x":0,"y":0,"width":502,"height":253},"offset":{"x":0,"y":0},"originalSize":{"width":502,"height":253},"rotated":false,"capInsets":[0,0,0,0],"vertices":{"rawPosition":[-251,-126.5,0,251,-126.5,0,-251,126.5,0,251,126.5,0],"indexes":[0,1,2,2,1,3],"uv":[0,253,502,253,0,0,502,0],"nuv":[0,0,1,0,0,1,1,1],"minPos":{"x":-251,"y":-126.5,"z":0},"maxPos":{"x":251,"y":126.5,"z":0}},"packable":true,"pixelsToUnit":100,"pivot":{"x":0.5,"y":0.5},"meshType":0}],[0],0,[0],[0],[0]]
