[1,["b97b73c1-0ec3-4975-8996-430d6b8732c0@6c48a"],["_textureSource"],["cc.SpriteFrame"],0,[{"name":"arrow_3","rect":{"x":8,"y":5,"width":8,"height":14},"offset":{"x":0,"y":0},"originalSize":{"width":24,"height":24},"rotated":false,"capInsets":[0,0,0,0],"vertices":{"rawPosition":[-4,-7,0,4,-7,0,-4,7,0,4,7,0],"indexes":[0,1,2,2,1,3],"uv":[8,19,16,19,8,5,16,5],"nuv":[0.3333333333333333,0.20833333333333334,0.6666666666666666,0.20833333333333334,0.3333333333333333,0.7916666666666666,0.6666666666666666,0.7916666666666666],"minPos":{"x":-4,"y":-7,"z":0},"maxPos":{"x":4,"y":7,"z":0}},"packable":true,"pixelsToUnit":100,"pivot":{"x":0.5,"y":0.5},"meshType":0}],[0],0,[0],[0],[0]]
