[1,["de32f5b3-7b28-4154-973f-366282ff2c04@6c48a"],["_textureSource"],["cc.SpriteFrame"],0,[{"name":"icon_check","rect":{"x":5,"y":8,"width":30,"height":22},"offset":{"x":0,"y":1},"originalSize":{"width":40,"height":40},"rotated":false,"capInsets":[0,0,0,0],"vertices":{"rawPosition":[-15,-11,0,15,-11,0,-15,11,0,15,11,0],"indexes":[0,1,2,2,1,3],"uv":[5,32,35,32,5,10,35,10],"nuv":[0.125,0.25,0.875,0.25,0.125,0.8,0.875,0.8],"minPos":{"x":-15,"y":-11,"z":0},"maxPos":{"x":15,"y":11,"z":0}},"packable":true,"pixelsToUnit":100,"pivot":{"x":0.5,"y":0.5},"meshType":0}],[0],0,[0],[0],[0]]
