[1,["fa66fa87-a1c0-434a-a3e8-04f9f1356820@6c48a"],0,[["sp.SkeletonData",["_name","_atlasText","textureNames","_skeletonJson","textures"],-1,3]],[[0,0,1,2,3,4,5]],[[0,"fotiaoqiang","\nfotiaoqiang.png\nsize: 1429,1429\nformat: RGBA4444\nfilter: Linear,Linear\nrepeat: none\n佛跳牆-animation_00\n  rotate: false\n  xy: 621, 850\n  size: 295, 283\n  orig: 350, 350\n  offset: 24, 20\n  index: -1\n佛跳牆-animation_01\n  rotate: false\n  xy: 313, 847\n  size: 295, 282\n  orig: 350, 350\n  offset: 24, 20\n  index: -1\n佛跳牆-animation_02\n  rotate: false\n  xy: 2, 845\n  size: 295, 281\n  orig: 350, 350\n  offset: 24, 20\n  index: -1\n佛跳牆-animation_03\n  rotate: false\n  xy: 918, 580\n  size: 294, 279\n  orig: 350, 350\n  offset: 25, 20\n  index: -1\n佛跳牆-animation_04\n  rotate: false\n  xy: 610, 571\n  size: 293, 277\n  orig: 350, 350\n  offset: 26, 20\n  index: -1\n佛跳牆-animation_05\n  rotate: false\n  xy: 2, 568\n  size: 292, 275\n  orig: 350, 350\n  offset: 27, 20\n  index: -1\n佛跳牆-animation_06\n  rotate: false\n  xy: 905, 304\n  size: 291, 274\n  orig: 350, 350\n  offset: 28, 20\n  index: -1\n佛跳牆-animation_07\n  rotate: false\n  xy: 2, 294\n  size: 291, 272\n  orig: 350, 350\n  offset: 28, 20\n  index: -1\n佛跳牆-animation_08\n  rotate: true\n  xy: 276, 2\n  size: 290, 271\n  orig: 350, 350\n  offset: 29, 20\n  index: -1\n佛跳牆-animation_09\n  rotate: true\n  xy: 549, 2\n  size: 290, 270\n  orig: 350, 350\n  offset: 29, 20\n  index: -1\n佛跳牆-animation_10\n  rotate: true\n  xy: 821, 3\n  size: 290, 270\n  orig: 350, 350\n  offset: 29, 20\n  index: -1\n佛跳牆-animation_11\n  rotate: true\n  xy: 1093, 12\n  size: 290, 270\n  orig: 350, 350\n  offset: 29, 20\n  index: -1\n佛跳牆-animation_12\n  rotate: true\n  xy: 2, 2\n  size: 290, 272\n  orig: 350, 350\n  offset: 29, 20\n  index: -1\n佛跳牆-animation_13\n  rotate: false\n  xy: 296, 294\n  size: 291, 273\n  orig: 350, 350\n  offset: 28, 20\n  index: -1\n佛跳牆-animation_14\n  rotate: false\n  xy: 593, 295\n  size: 291, 274\n  orig: 350, 350\n  offset: 28, 20\n  index: -1\n佛跳牆-animation_15\n  rotate: false\n  xy: 299, 569\n  size: 292, 276\n  orig: 350, 350\n  offset: 27, 20\n  index: -1\n佛跳牆-animation_16\n  rotate: false\n  xy: 926, 861\n  size: 296, 278\n  orig: 350, 350\n  offset: 23, 20\n  index: -1\n佛跳牆-animation_17\n  rotate: false\n  xy: 926, 1141\n  size: 299, 286\n  orig: 350, 350\n  offset: 20, 20\n  index: -1\n佛跳牆-animation_18\n  rotate: false\n  xy: 621, 1135\n  size: 303, 292\n  orig: 350, 350\n  offset: 16, 20\n  index: -1\n佛跳牆-animation_19\n  rotate: false\n  xy: 313, 1131\n  size: 306, 296\n  orig: 350, 350\n  offset: 13, 20\n  index: -1\n佛跳牆-animation_20\n  rotate: false\n  xy: 2, 1128\n  size: 309, 299\n  orig: 350, 350\n  offset: 11, 20\n  index: -1\n",["fotiaoqiang.png"],{"skeleton":{"hash":"PmImymtrKbNs0kss77j/varcGi8","spine":"3.8.99","x":-250,"y":-250,"width":500,"height":500,"images":"./連續圖/","audio":""},"bones":[{"name":"root"}],"slots":[{"name":"佛跳牆-animation_00","bone":"root","attachment":"佛跳牆-animation_20"}],"skins":[{"name":"default","attachments":{"佛跳牆-animation_00":{"佛跳牆-animation_00":{"width":500,"height":500},"佛跳牆-animation_01":{"width":500,"height":500},"佛跳牆-animation_02":{"width":500,"height":500},"佛跳牆-animation_03":{"width":500,"height":500},"佛跳牆-animation_04":{"width":500,"height":500},"佛跳牆-animation_05":{"width":500,"height":500},"佛跳牆-animation_06":{"width":500,"height":500},"佛跳牆-animation_07":{"width":500,"height":500},"佛跳牆-animation_08":{"width":500,"height":500},"佛跳牆-animation_09":{"width":500,"height":500},"佛跳牆-animation_10":{"width":500,"height":500},"佛跳牆-animation_11":{"width":500,"height":500},"佛跳牆-animation_12":{"width":500,"height":500},"佛跳牆-animation_13":{"width":500,"height":500},"佛跳牆-animation_14":{"width":500,"height":500},"佛跳牆-animation_15":{"width":500,"height":500},"佛跳牆-animation_16":{"width":500,"height":500},"佛跳牆-animation_17":{"width":500,"height":500},"佛跳牆-animation_18":{"width":500,"height":500},"佛跳牆-animation_19":{"width":500,"height":500},"佛跳牆-animation_20":{"width":500,"height":500}}}}],"animations":{"animation":{"slots":{"佛跳牆-animation_00":{"attachment":[{"name":"佛跳牆-animation_00"},{"time":0.0667,"name":"佛跳牆-animation_01"},{"time":0.1,"name":"佛跳牆-animation_02"},{"time":0.1333,"name":"佛跳牆-animation_03"},{"time":0.1667,"name":"佛跳牆-animation_04"},{"time":0.2,"name":"佛跳牆-animation_05"},{"time":0.2333,"name":"佛跳牆-animation_06"},{"time":0.2667,"name":"佛跳牆-animation_07"},{"time":0.3333,"name":"佛跳牆-animation_08"},{"time":0.3667,"name":"佛跳牆-animation_09"},{"time":0.4,"name":"佛跳牆-animation_10"},{"time":0.4333,"name":"佛跳牆-animation_11"},{"time":0.4667,"name":"佛跳牆-animation_12"},{"time":0.5,"name":"佛跳牆-animation_13"},{"time":0.5333,"name":"佛跳牆-animation_14"},{"time":0.6,"name":"佛跳牆-animation_15"},{"time":0.6333,"name":"佛跳牆-animation_16"},{"time":0.6667,"name":"佛跳牆-animation_17"},{"time":0.7,"name":"佛跳牆-animation_18"},{"time":0.7333,"name":"佛跳牆-animation_19"},{"time":0.7667,"name":"佛跳牆-animation_20"}]}}}}},[0]]],0,0,[0],[-1],[0]]
