[1,["42J3suqOZO86vbaeD7lKiH"],0,[["sp.SkeletonData",["_name","_atlasText","textureNames","_skeletonJson","textures"],-1,3]],[[0,0,1,2,3,4,5]],[[0,"game_start","\ngame_start.png\nsize: 979,509\nformat: RGBA4444\nfilter: Linear,Linear\nrepeat: none\nbegin\n  rotate: false\n  xy: 2, 2\n  size: 287, 140\n  orig: 289, 141\n  offset: 1, 1\n  index: -1\nbg1\n  rotate: true\n  xy: 512, 13\n  size: 494, 149\n  orig: 494, 149\n  offset: 0, 0\n  index: -1\nbg2\n  rotate: true\n  xy: 663, 19\n  size: 488, 147\n  orig: 488, 147\n  offset: 0, 0\n  index: -1\ngame\n  rotate: true\n  xy: 812, 201\n  size: 306, 152\n  orig: 307, 152\n  offset: 1, 0\n  index: -1\nlight\n  rotate: true\n  xy: 2, 144\n  size: 363, 508\n  orig: 364, 531\n  offset: 0, 22\n  index: -1\nlight_00\n  rotate: true\n  xy: 812, 33\n  size: 166, 165\n  orig: 198, 198\n  offset: 16, 17\n  index: -1\nparticular\n  rotate: false\n  xy: 291, 112\n  size: 197, 30\n  orig: 214, 60\n  offset: 15, 16\n  index: -1\nstar\n  rotate: true\n  xy: 291, 9\n  size: 101, 113\n  orig: 143, 141\n  offset: 29, 14\n  index: -1\n",["game_start.png"],{"skeleton":{"hash":"pUna+lFb7/mCKpi2xVgcc3tYDHc","spine":"3.8.99","x":-640,"y":-360,"width":1280,"height":720,"images":"./images/","audio":""},"bones":[{"name":"root"},{"name":"bg","parent":"root"},{"name":"bg1","parent":"root","x":-194.96},{"name":"bg2","parent":"root","x":198.76},{"name":"begin","parent":"root","x":-185.97},{"name":"game","parent":"root","x":191.71},{"name":"light","parent":"root","x":10.71},{"name":"particular","parent":"root","x":23.38,"y":57.47,"scaleX":0.4,"scaleY":0.4},{"name":"star","parent":"root","x":29.12,"y":-37.98},{"name":"light2","parent":"root"},{"name":"light3","parent":"root","x":10.71},{"name":"particular2","parent":"root","x":23.38,"y":57.47,"scaleX":0.4,"scaleY":0.4},{"name":"particular3","parent":"root","x":23.38,"y":57.47,"scaleX":0.4,"scaleY":0.4},{"name":"particular4","parent":"root","x":23.38,"y":57.47,"scaleX":0.4,"scaleY":0.4},{"name":"particular5","parent":"root","x":23.38,"y":57.47,"scaleX":0.4,"scaleY":0.4},{"name":"particular6","parent":"root","x":23.38,"y":57.47,"scaleX":0.4,"scaleY":0.4}],"slots":[{"name":"1程序麻将摆牌","bone":"bg"},{"name":"bg1","bone":"bg1","attachment":"bg1"},{"name":"bg2","bone":"bg2","attachment":"bg2"},{"name":"particular","bone":"particular","attachment":"particular","blend":"additive"},{"name":"particular2","bone":"particular2","attachment":"particular","blend":"additive"},{"name":"particular3","bone":"particular3","attachment":"particular","blend":"additive"},{"name":"particular4","bone":"particular4","attachment":"particular","blend":"additive"},{"name":"particular5","bone":"particular5","attachment":"particular","blend":"additive"},{"name":"particular6","bone":"particular6","attachment":"particular","blend":"additive"},{"name":"begin","bone":"begin","attachment":"begin"},{"name":"game","bone":"game","attachment":"game"},{"name":"light","bone":"light","attachment":"light","blend":"additive"},{"name":"light2","bone":"light3","attachment":"light","blend":"additive"},{"name":"light_00","bone":"light2","attachment":"light_00","blend":"additive"},{"name":"star","bone":"star","attachment":"star","blend":"additive"}],"skins":[{"name":"default","attachments":{"begin":{"begin":{"x":0.5,"y":0.5,"width":289,"height":141}},"bg1":{"bg1":{"y":0.5,"width":494,"height":149}},"bg2":{"bg2":{"y":0.5,"width":488,"height":147}},"game":{"game":{"x":0.5,"width":307,"height":152}},"light":{"light":{"y":0.5,"width":364,"height":531}},"light2":{"light":{"y":0.5,"width":364,"height":531}},"light_00":{"light_00":{"width":198,"height":198}},"particular":{"particular":{"width":214,"height":60}},"particular2":{"particular":{"width":214,"height":60}},"particular3":{"particular":{"width":214,"height":60}},"particular4":{"particular":{"width":214,"height":60}},"particular5":{"particular":{"width":214,"height":60}},"particular6":{"particular":{"width":214,"height":60}},"star":{"star":{"x":-0.13,"y":0.5,"width":143,"height":141}}}}],"animations":{"animation":{"slots":{"light":{"color":[{"time":0.5333,"color":"ffffffff"},{"time":0.7333,"color":"ffffff00"}]},"light_00":{"color":[{"time":0.3333,"color":"ffffffff"},{"time":0.4667,"color":"ffffff00"}],"attachment":[{"name":null},{"time":0.1667,"name":"light_00"}]},"particular":{"color":[{"time":0.2333,"color":"ffffff00"},{"time":0.4333,"color":"fff45bff","curve":"stepped"},{"time":0.6,"color":"fff45bff"},{"time":0.8,"color":"ffffff00"}],"attachment":[{"name":null},{"time":0.1667,"name":"particular"}]},"particular2":{"color":[{"time":0.3,"color":"ffffff00"},{"time":0.5,"color":"fff45bff","curve":"stepped"},{"time":0.7333,"color":"fff45bff"},{"time":0.9333,"color":"ffffff00"}],"attachment":[{"name":null},{"time":0.3,"name":"particular"}]},"particular3":{"color":[{"time":0.2333,"color":"ffffff01"},{"time":0.4,"color":"fff45bff","curve":"stepped"},{"time":0.6,"color":"fff45bff"},{"time":0.8,"color":"ffffff00"}],"attachment":[{"name":null},{"time":0.2333,"name":"particular"}]},"particular4":{"color":[{"time":0.4667,"color":"ffffff00"},{"time":0.6667,"color":"fff45bff","curve":"stepped"},{"time":0.8667,"color":"fff45bff"},{"time":1.0333,"color":"ffffff00"}],"attachment":[{"name":null},{"time":0.4667,"name":"particular"}]},"particular5":{"color":[{"time":0.2667,"color":"ffffff00"},{"time":0.5,"color":"fff45bff","curve":"stepped"},{"time":0.6,"color":"fff45bff"},{"time":0.8,"color":"ffffff00"}],"attachment":[{"name":null},{"time":0.2667,"name":"particular"}]},"particular6":{"color":[{"time":0.5,"color":"ffffff00"},{"time":0.7333,"color":"fff45bff","curve":"stepped"},{"time":0.8667,"color":"fff45bff"},{"time":1.0667,"color":"ffffff00"}],"attachment":[{"name":null},{"time":0.1667,"name":"particular"}]}},"bones":{"bg1":{"translate":[{"x":-714.92},{"time":0.1667},{"time":0.2333,"x":-60.39},{"time":0.3}]},"begin":{"translate":[{"x":-714.92},{"time":0.1667},{"time":0.2333,"x":-60.39},{"time":0.3}]},"game":{"translate":[{"x":704.2},{"time":0.1667},{"time":0.2333,"x":49.67},{"time":0.3}]},"bg2":{"translate":[{"x":704.2},{"time":0.1667},{"time":0.2333,"x":49.67},{"time":0.3}]},"light2":{"scale":[{"x":0,"y":0},{"time":0.1667,"x":0.3,"y":0.3},{"time":0.4667,"x":3.066,"y":3.066}]},"light":{"scale":[{"x":0,"y":0,"curve":"stepped"},{"time":0.1667,"x":0,"y":0},{"time":0.2333,"x":0.8,"y":0.8},{"time":0.7333,"x":2.217,"y":2.217}]},"star":{"scale":[{"x":0,"y":0}]},"particular":{"translate":[{"time":0.2333},{"time":0.8,"x":433.43}],"scale":[{"x":0,"y":0},{"time":0.2333,"y":0.588}]},"light3":{"scale":[{"x":0,"y":0,"curve":"stepped"},{"time":0.1667,"x":0,"y":0},{"time":0.2333}]},"particular2":{"translate":[{"time":0.3,"x":-40.91,"y":-85.71},{"time":0.9333,"x":366.22,"y":-85.71}],"scale":[{"x":0,"y":0},{"time":0.3,"x":0.644,"y":0.664}]},"particular3":{"translate":[{"time":0.2333,"x":-26.3,"y":-39.93},{"time":0.8,"x":382.78,"y":-25.32}],"scale":[{"x":0,"y":0},{"time":0.2333,"x":0.807,"y":1.254}]},"particular4":{"rotate":[{"angle":-180}],"translate":[{"time":0.4667,"x":37.01,"y":11.69},{"time":1.0333,"x":-337,"y":11.69}],"scale":[{"x":0,"y":0},{"time":0.4667,"x":0.742,"y":0.94}]},"particular5":{"rotate":[{"angle":-180}],"translate":[{"time":0.2667,"x":17.53,"y":-40.91},{"time":0.8,"x":-364.04,"y":-40.91}],"scale":[{"x":0,"y":0},{"time":0.2667,"y":1.316}]},"particular6":{"rotate":[{"angle":-180}],"translate":[{"time":0.5,"x":-30.19,"y":-86.69},{"time":1.0667,"x":-393.5,"y":-86.69}],"scale":[{"x":0,"y":0},{"time":0.5,"y":0.5}]}}}}},[0]]],0,0,[0],[-1],[0]]