{"skeleton":{"hash":"jSqKEO7qWdnsJ0a7MYRUlzwoJeM","spine":"3.8.99","x":2.41,"y":-10.7,"width":18.59,"height":22,"images":"../切圖/视频/","audio":""},"bones":[{"name":"root"}],"slots":[{"name":"1@2x","bone":"root","attachment":"1@2x"},{"name":"2@2x","bone":"root","attachment":"2@2x"},{"name":"3@2x","bone":"root","attachment":"3@2x"}],"skins":[{"name":"default","attachments":{"1@2x":{"1@2x":{"x":15,"y":0.3,"width":12,"height":22}},"2@2x":{"2@2x":{"x":11.06,"y":-0.69,"width":7,"height":18}},"3@2x":{"3@2x":{"x":5.41,"y":0.3,"width":6,"height":13}}}}],"animations":{"animation":{"slots":{"1@2x":{"attachment":[{"name":null},{"time":0.8,"name":"1@2x"},{"time":1,"name":"1@2x"}]},"2@2x":{"attachment":[{"name":null},{"time":0.5333,"name":"2@2x"}]},"3@2x":{"attachment":[{"name":null},{"time":0.2667,"name":"3@2x"}]}}}}}