[1,["ef3e4fd7-e84d-45c2-9cf4-4a6ea1ce6a6b@6c48a"],["_textureSource"],["cc.SpriteFrame"],0,[{"name":"mode_arrow_r","rect":{"x":0,"y":0,"width":32,"height":90},"offset":{"x":0,"y":0},"originalSize":{"width":32,"height":90},"rotated":false,"capInsets":[0,0,0,0],"vertices":{"rawPosition":[-16,-45,0,16,-45,0,-16,45,0,16,45,0],"indexes":[0,1,2,2,1,3],"uv":[0,90,32,90,0,0,32,0],"nuv":[0,0,1,0,0,1,1,1],"minPos":{"x":-16,"y":-45,"z":0},"maxPos":{"x":16,"y":45,"z":0}},"packable":true,"pixelsToUnit":100,"pivot":{"x":0.5,"y":0.5},"meshType":0}],[0],0,[0],[0],[0]]
