[1,["98mkoZqxtALKHn9qj8NKcD"],0,[["sp.SkeletonData",["_name","_atlasText","textureNames","_skeletonJson","textures"],-1,3]],[[0,0,1,2,3,4,5]],[[0,"emoji_03_bixin","\nemoji_03_bixin.png\nsize: 1024,512\nformat: RGBA8888\nfilter: Linear,Linear\nrepeat: none\nbixin_zui\n  rotate: false\n  xy: 357, 18\n  size: 149, 106\n  orig: 149, 106\n  offset: 0, 0\n  index: -1\ndianzan\n  rotate: true\n  xy: 2, 126\n  size: 374, 345\n  orig: 374, 345\n  offset: 0, 0\n  index: -1\nsaihong\n  rotate: false\n  xy: 2, 2\n  size: 353, 122\n  orig: 384, 154\n  offset: 15, 17\n  index: -1\nsaihong1\n  rotate: true\n  xy: 472, 171\n  size: 47, 43\n  orig: 48, 43\n  offset: 1, 0\n  index: -1\nshou1\n  rotate: false\n  xy: 349, 317\n  size: 141, 183\n  orig: 141, 183\n  offset: 0, 0\n  index: -1\nshouzhi\n  rotate: false\n  xy: 349, 126\n  size: 54, 92\n  orig: 54, 92\n  offset: 0, 0\n  index: -1\nxingguang\n  rotate: false\n  xy: 405, 147\n  size: 65, 71\n  orig: 65, 71\n  offset: 0, 0\n  index: -1\nxinxin\n  rotate: true\n  xy: 508, 54\n  size: 115, 103\n  orig: 116, 103\n  offset: 1, 0\n  index: -1\nyanjing\n  rotate: false\n  xy: 349, 220\n  size: 229, 95\n  orig: 229, 95\n  offset: 0, 0\n  index: -1\n",["emoji_03_bixin.png"],{"skeleton":{"hash":"nL6r6eWzg5CuJWKFps8m1g5up9o","spine":"3.8.99","x":-41.35,"y":-34.45,"width":79.8,"height":69,"images":"./images/","audio":"D:/work/工作/魔法表情/03_bixin/images"},"bones":[{"name":"root","scaleX":0.2,"scaleY":0.2},{"name":"bixin","parent":"root"},{"name":"bixin_zui","parent":"bixin","x":23.07,"y":-73.44},{"name":"dianzan_bg","parent":"bixin","x":0.01,"y":-0.61},{"name":"saihong","parent":"bixin","x":0.01,"y":-0.61},{"name":"shou","parent":"bixin","x":-161.03,"y":-97.6},{"name":"shouzhi","parent":"shou","x":-8.42,"y":84.18},{"name":"xingguang","parent":"bixin_zui","x":48.68,"y":-2.2},{"name":"xinxin","parent":"shou","x":21.23,"y":187.39},{"name":"saihong1","parent":"saihong"},{"name":"xinxin2","parent":"shou","x":21.23,"y":187.39},{"name":"xinxin3","parent":"shou","x":21.23,"y":187.39},{"name":"xinxin4","parent":"shou","x":21.23,"y":187.39}],"slots":[{"name":"dianzan","bone":"dianzan_bg","attachment":"dianzan"},{"name":"saihong","bone":"saihong","attachment":"saihong"},{"name":"saihong1","bone":"saihong1","attachment":"saihong1"},{"name":"yanjing","bone":"bixin","attachment":"yanjing"},{"name":"shouzhi","bone":"shouzhi","attachment":"shouzhi"},{"name":"xinxin","bone":"xinxin","attachment":"xinxin"},{"name":"xinxin2","bone":"xinxin2","attachment":"xinxin"},{"name":"xinxin3","bone":"xinxin3","attachment":"xinxin"},{"name":"xinxin4","bone":"xinxin4","attachment":"xinxin"},{"name":"shou1","bone":"shou","attachment":"shou1"},{"name":"bixin_zui","bone":"bixin_zui","attachment":"bixin_zui"},{"name":"xingguang","bone":"xingguang","attachment":"xingguang"}],"skins":[{"name":"default","attachments":{"bixin_zui":{"bixin_zui":{"x":-4.3,"y":7.17,"width":149,"height":106}},"dianzan":{"dianzan":{"x":0.26,"y":0.84,"width":374,"height":345}},"saihong":{"saihong":{"x":0.26,"y":-5.66,"width":384,"height":154}},"saihong1":{"saihong1":{"x":98.26,"y":-0.16,"width":48,"height":43}},"shou1":{"shou1":{"x":24.8,"y":43.83,"width":141,"height":183}},"shouzhi":{"shouzhi":{"x":2.72,"y":13.15,"width":54,"height":92}},"xingguang":{"xingguang":{"x":0.02,"y":0.87,"width":65,"height":71}},"xinxin":{"xinxin":{"x":0.07,"y":3.43,"width":116,"height":103}},"xinxin2":{"xinxin":{"x":0.07,"y":3.43,"width":116,"height":103}},"xinxin3":{"xinxin":{"x":0.07,"y":3.43,"width":116,"height":103}},"xinxin4":{"xinxin":{"x":0.07,"y":3.43,"width":116,"height":103}},"yanjing":{"yanjing":{"x":-0.23,"y":57.23,"width":229,"height":95}}}}],"animations":{"bixin":{"slots":{"saihong":{"color":[{"color":"ffffff00","curve":"stepped"},{"time":0.2,"color":"ffffff00"},{"time":1.1,"color":"ffffffff"}]},"saihong1":{"color":[{"color":"ffffff00","curve":"stepped"},{"time":0.2,"color":"ffffff00"},{"time":0.8,"color":"ffffffff"}]},"xingguang":{"attachment":[{"name":null},{"time":0.8,"name":"xingguang"}]},"xinxin":{"color":[{"time":0.6333,"color":"ffffffff"},{"time":0.7333,"color":"ffffff00"}]},"xinxin2":{"color":[{"time":0.8,"color":"ffffffff"},{"time":0.9,"color":"ffffff00"}]},"xinxin3":{"color":[{"time":0.9667,"color":"ffffffff"},{"time":1.0667,"color":"ffffff00"}]},"xinxin4":{"color":[{"time":1.1,"color":"ffffffff"},{"time":1.2,"color":"ffffff00"}]}},"bones":{"shou":{"scale":[{"x":0,"y":0},{"time":0.2667}]},"shouzhi":{"rotate":[{"angle":-31.93,"curve":"stepped"},{"time":0.1333,"angle":-31.93},{"time":0.2667}],"translate":[{"x":20.62,"y":-19.09,"curve":"stepped"},{"time":0.1333,"x":20.62,"y":-19.09},{"time":0.2667}]},"xinxin":{"translate":[{"y":-107.66,"curve":"stepped"},{"time":0.1333,"y":-107.66},{"time":0.4333,"x":-41.92,"y":-12.6},{"time":0.7333,"x":-43.38,"y":82.46}],"scale":[{"x":0,"y":0,"curve":"stepped"},{"time":0.1333,"x":0,"y":0},{"time":0.7333,"x":0.8,"y":0.8}]},"xinxin2":{"translate":[{"y":-107.66,"curve":"stepped"},{"time":0.3,"y":-107.66},{"time":0.6,"x":-13.74,"y":-25.61},{"time":0.9,"x":49.1,"y":63.68}],"scale":[{"x":0,"y":0,"curve":"stepped"},{"time":0.3,"x":0,"y":0},{"time":0.9,"x":0.6,"y":0.6}]},"xinxin3":{"translate":[{"y":-107.66,"curve":"stepped"},{"time":0.4667,"y":-107.66},{"time":0.7667,"x":-13.74,"y":-39.33},{"time":1.0667,"x":-111.3,"y":29}],"scale":[{"x":0,"y":0,"curve":"stepped"},{"time":0.4667,"x":0,"y":0},{"time":1.0667,"x":0.6,"y":0.6}]},"xinxin4":{"translate":[{"y":-107.66,"curve":"stepped"},{"time":0.6,"y":-107.66},{"time":0.9333,"x":8.81,"y":-20.34},{"time":1.2,"x":-23.15,"y":26.11}],"scale":[{"x":0,"y":0,"curve":"stepped"},{"time":0.6,"x":0,"y":0},{"time":1.2,"x":0.3,"y":0.3}]},"xingguang":{"rotate":[{"time":0.8,"angle":150},{"time":0.9333},{"time":1.0667,"angle":-84.89}],"scale":[{"time":0.8,"x":0,"y":0},{"time":0.9333},{"time":1.0667,"x":0,"y":0}]}}}}},[0]]],0,0,[0],[-1],[0]]