{"importBase":"import","nativeBase":"native","name":"bacTiengowFBundle","deps":["main","resources"],"uuids":["18l/1m8uJAzZkV1tSN5U6/","22Oq/w4YJFMrXQm1NdLw0g","22kcWrOP9OwrK4MzeAII8j","37HP4PjtVEnoMiLeb7TOFs","45Q7nWX85OtIymAh+M6X7q","49GggiGfdFfIG3bJd+OshK","52Rc94vYNNHKzlIRUFc4Oc","6bWaTIdpNNgIGf4lpxkxdy","76fzQoE2JK8Z4qs7uYCfpP","7bSQ8rfstH/Jl25dxJf6is","81C5BPW/JJd4vrPsnxbBYc","82knXRukhBWbCaWg7GxmIn","87kLMUittFErj7L2OIgSMU","90HSFR8+xCqYKY2Dud9iec","90fodFniNHy57QXYfoA309","92Ye42HCJDB7Dr0D6nkv60","9bdPFSUvNMM5V14AEeWDeI","ab698JUhNNjY3PPIPsWQ2y","aeCrvRaghP9pN8o35ykxpE","bckIKMbN1IQoYbad2Bw5TU","bf2lRtjplHFoZsG2Awfch/","c5cFGrzKNOb5jYtGlszPJV","cb6rp655FFpLE1ae9lOSO4","e2sBk4Qx5KjoAMXB+gfGHx","f80mi07JFG2Z3G9zLmgzsz","fcXD/6Mp5P2q61/nvHWjmk","005UCUyyRFNotZ6ZnSO/Dj","02E8gutvJALbJYvYLpjL33","0425PhImJArpbKLiabiTmF","05FvcGNTdGQ4DYXpJB3/mG","08fthutJ1OsZOI/E5lLoIg","08fthutJ1OsZOI/E5lLoIg@6c48a","08fthutJ1OsZOI/E5lLoIg@f9941","08t95af4ZA2YFK4UGYdLrX","09O5jzpg9BCbjPIHiZw3Da","0brOF/2ClHtaxNil/etn4Q","10FyAIawFGcYyOCxtXXZqX","10nkgK8W1KQbMd/PkBAEft","10xnJmL5FMVIOvso5/drZW","11OgrGIT1HlbpH70ksAk2V","11ce53a28","11zoVtRmpIw7hW+WSQgFfb","12KDX0CQVLfaiM1Mn+XSYE","12eba46a4","13ykflF29KwIUhhMCA5Ega","14g2ZE0olLHpm7TWZ7e+cV","14nLalIPNOB73wBjPFbx3g","15rsA8VhFKFpBosiNwb4qb","16cqyrtcdDFJtCg94+muIV","17706fd10","176fQQya1Me6n/ypcWiqiL","18l/1m8uJAzZkV1tSN5U6/@6c48a","18l/1m8uJAzZkV1tSN5U6/@f9941","19qDD2uk1Hv4fnrDscDMEB","196fbGf5NKLrP8I0zSWVHi","1bq7yxfGlAJIBrqH4f01C+","1fW58D6zROCa9kVdg1Pqx6","1fW58D6zROCa9kVdg1Pqx6@6c48a","1fW58D6zROCa9kVdg1Pqx6@f9941","1fpZc+doFBgJrg3jRtqXkb","20AsYH2lpDnpudT2uHuJr0","20P9pUxvVP04MhWrgPY6Wh","20g8DSkb9F9a/2WwWKby3I","21HsyQXBNHT5CO1ZmAICdQ","22Oq/w4YJFMrXQm1NdLw0g@6c48a","22Oq/w4YJFMrXQm1NdLw0g@f9941","23V4984klG+IyKiqt8Fni2","24gH2D5eFLJ6k+f2GLMxuG","24odHCfK5IkorCOCZMcFSA","25Lfe096tN8oe6MWenADYM","28R7TECSlFrowTxwrNqcpV","28zh2tbaxECZRZTjlAd/Pn","2aDM7BVTlGmY6MO8/n/8As","2a9RnmumtH1oZVQJzprKR8","2b1Yy12IpKCL1cxBMEcS90","2d0otSAAhJtqoWvn5Q++gr","2erGA6KzJNabWK94nVmKeS","31HLAtqJxIcKuElQxK66Yq","32MSWOFOpJV4hPKsv1Uy/S","33Q0kYFcZAj4M725kePduf","339XHwAp1My4t9ETPNyAkD","35yLWDApNOHaXyxbVzPem/","36J0l9KjFKPqvbcKf+5pIz","36niaKs75BL5P34Dq94GXk","37HP4PjtVEnoMiLeb7TOFs@6c48a","37HP4PjtVEnoMiLeb7TOFs@f9941","37XIBsvpVCRp6lqzAJEgId","38IXkC/4xGArxTPHs4x5Wh","38tcJ2KCRGOqSog4rNldqC","38ygr1ygRC5ogbFnQEQXlV","3aMhhvOVJPZpXtJ+aloNy+","3cGlRjtrZFzpVJGrYWN/+Z","3c6VsfalJLfKp1GNReqln6","41Ad+BmbpBnIBoG0nmYiMa","41UcqJvtFJQ4FrBT4ARhNU","42Jt6o5FdMtbvS3iegz3Zx","43fLIOV2pKPKo755Rmf9A3","435e77r81Ls4HIahrnoOv1","44x+IzsAFDvZxZ8RULqCCw","45Q7nWX85OtIymAh+M6X7q@6c48a","45Q7nWX85OtIymAh+M6X7q@f9941","48sGjaaupGRrS2qoypclDZ","49GggiGfdFfIG3bJd+OshK@6c48a","49GggiGfdFfIG3bJd+OshK@f9941","4fRtWiMAVFWZsRmfNwboKN","4f850dcwJJKbiH2CvChA+w","52Rc94vYNNHKzlIRUFc4Oc@6c48a","52Rc94vYNNHKzlIRUFc4Oc@f9941","52x9HEs/dAOIwR49hhRPVp","53F7YyYr5JQq0FzycgdjDj","54SQaKynJI2Jgztmi9KBqR","55LbaxtLlGYYHDl1a+9B4b","59k2gDmW5Lp4fTh484CcEz","5bRicLCYVGXoIQNpZD+rt/","5cWHQGlbBNU5Fefp6ekG3o","5cW65jXGRMCKK8iyWtPM2f","5d8QLS2sNEGKnsE2GxParS","5eR224NGROiogkOCU6xLX1","5fcZV57QBH76hV5kPozWs4","60HtkygrFFKLkhlwJ2rr34","60HtkygrFFKLkhlwJ2rr34@6c48a","60HtkygrFFKLkhlwJ2rr34@f9941","62klB70/1NnJ/d2oodSjzT","640P626thDfaOdlH3bkSon","65Lki1xK1L4bfzX152+sii","67pKv4DlhPXLDK0suB3UYP","6bWaTIdpNNgIGf4lpxkxdy@6c48a","6bWaTIdpNNgIGf4lpxkxdy@f9941","6es+2ReXlEKJ+sVzes73ox","6faVLl8WVHhJECwJVQAJwN","6fevJMZs9N8qx8DkIsA/I5","6f0huxu1ZNtrsJGsEPblWV","71aexCqFFABKIQt1HOUWqy","713MDsuhVPiaRal9aCSDRQ","71/nzIxvlOZrPDSSplrZjX","74riQP1O9PX4fQPDrBRz97","75NBmTX/JO9oJYXKkSF18K","76fzQoE2JK8Z4qs7uYCfpP@6c48a","76fzQoE2JK8Z4qs7uYCfpP@f9941","77rXNItzdCO7xTzfMIREyj","78NmKQ06tJj76KGki1a2iF","79I20Ox45FcodtFrHKBHBM","7bIdNd9zlOcITv6nRengYo","7bMI7QaFRK/pVTxz79kz2w","7bSQ8rfstH/Jl25dxJf6is@6c48a","7bSQ8rfstH/Jl25dxJf6is@f9941","7bbXckTGhBWYwmKgXs9Ja6","7cpi8/mn5K76gzBgHfbBfM","7fQ0Wqb/tKxbkuc1o30cej","81C5BPW/JJd4vrPsnxbBYc@6c48a","81C5BPW/JJd4vrPsnxbBYc@f9941","82knXRukhBWbCaWg7GxmIn@6c48a","82knXRukhBWbCaWg7GxmIn@f9941","822fg5XpBPuZ3fgQ3dVeOj","83SifE2OhEibmM9+R/O5a1","84FObBFxlDIK2/KqLmHZn5","84Nup2cPdAWIZFOhuvb3We","87kLMUittFErj7L2OIgSMU@6c48a","87kLMUittFErj7L2OIgSMU@f9941","87lUUJZ3xMHpZskn/18r0b","89Wqux7l9M/7PokgavQWTl","8cyqK/+SBHa4sakbnUaXfd","8fNXiE0nZHWJ9OSuxfVMIX","8fNXiE0nZHWJ9OSuxfVMIX@6c48a","8fNXiE0nZHWJ9OSuxfVMIX@f9941","8fR5pc/95Amr78H0rsZrLG","90Fmt0+K5LL4o0OtHEa7dW","90HSFR8+xCqYKY2Dud9iec@6c48a","90HSFR8+xCqYKY2Dud9iec@f9941","90fodFniNHy57QXYfoA309@6c48a","90fodFniNHy57QXYfoA309@f9941","92Ye42HCJDB7Dr0D6nkv60@6c48a","92Ye42HCJDB7Dr0D6nkv60@f9941","928Nll3d1C0IxwFrUuR31M","93EqSj1UBEf4Zs9kqSlH6a","93uyNW4d5ESoNNlBw+gedn","94kGuGpxZDZ4cSTQ3LgVn3","94t30MJhFKL7Njf46TSUOT","94/MAiAxpLA7lLo/jzv1s6","95XLWIuuhFvbb7vD0pJ+Ah","9bX1tBhvZPELQI/mMwuQJQ","9bdPFSUvNMM5V14AEeWDeI@6c48a","9bdPFSUvNMM5V14AEeWDeI@f9941","9dLqGRhgtM14mp3+iJ+Ad8","9fYjYN+YlNZoRVgo60+HpC","9fYjYN+YlNZoRVgo60+HpC@6c48a","9fYjYN+YlNZoRVgo60+HpC@f9941","a1jdSkC31BuZIIvG8+YZ0Z","a13QYCnW9MxYUBhILj56RO","a5BV8RkgRHS4wfR22ZUoxb","a5979NIv9BX79BmuHiB0WV","a76QxmXG9G34q4yJXu9VwE","a76+KawstF/5PF1KXX8gy7","a8q7ndzulOJbl353u9frBF","aa1/wv2X1GJqpAyYJzHgBk","ab698JUhNNjY3PPIPsWQ2y@6c48a","ab698JUhNNjY3PPIPsWQ2y@f9941","ab+gFJQldAHL1kzpZmsJz1","aeCrvRaghP9pN8o35ykxpE@6c48a","aeCrvRaghP9pN8o35ykxpE@f9941","aes5tmMQlC76644fvIfx56","b0GLkiQdVO84NbiRH6V3Gq","b1q9VCGxZCvpYS5Kkv0mrN","b2HjDsWT5MUL59n+Ib/jh4","b2cDYSX9FO7ZMn3c/050Ao","b7pE9Ynd1K67xCWggfk8um","b7tEaMMt9KaKhC3gp+oF4b","b7xGD0yiRCRYIJzyijn6XZ","b72vWdQHFGDLhBqb8gkXyF","b9FROJUZFFQrDb5dN/JKds","b99E6+PvZII4C6LjWCb3AS","bbEfgLuERLKbz+hDuazczG","bbgIVwVo5DXovhg8Im3u8r","bcStKZwhFNMIwtAbUIgdcx","bckIKMbN1IQoYbad2Bw5TU@6c48a","bckIKMbN1IQoYbad2Bw5TU@f9941","bfMOp2PWdGAo8cEhnE/OOp","bfWzzmWu1NpoYuhL2E0oHB","bf2lRtjplHFoZsG2Awfch/@6c48a","bf2lRtjplHFoZsG2Awfch/@f9941","c0ICSjtSRAJ44dtn0a2xHF","c0MKfQQTRLzLFQcBSO9jCJ","c2JEFWPdNNe7/v7JGE3x1t","c3uPNgunJCsqQzNoUD+0f5","c3yNX2ZTJATo/X2+PgafQV","c5ukk6V+xOnrXPAaXs+iUR","c7jN8mtYdDyJ1962a1BGz0","cbb/xPHTdP/KFy34YT0JDq","cbxW4bDWFITIR2Lr1TlqKN","cdZuva+/RL4LdMhkwj71a1","ce6KxuyhVNqKc2JEC7PAxD","d3/pXJj/9Goq/5eavfSJ9h","d4JKjHBotGzKJWBwGPUMhC","d5gJoyiTNOSawV0bPLQG+m","d5gJoyiTNOSawV0bPLQG+m@6c48a","d5gJoyiTNOSawV0bPLQG+m@f9941","d58I5kyJNHCpQqJDywRlE3","d6B5Y30FRCnKtrS7LDD/12","d6Fm2XDHVK45d2a1Pdj76W","d87ZjnutRCb5QOEHIqtYU5","dau35XRcFBPYQn1Mw/jm/U","dcPvI0BYJAQry6+efJ1a2B","dcdllgohpGUKuE4CsaNZ9C","dcdqMrq3dBaLDuIyvS33g5","dco0Ym3m9JlpEE6JaMk3px","de4t2fjdZHnptb3mt8iShn","dfg2KQtExB3Ki9OGZT7L2J","e0Qn5YDidFwL6EyQDL3Bmp","e0t2Jb2M5MmI3IFbbh12vO","e15dyVAzNF242aUncH37Y0","e2sBk4Qx5KjoAMXB+gfGHx@6c48a","e2sBk4Qx5KjoAMXB+gfGHx@f9941","e5XVDCPF5IM5wcgsXfau/R","e5aDBL1KNCwIl5UOnYDBHL","e8uPuM0EdNgZYenPju9Pdy","e85n2aydpHzJifKYkpcp5O","e9lc9EuuNH1Z8nCDgDeSoF","ebwiWi52xHj5HDt8mCHWjm","eeuW4AnP9HE7DIRN8yDpcy","ee60J504tIr7JbLyla3DFs","f1vy851PdMh7E1gjiB1DU4","f3AukNjV1AEYwIcK937gvE","f3SzoyrIJGTo6+k8bIHPJL","f4DkqsPPpPsoINz/3Yhvlr","f5UL4M2I5OureRqAaimftY","f7kFcPevRAJZbs2B9lyK5G","f80mi07JFG2Z3G9zLmgzsz@6c48a","f80mi07JFG2Z3G9zLmgzsz@f9941","faYN3F9LJAZKFDXhq/0lGX","faxfdBQ7pGbZ2O0ptyZAMe","fcRAii+l5JV6k2CeV4b+e6","fcXD/6Mp5P2q61/nvHWjmk@6c48a","fcXD/6Mp5P2q61/nvHWjmk@f9941","fdpcuEaexF7ouacJSi4kDi","feiXYrh5ZA7aCM+4roFnAI","ffuIqPr2JI9I8dPLYGRDpD","005UCUyyRFNotZ6ZnSO/Dj@6c48a","005UCUyyRFNotZ6ZnSO/Dj@f9941","02E8gutvJALbJYvYLpjL33@6c48a","02E8gutvJALbJYvYLpjL33@f9941","027a78870","027OFhmglBoIv7w+jzf2Zc","0425PhImJArpbKLiabiTmF@6c48a","0425PhImJArpbKLiabiTmF@f9941","05FvcGNTdGQ4DYXpJB3/mG@6c48a","05FvcGNTdGQ4DYXpJB3/mG@f9941","05342a930","05dfa0994","05effc4b2","060bf7f93","062b13243","06xhqwFgtJAYnsBhyhUoug@f9941","071358465","0736bf4cb","074b78b6c","07aa4376d","0831e11da","08t95af4ZA2YFK4UGYdLrX@6c48a","08t95af4ZA2YFK4UGYdLrX@f9941","08caa59b5","09O5jzpg9BCbjPIHiZw3Da@6c48a","09O5jzpg9BCbjPIHiZw3Da@f9941","0aEywwGXNC8ZHFZ6NDcmtq@f9941","0a1yumFUFJjLRk9qPMw/z4","0brOF/2ClHtaxNil/etn4Q@6c48a","0brOF/2ClHtaxNil/etn4Q@f9941","0b0xjPWlFAVq0VmFJ5unMQ@f9941","0bf5b6579","0cKx9+g+VOCZrxoiqT8ZuW","0de199f9b","0e50a439a","0e6914a01","0f7cc02b0","0f85479c8","0fa0586e2","10FyAIawFGcYyOCxtXXZqX@6c48a","10FyAIawFGcYyOCxtXXZqX@f9941","10nkgK8W1KQbMd/PkBAEft@6c48a","10nkgK8W1KQbMd/PkBAEft@f9941","10xnJmL5FMVIOvso5/drZW@6c48a","10xnJmL5FMVIOvso5/drZW@f9941","11Ah31BnlL3aZZFo8vxwA/@f9941","11OgrGIT1HlbpH70ksAk2V@6c48a","11OgrGIT1HlbpH70ksAk2V@f9941","11ce53a28@6c48a","11zoVtRmpIw7hW+WSQgFfb@6c48a","11zoVtRmpIw7hW+WSQgFfb@f9941","12KDX0CQVLfaiM1Mn+XSYE@6c48a","12KDX0CQVLfaiM1Mn+XSYE@f9941","12eba46a4@6c48a","13dwQ5RY5N5IiZAIIcU8cV@f9941","13ykflF29KwIUhhMCA5Ega@6c48a","13ykflF29KwIUhhMCA5Ega@f9941","14g2ZE0olLHpm7TWZ7e+cV@6c48a","14g2ZE0olLHpm7TWZ7e+cV@f9941","14nLalIPNOB73wBjPFbx3g@6c48a","14nLalIPNOB73wBjPFbx3g@f9941","15rsA8VhFKFpBosiNwb4qb@6c48a","15rsA8VhFKFpBosiNwb4qb@f9941","16cqyrtcdDFJtCg94+muIV@6c48a","16cqyrtcdDFJtCg94+muIV@f9941","16mVeAGNpFY620rbu9buI8@f9941","17O9OboQdOK7ENMtCRnSeD@f9941","17706fd10@6c48a","176fQQya1Me6n/ypcWiqiL@6c48a","176fQQya1Me6n/ypcWiqiL@f9941","19hfA7J1JHvLbgzM0Z0Bb8@f9941","19qDD2uk1Hv4fnrDscDMEB@6c48a","19qDD2uk1Hv4fnrDscDMEB@f9941","196fbGf5NKLrP8I0zSWVHi@6c48a","196fbGf5NKLrP8I0zSWVHi@f9941","1a800Gf1tNVppDcIIE2Nt3@f9941","1bq7yxfGlAJIBrqH4f01C+@6c48a","1bq7yxfGlAJIBrqH4f01C+@f9941","1b3sDuiKRDRpF0pmLsYaR+@f9941","1dgcNa5bBAdpuW+b9QYn9E@f9941","1fpZc+doFBgJrg3jRtqXkb@6c48a","1fpZc+doFBgJrg3jRtqXkb@f9941","20AsYH2lpDnpudT2uHuJr0@6c48a","20AsYH2lpDnpudT2uHuJr0@f9941","20P9pUxvVP04MhWrgPY6Wh@6c48a","20P9pUxvVP04MhWrgPY6Wh@f9941","20YzUl2n9NQ4Wdt4CJXLM7@f9941","20g1ukYUVPvKWKBRznAKo+@f9941","20g8DSkb9F9a/2WwWKby3I@6c48a","20g8DSkb9F9a/2WwWKby3I@f9941","21HsyQXBNHT5CO1ZmAICdQ@6c48a","21HsyQXBNHT5CO1ZmAICdQ@f9941","23V4984klG+IyKiqt8Fni2@6c48a","23V4984klG+IyKiqt8Fni2@f9941","24gH2D5eFLJ6k+f2GLMxuG@6c48a","24gH2D5eFLJ6k+f2GLMxuG@f9941","24odHCfK5IkorCOCZMcFSA@6c48a","24odHCfK5IkorCOCZMcFSA@f9941","25Lfe096tN8oe6MWenADYM@6c48a","25Lfe096tN8oe6MWenADYM@f9941","259WfOS7tHl57GqCSPBjcK@f9941","28R7TECSlFrowTxwrNqcpV@6c48a","28R7TECSlFrowTxwrNqcpV@f9941","28zh2tbaxECZRZTjlAd/Pn@6c48a","28zh2tbaxECZRZTjlAd/Pn@f9941","2aDM7BVTlGmY6MO8/n/8As@6c48a","2aDM7BVTlGmY6MO8/n/8As@f9941","2a9RnmumtH1oZVQJzprKR8@6c48a","2a9RnmumtH1oZVQJzprKR8@f9941","2b1Yy12IpKCL1cxBMEcS90@6c48a","2b1Yy12IpKCL1cxBMEcS90@f9941","2d0otSAAhJtqoWvn5Q++gr@6c48a","2d0otSAAhJtqoWvn5Q++gr@f9941","2erGA6KzJNabWK94nVmKeS@6c48a","2erGA6KzJNabWK94nVmKeS@f9941","2fK+8arSVMMpMIMU7v6kVt@f9941","31HLAtqJxIcKuElQxK66Yq@6c48a","31HLAtqJxIcKuElQxK66Yq@f9941","32MSWOFOpJV4hPKsv1Uy/S@6c48a","32MSWOFOpJV4hPKsv1Uy/S@f9941","32Y+AvTg5O1Y/9P1wMMcwG@f9941","33Q0kYFcZAj4M725kePduf@6c48a","33Q0kYFcZAj4M725kePduf@f9941","339XHwAp1My4t9ETPNyAkD@6c48a","339XHwAp1My4t9ETPNyAkD@f9941","34LTkT6t9L+LlsO66MUq14@f9941","35yLWDApNOHaXyxbVzPem/@6c48a","35yLWDApNOHaXyxbVzPem/@f9941","36J0l9KjFKPqvbcKf+5pIz@6c48a","36J0l9KjFKPqvbcKf+5pIz@f9941","36niaKs75BL5P34Dq94GXk@6c48a","36niaKs75BL5P34Dq94GXk@f9941","37XIBsvpVCRp6lqzAJEgId@6c48a","37XIBsvpVCRp6lqzAJEgId@f9941","38IXkC/4xGArxTPHs4x5Wh@6c48a","38IXkC/4xGArxTPHs4x5Wh@f9941","38asI6nnRDlbMSeGbjlNe6@f9941","38tcJ2KCRGOqSog4rNldqC@6c48a","38tcJ2KCRGOqSog4rNldqC@f9941","38ygr1ygRC5ogbFnQEQXlV@6c48a","38ygr1ygRC5ogbFnQEQXlV@f9941","393CdjrXdE/ajrCX8tNcJU@f9941","3aMhhvOVJPZpXtJ+aloNy+@6c48a","3aMhhvOVJPZpXtJ+aloNy+@f9941","3cGlRjtrZFzpVJGrYWN/+Z@6c48a","3cGlRjtrZFzpVJGrYWN/+Z@f9941","3cPqwfEl9LppjICoaFCd7y","3c6VsfalJLfKp1GNReqln6@6c48a","3c6VsfalJLfKp1GNReqln6@f9941","41Ad+BmbpBnIBoG0nmYiMa@6c48a","41Ad+BmbpBnIBoG0nmYiMa@f9941","41UcqJvtFJQ4FrBT4ARhNU@6c48a","41UcqJvtFJQ4FrBT4ARhNU@f9941","42Jt6o5FdMtbvS3iegz3Zx@6c48a","42Jt6o5FdMtbvS3iegz3Zx@f9941","43fLIOV2pKPKo755Rmf9A3@6c48a","43fLIOV2pKPKo755Rmf9A3@f9941","435e77r81Ls4HIahrnoOv1@6c48a","435e77r81Ls4HIahrnoOv1@f9941","44x+IzsAFDvZxZ8RULqCCw@6c48a","44x+IzsAFDvZxZ8RULqCCw@f9941","457fIps6xBnKpJI0z/llgN@f9941","47a6LCXmNH6Zt4bOUlZIJx@f9941","48sGjaaupGRrS2qoypclDZ@6c48a","48sGjaaupGRrS2qoypclDZ@f9941","4cb+1fOnBNpYXDQ2q7iusc","4eCTEhr5NHoqddmXwn2BcB@f9941","4fBonA28lHZL9Aw/DTt/46@f9941","4fRtWiMAVFWZsRmfNwboKN@6c48a","4fRtWiMAVFWZsRmfNwboKN@f9941","4f1pZvYYJJXp5baxuRgn/Y@f9941","4f850dcwJJKbiH2CvChA+w@6c48a","4f850dcwJJKbiH2CvChA+w@f9941","52x9HEs/dAOIwR49hhRPVp@6c48a","52x9HEs/dAOIwR49hhRPVp@f9941","53F7YyYr5JQq0FzycgdjDj@6c48a","53F7YyYr5JQq0FzycgdjDj@f9941","54LS2sRUFJA6vX4K0LhR6y@f9941","54SQaKynJI2Jgztmi9KBqR@6c48a","54SQaKynJI2Jgztmi9KBqR@f9941","54TknWPwVPqJqeCR+Y/Czo@f9941","55LbaxtLlGYYHDl1a+9B4b@6c48a","55LbaxtLlGYYHDl1a+9B4b@f9941","55+jZHA31BwKl+ljQ2ggxe@f9941","59k2gDmW5Lp4fTh484CcEz@6c48a","59k2gDmW5Lp4fTh484CcEz@f9941","594LCPZ35INZca5KOkCOVT@f9941","5bRicLCYVGXoIQNpZD+rt/@6c48a","5bRicLCYVGXoIQNpZD+rt/@f9941","5cWHQGlbBNU5Fefp6ekG3o@6c48a","5cWHQGlbBNU5Fefp6ekG3o@f9941","5cW65jXGRMCKK8iyWtPM2f@6c48a","5cW65jXGRMCKK8iyWtPM2f@f9941","5dvk/kGa5IwZWbSv6zrf3E","5d8QLS2sNEGKnsE2GxParS@6c48a","5d8QLS2sNEGKnsE2GxParS@f9941","5eR224NGROiogkOCU6xLX1@6c48a","5eR224NGROiogkOCU6xLX1@f9941","5engCTpAZDWpvdXibJSl3v","5fcZV57QBH76hV5kPozWs4@6c48a","5fcZV57QBH76hV5kPozWs4@f9941","61uL901QZC66J1Wl8STux8@f9941","61xi0TZMpFX49qnP0qd2RV","62klB70/1NnJ/d2oodSjzT@6c48a","62klB70/1NnJ/d2oodSjzT@f9941","640P626thDfaOdlH3bkSon@6c48a","640P626thDfaOdlH3bkSon@f9941","65Lki1xK1L4bfzX152+sii@6c48a","65Lki1xK1L4bfzX152+sii@f9941","67pKv4DlhPXLDK0suB3UYP@6c48a","67pKv4DlhPXLDK0suB3UYP@f9941","67rkG1j6JMKYP3OiCqJBrN@f9941","6ad4g5eCxCZqJQiLy2fOq9@f9941","6by57tF8VK2rGvUOUn0Lxa@f9941","6colKdavNCCLZZpblYtnz8@f9941","6ejUe24TFMCJuR06gAzbAw","6es+2ReXlEKJ+sVzes73ox@6c48a","6es+2ReXlEKJ+sVzes73ox@f9941","6faVLl8WVHhJECwJVQAJwN@6c48a","6faVLl8WVHhJECwJVQAJwN@f9941","6fevJMZs9N8qx8DkIsA/I5@6c48a","6fevJMZs9N8qx8DkIsA/I5@f9941","6f0huxu1ZNtrsJGsEPblWV@6c48a","6f0huxu1ZNtrsJGsEPblWV@f9941","71XiMJfmpInqOg1iYGfM+u@f9941","71aexCqFFABKIQt1HOUWqy@6c48a","71aexCqFFABKIQt1HOUWqy@f9941","713MDsuhVPiaRal9aCSDRQ@6c48a","713MDsuhVPiaRal9aCSDRQ@f9941","71/nzIxvlOZrPDSSplrZjX@6c48a","71/nzIxvlOZrPDSSplrZjX@f9941","74riQP1O9PX4fQPDrBRz97@6c48a","74riQP1O9PX4fQPDrBRz97@f9941","74zMsjX3lGj62UKWw3LjuT@f9941","75NBmTX/JO9oJYXKkSF18K@6c48a","75NBmTX/JO9oJYXKkSF18K@f9941","75TWwsrNdHQ4hRT6LEN0re@f9941","75roTOulhB67TwHKV5E9d0@f9941","77rXNItzdCO7xTzfMIREyj@6c48a","77rXNItzdCO7xTzfMIREyj@f9941","77wlw/WyNHlIqY3TCbUncV","78I/z1mgdIhb+l9A92nM2+@f9941","78NmKQ06tJj76KGki1a2iF@6c48a","78NmKQ06tJj76KGki1a2iF@f9941","79I20Ox45FcodtFrHKBHBM@6c48a","79I20Ox45FcodtFrHKBHBM@f9941","7992RGF2ZMBZOoAsGAyiI3@f9941","7aYppUCYpEuJ7uKI7ErZ6a@f9941","7bIdNd9zlOcITv6nRengYo@6c48a","7bIdNd9zlOcITv6nRengYo@f9941","7bL0BEfR1DW7oCPjDD3XmS@f9941","7bMI7QaFRK/pVTxz79kz2w@6c48a","7bMI7QaFRK/pVTxz79kz2w@f9941","7bbXckTGhBWYwmKgXs9Ja6@6c48a","7bbXckTGhBWYwmKgXs9Ja6@f9941","7cpi8/mn5K76gzBgHfbBfM@6c48a","7cpi8/mn5K76gzBgHfbBfM@f9941","7dIdxIi8pNd5P1oFYDyofS@f9941","7dj5uJT9FMn6OrOOx83tfK@f9941","7eK4vv8w5A+YMANtorGQxs","7fQ0Wqb/tKxbkuc1o30cej@6c48a","7fQ0Wqb/tKxbkuc1o30cej@f9941","81GHAJmdxJhbiPHUO367vz@f9941","822fg5XpBPuZ3fgQ3dVeOj@6c48a","822fg5XpBPuZ3fgQ3dVeOj@f9941","8278wBbDRGjIInMMQlPnUU@f9941","83SifE2OhEibmM9+R/O5a1@6c48a","83SifE2OhEibmM9+R/O5a1@f9941","84FObBFxlDIK2/KqLmHZn5@6c48a","84FObBFxlDIK2/KqLmHZn5@f9941","84Nup2cPdAWIZFOhuvb3We@6c48a","84Nup2cPdAWIZFOhuvb3We@f9941","87R9FFLRxB4YMN+Wg+oQrX","87lUUJZ3xMHpZskn/18r0b@6c48a","87lUUJZ3xMHpZskn/18r0b@f9941","89OqtuCL5PQoj9JFfWXrcR@f9941","89Wqux7l9M/7PokgavQWTl@6c48a","89Wqux7l9M/7PokgavQWTl@f9941","8clRQnfNNHCJLZPDZ6e7r8","8cyqK/+SBHa4sakbnUaXfd@6c48a","8cyqK/+SBHa4sakbnUaXfd@f9941","8dcHjukiRMl4pSXcXGiGu5@f9941","8fR5pc/95Amr78H0rsZrLG@6c48a","8fR5pc/95Amr78H0rsZrLG@f9941","8fhQlcCK5DjIwRCEhDG8om@f9941","90Fmt0+K5LL4o0OtHEa7dW@6c48a","90Fmt0+K5LL4o0OtHEa7dW@f9941","928Nll3d1C0IxwFrUuR31M@6c48a","928Nll3d1C0IxwFrUuR31M@f9941","93uyNW4d5ESoNNlBw+gedn@6c48a","93uyNW4d5ESoNNlBw+gedn@f9941","94kGuGpxZDZ4cSTQ3LgVn3@6c48a","94kGuGpxZDZ4cSTQ3LgVn3@f9941","94t30MJhFKL7Njf46TSUOT@6c48a","94t30MJhFKL7Njf46TSUOT@f9941","94/MAiAxpLA7lLo/jzv1s6@6c48a","94/MAiAxpLA7lLo/jzv1s6@f9941","95EkngnxZFbYuFpsqVTaFr@f9941","95XLWIuuhFvbb7vD0pJ+Ah@6c48a","95XLWIuuhFvbb7vD0pJ+Ah@f9941","986ebY8NdH2IipIMHMI8T+","99t+H++RVO3q+lpyS4t8x6","9bX1tBhvZPELQI/mMwuQJQ@6c48a","9bX1tBhvZPELQI/mMwuQJQ@f9941","9dLqGRhgtM14mp3+iJ+Ad8@6c48a","9dLqGRhgtM14mp3+iJ+Ad8@f9941","9eX0CUPBpHipPSBwTcDij4@f9941","a1jdSkC31BuZIIvG8+YZ0Z@6c48a","a1jdSkC31BuZIIvG8+YZ0Z@f9941","a13QYCnW9MxYUBhILj56RO@6c48a","a13QYCnW9MxYUBhILj56RO@f9941","a3jiIy22JJWqvEpvdNW4L6@f9941","a5BV8RkgRHS4wfR22ZUoxb@6c48a","a5BV8RkgRHS4wfR22ZUoxb@f9941","a54Iow82hErKNEVfPJms2T","a5979NIv9BX79BmuHiB0WV@6c48a","a5979NIv9BX79BmuHiB0WV@f9941","a76QxmXG9G34q4yJXu9VwE@6c48a","a76QxmXG9G34q4yJXu9VwE@f9941","a76+KawstF/5PF1KXX8gy7@6c48a","a76+KawstF/5PF1KXX8gy7@f9941","a8ZajNkxlLX5KcZjBjfhnf@f9941","a8q7ndzulOJbl353u9frBF@6c48a","a8q7ndzulOJbl353u9frBF@f9941","a9vO2GBWpJgazbBPZiz4tE","aa1/wv2X1GJqpAyYJzHgBk@6c48a","aa1/wv2X1GJqpAyYJzHgBk@f9941","aa5FcRzzpJ6YDXX6I8Qarm@f9941","aa9hMJytxJELgsdkrR+Ly1@f9941","aa+Xl4ZYlN656CxUK6ZLa3","ab+gFJQldAHL1kzpZmsJz1@6c48a","ab+gFJQldAHL1kzpZmsJz1@f9941","adV/Mog+dHSrJq3SZ078NP@f9941","aeJbk4/IBACZVl/75uF9qm@f9941","aes5tmMQlC76644fvIfx56@6c48a","aes5tmMQlC76644fvIfx56@f9941","b0GLkiQdVO84NbiRH6V3Gq@6c48a","b0GLkiQdVO84NbiRH6V3Gq@f9941","b1q9VCGxZCvpYS5Kkv0mrN@6c48a","b1q9VCGxZCvpYS5Kkv0mrN@f9941","b2HjDsWT5MUL59n+Ib/jh4@6c48a","b2HjDsWT5MUL59n+Ib/jh4@f9941","b2cDYSX9FO7ZMn3c/050Ao@6c48a","b2cDYSX9FO7ZMn3c/050Ao@f9941","b2c0VohzhNI6S3R8n8WHml","b2hvSd+m5Jb5GjavS4tVFt","b6LlTjsjhJLbZDc455t5TR@f9941","b7Y7TvJ1REJpT3ftlu7BSg@f9941","b7pE9Ynd1K67xCWggfk8um@6c48a","b7pE9Ynd1K67xCWggfk8um@f9941","b7tEaMMt9KaKhC3gp+oF4b@6c48a","b7tEaMMt9KaKhC3gp+oF4b@f9941","b7xGD0yiRCRYIJzyijn6XZ@6c48a","b7xGD0yiRCRYIJzyijn6XZ@f9941","b72vWdQHFGDLhBqb8gkXyF@6c48a","b72vWdQHFGDLhBqb8gkXyF@f9941","b9FROJUZFFQrDb5dN/JKds@6c48a","b9FROJUZFFQrDb5dN/JKds@f9941","b99E6+PvZII4C6LjWCb3AS@6c48a","b99E6+PvZII4C6LjWCb3AS@f9941","bbEfgLuERLKbz+hDuazczG@6c48a","bbEfgLuERLKbz+hDuazczG@f9941","bbgIVwVo5DXovhg8Im3u8r@6c48a","bbgIVwVo5DXovhg8Im3u8r@f9941","bcStKZwhFNMIwtAbUIgdcx@6c48a","bcStKZwhFNMIwtAbUIgdcx@f9941","bfMOp2PWdGAo8cEhnE/OOp@6c48a","bfMOp2PWdGAo8cEhnE/OOp@f9941","bfWzzmWu1NpoYuhL2E0oHB@6c48a","bfWzzmWu1NpoYuhL2E0oHB@f9941","c0ICSjtSRAJ44dtn0a2xHF@6c48a","c0ICSjtSRAJ44dtn0a2xHF@f9941","c0MKfQQTRLzLFQcBSO9jCJ@6c48a","c0MKfQQTRLzLFQcBSO9jCJ@f9941","c10aQI9QVCrbx+7I3z1BSE@f9941","c2JEFWPdNNe7/v7JGE3x1t@6c48a","c2JEFWPdNNe7/v7JGE3x1t@f9941","c21N7sFFJLp51I9KKJOXrQ","c3uPNgunJCsqQzNoUD+0f5@6c48a","c3uPNgunJCsqQzNoUD+0f5@f9941","c3yNX2ZTJATo/X2+PgafQV@6c48a","c3yNX2ZTJATo/X2+PgafQV@f9941","c5ukk6V+xOnrXPAaXs+iUR@6c48a","c5ukk6V+xOnrXPAaXs+iUR@f9941","c6J/hD3+lPwI6Vjusykbay@f9941","c6LwSzBE9EWphfzwku4R27@f9941","c7tF4hetRHc5wVk0W+vp8X@f9941","c8fENYK2dKBacq20vcQFOo@f9941","cabwPMrelF2rdl7RnzNrpf","cbb/xPHTdP/KFy34YT0JDq@6c48a","cbb/xPHTdP/KFy34YT0JDq@f9941","cbxW4bDWFITIR2Lr1TlqKN@6c48a","cbxW4bDWFITIR2Lr1TlqKN@f9941","ccgRy7udZEFasFP4LFPI/r@f9941","cdZuva+/RL4LdMhkwj71a1@6c48a","cdZuva+/RL4LdMhkwj71a1@f9941","cd+W3oYuRMqKSGCO48Cmvr","ce6KxuyhVNqKc2JEC7PAxD@6c48a","ce6KxuyhVNqKc2JEC7PAxD@f9941","d2WlLv9oNJmqxbsV2VBJD8@f9941","d3/pXJj/9Goq/5eavfSJ9h@6c48a","d3/pXJj/9Goq/5eavfSJ9h@f9941","d4JKjHBotGzKJWBwGPUMhC@6c48a","d4JKjHBotGzKJWBwGPUMhC@f9941","d5Pw1aiZpJs6ZIx6yWba/4@f9941","d58I5kyJNHCpQqJDywRlE3@6c48a","d58I5kyJNHCpQqJDywRlE3@f9941","d6B5Y30FRCnKtrS7LDD/12@6c48a","d6B5Y30FRCnKtrS7LDD/12@f9941","d6Fm2XDHVK45d2a1Pdj76W@6c48a","d6Fm2XDHVK45d2a1Pdj76W@f9941","d6+YznK2xGB419rCrqJnZ+@f9941","d87ZjnutRCb5QOEHIqtYU5@6c48a","d87ZjnutRCb5QOEHIqtYU5@f9941","d8+MyVYs1BToc1aCbwxZwC@f9941","dau35XRcFBPYQn1Mw/jm/U@6c48a","dau35XRcFBPYQn1Mw/jm/U@f9941","dbJA7uyxJGSI0tOBdZAXDV@f9941","db3SFsTs9ERpwAPuJlX5RH","dcGiMk4yVG1Z17zPD37Ksk@f9941","dcPvI0BYJAQry6+efJ1a2B@6c48a","dcPvI0BYJAQry6+efJ1a2B@f9941","dcdllgohpGUKuE4CsaNZ9C@6c48a","dcdllgohpGUKuE4CsaNZ9C@f9941","dcdqMrq3dBaLDuIyvS33g5@6c48a","dcdqMrq3dBaLDuIyvS33g5@f9941","dco0Ym3m9JlpEE6JaMk3px@6c48a","dco0Ym3m9JlpEE6JaMk3px@f9941","dc8dpzMHBKIZSxkOK0psm4@f9941","ddOBDwKQ1MAojPCmtgXCnj@f9941","ddPt3CeHdDgKAxW2+pHu2Z","deSxtvxSxAs6qBYFtv00f9@f9941","deaaM7WnNBtpuC3Xo8s1zF","det4+VA+pNnILw2KBto15G@f9941","de4t2fjdZHnptb3mt8iShn@6c48a","de4t2fjdZHnptb3mt8iShn@f9941","dfIR5itY9CHLBZnPWx47bp@f9941","dfg2KQtExB3Ki9OGZT7L2J@6c48a","dfg2KQtExB3Ki9OGZT7L2J@f9941","e0CofzVjRC/YB7cqyAJ2um@f9941","e0Qn5YDidFwL6EyQDL3Bmp@6c48a","e0Qn5YDidFwL6EyQDL3Bmp@f9941","e0t2Jb2M5MmI3IFbbh12vO@6c48a","e0t2Jb2M5MmI3IFbbh12vO@f9941","e15dyVAzNF242aUncH37Y0@6c48a","e15dyVAzNF242aUncH37Y0@f9941","e17Otgb71Ib4NelH2KkB+L","e28RDkGfxIG4CKPAZgK1+K","e3WzFOkCZN7YKP+PYzP1AX@f9941","e5XVDCPF5IM5wcgsXfau/R@6c48a","e5XVDCPF5IM5wcgsXfau/R@f9941","e5aDBL1KNCwIl5UOnYDBHL@6c48a","e5aDBL1KNCwIl5UOnYDBHL@f9941","e7vlsR7oVOBo300IniKsoZ@f9941","e8uPuM0EdNgZYenPju9Pdy@6c48a","e8uPuM0EdNgZYenPju9Pdy@f9941","e85n2aydpHzJifKYkpcp5O@6c48a","e85n2aydpHzJifKYkpcp5O@f9941","e9lc9EuuNH1Z8nCDgDeSoF@6c48a","e9lc9EuuNH1Z8nCDgDeSoF@f9941","ebwiWi52xHj5HDt8mCHWjm@6c48a","ebwiWi52xHj5HDt8mCHWjm@f9941","edb2MrbPtLz7vyihILya6U@f9941","eetFN/z+VK0IaFzEVk3TXI","eeuW4AnP9HE7DIRN8yDpcy@6c48a","eeuW4AnP9HE7DIRN8yDpcy@f9941","ee60J504tIr7JbLyla3DFs@6c48a","ee60J504tIr7JbLyla3DFs@f9941","efGBqlUhVLcaJyGzgHDCvp@f9941","f1d4qcPsVABrUi/WjjJiaz@f9941","f1vy851PdMh7E1gjiB1DU4@6c48a","f1vy851PdMh7E1gjiB1DU4@f9941","f2BvzbovtI0JJ6N8bVxfoM@f9941","f3AukNjV1AEYwIcK937gvE@6c48a","f3AukNjV1AEYwIcK937gvE@f9941","f3SzoyrIJGTo6+k8bIHPJL@6c48a","f3SzoyrIJGTo6+k8bIHPJL@f9941","f4DkqsPPpPsoINz/3Yhvlr@6c48a","f4DkqsPPpPsoINz/3Yhvlr@f9941","f5UL4M2I5OureRqAaimftY@6c48a","f5UL4M2I5OureRqAaimftY@f9941","f7J1uPEMlH45fJNvZJpprm@f9941","f7kFcPevRAJZbs2B9lyK5G@6c48a","f7kFcPevRAJZbs2B9lyK5G@f9941","f8L9RW34BBQJ6DLbag33RF@f9941","f8iCCwiEVJmoC9s83vtTky","f8+uDEOF1Au4sjvSNbwZcK","f9Siz+/y5GUKHHf0o647b2@f9941","faYN3F9LJAZKFDXhq/0lGX@6c48a","faYN3F9LJAZKFDXhq/0lGX@f9941","faxfdBQ7pGbZ2O0ptyZAMe@6c48a","faxfdBQ7pGbZ2O0ptyZAMe@f9941","fbgeA0VGBBBKyV2nPRkvZp","fcRAii+l5JV6k2CeV4b+e6@6c48a","fcRAii+l5JV6k2CeV4b+e6@f9941","fcrXRPl7dLfqIW/XJ7VrXL","fcv7g6OR9DsK5JhBDPw1zk@f9941","fdpcuEaexF7ouacJSi4kDi@6c48a","fdpcuEaexF7ouacJSi4kDi@f9941","feiXYrh5ZA7aCM+4roFnAI@6c48a","feiXYrh5ZA7aCM+4roFnAI@f9941","ffuIqPr2JI9I8dPLYGRDpD@6c48a","ffuIqPr2JI9I8dPLYGRDpD@f9941"],"paths":{"0":["res/texture/mobile/road_m",1,1],"1":["res/texture/pc/p_p",1,1],"3":["res/texture/pc/label_p_2_pc",1,1],"4":["res/texture/mobile/label_p_2",1,1],"5":["res/texture/pc/l_b_p",1,1],"6":["res/texture/common/label_1",1,1],"7":["res/texture/mobile/label_b_2",1,1],"8":["res/texture/pc/road_pc",1,1],"9":["res/texture/mobile/show_m",1,1],"10":["res/texture/common/label_b",1,1],"11":["res/texture/pc/b_p",1,1],"12":["res/texture/mobile/l_b_m",1,1],"13":["res/texture/mobile/b_m",1,1],"14":["res/texture/mobile/p_m",1,1],"15":["res/texture/pc/label_b_2_pc",1,1],"16":["res/texture/pc/result_p_pc",1,1],"17":["res/texture/common/label_p",1,1],"18":["res/texture/pc/result_t_pc",1,1],"19":["res/texture/mobile/result_t",1,1],"20":["res/texture/pc/result_b_pc",1,1],"21":["bacTiengowFGameScenePC",0,1],"22":["bacTiengowFGameScene",0,1],"23":["res/texture/pc/show_pc",1,1],"24":["res/texture/mobile/result_b",1,1],"25":["res/texture/mobile/result_p",1,1],"30":["res/texture/mobile/lobby_road_frame",1,1],"31":["res/texture/mobile/lobby_road_frame/texture",2,1],"32":["res/texture/mobile/lobby_road_frame/spriteFrame",3,1],"51":["res/texture/mobile/road_m/texture",2,1],"52":["res/texture/mobile/road_m/spriteFrame",3,1],"56":["res/texture/pc/l_p_p",1,1],"57":["res/texture/pc/l_p_p/texture",2,1],"58":["res/texture/pc/l_p_p/spriteFrame",3,1],"64":["res/texture/pc/p_p/texture",2,1],"65":["res/texture/pc/p_p/spriteFrame",3,1],"84":["res/texture/pc/label_p_2_pc/texture",2,1],"85":["res/texture/pc/label_p_2_pc/spriteFrame",3,1],"99":["res/texture/mobile/label_p_2/texture",2,1],"100":["res/texture/mobile/label_p_2/spriteFrame",3,1],"102":["res/texture/pc/l_b_p/texture",2,1],"103":["res/texture/pc/l_b_p/spriteFrame",3,1],"106":["res/texture/common/label_1/texture",2,1],"107":["res/texture/common/label_1/spriteFrame",3,1],"119":["res/texture/mobile/lobby_road",1,1],"120":["res/texture/mobile/lobby_road/texture",2,1],"121":["res/texture/mobile/lobby_road/spriteFrame",3,1],"126":["res/texture/mobile/label_b_2/texture",2,1],"127":["res/texture/mobile/label_b_2/spriteFrame",3,1],"137":["res/texture/pc/road_pc/texture",2,1],"138":["res/texture/pc/road_pc/spriteFrame",3,1],"144":["res/texture/mobile/show_m/texture",2,1],"145":["res/texture/mobile/show_m/spriteFrame",3,1],"149":["res/texture/common/label_b/texture",2,1],"150":["res/texture/common/label_b/spriteFrame",3,1],"151":["res/texture/pc/b_p/texture",2,1],"152":["res/texture/pc/b_p/spriteFrame",3,1],"157":["res/texture/mobile/l_b_m/texture",2,1],"158":["res/texture/mobile/l_b_m/spriteFrame",3,1],"162":["res/texture/pc/lobby_road_pc",1,1],"163":["res/texture/pc/lobby_road_pc/texture",2,1],"164":["res/texture/pc/lobby_road_pc/spriteFrame",3,1],"167":["res/texture/mobile/b_m/texture",2,1],"168":["res/texture/mobile/b_m/spriteFrame",3,1],"169":["res/texture/mobile/p_m/texture",2,1],"170":["res/texture/mobile/p_m/spriteFrame",3,1],"171":["res/texture/pc/label_b_2_pc/texture",2,1],"172":["res/texture/pc/label_b_2_pc/spriteFrame",3,1],"181":["res/texture/pc/result_p_pc/texture",2,1],"182":["res/texture/pc/result_p_pc/spriteFrame",3,1],"184":["res/texture/mobile/road_frame",1,1],"185":["res/texture/mobile/road_frame/texture",2,1],"186":["res/texture/mobile/road_frame/spriteFrame",3,1],"195":["res/texture/common/label_p/texture",2,1],"196":["res/texture/common/label_p/spriteFrame",3,1],"198":["res/texture/pc/result_t_pc/texture",2,1],"199":["res/texture/pc/result_t_pc/spriteFrame",3,1],"214":["res/texture/mobile/result_t/texture",2,1],"215":["res/texture/mobile/result_t/spriteFrame",3,1],"218":["res/texture/pc/result_b_pc/texture",2,1],"219":["res/texture/pc/result_b_pc/spriteFrame",3,1],"233":["res/texture/mobile/l_p_m",1,1],"234":["res/texture/mobile/l_p_m/texture",2,1],"235":["res/texture/mobile/l_p_m/spriteFrame",3,1],"250":["res/texture/pc/show_pc/texture",2,1],"251":["res/texture/pc/show_pc/spriteFrame",3,1],"266":["res/texture/mobile/result_b/texture",2,1],"267":["res/texture/mobile/result_b/spriteFrame",3,1],"271":["res/texture/mobile/result_p/texture",2,1],"272":["res/texture/mobile/result_p/spriteFrame",3,1]},"scenes":{"db://assets/games/bacTiengowF/bacTiengowFGameScene.scene":22,"db://assets/games/bacTiengowF/bacTiengowFGameScenePC.scene":21},"packs":{"027a78870":[469,226],"05342a930":[328,380,424,432,100,127,515,521,145,530,543,607,625,627,652,22,692,719,733,761,762,768],"05dfa0994":[474,537,553],"05effc4b2":[338,576],"060bf7f93":[277,281,301,323,334,353,361,369,371,375,382,393,405,414,416,421,430,434,445,448,450,452,455,458,464,473,476,482,491,502,506,519,528,547,572,575,579,581,617,629,631,641,645,647,659,671,674,689,697,717,721,722,726,731,737,741,743,747,750,752,765],"062b13243":[330,341,2,396,401,437,442,453,462,477,487,522,587,609,669],"071358465":[342,2,517,693,704,707,724,738,745],"0736bf4cb":[279,345,350,367,2,441,466,684,694,728],"074b78b6c":[316,378,426,486,508,511,559,596,613,619,633,653,655,735],"07aa4376d":[384,440,600,620,714,778],"0831e11da":[52,65,478,739],"08caa59b5":[291,321,354,412,443,226,763],"0bf5b6579":[283,298,305,318,326,332,348,357,365,373,388,395,400,85,409,419,428,107,461,480,484,497,499,525,532,150,545,548,556,562,172,564,568,570,182,584,589,592,594,196,199,615,635,643,219,649,657,21,664,672,682,699,701,708,251,756,771,774,776],"0de199f9b":[285,308,340],"0e50a439a":[336,359,390,398,403,411,436,468,493,495,504,535,540,550,586,599,602,637,666,668,677,686,703,711,754,759,767,770],"0e6914a01":[386,407,471,566,590,611,679],"0f7cc02b0":[304,276,352,356,381,383,385,387,389,418,420,423,282,444,447,463,467,465,470,472,475,126,492,496,494,498,529,524,527,144,531,536,297,555,558,578,181,580,319,324,325,329,331,337,344,347,349,372,379,399,402,413,415,433,435,439,449,481,485,503,505,507,514,539,563,300,565,569,571,317,322,335,360,366,278,64,374,392,406,84,408,431,102,284,457,483,137,149,542,552,167,169,574,339,51,358,364,377,425,427,429,99,106,451,501,544,546,157,171,343,368,370,520,561,567,327,151,394,404,454,479,315,333,397,410,460,510,518,549,585,591,593,595,598,583,588,601,195,606,198,610,614,624,626,628,630,634,612,616,618,632,636,638,640,214,644,642,218,654,656,658,648,646,651,665,667,670,673,676,681,688,678,685,683,691,696,700,698,702,710,713,718,720,250,730,732,725,716,734,727,736,740,742,746,266,751,753,749,755,758,764,766,271,769,773,775,777],"0f85479c8":[303,422,138],"0fa0586e2":[320,516,639]},"versions":{"import":[26,"a2533",27,"a2533",280,"024f4",28,"a2533",29,"a2533",286,"cc799",287,"691e7",288,"3f8aa",289,"980f0",290,"d2bd9",292,"50fed",293,"3ef8e",294,"629af",295,"ee087",296,"1e714",33,"a2533",299,"9fa8d",34,"a2533",35,"a2533",307,"46841",309,"d34c0",310,"27e1b",311,"26c2a",312,"55e0d",313,"7b6a2",314,"4ab58",36,"a2533",37,"a2533",38,"a2533",39,"a2533",40,"c1514",41,"a2533",42,"a2533",43,"22f7e",44,"a2533",45,"a2533",46,"a2533",47,"a2533",48,"a2533",49,"10f4f",50,"a2533",0,"a2533",53,"a2533",54,"a2533",55,"a2533",59,"a2533",60,"a2533",61,"a2533",62,"a2533",63,"a2533",1,"a2533",66,"a2533",67,"a2533",68,"a2533",69,"a2533",70,"a2533",71,"a2533",72,"a2533",73,"a2533",74,"a2533",75,"a2533",76,"a2533",77,"a2533",78,"a2533",79,"a2533",80,"a2533",81,"a2533",82,"a2533",83,"a2533",3,"a2533",86,"a2533",87,"a2533",88,"a2533",89,"a2533",90,"a2533",91,"a2533",92,"a2533",93,"a2533",94,"a2533",95,"a2533",96,"a2533",97,"a2533",98,"a2533",4,"a2533",101,"a2533",5,"a2533",103,"5832f",104,"a2533",105,"a2533",6,"a2533",108,"a2533",109,"a2533",110,"a2533",111,"a2533",112,"a2533",113,"a2533",114,"a2533",115,"a2533",116,"a2533",117,"a2533",118,"a2533",122,"a2533",123,"a2533",124,"a2533",125,"a2533",7,"a2533",128,"a2533",129,"a2533",130,"a2533",131,"a2533",132,"a2533",133,"a2533",134,"a2533",135,"a2533",136,"a2533",8,"a2533",139,"a2533",140,"a2533",141,"a2533",142,"a2533",143,"a2533",9,"a2533",146,"a2533",147,"a2533",148,"a2533",10,"a2533",11,"a2533",152,"cec41",153,"a2533",154,"a2533",155,"a2533",156,"a2533",12,"a2533",158,"4ef39",159,"a2533",160,"a2533",161,"a2533",165,"a2533",166,"a2533",13,"a2533",168,"0b579",14,"a2533",170,"56263",15,"a2533",173,"a2533",175,"a2533",176,"a2533",177,"a2533",178,"a2533",179,"a2533",180,"a2533",16,"a2533",183,"a2533",187,"a2533",188,"a2533",189,"a2533",190,"a2533",191,"a2533",192,"a2533",193,"a2533",194,"a2533",17,"a2533",197,"a2533",18,"a2533",200,"a2533",201,"a2533",202,"a2533",203,"a2533",204,"a2533",205,"a2533",206,"a2533",207,"a2533",208,"a2533",209,"a2533",210,"a2533",211,"a2533",212,"a2533",213,"a2533",19,"a2533",215,"f45b0",216,"a2533",217,"a2533",20,"a2533",220,"a2533",221,"a2533",222,"a2533",223,"a2533",224,"a2533",225,"a2533",227,"a2533",228,"a2533",229,"a2533",230,"a2533",231,"a2533",232,"a2533",236,"a2533",237,"a2533",238,"a2533",239,"a2533",240,"a2533",241,"a2533",242,"a2533",243,"a2533",244,"a2533",245,"a2533",246,"a2533",247,"a2533",248,"a2533",249,"a2533",23,"a2533",252,"a2533",253,"a2533",254,"a2533",255,"a2533",256,"a2533",257,"a2533",258,"a2533",259,"a2533",260,"a2533",261,"a2533",262,"a2533",263,"a2533",264,"a2533",265,"a2533",24,"a2533",267,"55878",268,"a2533",269,"a2533",270,"a2533",25,"a2533",272,"ae82d",273,"a2533",274,"a2533",275,"a2533"],"native":[26,"9b73a",27,"de7ab",28,"cbed1",29,"338df",33,"4412a",34,"33d75",35,"440c4",36,"2ed4a",37,"a291e",38,"c9691",39,"b5d5a",40,"a2aeb",41,"12aef",42,"effac",43,"1ba40",44,"8cb5e",45,"d0833",46,"8f78e",47,"d019a",48,"92d87",49,"097ca",50,"51127",0,"196c4",53,"2cbb2",54,"1025a",55,"89de9",59,"cfe7d",60,"e96e3",61,"0ce85",62,"b4a25",63,"cfa5d",1,"f21ca",66,"1173c",67,"98847",68,"6ba03",69,"1d256",70,"0f3fc",71,"af79b",72,"ce64d",73,"d4496",74,"488e9",75,"f6a0a",76,"6a001",77,"239f2",78,"4218e",79,"fe425",80,"581d8",81,"85e6a",82,"59d17",83,"2e334",3,"00e93",86,"b1978",87,"3b642",88,"f1576",89,"b94a2",90,"83bdf",91,"efba1",92,"86514",93,"14d73",94,"672ee",95,"b1b86",96,"6d792",97,"b1c70",98,"3ee22",4,"d7b2b",101,"27ca2",5,"20511",104,"a6e30",105,"9d4c1",6,"8c985",108,"0eaf9",109,"b68b1",110,"73ad2",111,"b69ac",112,"0ea76",113,"899bc",114,"f5c03",115,"bc5d7",116,"b21ee",117,"a2cda",118,"03e45",122,"2e117",123,"f9781",124,"c7d36",125,"66176",7,"2e31e",128,"f17c5",129,"28bc9",130,"fe571",131,"0792e",132,"38fb8",133,"9be18",134,"ce0e4",135,"829bb",136,"a2b7f",8,"73f40",139,"6d792",140,"e63de",141,"e84b9",142,"8f4bc",143,"fa4be",9,"9f0cb",146,"6de88",147,"2cfe1",148,"70d56",10,"d6dc2",11,"0b17c",153,"781eb",154,"b070b",155,"a4257",156,"907cd",12,"3bf34",159,"0a5df",160,"ad921",161,"53ebe",165,"6cef2",166,"44782",13,"c076d",14,"924d5",15,"b7fd3",173,"81fac",175,"9d10d",176,"25d5d",177,"ac927",178,"bf338",179,"74c52",180,"e6501",16,"82a7d",183,"f9ab4",187,"5098c",188,"411fb",189,"a3590",190,"9a431",191,"4617a",192,"9e086",193,"83e56",194,"050cf",17,"2106a",197,"af79b",18,"1d6a5",200,"5720c",201,"26764",202,"dbe4f",203,"eec24",204,"5470a",205,"6de88",206,"b070b",207,"3d23f",208,"19095",209,"8c337",210,"90126",211,"494e2",212,"a2aef",213,"d07c1",19,"f768b",216,"f1f93",217,"2f253",20,"610b6",220,"a460a",221,"f3164",222,"654a1",223,"28e5b",224,"9bf84",225,"f7cc8",227,"857a7",228,"9db1f",229,"0320f",230,"41abf",231,"fbfba",232,"4d559",236,"ddc89",237,"314fe",238,"543b5",239,"6af93",240,"0677e",241,"3d91d",242,"93d21",243,"c3a1f",244,"1cf6c",245,"125cd",246,"d86ae",247,"113bc",248,"d6c97",249,"15104",23,"8ebdc",252,"4f1d3",253,"d884a",254,"8a29d",255,"a5ea9",256,"e0076",257,"50647",258,"f5d2f",259,"35048",260,"fda37",261,"8cbd5",262,"c009a",263,"c45ce",264,"283e7",265,"00ecb",24,"90be7",268,"c35b6",269,"f9aae",270,"80fee",25,"c1608",273,"18a4c",274,"ec6cc",275,"6d707"]},"redirect":[30,"0",31,"0",32,"0",302,"0",306,"0",346,"0",351,"0",355,"0",56,"0",57,"0",58,"0",362,"1",363,"1",376,"0",391,"0",417,"1",438,"0",446,"0",456,"1",459,"1",119,"0",120,"0",121,"0",488,"0",489,"0",490,"0",500,"0",509,"0",512,"0",513,"0",523,"0",526,"0",533,"0",534,"1",538,"1",541,"0",551,"0",554,"0",557,"0",162,"0",163,"0",164,"0",560,"0",174,"0",573,"1",577,"0",582,"0",184,"0",185,"0",186,"0",597,"0",603,"0",604,"0",605,"0",608,"1",621,"0",622,"0",623,"0",650,"0",660,"0",661,"0",662,"0",663,"0",675,"0",680,"0",233,"0",234,"0",235,"0",687,"0",690,"0",695,"0",705,"0",706,"0",709,"1",712,"0",715,"0",723,"0",729,"1",744,"0",748,"0",757,"1",760,"0",772,"0"],"debug":false,"extensionMap":{".cconb":[174]},"hasPreloadScript":true,"dependencyRelationships":{},"types":["cc.SceneAsset","cc.ImageAsset","cc.Texture2D","cc.SpriteFrame"]}