[1,["1453b2297@6c48a"],["_textureSource"],["cc.SpriteFrame","cc.SpriteAtlas"],0,[[[{"name":"s7_1","rect":{"x":3,"y":3,"width":280,"height":400},"offset":{"x":0,"y":0},"originalSize":{"width":280,"height":400},"rotated":false,"capInsets":[0,0,0,0],"packable":true,"pixelsToUnit":100,"pivot":{"x":0.5,"y":0.5},"meshType":0}],[0],0,[0],[0],[0]],[[{"name":"c13_1","rect":{"x":3,"y":409,"width":280,"height":400},"offset":{"x":0,"y":0},"originalSize":{"width":280,"height":400},"rotated":false,"capInsets":[0,0,0,0],"packable":true,"pixelsToUnit":100,"pivot":{"x":0.5,"y":0.5},"meshType":0}],[0],0,[0],[0],[0]],[[{"name":"s9_1","rect":{"x":289,"y":3,"width":280,"height":400},"offset":{"x":0,"y":0},"originalSize":{"width":280,"height":400},"rotated":true,"capInsets":[0,0,0,0],"packable":true,"pixelsToUnit":100,"pivot":{"x":0.5,"y":0.5},"meshType":0}],[0],0,[0],[0],[0]],[[{"name":"h4_1","rect":{"x":695,"y":3,"width":280,"height":400},"offset":{"x":0,"y":0},"originalSize":{"width":280,"height":400},"rotated":false,"capInsets":[0,0,0,0],"packable":true,"pixelsToUnit":100,"pivot":{"x":0.5,"y":0.5},"meshType":0}],[0],0,[0],[0],[0]],[[{"name":"d12_1","rect":{"x":289,"y":289,"width":280,"height":400},"offset":{"x":0,"y":0},"originalSize":{"width":280,"height":400},"rotated":true,"capInsets":[0,0,0,0],"packable":true,"pixelsToUnit":100,"pivot":{"x":0.5,"y":0.5},"meshType":0}],[0],0,[0],[0],[0]],[[{"name":"h3_1","rect":{"x":695,"y":409,"width":280,"height":400},"offset":{"x":0,"y":0},"originalSize":{"width":280,"height":400},"rotated":false,"capInsets":[0,0,0,0],"packable":true,"pixelsToUnit":100,"pivot":{"x":0.5,"y":0.5},"meshType":0}],[0],0,[0],[0],[0]],[[{"name":"c4_1","rect":{"x":289,"y":575,"width":280,"height":400},"offset":{"x":0,"y":0},"originalSize":{"width":280,"height":400},"rotated":true,"capInsets":[0,0,0,0],"packable":true,"pixelsToUnit":100,"pivot":{"x":0.5,"y":0.5},"meshType":0}],[0],0,[0],[0],[0]],[[{"name":"auto-atlas","spriteFrames":["h5_1","005UCUyyRFNotZ6ZnSO/Dj@f9941","d4_1","09O5jzpg9BCbjPIHiZw3Da@f9941","h6_1","11OgrGIT1HlbpH70ksAk2V@f9941","c2_1","14g2ZE0olLHpm7TWZ7e+cV@f9941","h11_1","1bq7yxfGlAJIBrqH4f01C+@f9941","s10_1","23V4984klG+IyKiqt8Fni2@f9941","c8_1","24gH2D5eFLJ6k+f2GLMxuG@f9941","s7_1","25Lfe096tN8oe6MWenADYM@f9941","c13_1","2aDM7BVTlGmY6MO8/n/8As@f9941","s9_1","31HLAtqJxIcKuElQxK66Yq@f9941","h4_1","36J0l9KjFKPqvbcKf+5pIz@f9941","d12_1","38tcJ2KCRGOqSog4rNldqC@f9941","h3_1","38ygr1ygRC5ogbFnQEQXlV@f9941","c4_1","3cGlRjtrZFzpVJGrYWN/+Z@f9941","d8_1","435e77r81Ls4HIahrnoOv1@f9941","h7_1","4fRtWiMAVFWZsRmfNwboKN@f9941","h1_1","4f850dcwJJKbiH2CvChA+w@f9941","h8_1","52x9HEs/dAOIwR49hhRPVp@f9941","d9_1","53F7YyYr5JQq0FzycgdjDj@f9941","c1_1","54SQaKynJI2Jgztmi9KBqR@f9941","h2_1","55LbaxtLlGYYHDl1a+9B4b@f9941","s8_1","5bRicLCYVGXoIQNpZD+rt/@f9941","s4_1","5eR224NGROiogkOCU6xLX1@f9941","d1_1","5fcZV57QBH76hV5kPozWs4@f9941","h13_1","640P626thDfaOdlH3bkSon@f9941","s3_1","71aexCqFFABKIQt1HOUWqy@f9941","c6_1","71/nzIxvlOZrPDSSplrZjX@f9941","s5_1","78NmKQ06tJj76KGki1a2iF@f9941","d13_1","7bMI7QaFRK/pVTxz79kz2w@f9941","d3_1","84Nup2cPdAWIZFOhuvb3We@f9941","d2_1","95XLWIuuhFvbb7vD0pJ+Ah@f9941","c3_1","9bX1tBhvZPELQI/mMwuQJQ@f9941","d10_1","9dLqGRhgtM14mp3+iJ+Ad8@f9941","d6_1","b2HjDsWT5MUL59n+Ib/jh4@f9941","s12_1","b7xGD0yiRCRYIJzyijn6XZ@f9941","h10_1","b72vWdQHFGDLhBqb8gkXyF@f9941","c7_1_","bcStKZwhFNMIwtAbUIgdcx@f9941","c5_1","bfWzzmWu1NpoYuhL2E0oHB@f9941","s11_1","c0ICSjtSRAJ44dtn0a2xHF@f9941","d5_1","c5ukk6V+xOnrXPAaXs+iUR@f9941","d7_1","cdZuva+/RL4LdMhkwj71a1@f9941","s1_1","ce6KxuyhVNqKc2JEC7PAxD@f9941","c10_1","dcPvI0BYJAQry6+efJ1a2B@f9941","c9_1","e0Qn5YDidFwL6EyQDL3Bmp@f9941","s6_1","e15dyVAzNF242aUncH37Y0@f9941","c12_1","e5XVDCPF5IM5wcgsXfau/R@f9941","h12_1","e8uPuM0EdNgZYenPju9Pdy@f9941","s13_1","ebwiWi52xHj5HDt8mCHWjm@f9941","h9_1","eeuW4AnP9HE7DIRN8yDpcy@f9941","s2_1","ee60J504tIr7JbLyla3DFs@f9941","d11_1","f1vy851PdMh7E1gjiB1DU4@f9941","card_b","f3SzoyrIJGTo6+k8bIHPJL@f9941","c11_1","faYN3F9LJAZKFDXhq/0lGX@f9941"]}],[1],0,[],[],[]]]]
