[1,["f85edeea-e4e3-4565-9b87-e098dc204b2d@f9941","f85edeea-e4e3-4565-9b87-e098dc204b2d@6c48a"],["spriteFrame","_textureSource"],["cc.SpriteFrame",["cc.BitmapFont",["_name","fontSize","fntConfig"],0]],[[1,0,1,2,4]],[[[[0,"baccarat_cube_num",11,{"commonHeight":11,"fontSize":11,"atlasName":"baccarat_cube_num.png","fontDefDictionary":{"54":{"xOffset":0,"yOffset":0,"xAdvance":7,"rect":{"x":0,"y":11,"width":7,"height":11}},"66":{"xOffset":0,"yOffset":0,"xAdvance":9,"rect":{"x":0,"y":0,"width":9,"height":10}},"80":{"xOffset":0,"yOffset":0,"xAdvance":8,"rect":{"x":19,"y":0,"width":8,"height":10}},"84":{"xOffset":0,"yOffset":0,"xAdvance":8,"rect":{"x":10,"y":0,"width":8,"height":10}}},"kerningDict":{}}]],0,0,[0],[0],[0]],[[{"name":"baccarat_cube_num","rect":{"x":0,"y":0,"width":27,"height":22},"offset":{"x":-0.5,"y":0.5},"originalSize":{"width":28,"height":23},"rotated":false,"capInsets":[0,0,0,0],"vertices":{"rawPosition":[-13.5,-11,0,13.5,-11,0,-13.5,11,0,13.5,11,0],"indexes":[0,1,2,2,1,3],"uv":[0,23,27,23,0,1,27,1],"nuv":[0,0.043478260869565216,0.9642857142857143,0.043478260869565216,0,1,0.9642857142857143,1],"minPos":{"x":-13.5,"y":-11,"z":0},"maxPos":{"x":13.5,"y":11,"z":0}},"packable":true,"pixelsToUnit":100,"pivot":{"x":0.5,"y":0.5},"meshType":0}],[0],0,[0],[1],[1]]]]
