[1,["87kLMUittFErj7L2OIgSMU@6c48a"],["_textureSource"],["cc.SpriteFrame"],0,[{"name":"l_b_m","rect":{"x":0,"y":0,"width":42,"height":38},"offset":{"x":0,"y":0},"originalSize":{"width":42,"height":38},"rotated":false,"capInsets":[0,0,0,0],"vertices":{"rawPosition":[-21,-19,0,21,-19,0,-21,19,0,21,19,0],"indexes":[0,1,2,2,1,3],"uv":[0,38,42,38,0,0,42,0],"nuv":[0,0,1,0,0,1,1,1],"minPos":{"x":-21,"y":-19,"z":0},"maxPos":{"x":21,"y":19,"z":0}},"packable":true,"pixelsToUnit":100,"pivot":{"x":0.5,"y":0.5},"meshType":0}],[0],0,[0],[0],[0]]
