[1,["03jdykqWJJWpaAom04xTxt"],0,[["sp.SkeletonData",["_name","_atlasText","textureNames","_skeletonJson","textures"],-1,3]],[[0,0,1,2,3,4,5]],[[0,"emoji_08_sleep","\nemoji_08_sleep.png\nsize: 512,512\nformat: RGBA8888\nfilter: Linear,Linear\nrepeat: none\nkoushui\n  rotate: false\n  xy: 393, 109\n  size: 87, 118\n  orig: 87, 118\n  offset: 0, 0\n  index: -1\nsleep\n  rotate: false\n  xy: 2, 161\n  size: 374, 345\n  orig: 374, 345\n  offset: 0, 0\n  index: -1\nssaihong\n  rotate: false\n  xy: 2, 4\n  size: 308, 155\n  orig: 365, 211\n  offset: 28, 28\n  index: -1\nyanjong\n  rotate: true\n  xy: 378, 229\n  size: 277, 43\n  orig: 277, 45\n  offset: 0, 0\n  index: -1\nz\n  rotate: true\n  xy: 393, 2\n  size: 105, 93\n  orig: 106, 93\n  offset: 0, 0\n  index: -1\nzui\n  rotate: true\n  xy: 312, 8\n  size: 151, 79\n  orig: 151, 79\n  offset: 0, 0\n  index: -1\n",["emoji_08_sleep.png"],{"skeleton":{"hash":"YGH/NIsgV2xbceFxWc3JOuGSMo8","spine":"3.8.99","x":-41.29,"y":-38.61,"width":79.6,"height":73.11,"images":"./images/","audio":"D:/work/工作/魔法表情/08_sleep/images"},"bones":[{"name":"root","scaleX":0.2,"scaleY":0.2},{"name":"sleep_bg","parent":"root"},{"name":"koushui","parent":"root","x":24.95,"y":-91.67},{"name":"ssaihong","parent":"root","x":-0.08,"y":12.77},{"name":"yanjong","parent":"root","x":3.63,"y":58.19},{"name":"z","parent":"root","x":-153.04,"y":-20.91},{"name":"zui","parent":"root","x":12.28,"y":-68.19},{"name":"z2","parent":"root","x":-153.04,"y":-20.91},{"name":"z3","parent":"root","x":-153.04,"y":-20.91}],"slots":[{"name":"sleep","bone":"sleep_bg","attachment":"sleep"},{"name":"ssaihong","bone":"ssaihong","attachment":"ssaihong"},{"name":"zui","bone":"zui","attachment":"zui"},{"name":"koushui","bone":"koushui","attachment":"koushui"},{"name":"yanjong","bone":"yanjong","attachment":"yanjong"},{"name":"z","bone":"z","attachment":"z"},{"name":"z2","bone":"z2","attachment":"z"},{"name":"z3","bone":"z3","attachment":"z"}],"skins":[{"name":"default","attachments":{"koushui":{"koushui":{"type":"mesh","hull":19,"width":87,"height":118,"uvs":[0.00073,0.23431,0.05577,0.28165,0.21934,0.32335,0.38444,0.30419,0.44712,0.43719,0.45324,0.6412,0.37069,0.80463,0.36151,0.93537,0.48993,0.99849,0.91797,1,0.97759,0.82379,0.89198,0.60062,0.83695,0.35491,0.84306,0.2963,1,0.24783,1,0.10356,0.87975,0,0.15819,0,0,0.08891],"triangles":[1,0,18,13,16,15,17,1,18,16,3,17,14,13,15,17,2,1,16,13,3,3,2,17,12,3,13,4,3,12,4,12,11,5,4,11,5,10,6,10,5,11,8,6,10,7,6,8,9,8,10],"vertices":[-48.35,-11.01,-43.56,-16.59,-29.33,-21.51,-14.97,-19.25,-9.52,-34.95,-8.98,-59.02,-16.17,-78.3,-16.96,-93.73,-5.79,-101.18,31.45,-101.36,36.63,-80.57,29.19,-54.23,24.4,-25.24,24.93,-18.32,38.58,-12.6,38.58,4.42,28.12,16.64,-34.65,16.64,-48.42,6.15],"edges":[0,2,2,4,4,6,6,8,8,10,10,12,12,14,14,16,16,18,18,20,20,22,22,24,24,26,26,28,28,30,30,32,32,34,34,36,0,36]}},"sleep":{"sleep":{"width":374,"height":345}},"ssaihong":{"ssaihong":{"x":9.11,"y":-5.3,"width":365,"height":211}},"yanjong":{"yanjong":{"x":-0.6,"y":-1.72,"width":277,"height":45}},"z":{"z":{"x":-0.43,"y":0.38,"width":106,"height":93}},"z2":{"z":{"x":-0.43,"y":0.38,"width":106,"height":93}},"z3":{"z":{"x":-0.43,"y":0.38,"width":106,"height":93}},"zui":{"zui":{"x":-2.25,"y":1.66,"width":151,"height":79}}}}],"animations":{"sleep":{"slots":{"z":{"color":[{"color":"ffffff00"},{"time":0.0667,"color":"ffffffe3"},{"time":0.5,"color":"ffffffff"},{"time":0.6667,"color":"ffffff00"}]},"z2":{"color":[{"time":0.2,"color":"ffffff00"},{"time":0.3333,"color":"ffffffaa"},{"time":0.7667,"color":"ffffffc1"},{"time":0.9333,"color":"ffffff00"}],"attachment":[{"name":null},{"time":0.2,"name":"z"}]},"z3":{"color":[{"time":0.4,"color":"ffffff00"},{"time":0.5,"color":"ffffffaa"},{"time":1.0333,"color":"ffffffc1"},{"time":1.2,"color":"ffffff00"}],"attachment":[{"name":null},{"time":0.4,"name":"z"}]}},"bones":{"sleep_bg":{"translate":[{},{"time":0.6,"y":2},{"time":1.2}],"scale":[{},{"time":0.6,"x":1.01},{"time":1.2}]},"z":{"translate":[{"x":91.04,"y":-53.09},{"time":0.6667,"x":-47.88,"y":46.58}],"scale":[{"x":0.4,"y":0.4},{"time":0.6667,"x":0.8,"y":0.8}]},"z2":{"translate":[{"time":0.2,"x":91.04,"y":-53.09},{"time":0.9333,"x":-16.17,"y":18.12}],"scale":[{"time":0.2,"x":0.1,"y":0.1},{"time":0.9333,"x":0.6,"y":0.6}]},"z3":{"translate":[{"time":0.4,"x":91.04,"y":-53.09},{"time":1.2,"x":7.76,"y":-1.94}],"scale":[{"time":0.4,"x":0,"y":0},{"time":1.2,"x":0.4,"y":0.4}]},"zui":{"scale":[{},{"time":0.6,"x":0.85,"y":0.85},{"time":1.2}]}},"deform":{"default":{"koushui":{"koushui":[{"offset":6,"vertices":[-3.23399,0,0,9.702,0,27.04797,7.056,38.51395,7.29198,41.15996,3.59998,43.95996,-7.60003,46.98195,-7.34999,39.68996,-2.35198,26.45993,1.17599,3.52798,1.764]},{"time":0.6}]}}}}}},[0]]],0,0,[0],[-1],[0]]