[1,["faaG1Tb4RF2JESK5CkwVn1","ffnDsp3ypEgb1mdK/UNgzC"],["spriteFrame","_textureSetter"],["cc.SpriteFrame",["cc.BitmapFont",["_name","fontSize","_fntConfig"],0]],[[1,0,1,2,4]],[[[[0,"samllSettleFont2",39,{"commonHeight":39,"fontSize":39,"atlasName":"font1_0.png","fontDefDictionary":{"43":{"xOffset":0,"yOffset":0,"xAdvance":26,"rect":{"x":156,"y":5,"width":26,"height":39}},"48":{"xOffset":0,"yOffset":0,"xAdvance":28,"rect":{"x":5,"y":5,"width":28,"height":39}},"49":{"xOffset":0,"yOffset":0,"xAdvance":19,"rect":{"x":38,"y":5,"width":19,"height":39}},"50":{"xOffset":0,"yOffset":0,"xAdvance":26,"rect":{"x":62,"y":5,"width":26,"height":39}},"51":{"xOffset":0,"yOffset":0,"xAdvance":26,"rect":{"x":93,"y":5,"width":26,"height":39}},"52":{"xOffset":0,"yOffset":0,"xAdvance":27,"rect":{"x":124,"y":5,"width":27,"height":39}},"53":{"xOffset":0,"yOffset":0,"xAdvance":25,"rect":{"x":249,"y":5,"width":25,"height":39}},"54":{"xOffset":0,"yOffset":0,"xAdvance":27,"rect":{"x":310,"y":5,"width":27,"height":39}},"55":{"xOffset":0,"yOffset":0,"xAdvance":27,"rect":{"x":217,"y":5,"width":27,"height":39}},"56":{"xOffset":0,"yOffset":0,"xAdvance":25,"rect":{"x":187,"y":5,"width":25,"height":39}},"57":{"xOffset":0,"yOffset":0,"xAdvance":26,"rect":{"x":279,"y":5,"width":26,"height":39}}},"kerningDict":{}}]],0,0,[0],[0],[0]],[[{"name":"samllSettleFont2_0","rect":[5,5,332,38],"offset":[0,0.5],"originalSize":[342,49],"capInsets":[0,0,0,0]}],[0],0,[0],[1],[1]]]]