[1,["ecpdLyjvZBwrvm+cedCcQy","f0BIwQ8D5Ml7nTNQbh1YlS","e97GVMl6JHh5Ml5qEDdSGa","29FYIk+N1GYaeWH/q1NxQO","268P31JztPf4acFqrGLU/p","386N16ICpBW6fH68uJaMgA","1aee7228c","a2MjXRFdtLlYQ5ouAFv/+R","14mlSx54hC1oICmhU+elJC","80DKMkfINNKoteYNvr5PB/","09Ch0JiStCS76UghI8Fwnh","10umrZ8gRIHKeMWzOHTd4Z","6f79mA8H1CaqWHgD8Zc0z3","51a3q7S6VJ4b1y/W91uCpj","d4E/4tYZ5Fj75N8lVXmvKZ","05p1FWj19F77+UndvwD/uo","3eL4lwUm9L2LJ1LVWZWzKB","716y1tVDtCf5dC++fnk6+o","2cH6s1eRJMUadtOVInaifx","75EdbVJyxN1ZB2YyUneNFL","b2O+T7l3dBiaXOIrUXI5tS"],["node","_spriteFrame","root","_N$target","_N$normalSprite","_N$pressedSprite","_N$hoverSprite","_N$disabledSprite","_N$file","_textureSetter","inputLabel","data","_parent"],[["cc.Node",["_name","_objFlags","_opacity","_active","_components","_prefab","_contentSize","_parent","_trs","_children","_color"],-1,9,4,5,1,7,2,5],"cc.SpriteFrame",["cc.Sprite",["_sizeMode","_type","node","_materials","_spriteFrame"],1,1,3,6],["cc.PrefabInfo",["fileId","root"],2,1],["cc.Button",["zoomScale","_N$transition","node","_N$normalColor","_N$pressedColor","_N$disabledColor","_N$target","_N$normalSprite","_N$pressedSprite","_N$hoverSprite","_N$disabledSprite","clickEvents"],1,1,5,5,5,1,6,6,6,6,9],["cc.ClickEvent",["_componentId","handler","customEventData","target"],0,1],["cc.Label",["_fontSize","_lineHeight","_isSystemFontUsed","_N$horizontalAlign","_N$verticalAlign","_string","_enableWrapText","_N$overflow","_N$cacheMode","_spacingX","node","_materials","_N$file"],-7,1,3,6],["cc.Prefab",["_name"],2],["cc.Node",["_name","_parent","_components","_prefab","_contentSize","_anchorPoint","_trs"],2,1,2,4,5,5,7],["cc.Widget",["_alignFlags","_originalWidth","_originalHeight","node"],0,1],["1e4bbBvLk9HxpuvbDzfidu2",["maxInputlength","node","inputLabel","inPutSign"],2,1,1,2],["cc.Layout",["_resize","_N$layoutType","_N$spacingX","_N$spacingY","node","_layoutSize"],-1,1,5],["dc260WzHhJCNbdTPXKK45bp",["node"],3,1],["757f2MG1rFM9rA94jsbuTl3",["node"],3,1],["cc.BlockInputEvents",["node"],3,1]],[[3,0,1,2],[0,0,7,9,4,5,6,8,2],[2,1,2,3,4,2],[12,0,1],[4,0,1,2,11,3,4,5,6,7,8,9,10,3],[0,0,1,7,4,5,6,3],[5,0,1,2,3,4],[6,5,0,1,6,2,3,4,7,8,10,11,12,10],[0,0,1,7,9,4,5,6,8,3],[2,2,3,4,1],[0,0,7,4,5,6,8,2],[9,0,1,2,3,4],[5,0,1,3,3],[7,0,2],[0,0,9,4,5,10,6,8,2],[0,0,9,4,5,6,8,2],[0,0,7,9,4,5,10,6,2],[0,0,2,7,4,5,10,6,3],[0,0,7,9,4,5,6,2],[0,0,3,7,9,4,5,6,8,3],[0,0,7,4,5,10,6,8,2],[0,0,1,7,4,5,6,8,3],[8,0,1,2,3,4,5,6,2],[10,0,1,2,3,2],[3,1,1],[11,0,1,2,3,4,5,5],[2,0,2,3,4,2],[4,0,1,2,3,4,5,6,7,8,9,10,3],[13,0,1],[14,0,1],[6,0,1,2,9,3,4,10,11,7]],[[[{"name":"Joinroom_warning2","rect":[264,624,360,55],"offset":[0,0],"originalSize":[360,55],"rotated":1,"capInsets":[0,0,0,0]}],[1],0,[0],[9],[6]],[[{"name":"Joinroom_frame","rect":[3,122,414,146],"offset":[0,0],"originalSize":[414,146],"rotated":1,"capInsets":[0,0,0,0]}],[1],0,[0],[9],[6]],[[[13,"mahjongJoinRoom"],[14,"mahjongJoinRoom",[-7,-8,-9],[[11,45,1280,720,-2],[23,6,-6,-5,[-3,-4]]],[24,-1],[4,2533359615],[5,1280,720],[640,360,0,0,0,0,1,1,1,1]],[15,"btnLayout",[-11,-12,-13,-14,-15,-16,-17,-18,-19,-20,-21,-22],[[25,1,3,2,5,-10,[5,420,435]]],[0,"efP+dHk+tNuYtCAG1FkOiF",1],[5,420,435],[211.315,1.86,0,0,0,0,1,1,1,1]],[16,"bg",1,[-24,-25,-26,-27,2,-28],[[9,-23,[117],118]],[0,"d7KqiaC5pHWK0GN18URIfk",1],[4,2533359615],[5,1280,695]],[1,"closeBtn",3,[-34],[[27,0.9,3,-31,[4,4293322470],[4,4291348680],[4,3363338360],-30,8,9,10,11],[3,-32],[28,-33]],[0,"dew1KXRgBJYZHhvx0PZpSb",-29],[5,97,67],[403.542,269.686,0,0,0,0,1,1,1,1]],[1,"btn1",2,[-39],[[4,0.9,3,-37,[[6,"1e4bbBvLk9HxpuvbDzfidu2","keyBoardBtnCliecked","1",1]],[4,4293322470],[4,4291348680],[4,3363338360],-36,28,29,30,31],[3,-38]],[0,"fdYQzOg0lKzq3V3muUsR1w",-35],[5,137,105],[-141.5,165,0,0,0,0,1,1,1,1]],[1,"btn2",2,[-44],[[4,0.9,3,-42,[[6,"1e4bbBvLk9HxpuvbDzfidu2","keyBoardBtnCliecked","2",1]],[4,4293322470],[4,4291348680],[4,3363338360],-41,36,37,38,39],[3,-43]],[0,"44O06dRh1J9Lba38fFHDsw",-40],[5,137,105],[-2.5,165,0,0,0,0,1,1,1,1]],[1,"btn3",2,[-49],[[4,0.9,3,-47,[[6,"1e4bbBvLk9HxpuvbDzfidu2","keyBoardBtnCliecked","3",1]],[4,4293322470],[4,4291348680],[4,3363338360],-46,44,45,46,47],[3,-48]],[0,"d6z6TxFfpHLr2zhKORbgOZ",-45],[5,137,105],[136.5,165,0,0,0,0,1,1,1,1]],[1,"btn4",2,[-54],[[4,0.9,3,-52,[[6,"1e4bbBvLk9HxpuvbDzfidu2","keyBoardBtnCliecked","4",1]],[4,4293322470],[4,4291348680],[4,3363338360],-51,52,53,54,55],[3,-53]],[0,"606xyM4+dLopDazUp8er0H",-50],[5,137,105],[-141.5,55,0,0,0,0,1,1,1,1]],[1,"btn5",2,[-59],[[4,0.9,3,-57,[[6,"1e4bbBvLk9HxpuvbDzfidu2","keyBoardBtnCliecked","5",1]],[4,4293322470],[4,4291348680],[4,3363338360],-56,60,61,62,63],[3,-58]],[0,"347mrx0pdPM6fMrnSiwEi8",-55],[5,137,105],[-2.5,55,0,0,0,0,1,1,1,1]],[1,"btn6",2,[-64],[[4,0.9,3,-62,[[6,"1e4bbBvLk9HxpuvbDzfidu2","keyBoardBtnCliecked","6",1]],[4,4293322470],[4,4291348680],[4,3363338360],-61,68,69,70,71],[3,-63]],[0,"4eNQ+32BJL3Id4lU67ZLRK",-60],[5,137,105],[136.5,55,0,0,0,0,1,1,1,1]],[1,"btn7",2,[-69],[[4,0.9,3,-67,[[6,"1e4bbBvLk9HxpuvbDzfidu2","keyBoardBtnCliecked","7",1]],[4,4293322470],[4,4291348680],[4,3363338360],-66,76,77,78,79],[3,-68]],[0,"6cLbEB51hHDpNr2Os7sx1c",-65],[5,137,105],[-141.5,-55,0,0,0,0,1,1,1,1]],[1,"btn8",2,[-74],[[4,0.9,3,-72,[[6,"1e4bbBvLk9HxpuvbDzfidu2","keyBoardBtnCliecked","8",1]],[4,4293322470],[4,4291348680],[4,3363338360],-71,84,85,86,87],[3,-73]],[0,"47dnsKBuJAlIoxX9ImjPnT",-70],[5,137,105],[-2.5,-55,0,0,0,0,1,1,1,1]],[1,"btn9",2,[-79],[[4,0.9,3,-77,[[6,"1e4bbBvLk9HxpuvbDzfidu2","keyBoardBtnCliecked","9",1]],[4,4293322470],[4,4291348680],[4,3363338360],-76,92,93,94,95],[3,-78]],[0,"d0meYmIRpNHZkDNCFMfSeX",-75],[5,137,105],[136.5,-55,0,0,0,0,1,1,1,1]],[1,"btn0",2,[-84],[[4,0.9,3,-82,[[6,"1e4bbBvLk9HxpuvbDzfidu2","keyBoardBtnCliecked","0",1]],[4,4293322470],[4,4291348680],[4,3363338360],-81,106,107,108,109],[3,-83]],[0,"78lDXbwsFPcKphX7j+t/s9",-80],[5,137,105],[-2.5,-165,0,0,0,0,1,1,1,1]],[1,"btnClear",2,[-89],[[4,0.9,3,-87,[[12,"1e4bbBvLk9HxpuvbDzfidu2","clearClicked",1]],[4,4293322470],[4,4291348680],[4,3363338360],-86,98,99,100,101],[3,-88]],[0,"5cHSmekvJBQ7wE7OiOATNh",-85],[5,137,105],[-141.5,-165,0,0,0,0,1,1,1,1]],[1,"btnDelet",2,[-94],[[4,0.9,3,-92,[[12,"1e4bbBvLk9HxpuvbDzfidu2","delectClicked",1]],[4,4293322470],[4,4291348680],[4,3363338360],-91,112,113,114,115],[3,-93]],[0,"aefD2sqepJ+61CSvzzd5k6",-90],[5,137,105],[136.5,-165,0,0,0,0,1,1,1,1]],[17,"mask",180,1,[[26,0,-95,[0],1],[29,-96],[11,45,1280,720,-97]],[0,"8bZQ6zagNDH7UJiWlhnDTL",1],[4,4278190080],[5,1280,720]],[1,"Joinroom_warning2",3,[-99,-100],[[9,-98,[20],21]],[0,"90ngtchZBGaZkpUtA9ykbf",1],[5,360,55],[-219.563,124.805,0,0,0,0,1,1,1,1]],[18,"Joinroom_warning2_zi",18,[-102],[[9,-101,[14],15]],[0,"82EZwXCYtD37kIXlTrVBeb",1],[5,279,34]],[19,"Joinroom_warning2_zi2",false,18,[-104],[[9,-103,[18],19]],[0,"33aPdMlG9MlptK28kAPLXJ",1],[5,143,36],[-68,0,0,0,0,0,1,1,1,1]],[1,"Background",5,[-106],[[2,1,-105,[26],27]],[0,"94H0P6V6BEvbZeseFPKHuy",5],[5,137,105],[0,0,0,0,0,0,1,1,1,0]],[8,"Background",512,6,[-108],[[2,1,-107,[34],35]],[0,"94H0P6V6BEvbZeseFPKHuy",6],[5,137,105],[0,0,0,0,0,0,1,1,1,0]],[8,"Background",512,7,[-110],[[2,1,-109,[42],43]],[0,"94H0P6V6BEvbZeseFPKHuy",7],[5,137,105],[0,0,0,0,0,0,1,1,1,0]],[8,"Background",512,8,[-112],[[2,1,-111,[50],51]],[0,"94H0P6V6BEvbZeseFPKHuy",8],[5,137,105],[0,0,0,0,0,0,1,1,1,0]],[8,"Background",512,9,[-114],[[2,1,-113,[58],59]],[0,"94H0P6V6BEvbZeseFPKHuy",9],[5,137,105],[0,0,0,0,0,0,1,1,1,0]],[8,"Background",512,10,[-116],[[2,1,-115,[66],67]],[0,"94H0P6V6BEvbZeseFPKHuy",10],[5,137,105],[0,0,0,0,0,0,1,1,1,0]],[8,"Background",512,11,[-118],[[2,1,-117,[74],75]],[0,"94H0P6V6BEvbZeseFPKHuy",11],[5,137,105],[0,0,0,0,0,0,1,1,1,0]],[8,"Background",512,12,[-120],[[2,1,-119,[82],83]],[0,"94H0P6V6BEvbZeseFPKHuy",12],[5,137,105],[0,0,0,0,0,0,1,1,1,0]],[8,"Background",512,13,[-122],[[2,1,-121,[90],91]],[0,"94H0P6V6BEvbZeseFPKHuy",13],[5,137,105],[0,0,0,0,0,0,1,1,1,0]],[8,"Background",512,14,[-124],[[2,1,-123,[104],105]],[0,"94H0P6V6BEvbZeseFPKHuy",14],[5,137,105],[0,0,0,0,0,0,1,1,1,0]],[20,"Background",4,[[2,1,-125,[6],7]],[0,"75euf69IJCqKuqZIltELoA",4],[4,4293322470],[5,97,67],[0,0,0,0,0,0,1,1,1,0]],[10,"Background",15,[[2,1,-126,[96],97]],[0,"94H0P6V6BEvbZeseFPKHuy",15],[5,137,105],[0,0,0,0,0,0,1,1,1,0]],[21,"Background",512,16,[[2,1,-127,[110],111]],[0,"94H0P6V6BEvbZeseFPKHuy",16],[5,137,105],[0,0,0,0,0,0,1,1,1,0]],[10,"ui_zhuangshi1",1,[[9,-128,[2],3]],[0,"11T5vF4ZJK7LSzNKa0ozjn",1],[5,1280,543],[0,88.5,0,0,0,0,1,1,1,1]],[10,"title",3,[[9,-129,[4],5]],[0,"9d2jo7sVJLUJ92eeUxgoVz",1],[5,231,73],[0,289.862,0,0,0,0,1,1,1,1]],[10,"Joinroom_frame",19,[[9,-130,[12],13]],[0,"92KnzK8aZOq4zdPvGotWpI",1],[5,414,146],[-2.49,-101.604,0,0,0,0,1,1,1,1]],[10,"Joinroom_frame1",20,[[9,-131,[16],17]],[0,"5cEC/uDT9Nz7wJYWweaXua",1],[5,414,146],[65.51,-101.604,0,0,0,0,1,1,1,1]],[10,"Joinroom_warning1",3,[[9,-132,[22],23]],[0,"17RXWQRwBKQJroeOwUt7Be",1],[5,72,63],[-398.568,122.998,0,0,0,0,1,1,1,1]],[5,"Label",512,21,[[7,"1",62,62,false,false,1,1,1,1,-133,[24],25]],[0,"5dvDMEn0NEzK5n6vV4JaPm",5],[5,100,62]],[5,"Label",512,22,[[7,"2",62,62,false,false,1,1,1,1,-134,[32],33]],[0,"5dvDMEn0NEzK5n6vV4JaPm",6],[5,100,62]],[5,"Label",512,23,[[7,"3",62,62,false,false,1,1,1,1,-135,[40],41]],[0,"5dvDMEn0NEzK5n6vV4JaPm",7],[5,100,62]],[5,"Label",512,24,[[7,"4",62,62,false,false,1,1,1,1,-136,[48],49]],[0,"5dvDMEn0NEzK5n6vV4JaPm",8],[5,100,62]],[5,"Label",512,25,[[7,"5",62,62,false,false,1,1,1,1,-137,[56],57]],[0,"5dvDMEn0NEzK5n6vV4JaPm",9],[5,100,62]],[5,"Label",512,26,[[7,"6",62,62,false,false,1,1,1,1,-138,[64],65]],[0,"5dvDMEn0NEzK5n6vV4JaPm",10],[5,100,62]],[5,"Label",512,27,[[7,"7",62,62,false,false,1,1,1,1,-139,[72],73]],[0,"5dvDMEn0NEzK5n6vV4JaPm",11],[5,100,62]],[5,"Label",512,28,[[7,"8",62,62,false,false,1,1,1,1,-140,[80],81]],[0,"5dvDMEn0NEzK5n6vV4JaPm",12],[5,100,62]],[5,"Label",512,29,[[7,"9",62,62,false,false,1,1,1,1,-141,[88],89]],[0,"5dvDMEn0NEzK5n6vV4JaPm",13],[5,100,62]],[5,"Label",512,30,[[7,"0",62,62,false,false,1,1,1,1,-142,[102],103]],[0,"5dvDMEn0NEzK5n6vV4JaPm",14],[5,100,62]],[22,"roomNumLabel",3,[-143],[0,"78GmY6TjRGcZM4y7mcOaNI",1],[5,0,50],[0,0,0.5],[-416.266,8.68,0,0,0,0,1,1,1,1]],[30,50,50,false,30.5,1,1,49,[116]]],0,[0,2,1,0,0,1,0,-1,19,0,-2,20,0,10,50,0,0,1,0,-1,17,0,-2,34,0,-3,3,0,0,2,0,-1,5,0,-2,6,0,-3,7,0,-4,8,0,-5,9,0,-6,10,0,-7,11,0,-8,12,0,-9,13,0,-10,15,0,-11,14,0,-12,16,0,0,3,0,-1,35,0,-2,4,0,-3,18,0,-4,38,0,-6,49,0,2,4,0,3,31,0,0,4,0,0,4,0,0,4,0,-1,31,0,2,5,0,3,21,0,0,5,0,0,5,0,-1,21,0,2,6,0,3,22,0,0,6,0,0,6,0,-1,22,0,2,7,0,3,23,0,0,7,0,0,7,0,-1,23,0,2,8,0,3,24,0,0,8,0,0,8,0,-1,24,0,2,9,0,3,25,0,0,9,0,0,9,0,-1,25,0,2,10,0,3,26,0,0,10,0,0,10,0,-1,26,0,2,11,0,3,27,0,0,11,0,0,11,0,-1,27,0,2,12,0,3,28,0,0,12,0,0,12,0,-1,28,0,2,13,0,3,29,0,0,13,0,0,13,0,-1,29,0,2,14,0,3,30,0,0,14,0,0,14,0,-1,30,0,2,15,0,3,32,0,0,15,0,0,15,0,-1,32,0,2,16,0,3,33,0,0,16,0,0,16,0,-1,33,0,0,17,0,0,17,0,0,17,0,0,18,0,-1,19,0,-2,20,0,0,19,0,-1,36,0,0,20,0,-1,37,0,0,21,0,-1,39,0,0,22,0,-1,40,0,0,23,0,-1,41,0,0,24,0,-1,42,0,0,25,0,-1,43,0,0,26,0,-1,44,0,0,27,0,-1,45,0,0,28,0,-1,46,0,0,29,0,-1,47,0,0,30,0,-1,48,0,0,31,0,0,32,0,0,33,0,0,34,0,0,35,0,0,36,0,0,37,0,0,38,0,0,39,0,0,40,0,0,41,0,0,42,0,0,43,0,0,44,0,0,45,0,0,46,0,0,47,0,0,48,0,-1,50,0,11,1,2,12,3,143],[0,0,0,0,0,0,0,0,0,0,0,0,0,0,0,0,0,0,0,0,0,0,0,0,0,0,0,0,0,0,0,0,0,0,0,0,0,0,0,0,0,0,0,0,0,0,0,0,0,0,0,0,0,0,0,0,0,0,0,0,0,0,0,0,0,0,0,0,0,0,0,0,0,0,0,0,0,0,0,0,0,0,0,0,0,0,0,0,0,0,0,0,0,0,0,0,0,0,0,0,0,0,0,0,0,0,0,0,0,0,0,0,0,0,0,0,0,0,0,50],[-1,1,-1,1,-1,1,-1,1,4,5,6,7,-1,1,-1,1,-1,1,-1,1,-1,1,-1,1,-1,8,-1,1,4,5,6,7,-1,8,-1,1,4,5,6,7,-1,8,-1,1,4,5,6,7,-1,8,-1,1,4,5,6,7,-1,8,-1,1,4,5,6,7,-1,8,-1,1,4,5,6,7,-1,8,-1,1,4,5,6,7,-1,8,-1,1,4,5,6,7,-1,8,-1,1,4,5,6,7,-1,1,4,5,6,7,-1,8,-1,1,4,5,6,7,-1,1,4,5,6,7,-1,-1,1,8],[0,7,0,8,0,9,0,10,1,2,1,3,0,11,0,12,0,13,0,14,0,15,0,16,0,4,0,5,1,2,1,3,0,4,0,5,1,2,1,3,0,4,0,5,1,2,1,3,0,4,0,5,1,2,1,3,0,4,0,5,1,2,1,3,0,4,0,5,1,2,1,3,0,4,0,5,1,2,1,3,0,4,0,5,1,2,1,3,0,4,0,5,1,2,1,3,0,17,1,2,1,3,0,4,0,5,1,2,1,3,0,18,1,2,1,3,0,0,19,4]],[[{"name":"Joinroom_btn_delete","rect":[155,122,137,105],"offset":[0,0],"originalSize":[137,105],"rotated":1,"capInsets":[0,0,0,0]}],[1],0,[0],[9],[6]],[[{"name":"Joinroom_btn_normal","rect":[155,265,137,105],"offset":[0,0],"originalSize":[137,105],"rotated":1,"capInsets":[0,0,0,0]}],[1],0,[0],[9],[6]],[[{"name":"Joinroom_warning1","rect":[264,555,72,63],"offset":[0,0],"originalSize":[72,63],"capInsets":[0,0,0,0]}],[1],0,[0],[9],[6]],[[{"name":"Joinroom_frame1","rect":[3,542,414,146],"offset":[0,0],"originalSize":[414,146],"rotated":1,"capInsets":[0,0,0,0]}],[1],0,[0],[9],[6]],[[{"name":"Joinroom_warning2_zi","rect":[3,3,279,34],"offset":[0,0],"originalSize":[279,34],"capInsets":[0,0,0,0]}],[1],0,[0],[9],[6]],[[{"name":"Joinroom_btn_clear","rect":[155,408,137,105],"offset":[0,0],"originalSize":[137,105],"rotated":1,"capInsets":[0,0,0,0]}],[1],0,[0],[9],[6]],[[{"name":"cf_bg3","rect":[0,0,1280,695],"offset":[0,12.5],"originalSize":[1280,720],"capInsets":[0,0,0,0]}],[1],0,[0],[9],[20]],[[{"name":"Joinroom_warning2_zi2","rect":[288,3,143,36],"offset":[0,0],"originalSize":[143,36],"rotated":1,"capInsets":[0,0,0,0]}],[1],0,[0],[9],[6]]]]