{"skeleton":{"hash":"Nz3X0nGhDIV4brTKN07gjvsAijs","spine":"3.8.99","x":-640,"y":-360,"width":1280,"height":720,"fps":18,"images":"./images/","audio":""},"bones":[{"name":"root"},{"name":"bg","parent":"root"},{"name":"arrow","parent":"root"}],"slots":[{"name":"1程序麻将摆牌","bone":"bg"},{"name":"arrow/arrow_00","bone":"arrow","attachment":"arrow/arrow_23"}],"skins":[{"name":"default","attachments":{"arrow/arrow_00":{"arrow/arrow_00":{"width":256,"height":256},"arrow/arrow_01":{"width":256,"height":256},"arrow/arrow_02":{"width":256,"height":256},"arrow/arrow_03":{"width":256,"height":256},"arrow/arrow_04":{"width":256,"height":256},"arrow/arrow_05":{"width":256,"height":256},"arrow/arrow_06":{"width":256,"height":256},"arrow/arrow_07":{"width":256,"height":256},"arrow/arrow_08":{"width":256,"height":256},"arrow/arrow_09":{"width":256,"height":256},"arrow/arrow_10":{"width":256,"height":256},"arrow/arrow_11":{"width":256,"height":256},"arrow/arrow_12":{"width":256,"height":256},"arrow/arrow_13":{"width":256,"height":256},"arrow/arrow_14":{"width":256,"height":256},"arrow/arrow_15":{"width":256,"height":256},"arrow/arrow_16":{"width":256,"height":256},"arrow/arrow_17":{"width":256,"height":256},"arrow/arrow_18":{"width":256,"height":256},"arrow/arrow_19":{"width":256,"height":256},"arrow/arrow_20":{"width":256,"height":256},"arrow/arrow_21":{"width":256,"height":256},"arrow/arrow_22":{"width":256,"height":256},"arrow/arrow_23":{"width":256,"height":256}}}}],"animations":{"animation":{"slots":{"arrow/arrow_00":{"attachment":[{"name":"arrow/arrow_00"},{"time":0.0556,"name":"arrow/arrow_01"},{"time":0.1111,"name":"arrow/arrow_02"},{"time":0.1667,"name":"arrow/arrow_03"},{"time":0.2222,"name":"arrow/arrow_04"},{"time":0.2778,"name":"arrow/arrow_05"},{"time":0.3333,"name":"arrow/arrow_06"},{"time":0.3889,"name":"arrow/arrow_07"},{"time":0.4444,"name":"arrow/arrow_08"},{"time":0.5,"name":"arrow/arrow_09"},{"time":0.5556,"name":"arrow/arrow_10"},{"time":0.6111,"name":"arrow/arrow_11"},{"time":0.6667,"name":"arrow/arrow_12"},{"time":0.7222,"name":"arrow/arrow_13"},{"time":0.7778,"name":"arrow/arrow_14"},{"time":0.8333,"name":"arrow/arrow_15"},{"time":0.8889,"name":"arrow/arrow_16"},{"time":0.9444,"name":"arrow/arrow_17"},{"time":1,"name":"arrow/arrow_18"},{"time":1.0556,"name":"arrow/arrow_19"},{"time":1.1111,"name":"arrow/arrow_20"},{"time":1.1667,"name":"arrow/arrow_21"},{"time":1.2222,"name":"arrow/arrow_22"},{"time":1.2778,"name":"arrow/arrow_23"}]}},"bones":{"arrow":{"scale":[{"x":0.9,"y":0.95}]}}}}}