[1,["e35332e3-0907-4a23-b09b-9076fd9b80b5@6c48a"],0,[["sp.SkeletonData",["_name","_atlasText","textureNames","_skeletonJson","textures"],-1,3]],[[0,0,1,2,3,4,5]],[[0,"danjiutao","\ndanjiutao.png\nsize: 1519,1519\nformat: RGBA4444\nfilter: Linear,Linear\nrepeat: none\n連續圖/10443\n  rotate: false\n  xy: 1128, 1186\n  size: 345, 331\n  orig: 400, 400\n  offset: 0, 0\n  index: -1\n連續圖/10444\n  rotate: false\n  xy: 2, 1117\n  size: 400, 400\n  orig: 400, 400\n  offset: 0, 0\n  index: -1\n連續圖/10445\n  rotate: false\n  xy: 2, 317\n  size: 400, 396\n  orig: 400, 400\n  offset: 0, 4\n  index: -1\n連續圖/10446\n  rotate: false\n  xy: 2, 4\n  size: 400, 311\n  orig: 400, 400\n  offset: 0, 89\n  index: -1\n連續圖/10447\n  rotate: false\n  xy: 404, 128\n  size: 345, 248\n  orig: 400, 400\n  offset: 55, 152\n  index: -1\n連續圖/10448\n  rotate: false\n  xy: 806, 1117\n  size: 320, 400\n  orig: 400, 400\n  offset: 80, 0\n  index: -1\n連續圖/10449\n  rotate: false\n  xy: 404, 721\n  size: 390, 394\n  orig: 400, 400\n  offset: 10, 0\n  index: -1\n連續圖/10450\n  rotate: false\n  xy: 1339, 779\n  size: 178, 287\n  orig: 400, 400\n  offset: 165, 37\n  index: -1\n連續圖/10451\n  rotate: true\n  xy: 764, 12\n  size: 135, 152\n  orig: 400, 400\n  offset: 141, 120\n  index: -1\n連續圖/10452\n  rotate: false\n  xy: 751, 149\n  size: 200, 191\n  orig: 400, 400\n  offset: 100, 100\n  index: -1\n連續圖/10453\n  rotate: false\n  xy: 796, 792\n  size: 276, 323\n  orig: 400, 400\n  offset: 0, 77\n  index: -1\n連續圖/10454\n  rotate: false\n  xy: 2, 715\n  size: 400, 400\n  orig: 400, 400\n  offset: 0, 0\n  index: -1\n連續圖/10455\n  rotate: false\n  xy: 404, 1117\n  size: 400, 400\n  orig: 400, 400\n  offset: 0, 0\n  index: -1\n連續圖/10456\n  rotate: false\n  xy: 404, 378\n  size: 356, 341\n  orig: 400, 400\n  offset: 0, 34\n  index: -1\n連續圖/10457\n  rotate: false\n  xy: 796, 586\n  size: 286, 204\n  orig: 400, 400\n  offset: 0, 126\n  index: -1\n連續圖/10458\n  rotate: true\n  xy: 1268, 359\n  size: 196, 150\n  orig: 400, 400\n  offset: 40, 134\n  index: -1\n連續圖/10459\n  rotate: false\n  xy: 953, 111\n  size: 214, 213\n  orig: 400, 400\n  offset: 82, 83\n  index: -1\n連續圖/10460\n  rotate: true\n  xy: 762, 342\n  size: 242, 264\n  orig: 400, 400\n  offset: 158, 136\n  index: -1\n連續圖/10461\n  rotate: false\n  xy: 1074, 801\n  size: 263, 265\n  orig: 400, 400\n  offset: 137, 135\n  index: -1\n連續圖/10462\n  rotate: false\n  xy: 404, 2\n  size: 358, 124\n  orig: 400, 400\n  offset: 0, 276\n  index: -1\n連續圖/10463\n  rotate: false\n  xy: 1128, 1068\n  size: 308, 116\n  orig: 400, 400\n  offset: 0, 249\n  index: -1\n連續圖/10464\n  rotate: true\n  xy: 1169, 70\n  size: 254, 92\n  orig: 400, 400\n  offset: 4, 226\n  index: -1\n連續圖/10465\n  rotate: false\n  xy: 918, 3\n  size: 134, 106\n  orig: 400, 400\n  offset: 88, 177\n  index: -1\n連續圖/10466\n  rotate: true\n  xy: 1028, 326\n  size: 229, 238\n  orig: 400, 400\n  offset: 24, 113\n  index: -1\n連續圖/10467\n  rotate: false\n  xy: 1328, 594\n  size: 185, 183\n  orig: 400, 400\n  offset: 98, 118\n  index: -1\n連續圖/10468\n  rotate: false\n  xy: 1084, 557\n  size: 242, 242\n  orig: 400, 400\n  offset: 70, 89\n  index: -1\n",["danjiutao.png"],{"skeleton":{"hash":"0uc8r8Sztw3TDZgRnkI33V/lIaM","spine":"3.8.99","images":"","audio":""},"bones":[{"name":"root"}],"slots":[{"name":"連續圖/10443","bone":"root"}],"skins":[{"name":"default","attachments":{"連續圖/10443":{"連續圖/10443":{"width":500,"height":500},"連續圖/10444":{"width":500,"height":500},"連續圖/10445":{"width":500,"height":500},"連續圖/10446":{"width":500,"height":500},"連續圖/10447":{"width":500,"height":500},"連續圖/10448":{"width":500,"height":500},"連續圖/10449":{"width":500,"height":500},"連續圖/10450":{"width":500,"height":500},"連續圖/10451":{"width":500,"height":500},"連續圖/10452":{"width":500,"height":500},"連續圖/10453":{"width":500,"height":500},"連續圖/10454":{"width":500,"height":500},"連續圖/10455":{"width":500,"height":500},"連續圖/10456":{"width":500,"height":500},"連續圖/10457":{"width":500,"height":500},"連續圖/10458":{"width":500,"height":500},"連續圖/10459":{"width":500,"height":500},"連續圖/10460":{"width":500,"height":500},"連續圖/10461":{"width":500,"height":500},"連續圖/10462":{"width":500,"height":500},"連續圖/10463":{"width":500,"height":500},"連續圖/10464":{"width":500,"height":500},"連續圖/10465":{"width":500,"height":500},"連續圖/10466":{"width":500,"height":500},"連續圖/10467":{"width":500,"height":500},"連續圖/10468":{"width":500,"height":500}}}}],"animations":{"animation":{"slots":{"連續圖/10443":{"attachment":[{"name":"連續圖/10443"},{"time":0.0667,"name":"連續圖/10444"},{"time":0.1,"name":"連續圖/10445"},{"time":0.1667,"name":"連續圖/10446"},{"time":0.2,"name":"連續圖/10447"},{"time":0.2667,"name":"連續圖/10448"},{"time":0.3,"name":"連續圖/10449"},{"time":0.3667,"name":"連續圖/10450"},{"time":0.4,"name":"連續圖/10451"},{"time":0.4667,"name":"連續圖/10452"},{"time":0.5,"name":"連續圖/10453"},{"time":0.5667,"name":"連續圖/10454"},{"time":0.6,"name":"連續圖/10455"},{"time":0.6667,"name":"連續圖/10456"},{"time":0.7333,"name":"連續圖/10457"},{"time":0.7667,"name":"連續圖/10458"},{"time":0.8333,"name":"連續圖/10459"},{"time":0.8667,"name":"連續圖/10460"},{"time":0.9333,"name":"連續圖/10461"},{"time":0.9667,"name":"連續圖/10462"},{"time":1.0333,"name":"連續圖/10463"},{"time":1.0667,"name":"連續圖/10464"},{"time":1.1333,"name":"連續圖/10465"},{"time":1.1667,"name":"連續圖/10466"},{"time":1.2333,"name":"連續圖/10467"},{"time":1.2667,"name":"連續圖/10468"},{"time":1.3333,"name":null}]}}}}},[0]]],0,0,[0],[-1],[0]]
