[1,["3c598712-ac7d-4767-bd7c-bb8d3186d87f@6c48a"],["_textureSource"],["cc.SpriteFrame"],0,[{"name":"mode4_b_133_a","rect":{"x":0,"y":0,"width":133,"height":130},"offset":{"x":0,"y":0},"originalSize":{"width":133,"height":130},"rotated":false,"capInsets":[0,0,0,0],"vertices":{"rawPosition":[-66.5,-65,0,66.5,-65,0,-66.5,65,0,66.5,65,0],"indexes":[0,1,2,2,1,3],"uv":[0,130,133,130,0,0,133,0],"nuv":[0,0,1,0,0,1,1,1],"minPos":{"x":-66.5,"y":-65,"z":0},"maxPos":{"x":66.5,"y":65,"z":0}},"packable":true,"pixelsToUnit":100,"pivot":{"x":0.5,"y":0.5},"meshType":0}],[0],0,[0],[0],[0]]
