[1,["c5awUBf2pJNpPMMZD4DF4W"],0,[["sp.SkeletonData",["_name","_atlasText","textureNames","_skeletonJson","textures"],-1,3]],[[0,0,1,2,3,4,5]],[[0,"emoji_02_dianzan","\nemoji_02_dianzan.png\nsize: 1024,512\nformat: RGBA8888\nfilter: Linear,Linear\nrepeat: none\nemoji_bg\n  rotate: false\n  xy: 2, 2\n  size: 374, 345\n  orig: 374, 345\n  offset: 0, 0\n  index: -1\nmeimao\n  rotate: true\n  xy: 624, 119\n  size: 228, 33\n  orig: 229, 33\n  offset: 1, 0\n  index: -1\nshou\n  rotate: true\n  xy: 378, 174\n  size: 173, 244\n  orig: 173, 244\n  offset: 0, 0\n  index: -1\nyouyan\n  rotate: false\n  xy: 378, 68\n  size: 104, 104\n  orig: 104, 104\n  offset: 0, 0\n  index: -1\nzui\n  rotate: false\n  xy: 659, 304\n  size: 68, 43\n  orig: 68, 43\n  offset: 0, 0\n  index: -1\nzuomiyan\n  rotate: false\n  xy: 590, 69\n  size: 79, 48\n  orig: 79, 48\n  offset: 0, 0\n  index: -1\nzuoyan\n  rotate: false\n  xy: 484, 68\n  size: 104, 104\n  orig: 104, 104\n  offset: 0, 0\n  index: -1\n",["emoji_02_dianzan.png"],{"skeleton":{"hash":"nS8SHUq6bjagNqHrtKLyoeE1GV8","spine":"3.8.99","x":-43.79,"y":-34.42,"width":81.2,"height":69,"images":"./images/","audio":"D:/work/工作/魔法表情/02_dianzan/images"},"bones":[{"name":"root","scaleX":0.2,"scaleY":0.2},{"name":"emoji_bg","parent":"root"},{"name":"bone2","parent":"root","y":-107.96},{"name":"meimao","parent":"root","length":114.4,"rotation":-0.36,"x":-59.79,"y":120.13},{"name":"shou","parent":"root","length":114.64,"rotation":104.82,"x":-140.58,"y":-103.67},{"name":"youyan","parent":"root","length":42.18,"x":62.48,"y":52.2},{"name":"zouyan","parent":"root","length":70.25,"rotation":175.91,"x":-44.77,"y":50.77}],"slots":[{"name":"emoji_bg","bone":"emoji_bg","attachment":"emoji_bg"},{"name":"youyan","bone":"youyan","attachment":"youyan"},{"name":"zuoyan","bone":"zouyan","attachment":"zuoyan"},{"name":"meimao","bone":"meimao","attachment":"meimao"},{"name":"zui","bone":"bone2","attachment":"zui"},{"name":"shou","bone":"shou","attachment":"shou"}],"skins":[{"name":"default","attachments":{"emoji_bg":{"emoji_bg":{"x":0.03,"y":0.38,"width":374,"height":345}},"meimao":{"meimao":{"x":53.29,"y":4.59,"rotation":0.36,"width":229,"height":33}},"shou":{"shou":{"x":81.6,"y":-29.97,"rotation":-104.82,"width":173,"height":244}},"youyan":{"youyan":{"x":10.55,"y":0.68,"width":104,"height":104}},"zui":{"zui":{"x":-0.97,"y":14.35,"width":68,"height":43}},"zuoyan":{"zuomiyan":{"x":38.47,"y":-9.39,"rotation":-175.91,"width":79,"height":48},"zuoyan":{"x":34.26,"y":0.33,"rotation":-175.91,"width":104,"height":104}}}}],"animations":{"dianzan":{"slots":{"zuoyan":{"attachment":[{"time":0.4333,"name":"zuomiyan"},{"time":0.6667,"name":"zuoyan"}]}},"bones":{"emoji_bg":{"scale":[{},{"time":0.2,"x":1.02},{"time":0.4},{"time":0.6,"x":1.02},{"time":0.8}]},"shou":{"translate":[{"x":1.91,"y":-57.91},{"time":0.1333,"curve":"stepped"},{"time":0.2667},{"time":0.4,"x":-3.03,"y":11.47},{"time":0.5333},{"time":0.6667,"x":-3.03,"y":11.47},{"time":0.8,"curve":"stepped"},{"time":1.2}],"scale":[{"x":0.315,"y":0},{"time":0.1333}]}}}}},[0]]],0,0,[0],[-1],[0]]