{"skeleton":{"hash":"VURze4G2MwhzlsLOQhrHdyYJXo8","spine":"3.8.99","x":-640,"y":-360,"width":1280,"height":720,"fps":24,"images":"./images/","audio":""},"bones":[{"name":"root"},{"name":"bg","parent":"root"},{"name":"bg_red","parent":"root"},{"name":"lizi","parent":"root"},{"name":"chi","parent":"root","x":-16.33,"y":-4},{"name":"bg_green","parent":"root"},{"name":"peng","parent":"root","x":-21.02,"y":1.9},{"name":"gang","parent":"root","x":-27.07,"y":-2.93},{"name":"hu","parent":"root","x":-30.83,"y":-5.07},{"name":"ting","parent":"root","x":-16.87,"y":-1.32},{"name":"bg_red1","parent":"root"}],"slots":[{"name":"1程序麻将摆牌","bone":"bg"},{"name":"bg_red","bone":"bg_red"},{"name":"bg_green1","bone":"bg_green"},{"name":"bg_red3","bone":"bg_red1"},{"name":"bg_red2","bone":"bg_red","blend":"additive"},{"name":"bg_green2","bone":"bg_green","blend":"additive"},{"name":"bg_red4","bone":"bg_red1","blend":"additive"},{"name":"btn_particular/particular_0","bone":"lizi","blend":"additive"},{"name":"btn_particular/particular_1","bone":"lizi","color":"ffffff4f","blend":"additive"},{"name":"chi","bone":"chi"},{"name":"ting1","bone":"ting"},{"name":"hu1","bone":"hu"},{"name":"gang1","bone":"gang"},{"name":"peng1","bone":"peng"},{"name":"chi2","bone":"chi","blend":"additive"},{"name":"ting2","bone":"ting","blend":"additive"},{"name":"hu2","bone":"hu","blend":"additive"},{"name":"gang2","bone":"gang","blend":"additive"},{"name":"peng2","bone":"peng","blend":"additive"}],"skins":[{"name":"default","attachments":{"bg_green1":{"bg_green":{"x":0.5,"width":111,"height":118}},"bg_green2":{"bg_green":{"x":0.5,"width":111,"height":118}},"bg_red":{"bg_red":{"x":0.5,"width":113,"height":120}},"bg_red2":{"bg_red":{"x":0.5,"width":113,"height":120}},"bg_red3":{"bg_red1":{"x":0.5,"width":116,"height":123}},"bg_red4":{"bg_red1":{"x":0.5,"width":116,"height":123}},"btn_particular/particular_0":{"btn_particular/particular_00":{"width":360,"height":360},"btn_particular/particular_01":{"width":360,"height":360},"btn_particular/particular_02":{"width":360,"height":360},"btn_particular/particular_03":{"width":360,"height":360},"btn_particular/particular_04":{"width":360,"height":360},"btn_particular/particular_05":{"width":360,"height":360},"btn_particular/particular_06":{"width":360,"height":360},"btn_particular/particular_07":{"width":360,"height":360},"btn_particular/particular_08":{"width":360,"height":360},"btn_particular/particular_09":{"width":360,"height":360},"btn_particular/particular_10":{"width":360,"height":360},"btn_particular/particular_11":{"width":360,"height":360},"btn_particular/particular_12":{"width":360,"height":360},"btn_particular/particular_13":{"width":360,"height":360},"btn_particular/particular_14":{"width":360,"height":360},"btn_particular/particular_15":{"width":360,"height":360},"btn_particular/particular_16":{"width":360,"height":360},"btn_particular/particular_17":{"width":360,"height":360},"btn_particular/particular_18":{"width":360,"height":360},"btn_particular/particular_19":{"width":360,"height":360},"btn_particular/particular_20":{"width":360,"height":360},"btn_particular/particular_21":{"width":360,"height":360},"btn_particular/particular_22":{"width":360,"height":360},"btn_particular/particular_23":{"width":360,"height":360},"btn_particular/particular_24":{"width":360,"height":360},"btn_particular/particular_25":{"width":360,"height":360},"btn_particular/particular_26":{"width":360,"height":360},"btn_particular/particular_27":{"width":360,"height":360},"btn_particular/particular_28":{"width":360,"height":360},"btn_particular/particular_29":{"width":360,"height":360}},"btn_particular/particular_1":{"btn_particular/particular_00":{"width":360,"height":360},"btn_particular/particular_01":{"width":360,"height":360},"btn_particular/particular_02":{"width":360,"height":360},"btn_particular/particular_03":{"width":360,"height":360},"btn_particular/particular_04":{"width":360,"height":360},"btn_particular/particular_05":{"width":360,"height":360},"btn_particular/particular_06":{"width":360,"height":360},"btn_particular/particular_07":{"width":360,"height":360},"btn_particular/particular_08":{"width":360,"height":360},"btn_particular/particular_09":{"width":360,"height":360},"btn_particular/particular_10":{"width":360,"height":360},"btn_particular/particular_11":{"width":360,"height":360},"btn_particular/particular_12":{"width":360,"height":360},"btn_particular/particular_13":{"width":360,"height":360},"btn_particular/particular_14":{"width":360,"height":360},"btn_particular/particular_15":{"width":360,"height":360},"btn_particular/particular_16":{"width":360,"height":360},"btn_particular/particular_17":{"width":360,"height":360},"btn_particular/particular_18":{"width":360,"height":360},"btn_particular/particular_19":{"width":360,"height":360},"btn_particular/particular_20":{"width":360,"height":360},"btn_particular/particular_21":{"width":360,"height":360},"btn_particular/particular_22":{"width":360,"height":360},"btn_particular/particular_23":{"width":360,"height":360},"btn_particular/particular_24":{"width":360,"height":360},"btn_particular/particular_25":{"width":360,"height":360},"btn_particular/particular_26":{"width":360,"height":360},"btn_particular/particular_27":{"width":360,"height":360},"btn_particular/particular_28":{"width":360,"height":360},"btn_particular/particular_29":{"width":360,"height":360}},"chi":{"chi":{"x":0.5,"y":0.5,"width":121,"height":117}},"chi2":{"chi":{"x":0.5,"y":0.5,"width":121,"height":117}},"gang1":{"gang":{"x":0.5,"y":0.5,"width":114,"height":116}},"gang2":{"gang":{"x":0.5,"y":0.5,"width":114,"height":116}},"hu1":{"hu":{"x":0.5,"y":0.5,"width":105,"height":118}},"hu2":{"hu":{"x":0.5,"y":0.5,"width":105,"height":118}},"peng1":{"peng":{"x":0.5,"y":0.5,"width":122,"height":105}},"peng2":{"peng":{"x":0.5,"y":0.5,"width":122,"height":105}},"ting1":{"ting":{"x":0.5,"y":0.5,"width":103,"height":111}},"ting2":{"ting":{"x":0.5,"y":0.5,"width":103,"height":111}}}}],"animations":{"btn_Chow":{"slots":{"bg_green2":{"color":[{"color":"ffffff00","curve":"stepped"},{"time":0.2083,"color":"ffffff00"},{"time":0.8333,"color":"ffffffff"},{"time":1.4583,"color":"ffffff00"}]},"bg_red":{"attachment":[{"name":"bg_red"}]},"bg_red2":{"color":[{"color":"ffffff00","curve":"stepped"},{"time":0.2083,"color":"ffffff00"},{"time":0.8333,"color":"ffffffff"},{"time":1.4583,"color":"ffffff00"}],"attachment":[{"name":"bg_red"}]},"bg_red4":{"color":[{"color":"ffffff00","curve":"stepped"},{"time":0.2083,"color":"ffffff00"},{"time":0.8333,"color":"ffffffff"},{"time":1.4583,"color":"ffffff00"}]},"btn_particular/particular_0":{"color":[{"color":"feff2cff"}],"attachment":[{"name":"btn_particular/particular_00"},{"time":0.0833,"name":"btn_particular/particular_01"},{"time":0.1667,"name":"btn_particular/particular_02"},{"time":0.25,"name":"btn_particular/particular_03"},{"time":0.3333,"name":"btn_particular/particular_04"},{"time":0.4167,"name":"btn_particular/particular_05"},{"time":0.5,"name":"btn_particular/particular_06"},{"time":0.5833,"name":"btn_particular/particular_07"},{"time":0.6667,"name":"btn_particular/particular_08"},{"time":0.75,"name":"btn_particular/particular_09"},{"time":0.8333,"name":"btn_particular/particular_10"},{"time":0.9167,"name":"btn_particular/particular_11"},{"time":1,"name":"btn_particular/particular_12"},{"time":1.0833,"name":"btn_particular/particular_13"},{"time":1.1667,"name":"btn_particular/particular_14"},{"time":1.25,"name":"btn_particular/particular_15"},{"time":1.3333,"name":"btn_particular/particular_16"},{"time":1.4167,"name":"btn_particular/particular_17"},{"time":1.5,"name":"btn_particular/particular_18"},{"time":1.5833,"name":"btn_particular/particular_19"},{"time":1.7083,"name":"btn_particular/particular_20"},{"time":1.7917,"name":"btn_particular/particular_21"},{"time":1.875,"name":"btn_particular/particular_22"},{"time":1.9583,"name":"btn_particular/particular_23"},{"time":2.0417,"name":"btn_particular/particular_24"},{"time":2.125,"name":"btn_particular/particular_25"},{"time":2.2083,"name":"btn_particular/particular_26"},{"time":2.2917,"name":"btn_particular/particular_27"},{"time":2.375,"name":"btn_particular/particular_28"},{"time":2.4583,"name":"btn_particular/particular_29"}]},"btn_particular/particular_1":{"attachment":[{"name":"btn_particular/particular_00"},{"time":0.0833,"name":"btn_particular/particular_01"},{"time":0.1667,"name":"btn_particular/particular_02"},{"time":0.25,"name":"btn_particular/particular_03"},{"time":0.3333,"name":"btn_particular/particular_04"},{"time":0.4167,"name":"btn_particular/particular_05"},{"time":0.5,"name":"btn_particular/particular_06"},{"time":0.5833,"name":"btn_particular/particular_07"},{"time":0.6667,"name":"btn_particular/particular_08"},{"time":0.75,"name":"btn_particular/particular_09"},{"time":0.8333,"name":"btn_particular/particular_10"},{"time":0.9167,"name":"btn_particular/particular_11"},{"time":1,"name":"btn_particular/particular_12"},{"time":1.0833,"name":"btn_particular/particular_13"},{"time":1.1667,"name":"btn_particular/particular_14"},{"time":1.25,"name":"btn_particular/particular_15"},{"time":1.3333,"name":"btn_particular/particular_16"},{"time":1.4167,"name":"btn_particular/particular_17"},{"time":1.5,"name":"btn_particular/particular_18"},{"time":1.5833,"name":"btn_particular/particular_19"},{"time":1.7083,"name":"btn_particular/particular_20"},{"time":1.7917,"name":"btn_particular/particular_21"},{"time":1.875,"name":"btn_particular/particular_22"},{"time":1.9583,"name":"btn_particular/particular_23"},{"time":2.0417,"name":"btn_particular/particular_24"},{"time":2.125,"name":"btn_particular/particular_25"},{"time":2.2083,"name":"btn_particular/particular_26"},{"time":2.2917,"name":"btn_particular/particular_27"},{"time":2.375,"name":"btn_particular/particular_28"},{"time":2.4583,"name":"btn_particular/particular_29"}]},"chi":{"attachment":[{"name":"chi"}]},"chi2":{"color":[{"color":"ffffff00","curve":"stepped"},{"time":0.2083,"color":"ffffff00"},{"time":0.8333,"color":"ffffffff"},{"time":1.4583,"color":"ffffff00"}],"attachment":[{"name":"chi"}]}},"bones":{"chi":{"scale":[{"time":0.2083,"curve":0.25,"c3":0.75},{"time":0.8333,"x":1.1,"y":1.1,"curve":0.25,"c3":0.75},{"time":1.4583}]},"bg_red":{"scale":[{"time":0.2083,"curve":0.25,"c3":0.75},{"time":0.8333,"x":1.07,"y":1.07,"curve":0.25,"c3":0.75},{"time":1.4583}]},"lizi":{"scale":[{"time":0.2083,"curve":0.25,"c3":0.75},{"time":0.8333,"x":1.07,"y":1.07,"curve":0.25,"c3":0.75},{"time":1.4583}]},"bg_green":{"scale":[{"time":0.2083,"curve":0.25,"c3":0.75},{"time":0.8333,"x":1.07,"y":1.07,"curve":0.25,"c3":0.75},{"time":1.4583}]},"bg_red1":{"scale":[{"time":0.2083,"curve":0.25,"c3":0.75},{"time":0.8333,"x":1.07,"y":1.07,"curve":0.25,"c3":0.75},{"time":1.4583}]}}},"btn_Kong":{"slots":{"bg_green2":{"color":[{"color":"ffffff00","curve":"stepped"},{"time":0.2083,"color":"ffffff00"},{"time":0.8333,"color":"ffffffff"},{"time":1.4583,"color":"ffffff00"}]},"bg_red":{"attachment":[{"name":"bg_red"}]},"bg_red2":{"color":[{"color":"ffffff00","curve":"stepped"},{"time":0.2083,"color":"ffffff00"},{"time":0.8333,"color":"ffffffff"},{"time":1.4583,"color":"ffffff00"}],"attachment":[{"name":"bg_red"}]},"bg_red4":{"color":[{"color":"ffffff00","curve":"stepped"},{"time":0.2083,"color":"ffffff00"},{"time":0.8333,"color":"ffffffff"},{"time":1.4583,"color":"ffffff00"}]},"btn_particular/particular_0":{"color":[{"color":"feff2cff"}],"attachment":[{"name":"btn_particular/particular_00"},{"time":0.0833,"name":"btn_particular/particular_01"},{"time":0.1667,"name":"btn_particular/particular_02"},{"time":0.25,"name":"btn_particular/particular_03"},{"time":0.3333,"name":"btn_particular/particular_04"},{"time":0.4167,"name":"btn_particular/particular_05"},{"time":0.5,"name":"btn_particular/particular_06"},{"time":0.5833,"name":"btn_particular/particular_07"},{"time":0.6667,"name":"btn_particular/particular_08"},{"time":0.75,"name":"btn_particular/particular_09"},{"time":0.8333,"name":"btn_particular/particular_10"},{"time":0.9167,"name":"btn_particular/particular_11"},{"time":1,"name":"btn_particular/particular_12"},{"time":1.0833,"name":"btn_particular/particular_13"},{"time":1.1667,"name":"btn_particular/particular_14"},{"time":1.25,"name":"btn_particular/particular_15"},{"time":1.3333,"name":"btn_particular/particular_16"},{"time":1.4167,"name":"btn_particular/particular_17"},{"time":1.5,"name":"btn_particular/particular_18"},{"time":1.5833,"name":"btn_particular/particular_19"},{"time":1.7083,"name":"btn_particular/particular_20"},{"time":1.7917,"name":"btn_particular/particular_21"},{"time":1.875,"name":"btn_particular/particular_22"},{"time":1.9583,"name":"btn_particular/particular_23"},{"time":2.0417,"name":"btn_particular/particular_24"},{"time":2.125,"name":"btn_particular/particular_25"},{"time":2.2083,"name":"btn_particular/particular_26"},{"time":2.2917,"name":"btn_particular/particular_27"},{"time":2.375,"name":"btn_particular/particular_28"},{"time":2.4583,"name":"btn_particular/particular_29"}]},"btn_particular/particular_1":{"attachment":[{"name":"btn_particular/particular_00"},{"time":0.0833,"name":"btn_particular/particular_01"},{"time":0.1667,"name":"btn_particular/particular_02"},{"time":0.25,"name":"btn_particular/particular_03"},{"time":0.3333,"name":"btn_particular/particular_04"},{"time":0.4167,"name":"btn_particular/particular_05"},{"time":0.5,"name":"btn_particular/particular_06"},{"time":0.5833,"name":"btn_particular/particular_07"},{"time":0.6667,"name":"btn_particular/particular_08"},{"time":0.75,"name":"btn_particular/particular_09"},{"time":0.8333,"name":"btn_particular/particular_10"},{"time":0.9167,"name":"btn_particular/particular_11"},{"time":1,"name":"btn_particular/particular_12"},{"time":1.0833,"name":"btn_particular/particular_13"},{"time":1.1667,"name":"btn_particular/particular_14"},{"time":1.25,"name":"btn_particular/particular_15"},{"time":1.3333,"name":"btn_particular/particular_16"},{"time":1.4167,"name":"btn_particular/particular_17"},{"time":1.5,"name":"btn_particular/particular_18"},{"time":1.5833,"name":"btn_particular/particular_19"},{"time":1.7083,"name":"btn_particular/particular_20"},{"time":1.7917,"name":"btn_particular/particular_21"},{"time":1.875,"name":"btn_particular/particular_22"},{"time":1.9583,"name":"btn_particular/particular_23"},{"time":2.0417,"name":"btn_particular/particular_24"},{"time":2.125,"name":"btn_particular/particular_25"},{"time":2.2083,"name":"btn_particular/particular_26"},{"time":2.2917,"name":"btn_particular/particular_27"},{"time":2.375,"name":"btn_particular/particular_28"},{"time":2.4583,"name":"btn_particular/particular_29"}]},"gang1":{"attachment":[{"name":"gang"}]},"gang2":{"color":[{"color":"ffffff00","curve":"stepped"},{"time":0.2083,"color":"ffffff00"},{"time":0.8333,"color":"ffffffff"},{"time":1.4583,"color":"ffffff00"}],"attachment":[{"name":"gang"}]}},"bones":{"bg_red":{"scale":[{"time":0.2083,"curve":0.25,"c3":0.75},{"time":0.8333,"x":1.07,"y":1.07,"curve":0.25,"c3":0.75},{"time":1.4583}]},"lizi":{"scale":[{"time":0.2083,"curve":0.25,"c3":0.75},{"time":0.8333,"x":1.07,"y":1.07,"curve":0.25,"c3":0.75},{"time":1.4583}]},"bg_green":{"scale":[{"time":0.2083,"curve":0.25,"c3":0.75},{"time":0.8333,"x":1.07,"y":1.07,"curve":0.25,"c3":0.75},{"time":1.4583}]},"gang":{"scale":[{"time":0.2083,"curve":0.25,"c3":0.75},{"time":0.8333,"x":1.1,"y":1.1,"curve":0.25,"c3":0.75},{"time":1.4583}]},"bg_red1":{"scale":[{"time":0.2083,"curve":0.25,"c3":0.75},{"time":0.8333,"x":1.07,"y":1.07,"curve":0.25,"c3":0.75},{"time":1.4583}]}}},"btn_Pong":{"slots":{"bg_green2":{"color":[{"color":"ffffff00","curve":"stepped"},{"time":0.2083,"color":"ffffff00"},{"time":0.8333,"color":"ffffffff"},{"time":1.4583,"color":"ffffff00"}]},"bg_red":{"attachment":[{"name":"bg_red"}]},"bg_red2":{"color":[{"color":"ffffff00","curve":"stepped"},{"time":0.2083,"color":"ffffff00"},{"time":0.8333,"color":"ffffffff"},{"time":1.4583,"color":"ffffff00"}],"attachment":[{"name":"bg_red"}]},"bg_red4":{"color":[{"color":"ffffff00","curve":"stepped"},{"time":0.2083,"color":"ffffff00"},{"time":0.8333,"color":"ffffffff"},{"time":1.4583,"color":"ffffff00"}]},"btn_particular/particular_0":{"color":[{"color":"feff2dff"}],"attachment":[{"name":"btn_particular/particular_00"},{"time":0.0833,"name":"btn_particular/particular_01"},{"time":0.1667,"name":"btn_particular/particular_02"},{"time":0.25,"name":"btn_particular/particular_03"},{"time":0.3333,"name":"btn_particular/particular_04"},{"time":0.4167,"name":"btn_particular/particular_05"},{"time":0.5,"name":"btn_particular/particular_06"},{"time":0.5833,"name":"btn_particular/particular_07"},{"time":0.6667,"name":"btn_particular/particular_08"},{"time":0.75,"name":"btn_particular/particular_09"},{"time":0.8333,"name":"btn_particular/particular_10"},{"time":0.9167,"name":"btn_particular/particular_11"},{"time":1,"name":"btn_particular/particular_12"},{"time":1.0833,"name":"btn_particular/particular_13"},{"time":1.1667,"name":"btn_particular/particular_14"},{"time":1.25,"name":"btn_particular/particular_15"},{"time":1.3333,"name":"btn_particular/particular_16"},{"time":1.4167,"name":"btn_particular/particular_17"},{"time":1.5,"name":"btn_particular/particular_18"},{"time":1.5833,"name":"btn_particular/particular_19"},{"time":1.7083,"name":"btn_particular/particular_20"},{"time":1.7917,"name":"btn_particular/particular_21"},{"time":1.875,"name":"btn_particular/particular_22"},{"time":1.9583,"name":"btn_particular/particular_23"},{"time":2.0417,"name":"btn_particular/particular_24"},{"time":2.125,"name":"btn_particular/particular_25"},{"time":2.2083,"name":"btn_particular/particular_26"},{"time":2.2917,"name":"btn_particular/particular_27"},{"time":2.375,"name":"btn_particular/particular_28"},{"time":2.4583,"name":"btn_particular/particular_29"}]},"btn_particular/particular_1":{"attachment":[{"name":"btn_particular/particular_00"},{"time":0.0833,"name":"btn_particular/particular_01"},{"time":0.1667,"name":"btn_particular/particular_02"},{"time":0.25,"name":"btn_particular/particular_03"},{"time":0.3333,"name":"btn_particular/particular_04"},{"time":0.4167,"name":"btn_particular/particular_05"},{"time":0.5,"name":"btn_particular/particular_06"},{"time":0.5833,"name":"btn_particular/particular_07"},{"time":0.6667,"name":"btn_particular/particular_08"},{"time":0.75,"name":"btn_particular/particular_09"},{"time":0.8333,"name":"btn_particular/particular_10"},{"time":0.9167,"name":"btn_particular/particular_11"},{"time":1,"name":"btn_particular/particular_12"},{"time":1.0833,"name":"btn_particular/particular_13"},{"time":1.1667,"name":"btn_particular/particular_14"},{"time":1.25,"name":"btn_particular/particular_15"},{"time":1.3333,"name":"btn_particular/particular_16"},{"time":1.4167,"name":"btn_particular/particular_17"},{"time":1.5,"name":"btn_particular/particular_18"},{"time":1.5833,"name":"btn_particular/particular_19"},{"time":1.7083,"name":"btn_particular/particular_20"},{"time":1.7917,"name":"btn_particular/particular_21"},{"time":1.875,"name":"btn_particular/particular_22"},{"time":1.9583,"name":"btn_particular/particular_23"},{"time":2.0417,"name":"btn_particular/particular_24"},{"time":2.125,"name":"btn_particular/particular_25"},{"time":2.2083,"name":"btn_particular/particular_26"},{"time":2.2917,"name":"btn_particular/particular_27"},{"time":2.375,"name":"btn_particular/particular_28"},{"time":2.4583,"name":"btn_particular/particular_29"}]},"peng1":{"attachment":[{"name":"peng"}]},"peng2":{"color":[{"color":"ffffff00","curve":"stepped"},{"time":0.2083,"color":"ffffff00"},{"time":0.8333,"color":"ffffffff"},{"time":1.4583,"color":"ffffff00"}],"attachment":[{"name":"peng"}]}},"bones":{"bg_red":{"scale":[{"time":0.2083,"curve":0.25,"c3":0.75},{"time":0.8333,"x":1.07,"y":1.07,"curve":0.25,"c3":0.75},{"time":1.4583}]},"lizi":{"scale":[{"time":0.2083,"curve":0.25,"c3":0.75},{"time":0.8333,"x":1.07,"y":1.07,"curve":0.25,"c3":0.75},{"time":1.4583}]},"bg_green":{"scale":[{"time":0.2083,"curve":0.25,"c3":0.75},{"time":0.8333,"x":1.07,"y":1.07,"curve":0.25,"c3":0.75},{"time":1.4583}]},"peng":{"scale":[{"time":0.2083,"curve":0.25,"c3":0.75},{"time":0.8333,"x":1.1,"y":1.1,"curve":0.25,"c3":0.75},{"time":1.4583}]},"bg_red1":{"scale":[{"time":0.2083,"curve":0.25,"c3":0.75},{"time":0.8333,"x":1.07,"y":1.07,"curve":0.25,"c3":0.75},{"time":1.4583}]}}},"btn_ReadyHand":{"slots":{"bg_green1":{"attachment":[{"name":"bg_green"}]},"bg_green2":{"color":[{"color":"ffffff00","curve":"stepped"},{"time":0.2083,"color":"ffffff00"},{"time":0.8333,"color":"ffffffff"},{"time":1.4583,"color":"ffffff00"}],"attachment":[{"name":"bg_green"}]},"btn_particular/particular_0":{"color":[{"color":"8dff00ff"}],"attachment":[{"name":"btn_particular/particular_00"},{"time":0.0833,"name":"btn_particular/particular_01"},{"time":0.1667,"name":"btn_particular/particular_02"},{"time":0.25,"name":"btn_particular/particular_03"},{"time":0.3333,"name":"btn_particular/particular_04"},{"time":0.4167,"name":"btn_particular/particular_05"},{"time":0.5,"name":"btn_particular/particular_06"},{"time":0.5833,"name":"btn_particular/particular_07"},{"time":0.6667,"name":"btn_particular/particular_08"},{"time":0.75,"name":"btn_particular/particular_09"},{"time":0.8333,"name":"btn_particular/particular_10"},{"time":0.9167,"name":"btn_particular/particular_11"},{"time":1,"name":"btn_particular/particular_12"},{"time":1.0833,"name":"btn_particular/particular_13"},{"time":1.1667,"name":"btn_particular/particular_14"},{"time":1.25,"name":"btn_particular/particular_15"},{"time":1.3333,"name":"btn_particular/particular_16"},{"time":1.4167,"name":"btn_particular/particular_17"},{"time":1.5,"name":"btn_particular/particular_18"},{"time":1.5833,"name":"btn_particular/particular_19"},{"time":1.7083,"name":"btn_particular/particular_20"},{"time":1.7917,"name":"btn_particular/particular_21"},{"time":1.875,"name":"btn_particular/particular_22"},{"time":1.9583,"name":"btn_particular/particular_23"},{"time":2.0417,"name":"btn_particular/particular_24"},{"time":2.125,"name":"btn_particular/particular_25"},{"time":2.2083,"name":"btn_particular/particular_26"},{"time":2.2917,"name":"btn_particular/particular_27"},{"time":2.375,"name":"btn_particular/particular_28"},{"time":2.4583,"name":"btn_particular/particular_29"}]},"btn_particular/particular_1":{"color":[{"color":"8dff004f"}],"attachment":[{"name":"btn_particular/particular_00"},{"time":0.0833,"name":"btn_particular/particular_01"},{"time":0.1667,"name":"btn_particular/particular_02"},{"time":0.25,"name":"btn_particular/particular_03"},{"time":0.3333,"name":"btn_particular/particular_04"},{"time":0.4167,"name":"btn_particular/particular_05"},{"time":0.5,"name":"btn_particular/particular_06"},{"time":0.5833,"name":"btn_particular/particular_07"},{"time":0.6667,"name":"btn_particular/particular_08"},{"time":0.75,"name":"btn_particular/particular_09"},{"time":0.8333,"name":"btn_particular/particular_10"},{"time":0.9167,"name":"btn_particular/particular_11"},{"time":1,"name":"btn_particular/particular_12"},{"time":1.0833,"name":"btn_particular/particular_13"},{"time":1.1667,"name":"btn_particular/particular_14"},{"time":1.25,"name":"btn_particular/particular_15"},{"time":1.3333,"name":"btn_particular/particular_16"},{"time":1.4167,"name":"btn_particular/particular_17"},{"time":1.5,"name":"btn_particular/particular_18"},{"time":1.5833,"name":"btn_particular/particular_19"},{"time":1.7083,"name":"btn_particular/particular_20"},{"time":1.7917,"name":"btn_particular/particular_21"},{"time":1.875,"name":"btn_particular/particular_22"},{"time":1.9583,"name":"btn_particular/particular_23"},{"time":2.0417,"name":"btn_particular/particular_24"},{"time":2.125,"name":"btn_particular/particular_25"},{"time":2.2083,"name":"btn_particular/particular_26"},{"time":2.2917,"name":"btn_particular/particular_27"},{"time":2.375,"name":"btn_particular/particular_28"},{"time":2.4583,"name":"btn_particular/particular_29"}]},"ting1":{"attachment":[{"name":"ting"}]},"ting2":{"color":[{"color":"ffffff00","curve":"stepped"},{"time":0.2083,"color":"ffffff00"},{"time":0.8333,"color":"ffffffff"},{"time":1.4583,"color":"ffffff00"}],"attachment":[{"name":"ting"}]}},"bones":{"lizi":{"scale":[{"time":0.2083,"curve":0.25,"c3":0.75},{"time":0.8333,"x":1.07,"y":1.07,"curve":0.25,"c3":0.75},{"time":1.4583}]},"bg_green":{"scale":[{"time":0.2083,"curve":0.25,"c3":0.75},{"time":0.8333,"x":1.07,"y":1.07,"curve":0.25,"c3":0.75},{"time":1.4583}]},"ting":{"scale":[{"time":0.2083,"curve":0.25,"c3":0.75},{"time":0.8333,"x":1.1,"y":1.1,"curve":0.25,"c3":0.75},{"time":1.4583}]}}},"btn_Win":{"slots":{"bg_red3":{"attachment":[{"name":"bg_red1"}]},"bg_red4":{"color":[{"color":"ffffff00","curve":"stepped"},{"time":0.2083,"color":"ffffff00"},{"time":0.8333,"color":"ffffffff"},{"time":1.4583,"color":"ffffff00"}],"attachment":[{"name":"bg_red1"}]},"btn_particular/particular_0":{"color":[{"color":"ffcad4ff"}],"attachment":[{"name":"btn_particular/particular_00"},{"time":0.0833,"name":"btn_particular/particular_01"},{"time":0.1667,"name":"btn_particular/particular_02"},{"time":0.25,"name":"btn_particular/particular_03"},{"time":0.3333,"name":"btn_particular/particular_04"},{"time":0.4167,"name":"btn_particular/particular_05"},{"time":0.5,"name":"btn_particular/particular_06"},{"time":0.5833,"name":"btn_particular/particular_07"},{"time":0.6667,"name":"btn_particular/particular_08"},{"time":0.75,"name":"btn_particular/particular_09"},{"time":0.8333,"name":"btn_particular/particular_10"},{"time":0.9167,"name":"btn_particular/particular_11"},{"time":1,"name":"btn_particular/particular_12"},{"time":1.0833,"name":"btn_particular/particular_13"},{"time":1.1667,"name":"btn_particular/particular_14"},{"time":1.25,"name":"btn_particular/particular_15"},{"time":1.3333,"name":"btn_particular/particular_16"},{"time":1.4167,"name":"btn_particular/particular_17"},{"time":1.5,"name":"btn_particular/particular_18"},{"time":1.5833,"name":"btn_particular/particular_19"},{"time":1.7083,"name":"btn_particular/particular_20"},{"time":1.7917,"name":"btn_particular/particular_21"},{"time":1.875,"name":"btn_particular/particular_22"},{"time":1.9583,"name":"btn_particular/particular_23"},{"time":2.0417,"name":"btn_particular/particular_24"},{"time":2.125,"name":"btn_particular/particular_25"},{"time":2.2083,"name":"btn_particular/particular_26"},{"time":2.2917,"name":"btn_particular/particular_27"},{"time":2.375,"name":"btn_particular/particular_28"},{"time":2.4583,"name":"btn_particular/particular_29"}]},"btn_particular/particular_1":{"color":[{"color":"ffcad44f"}],"attachment":[{"name":"btn_particular/particular_00"},{"time":0.0833,"name":"btn_particular/particular_01"},{"time":0.1667,"name":"btn_particular/particular_02"},{"time":0.25,"name":"btn_particular/particular_03"},{"time":0.3333,"name":"btn_particular/particular_04"},{"time":0.4167,"name":"btn_particular/particular_05"},{"time":0.5,"name":"btn_particular/particular_06"},{"time":0.5833,"name":"btn_particular/particular_07"},{"time":0.6667,"name":"btn_particular/particular_08"},{"time":0.75,"name":"btn_particular/particular_09"},{"time":0.8333,"name":"btn_particular/particular_10"},{"time":0.9167,"name":"btn_particular/particular_11"},{"time":1,"name":"btn_particular/particular_12"},{"time":1.0833,"name":"btn_particular/particular_13"},{"time":1.1667,"name":"btn_particular/particular_14"},{"time":1.25,"name":"btn_particular/particular_15"},{"time":1.3333,"name":"btn_particular/particular_16"},{"time":1.4167,"name":"btn_particular/particular_17"},{"time":1.5,"name":"btn_particular/particular_18"},{"time":1.5833,"name":"btn_particular/particular_19"},{"time":1.7083,"name":"btn_particular/particular_20"},{"time":1.7917,"name":"btn_particular/particular_21"},{"time":1.875,"name":"btn_particular/particular_22"},{"time":1.9583,"name":"btn_particular/particular_23"},{"time":2.0417,"name":"btn_particular/particular_24"},{"time":2.125,"name":"btn_particular/particular_25"},{"time":2.2083,"name":"btn_particular/particular_26"},{"time":2.2917,"name":"btn_particular/particular_27"},{"time":2.375,"name":"btn_particular/particular_28"},{"time":2.4583,"name":"btn_particular/particular_29"}]},"hu1":{"attachment":[{"name":"hu"}]},"hu2":{"color":[{"color":"ffffff00","curve":"stepped"},{"time":0.2083,"color":"ffffff00"},{"time":0.8333,"color":"ffffffff"},{"time":1.4583,"color":"ffffff00"}],"attachment":[{"name":"hu"}]}},"bones":{"lizi":{"scale":[{"time":0.2083,"curve":0.25,"c3":0.75},{"time":0.8333,"x":1.07,"y":1.07,"curve":0.25,"c3":0.75},{"time":1.4583}]},"hu":{"scale":[{"time":0.2083,"curve":0.25,"c3":0.75},{"time":0.8333,"x":1.1,"y":1.1,"curve":0.25,"c3":0.75},{"time":1.4583}]},"bg_red1":{"scale":[{"time":0.2083,"curve":0.25,"c3":0.75},{"time":0.8333,"x":1.07,"y":1.07,"curve":0.25,"c3":0.75},{"time":1.4583}]}}}}}