[1,["1619d2fb-916b-4d31-ab76-4aca69056a72@6c48a"],["_textureSource"],["cc.SpriteFrame"],0,[{"name":"mode3_s_b","rect":{"x":0,"y":0,"width":226,"height":146},"offset":{"x":0,"y":0},"originalSize":{"width":226,"height":146},"rotated":false,"capInsets":[0,0,0,0],"vertices":{"rawPosition":[-113,-73,0,113,-73,0,-113,73,0,113,73,0],"indexes":[0,1,2,2,1,3],"uv":[0,146,226,146,0,0,226,0],"nuv":[0,0,1,0,0,1,1,1],"minPos":{"x":-113,"y":-73,"z":0},"maxPos":{"x":113,"y":73,"z":0}},"packable":true,"pixelsToUnit":100,"pivot":{"x":0.5,"y":0.5},"meshType":0}],[0],0,[0],[0],[0]]
