[1,["981HvemOVB44BTL8XpHdN+","55Bwahe+hPk4kyvrzIOf+8"],["spriteFrame","_textureSetter"],["cc.SpriteFrame",["cc.BitmapFont",["_name","fontSize","_fntConfig"],0]],[[1,0,1,2,4]],[[[[0,"winResult",41,{"commonHeight":41,"fontSize":41,"atlasName":"winResult.png","fontDefDictionary":{"43":{"xOffset":0,"yOffset":0,"xAdvance":24,"rect":{"x":0,"y":40,"width":24,"height":41}},"44":{"xOffset":0,"yOffset":0,"xAdvance":11,"rect":{"x":26,"y":40,"width":11,"height":41}},"46":{"xOffset":0,"yOffset":0,"xAdvance":10,"rect":{"x":0,"y":126,"width":10,"height":41}},"48":{"xOffset":0,"yOffset":0,"xAdvance":24,"rect":{"x":42,"y":0,"width":24,"height":41}},"49":{"xOffset":0,"yOffset":0,"xAdvance":16,"rect":{"x":126,"y":83,"width":16,"height":41}},"50":{"xOffset":0,"yOffset":0,"xAdvance":24,"rect":{"x":68,"y":0,"width":24,"height":41}},"51":{"xOffset":0,"yOffset":0,"xAdvance":24,"rect":{"x":94,"y":0,"width":24,"height":41}},"52":{"xOffset":0,"yOffset":0,"xAdvance":24,"rect":{"x":120,"y":0,"width":24,"height":41}},"53":{"xOffset":0,"yOffset":0,"xAdvance":22,"rect":{"x":102,"y":83,"width":22,"height":41}},"54":{"xOffset":0,"yOffset":0,"xAdvance":23,"rect":{"x":52,"y":83,"width":23,"height":41}},"55":{"xOffset":0,"yOffset":0,"xAdvance":22,"rect":{"x":146,"y":0,"width":22,"height":41}},"56":{"xOffset":0,"yOffset":0,"xAdvance":23,"rect":{"x":77,"y":83,"width":23,"height":41}},"57":{"xOffset":0,"yOffset":0,"xAdvance":24,"rect":{"x":0,"y":83,"width":24,"height":41}},"75":{"xOffset":0,"yOffset":0,"xAdvance":24,"rect":{"x":26,"y":83,"width":24,"height":41}},"77":{"xOffset":0,"yOffset":0,"xAdvance":22,"rect":{"x":146,"y":43,"width":22,"height":41}},"36194":{"xOffset":0,"yOffset":0,"xAdvance":40,"rect":{"x":0,"y":0,"width":40,"height":38}}},"kerningDict":{}}]],0,0,[0],[0],[0]],[[{"name":"winResult","rect":[0,0,168,160],"offset":[0,3.5],"originalSize":[168,167],"capInsets":[0,0,0,0]}],[0],0,[0],[1],[1]]]]