[1,["ecpdLyjvZBwrvm+cedCcQy","1294fbe2e","e7q6FL+VZEgLJUjVeDLic/","08OT07mxtBHow6MlXsHYDy","4fWT6R3ahH4aQW2QcXAbnG","0dlOoz2C9KTKB5JpS9fzEW","8bf6czqRxKQ5oFsRhMGVWB","29FYIk+N1GYaeWH/q1NxQO","38UcwXdUBJX5r/8y4r8Qfa","a2MjXRFdtLlYQ5ouAFv/+R","28kc4Sg6lO/qDoVUeF+rvi","6fxBwSU9hObL50Akrcx+9c","d3NkTRtHVPT5FpAPgz2E51","0byRsfMwlGQ49scyxdDZtr","8aKrLFcQNGZpzkoLq/pcF6","09Ch0JiStCS76UghI8Fwnh","412ZLBh51HwKmJrAkjrW4O"],["node","_spriteFrame","_textureSetter","_normalMaterial","_N$normalSprite","_N$pressedSprite","_N$hoverSprite","_N$disabledSprite","root","versionLabel","musictoggle","soundtoggle","musicProgress","soundProgress","musicSlider","soundSlider","clock_btn","data","_parent"],["cc.SpriteFrame",["cc.Node",["_name","_opacity","_objFlags","_components","_prefab","_contentSize","_parent","_trs","_children","_color"],0,9,4,5,1,7,2,5],["cc.Sprite",["_sizeMode","_type","_isTrimmedMode","node","_materials","_spriteFrame"],0,1,3,6],["cc.Node",["_name","_objFlags","_parent","_components","_prefab","_contentSize","_trs","_anchorPoint","_children"],1,1,2,4,5,7,5,2],["cc.Button",["_N$transition","zoomScale","_N$enableAutoGrayEffect","node","_N$pressedColor","_N$disabledColor","_N$target"],0,1,5,5,1],["cc.Node",["_name","_parent","_components","_prefab","_contentSize","_trs","_children","_anchorPoint"],2,1,12,4,5,7,2,5],["cc.Widget",["_alignFlags","_originalWidth","_originalHeight","_top","node"],-1,1],["cc.PrefabInfo",["fileId","root"],2,1],["cc.Prefab",["_name"],2],["aa761eJIkBJarKAni7LRi3X",["node","clock_btn","soundSlider","musicSlider","soundProgress","musicProgress","soundtoggle","musictoggle","versionLabel"],3,1,1,1,1,1,1,1,1,1],["dc260WzHhJCNbdTPXKK45bp",["node"],3,1],["757f2MG1rFM9rA94jsbuTl3",["node"],3,1],["cc.ProgressBar",["_N$totalLength","node","_N$barSprite"],2,1,1],["cc.Slider",["_N$progress","node","slideEvents","_N$handle"],2,1,9,1],["cc.ClickEvent",["_componentId","handler","customEventData","target"],0,1],["cc.Toggle",["node","_N$normalColor","_N$target","checkMark","checkEvents"],3,1,5,1,1,9],["cc.Label",["_string","_fontSize","_lineHeight","_styleFlags","_N$horizontalAlign","_N$verticalAlign","_N$fontFamily","node","_materials"],-4,1,3]],[[7,0,1,2],[2,3,4,5,1],[1,0,6,3,4,5,7,2],[2,1,0,3,4,3],[3,0,2,8,3,4,5,6,2],[2,1,0,3,4,5,3],[14,0,1,2,3,4],[1,0,8,3,4,5,7,2],[1,0,2,6,3,4,5,7,3],[1,0,6,3,4,5,2],[5,0,1,6,2,3,4,7,5,2],[5,0,1,2,3,4,5,2],[3,0,2,3,4,5,7,2],[6,0,1,2,4,4],[2,0,2,3,4,3],[4,1,2,0,3,4,5,6,4],[12,0,1,2,2],[13,0,1,2,3,2],[15,0,1,2,3,4,1],[8,0,2],[1,0,6,8,3,4,5,2],[1,0,1,6,3,4,9,5,3],[1,0,6,8,3,4,5,7,2],[3,0,1,2,3,4,5,3],[3,0,2,3,4,5,2],[3,0,2,3,4,5,7,6,2],[9,0,1,2,3,4,5,6,7,8,1],[6,0,3,4,3],[7,1,1],[2,0,3,4,5,2],[2,0,3,4,2],[2,3,4,1],[4,0,3,2],[4,3,1],[10,0,1],[11,0,1],[16,0,1,2,3,4,5,6,7,8,8]],[[[{"name":"cf_jdt3","rect":[438,3,669,16],"offset":[0,0],"originalSize":[669,16],"rotated":1,"capInsets":[0,0,0,0]}],[0],0,[0],[2],[1]],[[{"name":"zi_yinyue","rect":[319,663,79,41],"offset":[0,0],"originalSize":[79,41],"capInsets":[0,0,0,0]}],[0],0,[0],[2],[1]],[[{"name":"zi_youxiyinxiao","rect":[163,743,150,42],"offset":[0,0],"originalSize":[150,42],"capInsets":[0,0,0,0]}],[0],0,[0],[2],[1]],[[{"name":"ui_shezhi_ban","rect":[3,3,654,429],"offset":[0,0],"originalSize":[654,429],"rotated":1,"capInsets":[0,0,0,0]}],[0],0,[0],[2],[1]],[[[19,"mahjongSoundNode"],[7,"soundNode",[-12,-13],[[26,-10,-9,-8,-7,-6,-5,-4,-3,-2],[13,45,1280,720,-11]],[28,-1],[5,1280,720],[640,360,0,0,0,0,1,1,1,1]],[7,"contentBg",[-15,-16,-17,-18,-19,-20,-21,-22,-23,-24,-25],[[3,1,0,-14,[29]]],[0,"6fw2aCbLpL1pjWFJpbp9NZ",1],[5,602,304],[0,-7,0,0,0,0,1,1,1,1]],[20,"bg",1,[2,-27,-28,-29],[[1,-26,[36],37]],[0,"10EE3n6u5JqqzFR5hatokO",1],[5,654,429]],[2,"Shutdown",3,[[1,-30,[33],34],[32,3,-31],[34,-32],[35,-33]],[0,"bduxvYxElMgqu1/23pkJgy",1],[5,97,67],[280.856,175.739,0,0,0,0,1,0.8,0.8,0]],[21,"mask",150,1,[[29,0,-34,[0],1],[13,45,100,100,-35],[33,-36]],[0,"bbTISXkGdEkLD5LetSVwgx",1],[4,4278190080],[5,1280,720]],[10,"progressBar",2,[-39],[[[5,1,0,-37,[12],13],-38],4,1],[0,"91/6nCBNBNM7WTRkKAZjod",1],[5,390,16],[0,0,0.5],[-198.445,65.562,0,0,0,0,1,1,1,1]],[4,"slider",2,[-41,-42],[-40],[0,"e08PQvMtpJhpphpUc+UcFZ",1],[5,390,16],[-2.445,65.562,0,0,0,0,1,1,1,1]],[11,"Handle",7,[[[5,1,2,-43,[15],16],-44],4,1],[0,"16/2lwun5KmIMqwdcKWRHY",1],[5,49,49],[195,0,0,0,0,0,1,1,1,0]],[4,"toggle",2,[-46,-47],[-45],[0,"76LULf/tpDnptQll0cllpg",1],[5,81,34],[-117.445,-91.438,0,0,0,0,1,1,1,1]],[10,"progressBar",2,[-50],[[[5,1,0,-48,[21],22],-49],4,1],[0,"85ZNmCuWJLe7KgTiv1IU98",1],[5,390,16],[0,0,0.5],[-198.445,-21.438,0,0,0,0,1,1,1,1]],[4,"slider",2,[-52,-53],[-51],[0,"ffCo/lGpNAAJ9Ax3OJOYGP",1],[5,390,16],[-2.445,-21.438,0,0,0,0,1,1,1,1]],[11,"Handle",11,[[[5,1,2,-54,[24],25],-55],4,1],[0,"ac2lKttmFN8r86U9iNUeXH",1],[5,49,49],[195,0,0,0,0,0,1,1,1,0]],[4,"toggle",2,[-57,-58],[-56],[0,"751TJLrb5EzK8de9LRmTzP",1],[5,95,44],[165.555,-91.438,0,0,0,0,1,1,1,1]],[22,"cf_bg2",3,[-61],[[30,0,-59,[32]],[27,1,6.453000000000003,-60]],[0,"72feB7Sw9AvYbwrpsPuX1l",1],[5,282,51],[0,182.547,0,0,0,0,1,1,1,1]],[8,"Background",512,9,[[1,-62,[17],18]],[0,"falACCUCJH9oFOLrKPraX4",1],[5,95,44],[0,0,0,0,0,0,1,0.9,0.9,0]],[8,"Background",512,13,[[1,-63,[26],27]],[0,"e4tCD1EJVDPocIs/0vygrB",1],[5,95,44],[0,0,0,0,0,0,1,0.9,0.9,0]],[2,"ui_zhuangshi3",2,[[31,-64,[2]]],[0,"09y88BN4NEC7rrfhyyFisN",1],[5,594,83],[-1.147,-106.338,0,0,0,0,1,1,1,1]],[2,"zi_youxiyinxiao",2,[[1,-65,[3],4]],[0,"5fS16pdchBCJj2E6eteQgg",1],[5,150,42],[-162.445,106.562,0,0,0,0,1,1,1,1]],[2,"zi_youxiyinyue",2,[[1,-66,[5],6]],[0,"64+NYNlYBMvK7boJmVXR4+",1],[5,154,42],[-160.445,18.562,0,0,0,0,1,1,1,1]],[2,"zi_yinxiao",2,[[1,-67,[7],8]],[0,"6bS+B2asVJvr9/E0zygCBn",1],[5,79,41],[-205.445,-89.438,0,0,0,0,1,1,1,1]],[2,"zi_yinyue",2,[[1,-68,[9],10]],[0,"a5O6gd2tdD67MtUX7ad732",1],[5,79,41],[75.555,-89.438,0,0,0,0,1,1,1,1]],[12,"bar",6,[-69],[0,"48mbY/q05N7Ksx8PMrXTTS",1],[5,390,16],[0,0,0.5]],[3,1,0,22,[11]],[16,390,6,23],[9,"Background",7,[[3,1,0,-70,[14]]],[0,"5bzU9ci5tEC5lKFCuRZIuX",1],[5,280,20]],[15,1.1,true,3,8,[4,4294967295],[4,4294967295],8],[17,1,7,[[6,"aa761eJIkBJarKAni7LRi3X","sliderListener","sound",1]],26],[23,"checkmark",512,9,[-71],[0,"3cRrwhBl1EQ4cHkc8rVDMD",1],[5,102,44]],[14,2,false,28,[19]],[18,9,[4,4292269782],15,29,[[6,"aa761eJIkBJarKAni7LRi3X","toggleListener","sound",1]]],[12,"bar",10,[-72],[0,"d4qEUCmChP6I/vb2bhSPaD",1],[5,390,16],[0,0,0.5]],[3,1,0,31,[20]],[16,390,10,32],[9,"Background",11,[[3,1,0,-73,[23]]],[0,"7bMDCoNYJM4Z2THqCapDaF",1],[5,280,20]],[15,1.1,true,3,12,[4,4294967295],[4,4294967295],12],[17,1,11,[[6,"aa761eJIkBJarKAni7LRi3X","sliderListener","music",1]],35],[24,"checkmark",13,[-74],[0,"055cwnAMJLro2LP9Z7H6Wx",1],[5,102,44]],[14,2,false,37,[28]],[18,13,[4,4292269782],16,38,[[6,"aa761eJIkBJarKAni7LRi3X","toggleListener","music",1]]],[2,"ui_yxsz",14,[[1,-75,[30],31]],[0,"1f1VotYMpFFb/IbF/BcNTV",1],[5,225,74],[0,20.643,0,0,0,0,1,1,1,1]],[25,"versionLabel",3,[-76],[0,"dbAYVgrs5J3a8EY8iHkamB",1],[5,123.65,42.84],[0,1,0.5],[291.337,-180.126,0,0,0,0,1,1,1,1]],[36,"v-1.0.1",34,34,1,1,1,"黑体",41,[35]]],0,[0,8,1,0,9,42,0,10,39,0,11,30,0,12,33,0,13,24,0,14,36,0,15,27,0,16,4,0,0,1,0,0,1,0,-1,5,0,-2,3,0,0,2,0,-1,17,0,-2,18,0,-3,19,0,-4,20,0,-5,21,0,-6,6,0,-7,7,0,-8,9,0,-9,10,0,-10,11,0,-11,13,0,0,3,0,-2,14,0,-3,4,0,-4,41,0,0,4,0,0,4,0,0,4,0,0,4,0,0,5,0,0,5,0,0,5,0,0,6,0,-2,24,0,-1,22,0,-1,27,0,-1,25,0,-2,8,0,0,8,0,-2,26,0,-1,30,0,-1,15,0,-2,28,0,0,10,0,-2,33,0,-1,31,0,-1,36,0,-1,34,0,-2,12,0,0,12,0,-2,35,0,-1,39,0,-1,16,0,-2,37,0,0,14,0,0,14,0,-1,40,0,0,15,0,0,16,0,0,17,0,0,18,0,0,19,0,0,20,0,0,21,0,-1,23,0,0,25,0,-1,29,0,-1,32,0,0,34,0,-1,38,0,0,40,0,-1,42,0,17,1,2,18,3,76],[0,0,0,0,0,0,0,0,0,0,0,0,0,0,0,0,0,0,0,0,0,0,0,0,0,0,0,0,0,0,0,0,0,0,0,0,0,0,23,26,26,26,26,26,29,32,35,35,35,35,35,38],[-1,1,-1,-1,1,-1,1,-1,1,-1,1,-1,-1,1,-1,-1,1,-1,1,-1,-1,-1,1,-1,-1,1,-1,1,-1,-1,-1,1,-1,-1,1,-1,-1,1,1,3,4,5,6,7,1,1,3,4,5,6,7,1],[0,9,0,0,10,0,11,0,12,0,13,0,0,3,0,0,4,0,5,0,0,0,3,0,0,4,0,5,0,0,0,14,0,0,15,0,0,16,6,0,2,2,2,7,8,6,0,2,2,2,7,8]],[[{"name":"cf_jdt1","rect":[404,678,49,49],"offset":[0,0],"originalSize":[49,49],"capInsets":[0,0,0,0]}],[0],0,[0],[2],[1]],[[{"name":"zi_youxiyinyue","rect":[3,743,154,42],"offset":[0,0],"originalSize":[154,42],"capInsets":[0,0,0,0]}],[0],0,[0],[2],[1]],[[{"name":"ui_yxsz","rect":[3,663,225,74],"offset":[0,0],"originalSize":[225,74],"capInsets":[0,0,0,0]}],[0],0,[0],[2],[1]],[[{"name":"cf_jdt2","rect":[460,3,669,16],"offset":[0,0],"originalSize":[669,16],"rotated":1,"capInsets":[0,0,0,0]}],[0],0,[0],[2],[1]],[[{"name":"zi_yinxiao","rect":[234,663,79,41],"offset":[0,0],"originalSize":[79,41],"capInsets":[0,0,0,0]}],[0],0,[0],[2],[1]]]]