[1,["e0p8WFMLtJIrAujLcRqKZk","bbjiqd1y1NpoyTmOgFDNf3"],["_textureSetter","spriteFrame"],["cc.SpriteFrame",["cc.BitmapFont",["_name","fontSize","_fntConfig"],0]],[[1,0,1,2,4]],[[[{"name":"mahjongRecordOrderFont","rect":[0,0,135,93],"offset":[0,0],"originalSize":[135,93],"capInsets":[0,0,0,0]}],[0],0,[0],[0],[0]],[[[0,"mahjongRecordOrderFont",30,{"commonHeight":30,"fontSize":30,"atlasName":"mahjongRecordOrderFont.png","fontDefDictionary":{"48":{"xOffset":0,"yOffset":0,"xAdvance":32,"rect":{"x":35,"y":0,"width":32,"height":30}},"49":{"xOffset":0,"yOffset":0,"xAdvance":24,"rect":{"x":103,"y":31,"width":24,"height":29}},"50":{"xOffset":0,"yOffset":0,"xAdvance":32,"rect":{"x":0,"y":32,"width":32,"height":30}},"51":{"xOffset":0,"yOffset":0,"xAdvance":33,"rect":{"x":0,"y":0,"width":33,"height":30}},"52":{"xOffset":0,"yOffset":0,"xAdvance":33,"rect":{"x":0,"y":64,"width":33,"height":29}},"53":{"xOffset":0,"yOffset":0,"xAdvance":33,"rect":{"x":35,"y":64,"width":33,"height":29}},"54":{"xOffset":0,"yOffset":0,"xAdvance":32,"rect":{"x":34,"y":32,"width":32,"height":30}},"55":{"xOffset":0,"yOffset":0,"xAdvance":32,"rect":{"x":103,"y":0,"width":32,"height":29}},"56":{"xOffset":0,"yOffset":0,"xAdvance":32,"rect":{"x":69,"y":0,"width":32,"height":30}},"57":{"xOffset":0,"yOffset":0,"xAdvance":32,"rect":{"x":69,"y":32,"width":32,"height":30}}},"kerningDict":{}}]],0,0,[0],[1],[1]]]]