[1,["9auFZ54jlPUqUVzVs9VCR+","00Y4n4LftImY8ONfEPjts1"],["_textureSetter","spriteFrame"],["cc.SpriteFrame",["cc.BitmapFont",["_name","fontSize","_fntConfig"],0]],[[1,0,1,2,4]],[[[{"name":"mahjongTimeFont","rect":[2,2,247,60],"offset":[-2.5,96],"originalSize":[256,256],"capInsets":[0,0,0,0]}],[0],0,[0],[0],[0]],[[[0,"mahjongTimeFont",29,{"commonHeight":29,"fontSize":29,"atlasName":"mahjongTimeFont.png","fontDefDictionary":{"37":{"xOffset":0,"yOffset":0,"xAdvance":27,"rect":{"x":197,"y":33,"width":27,"height":29}},"40":{"xOffset":0,"yOffset":0,"xAdvance":18,"rect":{"x":47,"y":33,"width":18,"height":29}},"41":{"xOffset":0,"yOffset":0,"xAdvance":17,"rect":{"x":67,"y":33,"width":17,"height":29}},"42":{"xOffset":0,"yOffset":0,"xAdvance":18,"rect":{"x":103,"y":33,"width":18,"height":29}},"43":{"xOffset":0,"yOffset":0,"xAdvance":24,"rect":{"x":147,"y":33,"width":24,"height":29}},"44":{"xOffset":0,"yOffset":0,"xAdvance":22,"rect":{"x":173,"y":33,"width":22,"height":29}},"45":{"xOffset":0,"yOffset":0,"xAdvance":22,"rect":{"x":123,"y":33,"width":22,"height":29}},"46":{"xOffset":0,"yOffset":0,"xAdvance":15,"rect":{"x":86,"y":33,"width":15,"height":29}},"47":{"xOffset":0,"yOffset":0,"xAdvance":21,"rect":{"x":2,"y":33,"width":21,"height":29}},"48":{"xOffset":0,"yOffset":0,"xAdvance":23,"rect":{"x":2,"y":2,"width":23,"height":29}},"49":{"xOffset":0,"yOffset":0,"xAdvance":17,"rect":{"x":27,"y":2,"width":17,"height":29}},"50":{"xOffset":0,"yOffset":0,"xAdvance":22,"rect":{"x":46,"y":2,"width":22,"height":29}},"51":{"xOffset":0,"yOffset":0,"xAdvance":22,"rect":{"x":70,"y":2,"width":22,"height":29}},"52":{"xOffset":0,"yOffset":0,"xAdvance":22,"rect":{"x":94,"y":2,"width":22,"height":29}},"53":{"xOffset":0,"yOffset":0,"xAdvance":22,"rect":{"x":118,"y":2,"width":22,"height":29}},"54":{"xOffset":0,"yOffset":0,"xAdvance":21,"rect":{"x":142,"y":2,"width":21,"height":29}},"55":{"xOffset":0,"yOffset":0,"xAdvance":30,"rect":{"x":165,"y":2,"width":30,"height":29}},"56":{"xOffset":0,"yOffset":0,"xAdvance":21,"rect":{"x":197,"y":2,"width":21,"height":29}},"57":{"xOffset":0,"yOffset":0,"xAdvance":29,"rect":{"x":220,"y":2,"width":29,"height":29}},"126":{"xOffset":0,"yOffset":0,"xAdvance":20,"rect":{"x":25,"y":33,"width":20,"height":29}}},"kerningDict":{}}]],0,0,[0],[1],[1]]]]