[1,["e84a748a-64b7-47b1-ad4c-35ec654a138b@f9941","ec4c4d4c-f0ed-4ad4-ae15-1240cbfb2e07@f9941","3c14f107-4b29-442f-acbe-c33fbfb6f9a5@6c48a","3c14f107-4b29-442f-acbe-c33fbfb6f9a5@f9941","76a7c5e1-686c-4c1c-badf-60fe6c65d625@f9941","2be4daeb-5308-4837-a23a-807c4f63e6ba","76a7c5e1-686c-4c1c-badf-60fe6c65d625@6c48a","ec4c4d4c-f0ed-4ad4-ae15-1240cbfb2e07@6c48a"],["node","_spriteFrame","_textureSource","root","data","roadMapScrollView","player3WinRoundLabel","player2WinRoundLabel","player1WinRoundLabel","bankerWinRoundLabel","totalRoundLabel","roadMapItemPrefab"],[["cc.Node",["_name","_layer","_components","_prefab","_children","_lpos","_parent"],1,9,4,2,5,1],["cc.Label",["_string","_actualFontSize","_fontSize","_isBold","_horizontalAlign","node","__prefab","_color"],-2,1,4,5],"cc.SpriteFrame",["cc.UITransform",["node","__prefab","_contentSize","_anchorPoint"],3,1,4,5,5],["cc.Node",["_name","_layer","_parent","_components","_prefab","_lpos","_children"],1,1,12,4,5,2],["cc.Sprite",["_type","_sizeMode","node","__prefab","_spriteFrame"],1,1,4,6],["cc.Prefab",["_name"],2],["cc.CompPrefabInfo",["fileId"],2],["7e386LHpF9AioHxTjbxdO7r",["node","__prefab","resultLabels","playerResultBg"],3,1,4,2,2],["cc.PrefabInfo",["fileId","instance","targetOverrides","nestedPrefabInstanceRoots","root","asset"],-1,1,1],["1f6e1QQZ8RAnrFpUO2W0HKb",["node","__prefab","totalRoundLabel","bankerWinRoundLabel","player1WinRoundLabel","player2WinRoundLabel","player3WinRoundLabel","roadMapScrollView","roadMapItemPrefab"],3,1,4,1,1,1,1,1,1,6],["cc.Mask",["node","__prefab"],3,1,4],["cc.Graphics",["node","__prefab","_fillColor"],3,1,4,5],["cc.Widget",["_alignFlags","node","__prefab"],2,1,4],["cc.Layout",["_resizeMode","_layoutType","node","__prefab"],1,1,4],["cc.ScrollView",["bounceDuration","brake","vertical","node","__prefab","_content"],0,1,4,1]],[[7,0,2],[9,0,1,2,3,4,5,5],[3,0,1,2,1],[0,0,1,6,2,3,5,3],[4,0,1,2,3,4,5,3],[5,2,3,4,1],[3,0,1,2,3,1],[1,0,1,2,3,5,6,5],[1,0,4,1,2,3,5,6,6],[1,0,1,2,5,6,4],[1,0,1,2,3,5,6,7,5],[6,0,2],[0,0,1,4,2,3,5,3],[0,0,1,6,4,2,3,3],[0,0,1,6,4,2,3,5,3],[4,0,1,2,6,3,4,5,3],[3,0,1,1],[8,0,1,2,3,1],[5,0,1,2,3,3],[10,0,1,2,3,4,5,6,7,8,1],[11,0,1,1],[12,0,1,2,1],[13,0,1,2,2],[14,0,1,2,3,3],[15,0,1,2,3,4,5,4]],[[[[11,"pusherRoadMapItemPC"],[12,"pusherRoadMapItemPC",33554432,[-11,-12,-13,-14,-15,-16,-17],[[2,-2,[0,"c7hGa288BPeJiSLsVnkfuS"],[5,84,210]],[17,-10,[0,"40cf3ZWTlAnpy4sDcce2wD"],[-6,-7,-8,-9],[-3,-4,-5]]],[1,"7d0IRNxi5DoZ1CiQF5xG8m",null,null,null,-1,0],[1,60.5,0,0]],[3,"play1bg",33554432,1,[[2,-18,[0,"cdoukkYcdAwoaWMHSOKRTp"],[5,75,43]],[5,-19,[0,"50TyMiedJJzaYfJ6M324dP"],0]],[1,"7c4ILJaSJMMrZIiPlaapMh",null,null,null,1,0],[1,0,27.576000000000022,0]],[3,"play2bg",33554432,1,[[2,-20,[0,"e2gYL3FA5PI7IrvqMBeBcV"],[5,75,43]],[5,-21,[0,"cceQtOH0tAJ4y1lZSR2aA4"],1]],[1,"8bW9nPHXFNaKwfpwKftbgB",null,null,null,1,0],[1,0,-25.57299999999998,0]],[3,"play3bg",33554432,1,[[2,-22,[0,"8cwLKaQXhC6qVi/zJheRwX"],[5,75,43]],[5,-23,[0,"a2/Fftqm1I/Lwa5f+hK0Aj"],2]],[1,"9d1vdQWZpIirWcVZlFNLF1",null,null,null,1,0],[1,0,-78.72199999999998,0]],[4,"bankerResultLabel",33554432,1,[[[2,-24,[0,"15+BeWHflLpYs4O/R56NhV"],[5,24,50.4]],-25],4,1],[1,"32xkr7Bt1EqI9yCumOsI7U",null,null,null,1,0],[1,0,80.72500000000002,0]],[4,"player1ResultLabel",33554432,1,[[[2,-26,[0,"d3vCxgcSxFrKSY9gC3VN26"],[5,24,50.4]],-27],4,1],[1,"d4g3YAtJ5FLIR1IRWMxe7c",null,null,null,1,0],[1,0,27.576000000000022,0]],[4,"player2ResultLabel",33554432,1,[[[2,-28,[0,"f3ca2wZ31KYpPO8ZueqaeZ"],[5,24,50.4]],-29],4,1],[1,"9db6Tie5tDX459HPgnn7/G",null,null,null,1,0],[1,0,-25.57299999999998,0]],[4,"player3ResultLabel",33554432,1,[[[2,-30,[0,"e7r3xLmuNGKY8OJIJTOfe8"],[5,24,50.4]],-31],4,1],[1,"aau1HzW4NHMYmbyGv6jhwE",null,null,null,1,0],[1,0,-78.72199999999998,0]],[10,"勝",24,24,true,5,[0,"dbRgGpiTZL8qG/rS8wHfMC"],[4,4279763156]],[10,"負",24,24,true,6,[0,"0e7MlyZ7ZGjLCwMW8yjAJs"],[4,4294394915]],[7,"勝",24,24,true,7,[0,"c5zXh5mLJMhJ/3PItGfeuS"]],[10,"負",24,24,true,8,[0,"55XwWbHaxEzZhpDA0oUzpR"],[4,4294394915]]],0,[0,3,1,0,0,1,0,-1,2,0,-2,3,0,-3,4,0,-1,9,0,-2,10,0,-3,11,0,-4,12,0,0,1,0,-1,2,0,-2,3,0,-3,4,0,-4,5,0,-5,6,0,-6,7,0,-7,8,0,0,2,0,0,2,0,0,3,0,0,3,0,0,4,0,0,4,0,0,5,0,-2,9,0,0,6,0,-2,10,0,0,7,0,-2,11,0,0,8,0,-2,12,0,4,1,31],[0,0,0],[1,1,1],[0,0,0]],[[{"name":"road_b_pc","rect":{"x":0,"y":0,"width":60,"height":28},"offset":{"x":0,"y":0},"originalSize":{"width":60,"height":28},"rotated":false,"capInsets":[0,0,0,0],"vertices":{"rawPosition":[-30,-14,0,30,-14,0,-30,14,0,30,14,0],"indexes":[0,1,2,2,1,3],"uv":[0,28,60,28,0,0,60,0],"nuv":[0,0,1,0,0,1,1,1],"minPos":{"x":-30,"y":-14,"z":0},"maxPos":{"x":30,"y":14,"z":0}},"packable":true,"pixelsToUnit":100,"pivot":{"x":0.5,"y":0.5},"meshType":0}],[2],0,[0],[2],[2]],[[[11,"pusherTRoadMapPC"],[12,"pusherTRoadMapPC",33554432,[-11,-12,-13],[[2,-2,[0,"2cZHOUF29FX6ouXCBvXs/C"],[5,504,253]],[5,-3,[0,"14MVA6ZNhK9J8584mXXTgN"],4],[19,-10,[0,"c7SpvgJ3NAzaK10Y2nk6dt"],-9,-8,-7,-6,-5,-4,5]],[1,"bfjd3GVj5AAr2/bkzIhsZC",null,null,null,-1,0],[1,0,-351.026,0]],[13,"topNode",33554432,1,[-15,-16,-17,-18,-19,-20,-21,-22,-23,-24,-25,-26,-27,-28],[[16,-14,[0,"7bsRlvcw5M/4GTYGyZ4wam"]]],[1,"66YdFWCF1GXqWK0VFrBY/q",null,null,null,1,0]],[14,"titleNode",33554432,1,[-30,-31,-32,-33],[[2,-29,[0,"datkJWBL1KD65LAHOmVMn1"],[5,60,246.6]]],[1,"78K006jaJLHKzymZSJNC4z",null,null,null,1,0],[1,-227.545,1.444,0]],[15,"roadScrollView",33554432,1,[-37],[[[2,-34,[0,"71WqymOD5NU4z4DMEIAVvx"],[5,420,210]],[18,1,0,-35,[0,"7cFzxOIJ5MfIwibJl+7bqe"]],-36],4,4,1],[1,"01TEDwlPpBEZo71Z6rlQnv",null,null,null,1,0],[1,41.357,-25.161,0]],[13,"view",33554432,4,[-41],[[2,-38,[0,"77KbyIKV9HgZi6gdXu3BuB"],[5,420,210]],[20,-39,[0,"34arTF/mtHaqQKD0VPKuW4"]],[21,-40,[0,"a8jUjJnY9GMZL1/IXEDBsI"],[4,16777215]]],[1,"e9Pa4LUtpJdogfUjsivykh",null,null,null,1,0]],[3,"content",33554432,5,[[6,-42,[0,"ffa1TaUwtL/KRTv2ZIUh8n"],[5,0,210],[0,0,0.5]],[22,8,-43,[0,"2b6s9uKf1PYYnGsAv0SkE8"]],[23,1,1,-44,[0,"4cV8iSK/hDeo7pjN8MY2ja"]]],[1,"f4oaMLDOpH1JeFrLbFBqp3",null,null,null,1,0],[1,-210,0,0]],[3,"road_b_m",33554432,2,[[2,-45,[0,"0bI5y5oupAEq9LFo8ld4cf"],[5,60,28]],[5,-46,[0,"644/X6kpFBYbs/biKthNHj"],0]],[1,"38XpE9naFHgYss+mjP+RY2",null,null,null,1,0],[1,-111.75900000000001,105,0]],[3,"road_p_m-001",33554432,2,[[2,-47,[0,"aesE4TQ+FDYLK5ERPa9Stn"],[5,60,28]],[5,-48,[0,"279/gA7rRB7ZkUsk7DGY3M"],1]],[1,"8cH+KyE5lPgY7G/xbPYKGV",null,null,null,1,0],[1,-11.70166666666671,105,0]],[3,"road_p_m",33554432,2,[[2,-49,[0,"ba7Yq/cnFLd4eGG6pFlvYC"],[5,60,28]],[5,-50,[0,"48inXJL+VPGo5AF67kWtRR"],2]],[1,"ebqDCtL3dA2Y8+wY0jvTrL",null,null,null,1,0],[1,88.3556666666666,105,0]],[3,"road_p_m-002",33554432,2,[[2,-51,[0,"263H2rMfNJaqDLU30bAGvo"],[5,60,28]],[5,-52,[0,"600tu+EyNPdoHT8RcjPBno"],3]],[1,"5f8d+zoMJIkL+J9wlFpwZw",null,null,null,1,0],[1,188.413,105,0]],[3,"totalTitle",33554432,2,[[2,-53,[0,"b9QF5i/UBLuKQ6av8TsHk+"],[5,60,50.4]],[7,"總計：",20,20,true,-54,[0,"c22L4RW7xHt68t2zoFSx0I"]]],[1,"23Fgun0f1Gs4viSf3OhcvT",null,null,null,1,0],[1,-212.554,106.108,0]],[3,"bWinTitle",33554432,2,[[2,-55,[0,"8cxU7AVKZKJYo+RejCL5/C"],[5,54,50.4]],[9,"莊即赢",18,18,-56,[0,"66VCqLSspHB4WKh/BhMTsh"]]],[1,"caDulpclNHQqx0BCR/b+Bi",null,null,null,1,0],[1,-111.668,106.306,0]],[3,"pWinTitle1",33554432,2,[[2,-57,[0,"6b4bNxjY5FU6gYaggM7arA"],[5,46.0107421875,50.4]],[9,"閒1蠃",18,18,-58,[0,"edyRCRv6lDPbugW0KBRTpB"]]],[1,"7bg7Y1BQxBGYwUoi3JX6fy",null,null,null,1,0],[1,-9.843,106.108,0]],[3,"pWinTitle2",33554432,2,[[2,-59,[0,"8dMXPmWPFM0rSSBecxZqWV"],[5,46.0107421875,50.4]],[9,"閒2蠃",18,18,-60,[0,"admJGB+jtK0LSdJ69+DemI"]]],[1,"e3Cq1Y1GtMLJHLHOmAmXmJ",null,null,null,1,0],[1,89.328,106.108,0]],[3,"pWinTitle3",33554432,2,[[2,-61,[0,"0cYzI5dflK3IY76kHy3g9Y"],[5,46.0107421875,50.4]],[9,"閒3蠃",18,18,-62,[0,"5fLFltDARKv5K289rFoOl1"]]],[1,"3coj6IIXpEaLr2/+3nbKY+",null,null,null,1,0],[1,187.983,106.108,0]],[4,"totalLabel",33554432,2,[[[6,-63,[0,"c4czobw/xDa4xz4ASizwup"],[5,22.24609375,50.4],[0,0,0.5]],-64],4,1],[1,"28h826kmFAjZX0AfV2bW4x",null,null,null,1,0],[1,-186.344,106.108,0]],[4,"bWinLabel",33554432,2,[[[6,-65,[0,"76s/w1CPhCcaSPbFspLKZV"],[5,22.24609375,50.4],[0,0,0.5]],-66],4,1],[1,"7fZZIt3mBHParNIXB/OBmo",null,null,null,1,0],[1,-79.596,106,0]],[4,"pWinLabel1",33554432,2,[[[6,-67,[0,"d8Mu9IUVtF64z9cTpuaXgr"],[5,22.24609375,50.4],[0,0,0.5]],-68],4,1],[1,"11hPNvpANLPrWIeq5pPrl8",null,null,null,1,0],[1,23.866,106,0]],[4,"pWinLabel2",33554432,2,[[[6,-69,[0,"d3m30oPbJKhZSf38uglWBx"],[5,22.24609375,50.4],[0,0,0.5]],-70],4,1],[1,"9cIQC6oQtK9JL4Kzq8AnvA",null,null,null,1,0],[1,121.87,106,0]],[4,"pWinLabel3",33554432,2,[[[6,-71,[0,"165IuRsNlH1JpkRDrwSEJ6"],[5,22.24609375,50.4],[0,0,0.5]],-72],4,1],[1,"43I1Y6cyJOiJQgWBjYKZ3T",null,null,null,1,0],[1,220.733,106,0]],[3,"bankerTitleLabel",33554432,3,[[2,-73,[0,"c9NXnUnu1I0pJ8v9n4MwCd"],[5,26,50.4]],[7,"莊",26,26,true,-74,[0,"3fYU4/DV9F74+ov/WnjO1L"]]],[1,"adpRhTXiBL6Y0AevPXho+y",null,null,null,1,0],[1,20.59299999999999,54.120000000000005,0]],[3,"player1TitleLabel",33554432,3,[[2,-75,[0,"86xbYOMUxHIpZKP8QqZyjV"],[5,40.4599609375,50.4]],[7,"閒1",26,26,true,-76,[0,"e0Wg8RpX9IpK+6nBgOHsji"]]],[1,"46c+CUJglDg4h5UQuNEeYY",null,null,null,1,0],[1,20.592999999999996,0.9710000000000036,0]],[3,"player2TitleLabel",33554432,3,[[2,-77,[0,"2249eIoZtO+IR1TYXznD6m"],[5,40.4599609375,50.4]],[7,"閒2",26,26,true,-78,[0,"24NDBqwvNBMqxVDrH8Dzc1"]]],[1,"911O0zDmZJA7zxjJTjQKi7",null,null,null,1,0],[1,20.592999999999996,-52.178,0]],[3,"player3TitleLabel",33554432,3,[[2,-79,[0,"362/Gq3C1P+7g1e1s8KdVj"],[5,40.4599609375,50.4]],[7,"閒3",26,26,true,-80,[0,"51yUoCA8hKQoTLwjWJ1zrq"]]],[1,"92bP8Dv8BPDa+9O/uH1kcI",null,null,null,1,0],[1,20.592999999999996,-105.327,0]],[8,"20",0,20,20,true,16,[0,"43595c64ZE44PRRA1FAk0+"]],[8,"20",0,20,20,true,17,[0,"4bL9j2ah9FYIOLVJD1BQX9"]],[8,"20",0,20,20,true,18,[0,"c1QdLnfo9H1Y9AK/dlgsxj"]],[8,"20",0,20,20,true,19,[0,"a82bbU1Z5GGon8gfOA1GiM"]],[8,"20",0,20,20,true,20,[0,"f3UZ4vCjFMzr2b2LSJysoH"]],[24,0.23,0.75,false,4,[0,"41nJ/U4ldAGZK5QQO3hriN"],6]],0,[0,3,1,0,0,1,0,0,1,0,5,30,0,6,29,0,7,28,0,8,27,0,9,26,0,10,25,0,0,1,0,-1,2,0,-2,3,0,-3,4,0,0,2,0,-1,7,0,-2,8,0,-3,9,0,-4,10,0,-5,11,0,-6,12,0,-7,13,0,-8,14,0,-9,15,0,-10,16,0,-11,17,0,-12,18,0,-13,19,0,-14,20,0,0,3,0,-1,21,0,-2,22,0,-3,23,0,-4,24,0,0,4,0,0,4,0,-3,30,0,-1,5,0,0,5,0,0,5,0,0,5,0,-1,6,0,0,6,0,0,6,0,0,6,0,0,7,0,0,7,0,0,8,0,0,8,0,0,9,0,0,9,0,0,10,0,0,10,0,0,11,0,0,11,0,0,12,0,0,12,0,0,13,0,0,13,0,0,14,0,0,14,0,0,15,0,0,15,0,0,16,0,-2,25,0,0,17,0,-2,26,0,0,18,0,-2,27,0,0,19,0,-2,28,0,0,20,0,-2,29,0,0,21,0,0,21,0,0,22,0,0,22,0,0,23,0,0,23,0,0,24,0,0,24,0,4,1,80],[0,0,0,0,0,0],[1,1,1,1,1,11],[3,1,1,1,4,5]],[[{"name":"road_bg_pc","rect":{"x":0,"y":0,"width":504,"height":253},"offset":{"x":0,"y":0},"originalSize":{"width":504,"height":253},"rotated":false,"capInsets":[0,0,0,0],"vertices":{"rawPosition":[-252,-126.5,0,252,-126.5,0,-252,126.5,0,252,126.5,0],"indexes":[0,1,2,2,1,3],"uv":[0,253,504,253,0,0,504,0],"nuv":[0,0,1,0,0,1,1,1],"minPos":{"x":-252,"y":-126.5,"z":0},"maxPos":{"x":252,"y":126.5,"z":0}},"packable":true,"pixelsToUnit":100,"pivot":{"x":0.5,"y":0.5},"meshType":0}],[2],0,[0],[2],[6]],[[{"name":"road_p_pc","rect":{"x":0,"y":0,"width":60,"height":28},"offset":{"x":0,"y":0},"originalSize":{"width":60,"height":28},"rotated":false,"capInsets":[0,0,0,0],"vertices":{"rawPosition":[-30,-14,0,30,-14,0,-30,14,0,30,14,0],"indexes":[0,1,2,2,1,3],"uv":[0,28,60,28,0,0,60,0],"nuv":[0,0,1,0,0,1,1,1],"minPos":{"x":-30,"y":-14,"z":0},"maxPos":{"x":30,"y":14,"z":0}},"packable":true,"pixelsToUnit":100,"pivot":{"x":0.5,"y":0.5},"meshType":0}],[2],0,[0],[2],[7]]]]
