[1,["60rwkHYotJkqzsSKmEUraN"],0,[["sp.SkeletonData",["_name","_atlasText","textureNames","_skeletonJson","textures"],-1,3]],[[0,0,1,2,3,4,5]],[[0,"lianzhuang","\nlianzhuang.png\nsize: 138,62\nformat: RGBA4444\nfilter: Linear,Linear\nrepeat: none\nsibaziqing/lianzhuang_title\n  rotate: false\n  xy: 2, 2\n  size: 103, 58\n  orig: 105, 59\n  offset: 1, 1\n  index: -1\nsibaziqing/xiaosanyuan_starA\n  rotate: false\n  xy: 107, 29\n  size: 29, 31\n  orig: 46, 42\n  offset: 8, 5\n  index: -1\n",["lianzhuang.png"],{"skeleton":{"hash":"jcK2KQuHjmt3odSy7AOsR33hSrU","spine":"3.8.99","x":-640,"y":-360,"width":1280,"height":720,"images":"./images/","audio":""},"bones":[{"name":"root"},{"name":"bg","parent":"root"},{"name":"4lianzhuang","parent":"root"},{"name":"sibaziqing/xiaosanyuan_starA2","parent":"4lianzhuang"},{"name":"4lianzhuang2","parent":"4lianzhuang"},{"name":"sibaziqing/xiaosanyuan_starA3","parent":"4lianzhuang"},{"name":"sibaziqing/xiaosanyuan_starA4","parent":"4lianzhuang"},{"name":"sibaziqing/xiaosanyuan_starA5","parent":"4lianzhuang"}],"slots":[{"name":"1程序麻将摆牌","bone":"bg"},{"name":"sibaziqing/lianzhuang_title","bone":"4lianzhuang2"},{"name":"4lianzhuang","bone":"4lianzhuang","attachment":"4lianzhuang"},{"name":"sibaziqing/xiaosanyuan_starA2","bone":"sibaziqing/xiaosanyuan_starA2","blend":"additive"},{"name":"sibaziqing/xiaosanyuan_starA3","bone":"sibaziqing/xiaosanyuan_starA3","blend":"additive"},{"name":"sibaziqing/xiaosanyuan_starA4","bone":"sibaziqing/xiaosanyuan_starA4","blend":"additive"},{"name":"sibaziqing/xiaosanyuan_starA5","bone":"sibaziqing/xiaosanyuan_starA5","blend":"additive"}],"skins":[{"name":"default","attachments":{"4lianzhuang":{"4lianzhuang":{"type":"clipping","end":"sibaziqing/xiaosanyuan_starA2","vertexCount":86,"color":"ce3a3aff","vertices":[-39.31,16.62,-41.38,20.76,-50.81,19.5,-56.56,16.85,-56.56,12.6,-50.23,7.42,-44.83,7.19,-49.77,4.2,-56.33,0.98,-56.21,-3.39,-53.11,-5.34,-50.58,-6.49,-49.31,-10.06,-53.11,-11.09,-53.34,-15.58,-48.39,-20.18,-45.75,-21.33,-35.4,-21.79,-28.04,-22.59,-17.57,-26.04,-10.1,-25.24,0.48,-19.37,1.52,-16.96,3.36,-16.61,3.24,-23.4,8.42,-22.13,12.9,-18.22,13.94,-25.93,16.47,-27.88,21.87,-25.01,26.01,-25.35,51.66,-25.01,56.37,-21.67,56.26,-15.92,47.86,-10.29,41.77,-12.01,42,-7.76,47.86,-3.85,48.21,2.94,43.95,3.86,44.18,8.11,39.93,11.79,46.25,13.4,49.59,17.89,49.24,23.29,42.57,25.13,41.77,30.08,34.52,33.18,28.89,32.95,28.77,22.26,24.63,22.26,23.83,24.33,12.79,29.96,9.11,29.62,9.11,24.1,10.83,19.5,9.34,17.77,8.3,11.79,12.44,7.77,12.44,3.97,7.96,7.77,3.36,6.62,4.51,-2.24,6,-6.72,0.83,-7.99,0.48,-12.93,-18.38,-12.47,-18.38,-9.71,-12.28,-9.71,-8.72,-7.87,-6.99,-4.54,-8.03,0.29,-9.87,1.67,-4.35,9.15,-3.77,14.9,-7.57,19.5,-11.59,20.76,-11.71,27.89,-17.23,29.16,-24.47,33.76,-28.96,33.07,-28.84,27.78,-34.48,26.63,-35.63,21.57,-32.87,15.93,-34.71,15.24]}},"sibaziqing/lianzhuang_title":{"sibaziqing/lianzhuang_title":{"x":0.5,"y":0.5,"width":117,"height":65}},"sibaziqing/xiaosanyuan_starA2":{"sibaziqing/xiaosanyuan_starA":{"x":0.5,"y":0.5,"width":51,"height":47}},"sibaziqing/xiaosanyuan_starA3":{"sibaziqing/xiaosanyuan_starA":{"x":0.5,"y":0.5,"width":51,"height":47}},"sibaziqing/xiaosanyuan_starA4":{"sibaziqing/xiaosanyuan_starA":{"x":0.5,"y":0.5,"width":51,"height":47}},"sibaziqing/xiaosanyuan_starA5":{"sibaziqing/xiaosanyuan_starA":{"x":0.5,"y":0.5,"width":51,"height":47}}}}],"animations":{"lianzhuan":{"slots":{"sibaziqing/lianzhuang_title":{"attachment":[{"name":"sibaziqing/lianzhuang_title"},{"time":3.3333,"name":"sibaziqing/lianzhuang_title"}]},"sibaziqing/xiaosanyuan_starA2":{"attachment":[{"name":"sibaziqing/xiaosanyuan_starA"}]},"sibaziqing/xiaosanyuan_starA3":{"color":[{"time":0.7333,"color":"ffffffff"},{"time":1.0667,"color":"ffffff00","curve":"stepped"},{"time":1.3667,"color":"ffffff00"},{"time":1.4,"color":"ffffffff","curve":"stepped"},{"time":1.7333,"color":"ffffffff"},{"time":2.0667,"color":"ffffff00","curve":"stepped"},{"time":2.4,"color":"ffffff00"},{"time":2.4333,"color":"ffffffff","curve":"stepped"},{"time":2.7667,"color":"ffffffff"},{"time":3.1,"color":"ffffff00"}],"attachment":[{"time":0.4,"name":"sibaziqing/xiaosanyuan_starA"}]},"sibaziqing/xiaosanyuan_starA4":{"color":[{"time":0.4,"color":"ffffffff"},{"time":0.7333,"color":"ffffff00","curve":"stepped"},{"time":1.0333,"color":"ffffff00"},{"time":1.0667,"color":"ffffffff","curve":"stepped"},{"time":1.4,"color":"ffffffff"},{"time":1.7333,"color":"ffffff00","curve":"stepped"},{"time":2.0667,"color":"ffffff00"},{"time":2.1,"color":"ffffffff","curve":"stepped"},{"time":2.4333,"color":"ffffffff"},{"time":2.7667,"color":"ffffff00"}],"attachment":[{"time":0.0667,"name":"sibaziqing/xiaosanyuan_starA"}]},"sibaziqing/xiaosanyuan_starA5":{"color":[{"time":0.4,"color":"ffffffff"},{"time":0.7333,"color":"ffffff00","curve":"stepped"},{"time":1.0333,"color":"ffffff00"},{"time":1.0667,"color":"ffffffff","curve":"stepped"},{"time":1.4,"color":"ffffffff"},{"time":1.7333,"color":"ffffff00","curve":"stepped"},{"time":2.0667,"color":"ffffff00"},{"time":2.1,"color":"ffffffff","curve":"stepped"},{"time":2.4333,"color":"ffffffff"},{"time":2.7667,"color":"ffffff00"}],"attachment":[{"time":0.0667,"name":"sibaziqing/xiaosanyuan_starA"}]}},"bones":{"sibaziqing/xiaosanyuan_starA2":{"rotate":[{"angle":-21.76}],"translate":[{"x":-91.76,"curve":0.25,"c3":0.75},{"time":1.1667,"x":89.12}],"scale":[{"x":1.173,"y":4.569}]},"sibaziqing/xiaosanyuan_starA3":{"translate":[{"x":-11.33,"y":8.76},{"time":0.4,"x":-47.14,"y":-0.98},{"time":0.7333,"x":-56.46,"y":19.64},{"time":1.0667,"x":-47.14,"y":35.35},{"time":1.4,"x":-13.66,"y":-26.22},{"time":1.7333,"x":-6.97,"y":-4.59},{"time":2.0667,"x":-13.66,"y":12.92},{"time":2.4333,"x":19.81,"y":-6.65},{"time":2.7667,"x":12.35,"y":20.65},{"time":3.1,"x":26.51,"y":46.91}],"scale":[{"time":0.4,"x":0.586,"y":0.586},{"time":1.0667,"x":0.3,"y":0.3},{"time":1.4,"x":0.586,"y":0.586},{"time":2.0667,"x":0.3,"y":0.3},{"time":2.4333,"x":0.586,"y":0.586},{"time":3.1,"x":0.3,"y":0.3}]},"sibaziqing/xiaosanyuan_starA4":{"translate":[{"x":-11.33,"y":8.76},{"time":0.0667,"x":49.17,"y":-23.64},{"time":0.4,"x":61.27,"y":-4.44},{"time":0.7333,"x":65.13,"y":13.21},{"time":1.0667,"x":1.27,"y":6.74},{"time":1.4,"x":6.17,"y":22.19},{"time":1.7333,"x":1.79,"y":35.58},{"time":2.1,"x":-22.93,"y":-0.47},{"time":2.4333,"x":-17.01,"y":17.82},{"time":2.7667,"x":-23.45,"y":36.1}],"scale":[{"time":0.0667,"x":0.586,"y":0.586},{"time":0.7333,"x":0.3,"y":0.3},{"time":1.0667,"x":0.586,"y":0.586},{"time":1.7333,"x":0.3,"y":0.3},{"time":2.1,"x":0.586,"y":0.586},{"time":2.7667,"x":0.3,"y":0.3}]},"sibaziqing/xiaosanyuan_starA5":{"translate":[{"x":-11.33,"y":8.76},{"time":0.0667,"x":49.17,"y":-23.64},{"time":0.4,"x":61.27,"y":-4.44},{"time":0.7333,"x":65.13,"y":13.21},{"time":1.0667,"x":1.27,"y":6.74},{"time":1.4,"x":6.17,"y":22.19},{"time":1.7333,"x":1.79,"y":35.58},{"time":2.1,"x":-22.93,"y":-0.47},{"time":2.4333,"x":-17.01,"y":17.82},{"time":2.7667,"x":-23.45,"y":36.1}],"scale":[{"time":0.0667,"x":0.586,"y":0.586},{"time":0.7333,"x":0.3,"y":0.3},{"time":1.0667,"x":0.586,"y":0.586},{"time":1.7333,"x":0.3,"y":0.3},{"time":2.1,"x":0.586,"y":0.586},{"time":2.7667,"x":0.3,"y":0.3}]}}}}},[0]]],0,0,[0],[-1],[0]]