[1,["ecpdLyjvZBwrvm+cedCcQy","19bc1db73","f0BIwQ8D5Ml7nTNQbh1YlS","bc/lkorIhGla15GUIj2mNJ","6bA+FsV7FIIqC1nWQQcYo9","48t+3uZN1GF4L7lc1A8v6P","e97GVMl6JHh5Ml5qEDdSGa","29FYIk+N1GYaeWH/q1NxQO","32R2ZKBe5HqYpW+AL1y1UU"],["node","_spriteFrame","_textureSetter","root","photo","nameLabel","_N$target","data","_N$normalSprite","_N$pressedSprite","_N$hoverSprite","_N$disabledSprite"],[["cc.Node",["_name","_objFlags","_components","_prefab","_contentSize","_trs","_parent","_children"],1,9,4,5,7,1,2],["cc.Sprite",["_sizeMode","_type","node","_materials","_spriteFrame"],1,1,3,6],"cc.SpriteFrame",["cc.PrefabInfo",["fileId","root"],2,1],["cc.Label",["_fontSize","_lineHeight","_enableWrapText","_N$horizontalAlign","_N$verticalAlign","_N$overflow","_string","_N$cacheMode","node","_materials"],-5,1,3],["cc.Prefab",["_name"],2],["cc.Node",["_name","_parent","_components","_prefab","_contentSize","_anchorPoint","_trs"],2,1,2,4,5,5,7],["1b6f0Y9UKJIyrlrTQ3uqBM9",["node","nameLabel","photo"],3,1,1,1],["cc.Button",["zoomScale","_N$transition","node","clickEvents","_N$normalColor","_N$pressedColor","_N$disabledColor","_N$target","_N$normalSprite","_N$pressedSprite","_N$hoverSprite","_N$disabledSprite"],1,1,9,5,5,5,1,6,6,6,6],["cc.ClickEvent",["_componentId","handler","target"],1,1],["cc.Mask",["_type","_N$alphaThreshold","node","_materials"],1,1,3],["cc.Widget",["_alignFlags","node"],2,1]],[[3,0,1,2],[0,0,6,7,2,3,4,5,2],[0,0,6,2,3,4,2],[1,0,2,3,4,2],[5,0,2],[0,0,7,2,3,4,5,2],[0,0,1,6,7,2,3,4,5,3],[0,0,6,2,3,4,5,2],[0,0,1,6,2,3,4,5,3],[6,0,1,2,3,4,5,6,2],[1,2,3,4,1],[1,1,2,3,4,2],[1,0,2,3,2],[7,0,1,2,1],[3,1,1],[8,0,1,2,3,4,5,6,7,8,9,10,11,3],[9,0,1,2,3],[10,0,1,2,3,3],[11,0,1,2],[4,0,1,2,3,4,5,8,9,7],[4,6,0,1,2,3,4,5,7,8,9,9]],[[[{"name":"ui_hmd2","rect":[470,3,607,87],"offset":[0,0],"originalSize":[607,87],"rotated":1,"capInsets":[0,0,0,0]}],[2],0,[0],[2],[1]],[[{"name":"btn_hmd1","rect":[193,779,170,62],"offset":[0,0],"originalSize":[170,62],"capInsets":[0,0,0,0]}],[2],0,[0],[2],[1]],[[[4,"mahjongBlacklistItem"],[5,"mahjongBlacklistItem",[-6,-7,-8,-9],[[10,-2,[14],15],[13,-5,-4,-3]],[14,-1],[5,607,87],[0,-40,0,0,0,0,1,1,1,1]],[1,"removeButton",1,[-13],[[15,0.9,3,-12,[[16,"1b6f0Y9UKJIyrlrTQ3uqBM9","removeBtnClicked",1]],[4,4293322470],[4,4291348680],[4,3363338360],-11,10,11,12,13]],[0,"0fCj3fmfJEQI4UWlVSemta",-10],[5,170,62],[160.169,0.717,0,0,0,0,1,1,1,1]],[1,"photoNode",1,[-15,-16],[[17,1,0,-14,[5]]],[0,"b8VpLTEuBGfJHUmQWoZnDu",1],[5,55,55],[-259.508,4.302,0,0,0,0,1,1,1,1]],[6,"Background",512,2,[-18],[[11,1,-17,[8],9]],[0,"df2L2ET/BG7KTot9h5ZcaF",2],[5,170,62],[0,0,0,0,0,0,1,1,1,0]],[7,"line",1,[[12,0,-19,[0]],[18,4,-20]],[0,"d8eGjsWm9HpZyiRDTFS8Gf",1],[5,524,3],[0,-42,0,0,0,0,1,1,1,1]],[2,"photo",3,[[3,0,-21,[3],4]],[0,"e1wyRBw+xEeYt1K+tzpz4c",1],[5,53,53]],[2,"photo_fram",3,[[3,0,-22,[1],2]],[0,"64+17ES6lDn5X3R+aQfbdy",1],[5,55,55]],[9,"nameLabel",1,[-23],[0,"c7HPi8OYlMaZ+r7s1v9w79",1],[5,189.42,27.72],[0,0,0.5],[-191.922,3.585,0,0,0,0,1,1,1,1]],[19,22,22,false,1,1,2,8,[6]],[8,"Label",512,4,[[20,"移  除",30,30,false,1,1,1,1,-24,[7]]],[0,"bb4N/Qt99MAZMk3UZ8u3bN",2],[5,100,40],[0,3,0,0,0,0,1,1,1,1]]],0,[0,3,1,0,0,1,0,4,6,0,5,9,0,0,1,0,-1,5,0,-2,3,0,-3,8,0,-4,2,0,3,2,0,6,4,0,0,2,0,-1,4,0,0,3,0,-1,7,0,-2,6,0,0,4,0,-1,10,0,0,5,0,0,5,0,0,6,0,0,7,0,-1,9,0,0,10,0,7,1,24],[0,0,0,0,0,0,0,0,0,0,0,0,0,0,0,0],[-1,-1,1,-1,1,-1,-1,-1,-1,1,8,9,10,11,-1,1],[0,0,3,0,4,0,0,0,0,5,2,6,2,7,0,8]]]]