[1,["632O4hxVRKY5U/00SIQIIt","1dloZTgRJG8J5Q2it7bu2p"],["spriteFrame","_textureSetter"],["cc.SpriteFrame",["cc.BitmapFont",["_name","fontSize","_fntConfig"],0]],[[1,0,1,2,4]],[[[[0,"gradeResultFont",21,{"commonHeight":21,"fontSize":21,"atlasName":"gradeResultFont.png","fontDefDictionary":{"43":{"xOffset":0,"yOffset":0,"xAdvance":15,"rect":{"x":0,"y":23,"width":15,"height":21}},"45":{"xOffset":0,"yOffset":0,"xAdvance":15,"rect":{"x":17,"y":23,"width":15,"height":21}},"48":{"xOffset":0,"yOffset":0,"xAdvance":15,"rect":{"x":34,"y":23,"width":15,"height":21}},"49":{"xOffset":0,"yOffset":0,"xAdvance":14,"rect":{"x":51,"y":46,"width":14,"height":21}},"50":{"xOffset":0,"yOffset":0,"xAdvance":15,"rect":{"x":55,"y":0,"width":15,"height":21}},"51":{"xOffset":0,"yOffset":0,"xAdvance":16,"rect":{"x":19,"y":0,"width":16,"height":21}},"52":{"xOffset":0,"yOffset":0,"xAdvance":17,"rect":{"x":0,"y":0,"width":17,"height":21}},"53":{"xOffset":0,"yOffset":0,"xAdvance":15,"rect":{"x":55,"y":23,"width":15,"height":21}},"54":{"xOffset":0,"yOffset":0,"xAdvance":15,"rect":{"x":0,"y":46,"width":15,"height":21}},"55":{"xOffset":0,"yOffset":0,"xAdvance":15,"rect":{"x":17,"y":46,"width":15,"height":21}},"56":{"xOffset":0,"yOffset":0,"xAdvance":16,"rect":{"x":37,"y":0,"width":16,"height":21}},"57":{"xOffset":0,"yOffset":0,"xAdvance":15,"rect":{"x":34,"y":46,"width":15,"height":21}}},"kerningDict":{}}]],0,0,[0],[0],[0]],[[{"name":"gradeResultFont","rect":[0,0,70,67],"offset":[0,0],"originalSize":[70,67],"capInsets":[0,0,0,0]}],[0],0,[0],[1],[1]]]]