[1,["ecpdLyjvZBwrvm+cedCcQy","88RfmsUjhOGZ6xX0r5mOXE","bc/lkorIhGla15GUIj2mNJ","6bA+FsV7FIIqC1nWQQcYo9","11c8460c0"],["node","_spriteFrame","root","statusLabel","nickName","photo","data","_textureSetter"],[["cc.Node",["_name","_components","_prefab","_contentSize","_parent","_children","_trs"],2,9,4,5,1,2,7],["cc.Node",["_name","_parent","_components","_prefab","_contentSize","_trs","_color"],2,1,2,4,5,7,5],["cc.PrefabInfo",["fileId","root"],2,1],["cc.Sprite",["_sizeMode","node","_materials","_spriteFrame"],2,1,3,6],["cc.Label",["_fontSize","_lineHeight","_N$horizontalAlign","_N$verticalAlign","_enableWrapText","_N$overflow","_string","node","_materials"],-4,1,3],"cc.SpriteFrame",["cc.Prefab",["_name"],2],["97b5c0ny6JGbKFnd7mFrpxD",["node","photo","nickName","statusLabel"],3,1,1,1,1],["cc.Mask",["_type","_N$alphaThreshold","node","_materials"],1,1,3]],[[2,0,1,2],[0,0,4,1,2,3,2],[3,0,1,2,3,2],[6,0,2],[0,0,5,1,2,3,2],[0,0,4,5,1,2,3,6,2],[0,0,4,1,2,3,6,2],[1,0,1,2,3,4,5,2],[1,0,1,2,3,6,4,5,2],[7,0,1,2,3,1],[2,1,1],[8,0,1,2,3,3],[3,1,2,3,1],[4,0,1,4,2,3,5,7,8,7],[4,6,0,1,2,3,7,8,6]],[[[[3,"mahjongApplyItem"],[4,"mahjongApplyItem",[-6,-7,-8,-9],[[9,-5,-4,-3,-2]],[10,-1],[5,150,175]],[5,"photoNode",1,[-11,-12],[[11,1,0,-10,[6]]],[0,"d3d+PYMWRLs6x3l+29MkxG",1],[5,86,86],[0,13.495,0,0,0,0,1,1,1,1]],[1,"photo",2,[[2,0,-13,[4],5]],[0,"29J5i/aZxCRrZoIGTdmNCL",1],[5,84,84]],[6,"icon_diban03",1,[[12,-14,[0],1]],[0,"f1ZL0JBbpPHpndMMhUPUpr",1],[5,112,158],[0,-14.586,0,0,0,0,1,1,1,1]],[1,"photo_fram",2,[[2,0,-15,[2],3]],[0,"64Poc1cdlIrJ0KjqC22tYo",1],[5,86,86]],[7,"nameLabel",1,[-16],[0,"2dSaGZ1ntO3KuazqPsfnqy",1],[5,111.93,25.2],[0,-46.249,0,0,0,0,1,1,1,1]],[13,13,20,false,1,1,2,6,[7]],[8,"statusLabel",1,[-17],[0,"27tKBj0UFE/KB/8j6JH95s",1],[4,4281987576],[5,75,31.5],[0,-73.97,0,0,0,0,1,1,1,1]],[14,"考慮中",25,25,1,1,8,[8]]],0,[0,2,1,0,3,9,0,4,7,0,5,3,0,0,1,0,-1,4,0,-2,2,0,-3,6,0,-4,8,0,0,2,0,-1,5,0,-2,3,0,0,3,0,0,4,0,0,5,0,-1,7,0,-1,9,0,6,1,17],[0,0,0,0,0,0,0,0,0],[-1,1,-1,1,-1,1,-1,-1,-1],[0,1,0,2,0,3,0,0,0]],[[{"name":"ui_touxiangdi","rect":[3,124,112,158],"offset":[0,0],"originalSize":[112,158],"rotated":1,"capInsets":[0,0,0,0]}],[5],0,[0],[7],[4]]]]