[1,["ecpdLyjvZBwrvm+cedCcQy","f0BIwQ8D5Ml7nTNQbh1YlS","5e65LVx9pOMLOMsT+tguCx","a2MjXRFdtLlYQ5ouAFv/+R","fdUF/lmuZF7aVgndhTRxJ2","386IhLROJBZ7s1zJTveEYy","47ciom/CBLOYFEDoAXVmjw","adoZP2dGdC+JqIAC+wyfue","6b82vfLJlNs7+ch3+NnHOU","2buBBVuudESKGbSKyhQ1Ux","c8XJeDMANBqakyPz11ujWl","1ackT/1alGDKyeusqimCV7","63jwYwr1pH7KL5c5rESGzR","a0XIwSofNMKomMBkpDchru","648duVlfpFrYNmF///pf2X","91SuELHWhEj7ZTrdHofmx9","3a3jV2d7dIPbFbzxfHCZmC","b1VaX0vuhKc6O/IYXEh0NP","87aw7AgERBrK/oLq/mdRKQ","09Ch0JiStCS76UghI8Fwnh","e97GVMl6JHh5Ml5qEDdSGa","29FYIk+N1GYaeWH/q1NxQO","1eZwOaxm5MrYnPNFqqHy6v","17f02528c"],["node","_spriteFrame","_textureSetter","root","mahjongRoomInfo","_N$target","data","_parent","_N$normalSprite","_N$pressedSprite","_N$hoverSprite","_N$disabledSprite"],[["cc.Node",["_name","_objFlags","_opacity","_prefab","_contentSize","_components","_parent","_children","_trs","_anchorPoint","_color"],0,4,5,9,1,2,7,5,5],"cc.SpriteFrame",["cc.PrefabInfo",["fileId","root"],2,1],["cc.Sprite",["_sizeMode","node","_materials","_spriteFrame"],2,1,3,6],["cc.Widget",["_alignFlags","_originalWidth","_originalHeight","alignMode","node"],-1,1],["cc.Prefab",["_name"],2],["cc.Node",["_name","_parent","_children","_components","_prefab","_contentSize","_trs"],2,1,2,12,4,5,7],["cc.Node",["_name","_parent","_components","_prefab","_contentSize","_anchorPoint","_trs"],2,1,2,4,5,5,7],["0041a3NLPFPZquz+HyLpp6t",["node","mahjongRoomInfo"],3,1,1],["cc.Button",["_N$transition","node","_N$normalColor","_N$pressedColor","_N$disabledColor","_N$target","_N$normalSprite","_N$pressedSprite","_N$hoverSprite","_N$disabledSprite"],2,1,5,5,5,1,6,6,6,6],["dc260WzHhJCNbdTPXKK45bp",["node"],3,1],["757f2MG1rFM9rA94jsbuTl3",["node"],3,1],["cc.ScrollView",["_enabled","brake","bounceDuration","cancelInnerEvents","_N$horizontalScrollBar","_N$verticalScrollBar","node","_N$content"],-3,1,1],["cc.Mask",["_N$alphaThreshold","node","_materials"],2,1,3],["cc.BlockInputEvents",["node"],3,1],["cc.Label",["_string","_fontSize","_lineHeight","_N$horizontalAlign","_N$verticalAlign","node","_materials"],-2,1,3],["2197fCZ6uBOrJvko7Ie9JQL",["node","roomNameLabel","personNumLabel","anteLabel","pointLabel","timeLabel","inningsNumLabel","topLabel","flowerLabel","specialPlayLabel","specialTypeLabel","roomSetLabel","lbRoomType","lbPassWord","lbPayType"],3,1,1,1,1,1,1,1,1,1,1,1,1,1,1,1]],[[2,0,1,2],[3,1,2,3,1],[0,0,6,5,3,4,8,2],[0,0,6,7,3,4,8,2],[7,0,1,2,3,4,5,6,2],[15,0,1,2,3,4,5,6,6],[0,0,6,7,5,3,4,2],[5,0,2],[0,0,7,5,3,4,2],[0,0,7,3,4,9,8,2],[0,0,6,7,5,3,4,8,2],[0,0,1,6,5,3,4,8,3],[0,0,2,6,5,3,10,4,3],[6,0,1,2,3,4,5,6,2],[8,0,1,1],[2,1,1],[3,0,1,2,3,2],[9,0,1,2,3,4,5,6,7,8,9,2],[10,0,1],[11,0,1],[12,0,1,2,3,4,5,6,7,7],[13,0,1,2,2],[4,0,1,2,4,4],[4,3,0,1,2,4,5],[14,0,1],[16,0,1,2,3,4,5,6,7,8,9,10,11,12,13,14,1]],[[[{"name":"ui_cfxx_diban","rect":[0,0,761,474],"offset":[0,0],"originalSize":[761,474],"capInsets":[0,0,0,0]}],[1],0,[0],[2],[2]],[[[7,"mahjongCreateRoomInfo"],[8,"mahjongCreateRoomInfo",[-4,-5],[[14,-3,-2]],[15,-1],[5,1280,720]],[9,"content",[-6,-7,-8,-9,-10,-11,-12,-13,-14,-15,-16,-17,-18,-19],[0,"10e9/oRN1JsIzE/57yOX5E",1],[5,1032,442],[0,0.5,1],[0,221,0,0,0,0,1,1,1,1]],[6,"bg",1,[-21,-22,-23],[[1,-20,[53],54]],[0,"9c9nEryi5DcaHYLzCU/CWa",1],[5,761,474]],[10,"button_close",3,[-28],[[17,3,-25,[4,4293322470],[4,4291348680],[4,3363338360],-24,49,50,51,52],[18,-26],[19,-27]],[0,"8fBD526K1ObZhqJzT74B4g",1],[5,97,67],[291.939,191.702,0,0,0,0,1,1,1,1]],[13,"infoScrollView",3,[-31],[[[20,false,0.75,0.23,false,null,null,-29,2],-30],4,1],[0,"98L1LqBZhPp5tBgMBOkUJ/",1],[5,1032,442],[6,0,0,0,0,0,1,1,1,1]],[6,"view",5,[2],[[21,0,-32,[46]],[22,45,240,250,-33]],[0,"0duOShpgtD26h8r7oRLpHt",1],[5,1032,442]],[11,"Background",512,4,[[1,-34,[47],48],[23,0,45,100,40,-35]],[0,"cevnDnXaNH3bD3mPFBkstt",1],[5,97,67],[0,0,0,0,0,0,1,1,1,0]],[12,"spMask",0,1,[[16,0,-36,[0],1],[24,-37]],[0,"74+KDJdVxLPYgPK4wx03Mr",1],[4,4278190080],[5,1280,720]],[3,"roomName",2,[-38,-39],[0,"5fDUHoOblBp6G2raTeDXBk",1],[5,217,44],[-212.787,-75.09,0,0,0,0,1,1,1,1]],[3,"anteName",2,[-40,-41],[0,"809dDUx5RPv61EmbVFSPb5",1],[5,217,44],[119.186,-75.09,0,0,0,0,1,1,1,1]],[3,"roomPassWordType",2,[-42,-43],[0,"b6m9V2uuhLarLWlSHvSlah",1],[5,40,36],[-209.24,-116.691,0,0,0,0,1,1,1,1]],[3,"timeName",2,[-44,-45],[0,"64ehxdPARFbKEzihBmlsad",1],[5,217,44],[116.68,-116.691,0,0,0,0,1,1,1,1]],[3,"taiName",2,[-46,-47],[0,"7cBtGD1QpDdpWfV6/fP+ay",1],[5,217,44],[-208.474,-161.31,0,0,0,0,1,1,1,1]],[3,"personNumName",2,[-48,-49],[0,"3b/tOVI6xPRZD/PPQvvLoz",1],[5,217,44],[121.752,-161.31,0,0,0,0,1,1,1,1]],[3,"inningsName",2,[-50,-51],[0,"b58ZlLvMVMmq3VSxbnceTT",1],[5,217,44],[-206.648,-204.431,0,0,0,0,1,1,1,1]],[3,"roomSetName",2,[-52,-53],[0,"c2tcCHl2xFL4odz2swTirN",1],[5,217,44],[103.89,-204.431,0,0,0,0,1,1,1,1]],[3,"topName",2,[-54,-55],[0,"ffA0p6D2BG2pqoq7VdbxXp",1],[5,217,44],[119.091,-254.308,0,0,0,0,1,1,1,1]],[3,"flowersName",2,[-56,-57],[0,"ae0reO8jdCe6/y1mzavGA8",1],[5,217,44],[-211.599,-254.308,0,0,0,0,1,1,1,1]],[3,"specialPlayName",2,[-58,-59],[0,"8aoEZFdStHuoY7WoFfuyOA",1],[5,217,44],[-210.412,-296.656,0,0,0,0,1,1,1,1]],[3,"specialTypeName",2,[-60,-61],[0,"44ZCvw/epBUpAyqaLANsWZ",1],[5,217,44],[-218.294,-340.391,0,0,0,0,1,1,1,1]],[3,"roomCreateType",2,[-62,-63],[0,"5eLs5x/bhL4JkHt9VSQOTU",1],[5,40,36],[-210.639,-383.907,0,0,0,0,1,1,1,1]],[3,"roomPayType",2,[-64,-65],[0,"a3LeYFfZdKiK0I4VBjlzmU",1],[5,40,36],[109.859,-383.907,0,0,0,0,1,1,1,1]],[2,"spTitle",3,[[1,-66,[2],3]],[0,"74Gcb5gsFMyZyxyw6DT3Q3",1],[5,225,69],[0,208,0,0,0,0,1,1,1,1]],[2,"name",9,[[1,-67,[4],5]],[0,"01Y84CCvdETLGCVnqyddiv",1],[5,154,39],[-7.108,0,0,0,0,0,1,0.85,0.85,1]],[4,"roomNameLabel",9,[-68],[0,"bcY971Io5LyKp5Al8EH97j",1],[5,154,27.72],[0,0,0.5],[81.863,2,0,0,0,0,1,1,1,1]],[5,"快來打麻將吧！",22,22,1,1,25,[6]],[2,"name",10,[[1,-69,[7],8]],[0,"615Umgk+xI9rKDckmNut0R",1],[5,154,42],[-13.031,0,0,0,0,0,1,0.85,0.85,1]],[4,"anteLabel",10,[-70],[0,"2bbe6psTNPq6jSs9QlfHAI",1],[5,48.94,27.72],[0,0,0.5],[65.699,2,0,0,0,0,1,1,1,1]],[5,"5500",22,22,1,1,28,[9]],[2,"name",11,[[1,-71,[10],11]],[0,"0dqeijZTZGlIVHvOFyGKsy",1],[5,151,40],[-7.644,0.849,0,0,0,0,1,0.85,0.85,1]],[4,"lbPassWordType",11,[-72],[0,"cfIVLeGGhIEZ3bL29I5+F/",1],[5,54.65,27.72],[0,0,0.5],[78.698,2,0,0,0,0,1,1,1,1]],[5,"11111",22,22,1,1,31,[12]],[2,"name",12,[[1,-73,[13],14]],[0,"71j2ARJSRB8Izb+wMeyw4Z",1],[5,145,43],[-10.961,0,0,0,0,0,1,0.85,0.85,1]],[4,"timeLabel",12,[-74],[0,"d2MvnbsthG5pKi+f+LRth7",1],[5,48.94,27.72],[0,0,0.5],[68.569,2,0,0,0,0,1,1,1,1]],[5,"5500",22,22,1,1,34,[15]],[2,"name",13,[[1,-75,[16],17]],[0,"3dGv7fVj1PHb99ugnpoBsu",1],[5,150,40],[-9.477,0,0,0,0,0,1,0.85,0.85,1]],[4,"taiLabel",13,[-76],[0,"abtE/eTNlKQYNSTxrIYm5X",1],[5,48.94,27.72],[0,0,0.5],[78.288,2,0,0,0,0,1,1,1,1]],[5,"5500",22,22,1,1,37,[18]],[2,"name",14,[[1,-77,[19],20]],[0,"8c1L6zRnFFSqnkc55/29/a",1],[5,156,40],[-13.397,0,0,0,0,0,1,0.85,0.85,1]],[4,"personNumLabel",14,[-78],[0,"3crs95Ic9LmLpPXHLHKgd+",1],[5,34.24,27.72],[0,0,0.5],[63.665,2,0,0,0,0,1,1,1,1]],[5,"2人",22,22,1,1,40,[21]],[2,"name",15,[[1,-79,[22],23]],[0,"beIUcrvW5J9ot9kxTCNh+H",1],[5,152,40],[-9.134,0,0,0,0,0,1,0.85,0.85,1]],[4,"inningsLabel",15,[-80],[0,"cfT2prnotFupqm14D4Jlgl",1],[5,48.94,27.72],[0,0,0.5],[75.891,2,0,0,0,0,1,1,1,1]],[5,"5500",22,22,1,1,43,[24]],[2,"name",16,[[1,-81,[25],26]],[0,"45n4iVwPpNK41PNUDYvKKf",1],[5,152,39],[0,0,0,0,0,0,1,0.85,0.85,1]],[4,"roomSetLabel",16,[-82],[0,"794uydsCVAQq+9Eyv3s04T",1],[5,34.24,27.72],[0,0,0.5],[81.755,2,0,0,0,0,1,1,1,1]],[5,"2人",22,22,1,1,46,[27]],[2,"name",17,[[1,-83,[28],29]],[0,"54icUgkchPyagv0xyUY4Zk",1],[5,147,40],[-14.439,0,0,0,0,0,1,0.85,0.85,1]],[4,"topLabel",17,[-84],[0,"18R5YkpblLep/oBvdvKZIz",1],[5,48.94,27.72],[0,0,0.5],[66.548,2,0,0,0,0,1,1,1,1]],[5,"5500",22,22,1,1,49,[30]],[2,"name",18,[[1,-85,[31],32]],[0,"33uJnW+1xLN79ODIL0EcrT",1],[5,151,42],[-6.09,0,0,0,0,0,1,0.85,0.85,1]],[4,"flowersLabel",18,[-86],[0,"afAud39V1GGbdo1vzN0TYO",1],[5,48.94,27.72],[0,0,0.5],[81.836,2,0,0,0,0,1,1,1,1]],[5,"5500",22,22,1,1,52,[33]],[2,"name",19,[[1,-87,[34],35]],[0,"d9hs2p4HdF7rpdDDJiq4Fl",1],[5,152,42],[-7.644,0,0,0,0,0,1,0.85,0.85,1]],[4,"specialPlayLabel",19,[-88],[0,"bdyAs0ADxNx5IXLTXG6R3L",1],[5,44,27.72],[0,0,0.5],[81.837,2,0,0,0,0,1,1,1,1]],[5,"暫無",22,22,1,1,55,[36]],[2,"name",20,[[1,-89,[37],38]],[0,"46HRun4q5PE4MT0bkiykZ6",1],[5,150,43],[0,0,0,0,0,0,1,0.85,0.85,1]],[4,"specialTypeLabel",20,[-90],[0,"b5PpkauLVOPKNgCr8bqRUy",1],[5,44,27.72],[0,0,0.5],[87.782,2,0,0,0,0,1,1,1,1]],[5,"暫無",22,22,1,1,58,[39]],[2,"name",21,[[1,-91,[40],41]],[0,"92+ogEFFdHl7eBggDcSrqS",1],[5,154,41],[-7.644,0.849,0,0,0,0,1,0.85,0.85,1]],[4,"lbCreateRoomType",21,[-92],[0,"1aBEgpoHRKT7d8pgP3TrTt",1],[5,88,27.72],[0,0,0.5],[80.553,2,0,0,0,0,1,1,1,1]],[5,"代开创房",22,22,1,1,61,[42]],[2,"name",22,[[1,-93,[43],44]],[0,"8bXfUc79tIrJ/Da74NUw+d",1],[5,150,42],[-7.644,0.849,0,0,0,0,1,0.85,0.85,1]],[4,"lbPayType",22,[-94],[0,"91QJebl59Oz5x1VDw3wPuo",1],[5,88,27.72],[0,0,0.5],[75.78,2,0,0,0,0,1,1,1,1]],[5,"代开创房",22,22,1,1,64,[45]],[25,5,26,41,29,38,35,44,50,53,56,59,47,62,32,65]],0,[0,3,1,0,4,66,0,0,1,0,-1,8,0,-2,3,0,-1,9,0,-2,10,0,-3,11,0,-4,12,0,-5,13,0,-6,14,0,-7,15,0,-8,16,0,-9,17,0,-10,18,0,-11,19,0,-12,20,0,-13,21,0,-14,22,0,0,3,0,-1,23,0,-2,5,0,-3,4,0,5,7,0,0,4,0,0,4,0,0,4,0,-1,7,0,0,5,0,-2,66,0,-1,6,0,0,6,0,0,6,0,0,7,0,0,7,0,0,8,0,0,8,0,-1,24,0,-2,25,0,-1,27,0,-2,28,0,-1,30,0,-2,31,0,-1,33,0,-2,34,0,-1,36,0,-2,37,0,-1,39,0,-2,40,0,-1,42,0,-2,43,0,-1,45,0,-2,46,0,-1,48,0,-2,49,0,-1,51,0,-2,52,0,-1,54,0,-2,55,0,-1,57,0,-2,58,0,-1,60,0,-2,61,0,-1,63,0,-2,64,0,0,23,0,0,24,0,-1,26,0,0,27,0,-1,29,0,0,30,0,-1,32,0,0,33,0,-1,35,0,0,36,0,-1,38,0,0,39,0,-1,41,0,0,42,0,-1,44,0,0,45,0,-1,47,0,0,48,0,-1,50,0,0,51,0,-1,53,0,0,54,0,-1,56,0,0,57,0,-1,59,0,0,60,0,-1,62,0,0,63,0,-1,65,0,6,1,2,7,6,94],[0,0,0,0,0,0,0,0,0,0,0,0,0,0,0,0,0,0,0,0,0,0,0,0,0,0,0,0,0,0,0,0,0,0,0,0,0,0,0,0,0,0,0,0,0,0,0,0,0,0,0,0,0,0,0],[-1,1,-1,1,-1,1,-1,-1,1,-1,-1,1,-1,-1,1,-1,-1,1,-1,-1,1,-1,-1,1,-1,-1,1,-1,-1,1,-1,-1,1,-1,-1,1,-1,-1,1,-1,-1,1,-1,-1,1,-1,-1,-1,1,8,9,10,11,-1,1],[0,3,0,4,0,5,0,0,6,0,0,7,0,0,8,0,0,9,0,0,10,0,0,11,0,0,12,0,0,13,0,0,14,0,0,15,0,0,16,0,0,17,0,0,18,0,0,0,19,1,20,1,21,0,22]],[[{"name":"ui_cfxx","rect":[235,150,225,69],"offset":[0,0],"originalSize":[225,69],"rotated":1,"capInsets":[0,0,0,0]}],[1],0,[0],[2],[23]]]]