[1,["1e1e315fb@6c48a"],["_textureSource"],["cc.SpriteFrame","cc.SpriteAtlas"],0,[[[{"name":"dot_5","rect":{"x":3,"y":3,"width":100,"height":126},"offset":{"x":0,"y":0},"originalSize":{"width":100,"height":126},"rotated":false,"capInsets":[0,0,0,0],"packable":true,"pixelsToUnit":100,"pivot":{"x":0.5,"y":0.5},"meshType":0}],[0],0,[0],[0],[0]],[[{"name":"dot_6","rect":{"x":3,"y":135,"width":100,"height":126},"offset":{"x":0,"y":0},"originalSize":{"width":100,"height":126},"rotated":false,"capInsets":[0,0,0,0],"packable":true,"pixelsToUnit":100,"pivot":{"x":0.5,"y":0.5},"meshType":0}],[0],0,[0],[0],[0]],[[{"name":"dot_2","rect":{"x":3,"y":267,"width":100,"height":126},"offset":{"x":0,"y":0},"originalSize":{"width":100,"height":126},"rotated":false,"capInsets":[0,0,0,0],"packable":true,"pixelsToUnit":100,"pivot":{"x":0.5,"y":0.5},"meshType":0}],[0],0,[0],[0],[0]],[[{"name":"dot_1","rect":{"x":3,"y":399,"width":100,"height":126},"offset":{"x":0,"y":0},"originalSize":{"width":100,"height":126},"rotated":false,"capInsets":[0,0,0,0],"packable":true,"pixelsToUnit":100,"pivot":{"x":0.5,"y":0.5},"meshType":0}],[0],0,[0],[0],[0]],[[{"name":"dot_7","rect":{"x":3,"y":531,"width":100,"height":126},"offset":{"x":0,"y":0},"originalSize":{"width":100,"height":126},"rotated":true,"capInsets":[0,0,0,0],"packable":true,"pixelsToUnit":100,"pivot":{"x":0.5,"y":0.5},"meshType":0}],[0],0,[0],[0],[0]],[[{"name":"dot_4","rect":{"x":109,"y":3,"width":100,"height":126},"offset":{"x":0,"y":0},"originalSize":{"width":100,"height":126},"rotated":false,"capInsets":[0,0,0,0],"packable":true,"pixelsToUnit":100,"pivot":{"x":0.5,"y":0.5},"meshType":0}],[0],0,[0],[0],[0]],[[{"name":"dot_3","rect":{"x":109,"y":135,"width":100,"height":126},"offset":{"x":0,"y":0},"originalSize":{"width":100,"height":126},"rotated":false,"capInsets":[0,0,0,0],"packable":true,"pixelsToUnit":100,"pivot":{"x":0.5,"y":0.5},"meshType":0}],[0],0,[0],[0],[0]],[[{"name":"dot_8","rect":{"x":109,"y":267,"width":100,"height":126},"offset":{"x":0,"y":0},"originalSize":{"width":100,"height":126},"rotated":false,"capInsets":[0,0,0,0],"packable":true,"pixelsToUnit":100,"pivot":{"x":0.5,"y":0.5},"meshType":0}],[0],0,[0],[0],[0]],[[{"name":"auto-atlas","spriteFrames":["dot_5","01ePBeg71Hy4YClDsHC0Jp@f9941","dot_6","49pGfVVspBiZUB4fjdoYLR@f9941","dot_2","70bP4soLNKFZWTzSBParwY@f9941","dot_1","72e/E8okxHl5slP2e7PLO3@f9941","dot_7","7fUD8F/v9IAb7boNV8eccv@f9941","dot_4","91z1TEQoJEiLV52xXfIiTh@f9941","dot_3","96tNowfuJAQoUUDA29GTBb@f9941","dot_8","bcA5VLEb9K/YhymdsbRsTO@f9941","dot_w","cb3HeT2c5HJZQzgeHu2tA1@f9941","dot_9","ea44LViGhBrJnQakqUInLP@f9941"]}],[1],0,[],[],[]],[[{"name":"dot_w","rect":{"x":109,"y":399,"width":100,"height":126},"offset":{"x":0,"y":0},"originalSize":{"width":100,"height":126},"rotated":true,"capInsets":[0,0,0,0],"packable":true,"pixelsToUnit":100,"pivot":{"x":0.5,"y":0.5},"meshType":0}],[0],0,[0],[0],[0]],[[{"name":"dot_9","rect":{"x":135,"y":505,"width":100,"height":126},"offset":{"x":0,"y":0},"originalSize":{"width":100,"height":126},"rotated":false,"capInsets":[0,0,0,0],"packable":true,"pixelsToUnit":100,"pivot":{"x":0.5,"y":0.5},"meshType":0}],[0],0,[0],[0],[0]]]]
