[1,["1262764ce@6c48a"],["_textureSource"],["cc.SpriteFrame"],0,[[[{"name":"36","rect":{"x":3,"y":3,"width":378,"height":245},"offset":{"x":26.5,"y":0},"originalSize":{"width":793,"height":245},"rotated":false,"capInsets":[0,0,0,0],"packable":true,"pixelsToUnit":100,"pivot":{"x":0.5,"y":0.5},"meshType":0}],[0],0,[0],[0],[0]],[[{"name":"25","rect":{"x":387,"y":3,"width":325,"height":245},"offset":{"x":0,"y":0},"originalSize":{"width":793,"height":245},"rotated":false,"capInsets":[0,0,0,0],"packable":true,"pixelsToUnit":100,"pivot":{"x":0.5,"y":0.5},"meshType":0}],[0],0,[0],[0],[0]],[[{"name":"19","rect":{"x":718,"y":3,"width":325,"height":245},"offset":{"x":0,"y":0},"originalSize":{"width":793,"height":245},"rotated":true,"capInsets":[0,0,0,0],"packable":true,"pixelsToUnit":100,"pivot":{"x":0.5,"y":0.5},"meshType":0}],[0],0,[0],[0],[0]],[[{"name":"14","rect":{"x":3,"y":254,"width":369,"height":245},"offset":{"x":0,"y":0},"originalSize":{"width":793,"height":245},"rotated":false,"capInsets":[0,0,0,0],"packable":true,"pixelsToUnit":100,"pivot":{"x":0.5,"y":0.5},"meshType":0}],[0],0,[0],[0],[0]],[[{"name":"6","rect":{"x":3,"y":505,"width":369,"height":245},"offset":{"x":0,"y":0},"originalSize":{"width":793,"height":245},"rotated":false,"capInsets":[0,0,0,0],"packable":true,"pixelsToUnit":100,"pivot":{"x":0.5,"y":0.5},"meshType":0}],[0],0,[0],[0],[0]],[[{"name":"2","rect":{"x":3,"y":756,"width":369,"height":245},"offset":{"x":0,"y":0},"originalSize":{"width":793,"height":245},"rotated":false,"capInsets":[0,0,0,0],"packable":true,"pixelsToUnit":100,"pivot":{"x":0.5,"y":0.5},"meshType":0}],[0],0,[0],[0],[0]],[[{"name":"42","rect":{"x":378,"y":254,"width":326,"height":245},"offset":{"x":0.5,"y":0},"originalSize":{"width":793,"height":245},"rotated":false,"capInsets":[0,0,0,0],"packable":true,"pixelsToUnit":100,"pivot":{"x":0.5,"y":0.5},"meshType":0}],[0],0,[0],[0],[0]],[[{"name":"39","rect":{"x":378,"y":505,"width":326,"height":245},"offset":{"x":0.5,"y":0},"originalSize":{"width":793,"height":245},"rotated":false,"capInsets":[0,0,0,0],"packable":true,"pixelsToUnit":100,"pivot":{"x":0.5,"y":0.5},"meshType":0}],[0],0,[0],[0],[0]],[[{"name":"1","rect":{"x":710,"y":334,"width":325,"height":245},"offset":{"x":0,"y":0},"originalSize":{"width":793,"height":245},"rotated":true,"capInsets":[0,0,0,0],"packable":true,"pixelsToUnit":100,"pivot":{"x":0.5,"y":0.5},"meshType":0}],[0],0,[0],[0],[0]],[[{"name":"13","rect":{"x":710,"y":665,"width":325,"height":245},"offset":{"x":0,"y":0},"originalSize":{"width":793,"height":245},"rotated":true,"capInsets":[0,0,0,0],"packable":true,"pixelsToUnit":100,"pivot":{"x":0.5,"y":0.5},"meshType":0}],[0],0,[0],[0],[0]],[[{"name":"41","rect":{"x":378,"y":756,"width":326,"height":245},"offset":{"x":0.5,"y":0},"originalSize":{"width":793,"height":245},"rotated":false,"capInsets":[0,0,0,0],"packable":true,"pixelsToUnit":100,"pivot":{"x":0.5,"y":0.5},"meshType":0}],[0],0,[0],[0],[0]]]]
