[1,["ecTE1M8O1K1K4VEkDL+y4H@f9941","3cFPEHSylEL6y+wz+/tvml@6c48a","3cFPEHSylEL6y+wz+/tvml@f9941","76p8XhaGxMHLrfYP5sZdYl@f9941","2b5NrrUwhIN6I6gHxPY+a6","76p8XhaGxMHLrfYP5sZdYl@6c48a","ecTE1M8O1K1K4VEkDL+y4H@6c48a"],["node","_spriteFrame","_textureSource","root","roadMapContent","player3WinRoundLabel","player2WinRoundLabel","player1WinRoundLabel","bankerWinRoundLabel","totalRoundLabel","data","roadMapItemPrefab"],[["cc.Node",["_name","_layer","_components","_prefab","_children","_lpos","_parent"],1,9,4,2,5,1],"cc.SpriteFrame",["cc.UITransform",["node","__prefab","_contentSize","_anchorPoint"],3,1,4,5,5],["cc.Label",["_string","_actualFontSize","_fontSize","_isBold","_horizontalAlign","node","__prefab"],-2,1,4],["cc.Prefab",["_name"],2],["cc.Node",["_name","_layer","_parent","_components","_prefab","_lpos"],1,1,12,4,5],["cc.CompPrefabInfo",["fileId"],2],["cc.Sprite",["node","__prefab","_spriteFrame"],3,1,4,6],["1f6e1QQZ8RAnrFpUO2W0HKb",["node","__prefab","totalRoundLabel","bankerWinRoundLabel","player1WinRoundLabel","player2WinRoundLabel","player3WinRoundLabel","roadMapContent","roadMapItemPrefab"],3,1,4,1,1,1,1,1,1,6],["cc.PrefabInfo",["fileId","instance","targetOverrides","nestedPrefabInstanceRoots","root","asset"],-1,1,1],["cc.Widget",["_alignFlags","_left","node","__prefab"],1,1,4],["cc.Layout",["_resizeMode","_layoutType","node","__prefab"],1,1,4]],[[6,0,2],[9,0,1,2,3,4,5,5],[2,0,1,2,1],[0,0,1,6,2,3,5,3],[5,0,1,2,3,4,5,3],[2,0,1,2,3,1],[7,0,1,2,1],[3,0,1,2,3,5,6,5],[3,0,4,1,2,3,5,6,6],[3,0,1,2,5,6,4],[4,0,2],[0,0,1,4,2,3,5,3],[0,0,1,6,4,2,3,3],[0,0,1,6,4,2,3,5,3],[2,0,1,1],[8,0,1,2,3,4,5,6,7,8,1],[10,0,1,2,3,3],[11,0,1,2,3,3]],[[[{"name":"road_b_pc","rect":{"x":0,"y":0,"width":60,"height":28},"offset":{"x":0,"y":0},"originalSize":{"width":60,"height":28},"rotated":false,"capInsets":[0,0,0,0],"vertices":{"rawPosition":[-30,-14,0,30,-14,0,-30,14,0,30,14,0],"indexes":[0,1,2,2,1,3],"uv":[0,28,60,28,0,0,60,0],"nuv":[0,0,1,0,0,1,1,1],"minPos":{"x":-30,"y":-14,"z":0},"maxPos":{"x":30,"y":14,"z":0}},"packable":true,"pixelsToUnit":100,"pivot":{"x":0.5,"y":0.5},"meshType":0}],[1],0,[0],[2],[1]],[[[10,"pusherTRoadMapPC"],[11,"pusherTRoadMapPC",33554432,[-11,-12,-13],[[2,-2,[0,"2cZHOUF29FX6ouXCBvXs/C"],[5,504,253]],[6,-3,[0,"14MVA6ZNhK9J8584mXXTgN"],4],[15,-10,[0,"c7SpvgJ3NAzaK10Y2nk6dt"],-9,-8,-7,-6,-5,-4,5]],[1,"bfjd3GVj5AAr2/bkzIhsZC",null,null,null,-1,0],[1,0,-351.026,0]],[12,"topNode",33554432,1,[-15,-16,-17,-18,-19,-20,-21,-22,-23,-24,-25,-26,-27,-28],[[14,-14,[0,"7bsRlvcw5M/4GTYGyZ4wam"]]],[1,"66YdFWCF1GXqWK0VFrBY/q",null,null,null,1,0]],[13,"titleNode",33554432,1,[-30,-31,-32,-33],[[2,-29,[0,"datkJWBL1KD65LAHOmVMn1"],[5,60,246.6]]],[1,"78K006jaJLHKzymZSJNC4z",null,null,null,1,0],[1,-227.545,1.444,0]],[4,"content",33554432,1,[[[5,-34,[0,"ffa1TaUwtL/KRTv2ZIUh8n"],[5,0,210],[0,0,0.5]],[16,8,82.86099999999999,-35,[0,"2b6s9uKf1PYYnGsAv0SkE8"]],-36],4,4,1],[1,"f4oaMLDOpH1JeFrLbFBqp3",null,null,null,1,0],[1,-169.139,-25.161,0]],[3,"road_b_m",33554432,2,[[2,-37,[0,"0bI5y5oupAEq9LFo8ld4cf"],[5,60,28]],[6,-38,[0,"644/X6kpFBYbs/biKthNHj"],0]],[1,"38XpE9naFHgYss+mjP+RY2",null,null,null,1,0],[1,-111.75900000000001,105,0]],[3,"road_p_m-001",33554432,2,[[2,-39,[0,"aesE4TQ+FDYLK5ERPa9Stn"],[5,60,28]],[6,-40,[0,"279/gA7rRB7ZkUsk7DGY3M"],1]],[1,"8cH+KyE5lPgY7G/xbPYKGV",null,null,null,1,0],[1,-11.70166666666671,105,0]],[3,"road_p_m",33554432,2,[[2,-41,[0,"ba7Yq/cnFLd4eGG6pFlvYC"],[5,60,28]],[6,-42,[0,"48inXJL+VPGo5AF67kWtRR"],2]],[1,"ebqDCtL3dA2Y8+wY0jvTrL",null,null,null,1,0],[1,88.3556666666666,105,0]],[3,"road_p_m-002",33554432,2,[[2,-43,[0,"263H2rMfNJaqDLU30bAGvo"],[5,60,28]],[6,-44,[0,"600tu+EyNPdoHT8RcjPBno"],3]],[1,"5f8d+zoMJIkL+J9wlFpwZw",null,null,null,1,0],[1,188.413,105,0]],[3,"totalTitle",33554432,2,[[2,-45,[0,"b9QF5i/UBLuKQ6av8TsHk+"],[5,60,50.4]],[7,"總計：",20,20,true,-46,[0,"c22L4RW7xHt68t2zoFSx0I"]]],[1,"23Fgun0f1Gs4viSf3OhcvT",null,null,null,1,0],[1,-212.554,106.108,0]],[3,"bWinTitle",33554432,2,[[2,-47,[0,"8cxU7AVKZKJYo+RejCL5/C"],[5,54,50.4]],[9,"莊即赢",18,18,-48,[0,"66VCqLSspHB4WKh/BhMTsh"]]],[1,"caDulpclNHQqx0BCR/b+Bi",null,null,null,1,0],[1,-111.668,106.306,0]],[3,"pWinTitle1",33554432,2,[[2,-49,[0,"6b4bNxjY5FU6gYaggM7arA"],[5,46.0107421875,50.4]],[9,"閒1蠃",18,18,-50,[0,"edyRCRv6lDPbugW0KBRTpB"]]],[1,"7bg7Y1BQxBGYwUoi3JX6fy",null,null,null,1,0],[1,-9.843,106.108,0]],[3,"pWinTitle2",33554432,2,[[2,-51,[0,"8dMXPmWPFM0rSSBecxZqWV"],[5,46.0107421875,50.4]],[9,"閒2蠃",18,18,-52,[0,"admJGB+jtK0LSdJ69+DemI"]]],[1,"e3Cq1Y1GtMLJHLHOmAmXmJ",null,null,null,1,0],[1,89.328,106.108,0]],[3,"pWinTitle3",33554432,2,[[2,-53,[0,"0cYzI5dflK3IY76kHy3g9Y"],[5,46.0107421875,50.4]],[9,"閒3蠃",18,18,-54,[0,"5fLFltDARKv5K289rFoOl1"]]],[1,"3coj6IIXpEaLr2/+3nbKY+",null,null,null,1,0],[1,187.983,106.108,0]],[4,"totalLabel",33554432,2,[[[5,-55,[0,"c4czobw/xDa4xz4ASizwup"],[5,22.24609375,50.4],[0,0,0.5]],-56],4,1],[1,"28h826kmFAjZX0AfV2bW4x",null,null,null,1,0],[1,-186.344,106.108,0]],[4,"bWinLabel",33554432,2,[[[5,-57,[0,"76s/w1CPhCcaSPbFspLKZV"],[5,22.24609375,50.4],[0,0,0.5]],-58],4,1],[1,"7fZZIt3mBHParNIXB/OBmo",null,null,null,1,0],[1,-79.596,106,0]],[4,"pWinLabel1",33554432,2,[[[5,-59,[0,"d8Mu9IUVtF64z9cTpuaXgr"],[5,22.24609375,50.4],[0,0,0.5]],-60],4,1],[1,"11hPNvpANLPrWIeq5pPrl8",null,null,null,1,0],[1,23.866,106,0]],[4,"pWinLabel2",33554432,2,[[[5,-61,[0,"d3m30oPbJKhZSf38uglWBx"],[5,22.24609375,50.4],[0,0,0.5]],-62],4,1],[1,"9cIQC6oQtK9JL4Kzq8AnvA",null,null,null,1,0],[1,121.87,106,0]],[4,"pWinLabel3",33554432,2,[[[5,-63,[0,"165IuRsNlH1JpkRDrwSEJ6"],[5,22.24609375,50.4],[0,0,0.5]],-64],4,1],[1,"43I1Y6cyJOiJQgWBjYKZ3T",null,null,null,1,0],[1,220.733,106,0]],[3,"bankerTitleLabel",33554432,3,[[2,-65,[0,"c9NXnUnu1I0pJ8v9n4MwCd"],[5,26,50.4]],[7,"莊",26,26,true,-66,[0,"3fYU4/DV9F74+ov/WnjO1L"]]],[1,"adpRhTXiBL6Y0AevPXho+y",null,null,null,1,0],[1,20.59299999999999,54.120000000000005,0]],[3,"player1TitleLabel",33554432,3,[[2,-67,[0,"86xbYOMUxHIpZKP8QqZyjV"],[5,40.4599609375,50.4]],[7,"閒1",26,26,true,-68,[0,"e0Wg8RpX9IpK+6nBgOHsji"]]],[1,"46c+CUJglDg4h5UQuNEeYY",null,null,null,1,0],[1,20.592999999999996,0.9710000000000036,0]],[3,"player2TitleLabel",33554432,3,[[2,-69,[0,"2249eIoZtO+IR1TYXznD6m"],[5,40.4599609375,50.4]],[7,"閒2",26,26,true,-70,[0,"24NDBqwvNBMqxVDrH8Dzc1"]]],[1,"911O0zDmZJA7zxjJTjQKi7",null,null,null,1,0],[1,20.592999999999996,-52.178,0]],[3,"player3TitleLabel",33554432,3,[[2,-71,[0,"362/Gq3C1P+7g1e1s8KdVj"],[5,40.4599609375,50.4]],[7,"閒3",26,26,true,-72,[0,"51yUoCA8hKQoTLwjWJ1zrq"]]],[1,"92bP8Dv8BPDa+9O/uH1kcI",null,null,null,1,0],[1,20.592999999999996,-105.327,0]],[8,"20",0,20,20,true,14,[0,"43595c64ZE44PRRA1FAk0+"]],[8,"20",0,20,20,true,15,[0,"4bL9j2ah9FYIOLVJD1BQX9"]],[8,"20",0,20,20,true,16,[0,"c1QdLnfo9H1Y9AK/dlgsxj"]],[8,"20",0,20,20,true,17,[0,"a82bbU1Z5GGon8gfOA1GiM"]],[8,"20",0,20,20,true,18,[0,"f3UZ4vCjFMzr2b2LSJysoH"]],[17,1,1,4,[0,"4cV8iSK/hDeo7pjN8MY2ja"]]],0,[0,3,1,0,0,1,0,0,1,0,4,28,0,5,27,0,6,26,0,7,25,0,8,24,0,9,23,0,0,1,0,-1,2,0,-2,3,0,-3,4,0,0,2,0,-1,5,0,-2,6,0,-3,7,0,-4,8,0,-5,9,0,-6,10,0,-7,11,0,-8,12,0,-9,13,0,-10,14,0,-11,15,0,-12,16,0,-13,17,0,-14,18,0,0,3,0,-1,19,0,-2,20,0,-3,21,0,-4,22,0,0,4,0,0,4,0,-3,28,0,0,5,0,0,5,0,0,6,0,0,6,0,0,7,0,0,7,0,0,8,0,0,8,0,0,9,0,0,9,0,0,10,0,0,10,0,0,11,0,0,11,0,0,12,0,0,12,0,0,13,0,0,13,0,0,14,0,-2,23,0,0,15,0,-2,24,0,0,16,0,-2,25,0,0,17,0,-2,26,0,0,18,0,-2,27,0,0,19,0,0,19,0,0,20,0,0,20,0,0,21,0,0,21,0,0,22,0,0,22,0,10,1,72],[0,0,0,0,0,0],[1,1,1,1,1,11],[2,0,0,0,3,4]],[[{"name":"road_bg_pc","rect":{"x":0,"y":0,"width":504,"height":253},"offset":{"x":0,"y":0},"originalSize":{"width":504,"height":253},"rotated":false,"capInsets":[0,0,0,0],"vertices":{"rawPosition":[-252,-126.5,0,252,-126.5,0,-252,126.5,0,252,126.5,0],"indexes":[0,1,2,2,1,3],"uv":[0,253,504,253,0,0,504,0],"nuv":[0,0,1,0,0,1,1,1],"minPos":{"x":-252,"y":-126.5,"z":0},"maxPos":{"x":252,"y":126.5,"z":0}},"packable":true,"pixelsToUnit":100,"pivot":{"x":0.5,"y":0.5},"meshType":0}],[1],0,[0],[2],[5]],[[{"name":"road_p_pc","rect":{"x":0,"y":0,"width":60,"height":28},"offset":{"x":0,"y":0},"originalSize":{"width":60,"height":28},"rotated":false,"capInsets":[0,0,0,0],"vertices":{"rawPosition":[-30,-14,0,30,-14,0,-30,14,0,30,14,0],"indexes":[0,1,2,2,1,3],"uv":[0,28,60,28,0,0,60,0],"nuv":[0,0,1,0,0,1,1,1],"minPos":{"x":-30,"y":-14,"z":0},"maxPos":{"x":30,"y":14,"z":0}},"packable":true,"pixelsToUnit":100,"pivot":{"x":0.5,"y":0.5},"meshType":0}],[1],0,[0],[2],[6]]]]
