[1,["95ufd/oUBExKvtJ3AwO/jL"],0,[["sp.SkeletonData",["_name","_atlasText","textureNames","_skeletonJson","textures"],-1,3]],[[0,0,1,2,3,4,5]],[[0,"hd_zhuaji","\nhd_zhuaji.png\nsize: 512,512\nformat: RGBA8888\nfilter: Linear,Linear\nrepeat: none\njitou\n  rotate: true\n  xy: 215, 10\n  size: 60, 76\n  orig: 60, 76\n  offset: 0, 0\n  index: -1\njitou_00000\n  rotate: false\n  xy: 215, 72\n  size: 65, 76\n  orig: 100, 100\n  offset: 17, 8\n  index: -1\nqiabozi01\n  rotate: true\n  xy: 132, 25\n  size: 123, 81\n  orig: 123, 84\n  offset: 0, 1\n  index: -1\nqiabozi02\n  rotate: false\n  xy: 132, 150\n  size: 126, 176\n  orig: 130, 176\n  offset: 2, 0\n  index: -1\nqiabozi03\n  rotate: false\n  xy: 2, 150\n  size: 128, 176\n  orig: 130, 176\n  offset: 0, 0\n  index: -1\nqiabozi04\n  rotate: false\n  xy: 138, 328\n  size: 126, 176\n  orig: 130, 176\n  offset: 2, 0\n  index: -1\nqiabozi05\n  rotate: false\n  xy: 2, 2\n  size: 128, 146\n  orig: 128, 150\n  offset: 0, 2\n  index: -1\nqiabozi06\n  rotate: false\n  xy: 2, 328\n  size: 134, 176\n  orig: 142, 178\n  offset: 0, 1\n  index: -1\nqiabozi07\n  rotate: false\n  xy: 260, 293\n  size: 28, 33\n  orig: 28, 33\n  offset: 0, 0\n  index: -1\nyan_00000\n  rotate: false\n  xy: 132, 7\n  size: 16, 16\n  orig: 20, 20\n  offset: 3, 2\n  index: -1\n",["hd_zhuaji.png"],{"skeleton":{"hash":"LYQzoPParF3hpev+nouzg0sqkKY","spine":"3.8.99","x":-29.68,"y":-38,"width":59.68,"height":76,"images":"./image/","audio":"D:/work/工作/互动表情/animation/hd_zhuaji01"},"bones":[{"name":"root"},{"name":"zong","parent":"root"},{"name":"bone","parent":"zong","length":19.7,"rotation":15.55,"x":-48.99,"y":-16.59},{"name":"bone2","parent":"zong","length":36.52,"rotation":-124.7,"x":2.32,"y":24.16},{"name":"ji2","parent":"zong"},{"name":"bone3","parent":"ji2","length":61.4,"rotation":91.54,"x":-26.55,"y":10.63},{"name":"bone4","parent":"zong","length":45.96,"rotation":10.34,"x":-11.04,"y":-15.6},{"name":"bone5","parent":"zong","length":14.85,"rotation":-91.27,"x":-19.62,"y":-35.07},{"name":"bone6","parent":"bone5","length":17.49,"rotation":-30.62,"x":14.85},{"name":"bone7","parent":"zong","length":13.92,"rotation":-100.24,"x":-1.47,"y":-36.89},{"name":"bone8","parent":"bone7","length":18.15,"rotation":9.2,"x":13.92},{"name":"ji1","parent":"zong"},{"name":"jitou","parent":"bone3","rotation":-91.54,"x":-11.34,"y":-26.25},{"name":"shou","parent":"zong"},{"name":"yan","parent":"bone3","rotation":-91.54,"x":-11.34,"y":-26.25},{"name":"yumao2","parent":"root"},{"name":"yumao3","parent":"root"},{"name":"yumao4","parent":"root"},{"name":"yumao5","parent":"root"},{"name":"yumao6","parent":"root"},{"name":"yumao8","parent":"root"},{"name":"yumao9","parent":"root"},{"name":"yumao10","parent":"root"},{"name":"yumao11","parent":"root"},{"name":"yumao12","parent":"root"},{"name":"yumao13","parent":"root","rotation":-119.85},{"name":"yumao14","parent":"root","rotation":-119.85},{"name":"yumao15","parent":"root","rotation":-119.85},{"name":"yumao16","parent":"root","rotation":-119.85}],"slots":[{"name":"qiabozi02","bone":"ji1"},{"name":"qiabozi20","bone":"yumao16"},{"name":"qiabozi01","bone":"shou"},{"name":"qiabozi04","bone":"ji2"},{"name":"jitou_00000","bone":"bone3"},{"name":"yan_00000","bone":"yan"},{"name":"qiabozi07","bone":"yumao2"},{"name":"qiabozi16","bone":"yumao12"},{"name":"qiabozi17","bone":"yumao13"},{"name":"qiabozi18","bone":"yumao14"},{"name":"qiabozi19","bone":"yumao15"},{"name":"qiabozi7","bone":"yumao3"},{"name":"qiabozi8","bone":"yumao4"},{"name":"qiabozi9","bone":"yumao5"},{"name":"qiabozi15","bone":"yumao11"},{"name":"qiabozi10","bone":"yumao6"},{"name":"qiabozi14","bone":"yumao10"},{"name":"qiabozi13","bone":"yumao9"},{"name":"qiabozi12","bone":"yumao8"},{"name":"jitou","bone":"jitou","attachment":"jitou"}],"skins":[{"name":"default","attachments":{"jitou":{"jitou":{"type":"mesh","hull":5,"width":60,"height":76,"uvs":[1,1,0.20883,1,0.00538,1,0.01441,0,0.99695,0,0.25812,0.66808,0.2557,0.72341,0.23154,0.77492,0.84053,0.64137,0.82119,0.69479,0.81878,0.75394,0.82119,0.81117,0.47912,0.59969,0.43962,0.64958,0.39748,0.68493,0.36326,0.71195,0.37905,0.76185,0.44225,0.77432,0.34219,0.6683,0.31849,0.72235,0.31322,0.76601,0.32112,0.80759,0.78985,0.62256,0.75825,0.67869,0.77669,0.7369,0.76088,0.7764,0.25042,0.61274,0.22073,0.54244,0.21845,0.45231,0.27781,0.39102],"triangles":[29,3,4,28,3,29,27,28,29,22,12,29,27,29,12,26,27,12,4,22,29,8,22,4,0,8,4,12,18,26,18,5,26,12,13,18,23,12,22,23,22,8,14,18,13,9,23,8,15,18,14,19,5,18,19,18,15,5,7,26,6,5,19,24,23,9,10,24,9,16,15,14,19,15,16,20,6,19,20,19,16,23,17,13,23,13,12,25,17,23,14,13,17,16,14,17,7,27,26,6,7,5,7,6,20,24,25,23,25,24,10,21,20,16,8,10,9,0,11,10,25,10,11,2,28,27,28,2,3,27,7,2,7,20,21,1,7,21,1,2,7,0,10,8,17,25,11,11,1,17,21,16,17,17,1,21,11,0,1],"vertices":[30,-38,-17.49,-37.99,-29.68,-38,-29.14,38,29.82,38,-14.51,-12.77,-14.66,-16.98,-16.11,-20.89,20.43,-10.74,19.27,-14.8,19.13,-19.3,19.27,-23.65,-1.25,-7.58,-3.62,-11.37,-6.15,-14.05,-8.2,-16.11,-7.26,-19.9,-3.46,-20.85,-9.47,-12.79,-10.89,-16.9,-11.21,-20.22,-10.73,-23.38,17.39,-9.31,15.5,-13.58,16.6,-18,15.65,-21.01,-14.98,-8.57,-16.76,-3.23,-16.89,3.62,-13.33,8.28],"edges":[4,6,6,8,0,8,0,2,2,4]}},"jitou_00000":{"jitou_00000":{"x":29.96,"y":-4.3,"rotation":-91.54,"width":100,"height":100}},"qiabozi01":{"qiabozi01":{"width":123,"height":84}},"qiabozi02":{"qiabozi02":{"width":130,"height":176},"qiabozi03":{"width":130,"height":176}},"qiabozi04":{"qiabozi04":{"width":130,"height":176},"qiabozi05":{"type":"mesh","hull":11,"width":128,"height":150,"uvs":[1,0.98333,0.51294,0.98333,0.40325,0.98333,0.32869,0.98333,0,0.98333,0,0.48651,0,0.01667,0.15765,0.01667,0.32246,0.01667,0.3934,0.01667,1,0.01667,0.33062,0.40191,0.33062,0.41831,0.33382,0.45112,0.3287,0.4686,0.32613,0.48501,0.32037,0.50961,0.32165,0.5342,0.32037,0.55717,0.33638,0.567,0.36265,0.57138,0.40365,0.57083,0.43184,0.55826,0.44913,0.53858,0.46067,0.51124,0.47162,0.48109,0.50221,0.44881,0.54248,0.41495,0.55641,0.39031,0.46387,0.32319,0.42735,0.33194,0.39276,0.34779,0.36585,0.36037,0.34792,0.3784,0.33638,0.39152,0.54138,0.15701,0.53946,0.1335,0.52473,0.0854,0.45938,0.03729,0.12178,0.09469,0.07949,0.13951,0.04554,0.20347,0.05259,0.29258,0.06156,0.32483,0.06924,0.3713,0.09423,0.39699,0.13074,0.38551,0.15573,0.39043,0.18392,0.39644,0.21532,0.406,0.24287,0.42357,0.24926,0.45001,0.25054,0.47407,0.2467,0.4932,0.25695,0.50387,0.29154,0.55115,0.29026,0.57138,0.32718,0.62783,0.32832,0.64535,0.31606,0.64427,0.34181,0.67613,0.36236,0.70156,0.34961,0.72467,0.32252,0.75936,0.29861,0.76684,0.28813,0.78111,0.28481,0.80493,0.23788,0.80301,0.17013,0.77865,0.14147,0.74121,0.10256,0.7038,0.07948,0.62663,0.01892,0.55897,0.04461,0.41405,0.11802,0.37475,0.48592,0.28708,0.53167,0.21551,0.09848,0.35255,0.28699,0.52871,0.27634,0.51714,0.30315,0.60078,0.31534,0.61945,0.29284,0.58372,0.31492,0.65691,0.3282,0.66664,0.33539,0.65932,0.34961,0.66837,0.3204,0.75428,0.35134,0.73375,0.2893,0.82975,0.29962,0.83882,0.34478,0.83375,0.39478,0.8212,0.40118,0.79414,0.40931,0.73761,0.3779,0.7136,0.36853,0.71121,0.28132,0.85721,0.2429,0.89801,0.23447,0.9208,0.24759,0.9408,0.26822,0.9636,0.35587,0.9536,0.38775,0.9024,0.39806,0.89,0.4215,0.8644,0.42384,0.84401,0.40931,0.82401,0.40291,0.77982,0.39759,0.80609,0.41525,0.81915,0.42509,0.83142,0.42728,0.84129,0.43513,0.84917,0.46916,0.84209,0.50087,0.84369,0.52838,0.85395,0.55728,0.8313,0.56462,0.79836,0.55232,0.78099,0.54903,0.7486,0.50169,0.73939,0.46888,0.737,0.41544,0.71979,0.5331,0.89179,0.54857,0.92819,0.54716,0.95259,0.54107,0.97139,0.38029,0.94979,0.39154,0.90979,0.41591,0.889,0.43185,0.87139,0.48779,0.31601,0.57193,0.35004,0.51155,0.30953,0.30146,0.77564,0.28709,0.79163,0.34084,0.74577,0.4024,0.87163,0.41314,0.77911,0.41892,0.83457,0.4139,0.804,0.59343,0.32875,0.61867,0.27744,0.70254,0.23944,0.8146,0.24198,0.92859,0.28979,0.96094,0.32505,0.93398,0.48759,0.94476,0.53205,0.91332,0.65933,0.89176,0.67082,0.83785,0.69383,0.7498,0.71222,0.72824,0.71299,0.68691,0.69843,0.65367,0.71146,0.62672,0.72603,0.56203,0.73369,0.53148,0.73215,0.48746,0.72373,0.4668,0.72142,0.42996,0.71222,0.39043,0.69459,0.37695,0.68232,0.52085,0.2703,0.54656,0.25464,0.54068,0.23834,0.33579,0.23334,0.36443,0.2371,0.39675,0.23271,0.41437,0.2233,0.42539,0.20451,0.52716,0.44028,0.57685,0.37068,0.58099,0.33888,0.5471,0.31793],"triangles":[117,118,154,116,115,117,115,119,117,119,115,121,119,121,120,121,115,114,121,159,120,122,121,114,139,122,114,141,114,111,117,119,118,122,160,121,109,141,110,111,110,141,141,93,139,114,141,139,94,122,139,91,66,135,135,63,91,91,63,109,92,91,109,137,109,63,137,93,109,88,96,95,110,107,109,107,92,109,93,137,108,109,93,141,88,108,137,93,108,139,88,94,108,108,94,139,94,88,95,135,64,63,63,87,137,137,62,88,94,95,123,88,62,96,95,96,61,23,160,22,156,23,24,156,24,173,173,24,25,25,26,173,162,21,22,173,27,155,155,27,174,27,28,174,142,148,174,142,174,175,20,21,57,20,57,19,19,82,18,21,20,17,21,23,22,19,17,20,19,18,17,16,23,21,18,55,17,15,24,23,78,16,17,15,23,16,21,17,16,16,79,15,15,14,24,14,13,24,24,13,25,12,33,25,33,12,34,31,25,33,31,33,32,15,52,14,25,31,26,26,31,30,26,30,29,14,51,13,51,12,13,25,13,12,173,26,27,27,26,29,27,29,132,28,27,132,12,50,11,11,50,34,12,11,34,28,134,176,134,28,132,33,34,49,28,133,174,28,176,133,32,33,168,174,133,175,32,169,31,133,176,175,30,31,169,175,176,142,29,30,75,142,176,143,29,75,132,134,165,176,176,166,143,132,75,134,73,43,44,73,42,43,42,5,41,41,5,6,45,77,74,45,44,77,48,77,168,32,168,169,47,74,77,44,43,77,41,168,77,168,40,39,40,168,41,30,169,170,168,39,8,39,7,8,77,43,42,75,30,170,75,170,171,165,166,176,134,75,165,77,42,41,76,165,75,75,171,172,165,167,166,165,76,167,76,75,172,143,166,167,35,143,76,143,167,76,170,169,172,172,169,168,172,168,8,171,170,172,8,9,172,76,172,35,172,36,35,172,37,36,172,38,37,172,9,38,41,6,40,144,35,36,40,6,39,144,36,37,39,6,7,37,38,10,38,9,10,49,168,33,4,69,68,4,70,69,70,72,71,70,4,72,4,5,72,98,68,67,89,67,66,135,66,136,135,136,65,136,66,65,65,66,67,64,65,67,65,64,135,64,67,68,68,69,64,64,87,63,87,64,83,64,69,83,137,87,62,87,83,84,62,84,60,84,62,87,69,80,83,69,82,80,82,70,56,79,55,56,79,56,70,54,79,71,82,69,70,62,61,96,62,60,61,54,71,53,53,71,50,49,50,48,79,70,71,60,86,61,84,85,60,58,84,59,84,83,59,59,80,81,59,83,80,59,81,57,48,50,71,48,71,47,47,72,45,45,46,47,47,71,72,73,45,5,81,80,19,19,80,82,82,56,18,56,55,18,55,79,78,45,72,5,55,78,17,78,79,16,52,15,79,53,52,54,79,54,52,53,51,52,53,50,51,42,73,5,52,51,14,51,50,12,73,44,45,34,50,49,45,74,46,48,168,49,48,47,77,47,46,74,91,90,66,66,90,89,3,102,2,4,101,3,4,100,101,4,99,100,3,101,102,102,101,97,101,100,97,102,97,103,91,103,97,129,102,103,90,91,97,99,98,100,100,98,97,98,99,68,129,103,104,104,103,138,98,67,97,104,138,130,138,103,91,130,138,105,91,92,138,105,138,106,140,92,107,140,138,92,105,106,113,106,138,140,97,89,90,89,97,67,106,140,112,140,107,110,124,116,117,106,112,113,114,113,111,140,111,112,111,113,112,111,140,110,1,127,0,127,126,0,126,125,0,2,130,1,1,130,124,127,1,126,116,124,115,131,124,130,102,128,2,124,114,115,114,124,131,114,131,113,128,129,2,2,129,130,130,129,104,125,126,1,129,128,102,125,1,124,125,124,117,130,105,131,131,105,113,0,125,153,153,125,117,154,153,117,153,152,0,152,151,0,151,150,0,150,149,0,147,0,149,4,68,99,118,157,154,157,156,154,156,155,154,119,158,118,118,158,157,119,120,158,122,94,161,162,161,94,94,123,162,120,159,158,121,160,159,122,161,160,156,157,158,23,158,159,23,156,158,160,23,159,162,22,161,161,22,160,95,163,123,123,163,162,163,95,61,154,155,153,163,21,162,153,155,152,156,173,155,61,164,163,61,86,164,155,174,148,152,155,148,143,148,142,148,143,144,163,164,21,151,152,148,164,86,21,60,85,86,149,150,151,57,21,86,85,84,58,149,151,148,148,145,146,145,148,144,58,57,86,59,57,58,86,85,58,57,81,19,149,148,147,0,147,10,148,146,147,147,146,10,146,145,10,35,144,143,145,144,10,37,10,144],"vertices":[1,6,63.61,-69.45,1,1,10,21.81,6,1,1,10,22.07,-8.04,1,1,8,20.22,10.25,1,1,6,-62.31,-46.47,1,1,2,-9.47,21.96,1,1,5,62.85,35.77,1,1,5,62.31,15.6,1,1,5,61.74,-5.49,1,1,5,61.5,-14.56,1,1,6,89.64,73.2,1,1,3,21.43,-14.36,1,1,3,23.46,-12.96,1,1,3,27.27,-9.82,1,1,3,29.8,-8.87,1,1,3,32.01,-7.74,1,1,3,35.46,-6.24,1,1,3,38.4,-4.01,1,1,3,41.33,-2.18,1,1,3,41.38,0.34,1,1,3,40,3.48,1,1,3,36.95,7.75,1,1,3,33.34,9.64,1,1,3,29.65,9.78,1,1,3,25.44,8.66,1,1,3,20.93,7.24,1,1,3,14.72,7.7,1,1,3,7.61,9.05,1,1,3,3.55,8.41,1,1,3,2.02,-7.06,1,1,3,5.76,-10.15,1,1,3,10.23,-12.44,1,1,3,13.74,-14.2,1,1,3,17.28,-14.54,1,1,3,19.73,-14.64,1,1,5,39.94,-32.93,1,1,5,43.48,-32.78,1,1,5,50.74,-31.09,1,1,5,58.18,-22.92,1,1,5,50.73,20.51,1,1,5,44.16,26.1,1,1,5,34.68,30.7,1,1,5,21.3,30.16,1,1,5,16.43,29.14,1,2,2,3.7,36.23,0.44,5,9.44,28.34,0.56,1,2,5.75,31.66,1,1,2,10.71,32.07,1,1,2,13.6,30.5,1,1,2,16.83,28.66,1,1,2,20.32,26.2,1,1,2,23.01,22.72,1,1,2,22.73,18.68,1,1,2,21.93,15.16,1,1,2,20.68,12.52,1,1,2,21.52,10.63,1,1,2,23.88,2.61,1,1,2,22.91,-0.27,1,1,6,-11.54,-1.53,1,1,6,-11.87,-4.14,1,1,2,23.16,-11.69,1,1,2,25.06,-17.17,1,1,2,26.57,-21.55,1,1,2,24.06,-24.46,1,1,7,3.9,-3.01,1,1,2,16.08,-28.8,1,1,2,14.21,-30.5,1,1,2,12.85,-33.83,1,1,2,7.14,-31.94,1,1,2,-0.24,-26.1,1,1,2,-2.27,-19.7,1,1,2,-5.56,-12.96,1,1,2,-5.3,-1.02,1,1,2,-10.05,10.84,1,1,2,-1.06,30.9,1,2,2,9.58,34.06,0.48,5,8.75,22.12,0.52,1,5,20.63,-25.31,1,1,5,31.21,-31.45,1,1,5,12.15,24.53,1,1,2,24.22,6.01,1,1,2,23.38,8.05,1,1,2,23.32,-4.96,1,1,2,24.07,-8.08,1,1,2,22.73,-2.14,1,1,2,22.51,-13.47,1,1,2,23.76,-15.34,1,1,6,-11.36,-6.36,1,1,6,-9.81,-8.03,1,1,2,19.27,-27.73,1,1,7,-0.02,0.59,1,2,8,3.32,-6.2,0.5,7,14.55,-7.03,0.5,2,8,3.78,-4.36,0.5,7,15.88,-5.68,0.5,2,8,0.08,0.14,0.5,7,14.99,0.08,0.5,2,8,-4.9,4.58,0.5,7,12.97,6.44,0.5,1,7,8.89,7.17,1,1,7,0.39,8.02,1,1,7,-3.12,3.92,1,1,7,-3.45,2.72,1,1,8,7.36,-4.89,1,2,10,9.64,-28.79,0.008,8,15.15,-5.84,0.992,1,8,18.62,-4.95,1,1,8,20.28,-1.93,1,1,8,21.79,2.11,1,1,8,14.59,10.85,1,1,8,5.92,10.25,1,1,8,3.64,10.39,1,1,8,-1.21,10.91,1,1,8,-3.96,9.55,1,2,8,-5.53,6.39,0.5,7,13.35,8.31,0.5,1,7,6.74,7.34,1,1,7,10.7,6.75,1,2,10,-2.58,-6.95,0.5,9,12.48,-7.27,0.5,2,10,-0.76,-5.66,0.5,9,14.07,-5.71,0.5,2,10,0.71,-5.35,0.5,9,15.47,-5.17,0.5,2,10,1.87,-4.33,0.5,9,16.46,-3.97,0.5,2,10,0.73,0.01,0.5,9,14.64,0.13,0.5,2,10,0.9,4.07,0.5,9,14.15,4.17,0.5,2,10,2.37,7.62,0.5,9,15.04,7.9,0.5,1,9,11.04,10.94,1,1,9,6.01,10.99,1,1,6,12.68,-29.3,1,1,9,-0.98,7.69,1,1,9,-1.26,1.49,1,1,9,-0.87,-2.71,1,1,6,-2.9,-17.13,1,1,10,8.04,8.33,1,1,10,13.46,10.41,1,1,10,17.12,10.29,1,1,10,19.96,9.57,1,1,10,17.09,-11.07,1,1,10,11.07,-9.74,1,1,10,7.89,-6.68,1,1,10,5.21,-4.68,1,1,3,-0.61,-5.15,1,1,3,-2.54,6.61,1,1,3,-3.14,-3.2,1,1,7,6.4,-5.65,1,1,2,13.66,-31.99,1,1,7,1.81,-0.71,1,1,8,1.01,9.41,1,1,9,6.62,-8.61,1,3,6,-5.56,-34.14,0.18588,8,-4.83,8.27,0.63678,7,14.91,9.58,0.17733,1,9,10.27,-7.85,1,2,6,30.04,36.49,0.216,3,-6.74,7.05,0.784,2,6,34.6,43.48,0.64,3,-14.9,5.33,0.36,1,6,46.18,47.16,1,1,6,60.22,44.21,1,1,6,73.29,34.54,1,1,6,76.41,28.59,1,1,6,68.64,5.22,1,1,6,68.8,-1.58,1,1,6,61.42,-19.64,1,1,6,58.39,-20.84,1,1,6,50.98,-23,1,1,6,39.4,-23.69,1,1,6,36.67,-23.31,1,1,6,31.85,-20.21,1,1,6,27.32,-21.37,1,1,6,23.53,-22.9,1,1,6,15.18,-22.54,1,1,6,11.37,-21.62,1,1,6,6.06,-19.36,1,1,6,3.52,-18.55,1,1,6,-0.87,-16.34,1,1,6,-5.38,-12.83,1,1,6,-6.74,-10.71,1,1,5,23.03,-29.85,1,1,5,25.29,-33.2,1,1,5,27.75,-32.52,1,1,5,29.21,-6.32,1,1,5,28.54,-9.97,1,1,5,29.09,-14.12,1,1,5,30.44,-16.41,1,1,5,33.22,-17.9,1,1,3,11.85,9.6,1,1,3,-0.36,8.89,1,1,3,-4.58,6.61,1,1,3,-4.7,1.25,1],"edges":[0,20,70,72,18,20,12,14,138,140,8,10,10,12,14,16,16,18,6,8,0,2,2,4,4,6,300,302,306,308,94,96,96,98,98,100,100,102,102,104,104,106,106,108,108,158,158,156,156,110,110,112,112,164,164,160,160,162,162,118,118,168,168,120,120,122,122,124,124,174,174,128,128,130,130,132,132,134,134,136,136,138,146,10,10,144,144,142,142,140,90,92,92,94,116,170,22,24,24,26,26,28,28,30,30,32,32,34,34,36,36,38,38,40,40,42,42,44,44,46,46,48,48,50,50,52,52,346,346,54,54,56,56,348,348,350,22,68,68,66,66,64,64,62,62,60,60,58,58,264,264,268,268,352,352,350,146,90]},"qiabozi06":{"width":142,"height":178}},"qiabozi07":{"qiabozi07":{"width":28,"height":33}},"qiabozi7":{"qiabozi07":{"width":28,"height":33}},"qiabozi8":{"qiabozi07":{"width":28,"height":33}},"qiabozi9":{"qiabozi07":{"width":28,"height":33}},"qiabozi10":{"qiabozi07":{"width":28,"height":33}},"qiabozi12":{"qiabozi07":{"width":28,"height":33}},"qiabozi13":{"qiabozi07":{"width":28,"height":33}},"qiabozi14":{"qiabozi07":{"width":28,"height":33}},"qiabozi15":{"qiabozi07":{"width":28,"height":33}},"qiabozi16":{"qiabozi07":{"width":28,"height":33}},"qiabozi17":{"qiabozi07":{"width":28,"height":33}},"qiabozi18":{"qiabozi07":{"width":28,"height":33}},"qiabozi19":{"qiabozi07":{"width":28,"height":33}},"qiabozi20":{"qiabozi07":{"width":28,"height":33}},"yan_00000":{"yan_00000":{"x":-18.11,"y":47.85,"width":20,"height":20}}}}],"animations":{"fly":{"slots":{"jitou":{"attachment":[{"name":null}]},"qiabozi01":{"color":[{"color":"ffffff17"},{"time":0.0667,"color":"ffffffff","curve":"stepped"},{"time":0.5333,"color":"ffffffff"},{"time":0.6667,"color":"ffffff00","curve":"stepped"},{"time":1,"color":"ffffff00"}],"attachment":[{"name":"qiabozi01"}]}},"bones":{"shou":{"translate":[{"x":66.03,"curve":0.25,"c4":0.76},{"time":0.6667,"x":-78.71}]}}},"zhuaji2":{"slots":{"jitou":{"color":[{"time":1.8333,"color":"ffffffff"},{"time":2.0333,"color":"ffffff00"}],"attachment":[{"name":null},{"time":0.5,"name":"jitou"}]},"jitou_00000":{"color":[{"time":0.5,"color":"ffffff00"},{"time":0.6333,"color":"ffffffbc","curve":"stepped"},{"time":1.9,"color":"ffffffbc"},{"time":2.0333,"color":"ffffff00"}],"attachment":[{"time":0.5,"name":"jitou_00000"}]},"qiabozi01":{"color":[{"time":0.2,"color":"ffffff45"},{"time":0.3333,"color":"ffffffff"}],"attachment":[{"time":0.2,"name":"qiabozi01"},{"time":0.4667,"name":null}]},"qiabozi02":{"attachment":[{"name":"qiabozi02"},{"time":0.1,"name":"qiabozi03"},{"time":0.2,"name":"qiabozi02"},{"time":0.3,"name":"qiabozi03"},{"time":0.4667,"name":null}]},"qiabozi04":{"color":[{"time":1.9,"color":"ffffffff"},{"time":2.0333,"color":"ffffff00"}],"attachment":[{"time":0.4667,"name":"qiabozi04"},{"time":0.5,"name":"qiabozi05"}]},"qiabozi07":{"color":[{"time":0.5,"color":"ffffff00"},{"time":0.5667,"color":"ffffffff","curve":"stepped"},{"time":1.3667,"color":"ffffffff"},{"time":1.6333,"color":"ffffff00"}],"attachment":[{"time":0.5667,"name":"qiabozi07"}]},"qiabozi7":{"color":[{"time":1.3,"color":"ffffff00","curve":0.25,"c3":0.75},{"time":1.4333,"color":"ffffffff","curve":"stepped"},{"time":2.2667,"color":"ffffffff","curve":0.25,"c3":0.75},{"time":2.5333,"color":"ffffff00"}],"attachment":[{"time":1.3667,"name":"qiabozi07"}]},"qiabozi8":{"color":[{"time":0.4333,"color":"ffffff00"},{"time":0.5667,"color":"ffffffff","curve":"stepped"},{"time":0.9333,"color":"ffffffff"},{"time":1.2333,"color":"ffffff00"}],"attachment":[{"time":0.5,"name":"qiabozi07"}]},"qiabozi9":{"color":[{"time":0.6333,"color":"ffffff00"},{"time":0.7667,"color":"ffffffff","curve":"stepped"},{"time":1.2,"color":"ffffffff"},{"time":1.5667,"color":"ffffff00"}],"attachment":[{"time":0.7,"name":"qiabozi07"}]},"qiabozi10":{"color":[{"time":1.2333,"color":"ffffff00"},{"time":1.3667,"color":"ffffffff"},{"time":2.3,"color":"ffffff00"}],"attachment":[{"time":1.3,"name":"qiabozi07"}]},"qiabozi12":{"color":[{"time":1.3667,"color":"ffffff00"},{"time":1.5,"color":"ffffffff"},{"time":2.8333,"color":"ffffff00"}],"attachment":[{"time":1.4333,"name":"qiabozi07"}]},"qiabozi13":{"color":[{"time":1.1333,"color":"ffffff00"},{"time":1.2667,"color":"ffffffff"},{"time":2.1,"color":"ffffff00"}],"attachment":[{"time":1.2,"name":"qiabozi07"}]},"qiabozi14":{"color":[{"time":0.9667,"color":"ffffff00"},{"time":1.1,"color":"ffffffff","curve":"stepped"},{"time":1.5333,"color":"ffffffff"},{"time":1.8333,"color":"ffffff00"}],"attachment":[{"time":1.0333,"name":"qiabozi07"}]},"qiabozi15":{"color":[{"time":1.4,"color":"ffffff00"},{"time":1.5333,"color":"ffffffff"},{"time":2.3333,"color":"ffffff00"}],"attachment":[{"time":1.4667,"name":"qiabozi07"}]},"qiabozi16":{"color":[{"time":0.9667,"color":"ffffffff"},{"time":1.1,"color":"ffffff00"}],"attachment":[{"time":0.4667,"name":"qiabozi07"}]},"qiabozi17":{"color":[{"time":0.9,"color":"ffffffff"},{"time":1.0333,"color":"ffffff00"}],"attachment":[{"time":0.4667,"name":"qiabozi07"}]},"qiabozi18":{"color":[{"time":0.9667,"color":"ffffffff"},{"time":1.1667,"color":"ffffff00"}],"attachment":[{"time":0.4667,"name":"qiabozi07"}]},"qiabozi19":{"color":[{"time":0.8667,"color":"ffffffff"},{"time":1.1667,"color":"ffffff00"}],"attachment":[{"time":0.4667,"name":"qiabozi07"}]},"qiabozi20":{"color":[{"time":0.9333,"color":"ffffffff"},{"time":1.1667,"color":"ffffff00"}],"attachment":[{"time":0.4667,"name":"qiabozi07"}]},"yan_00000":{"color":[{"time":1.9,"color":"ffffffff"},{"time":2.0333,"color":"ffffff00"}]}},"bones":{"jitou":{"translate":[{"x":67.41,"y":46.46,"curve":"stepped"},{"time":0.5,"x":67.41,"y":46.46,"curve":0.25,"c3":0.75},{"time":0.5667,"x":73.56,"y":50.51,"curve":0.25,"c3":0.75},{"time":0.6333,"x":67.2,"y":47.25,"curve":0.25,"c3":0.75},{"time":0.7,"x":72.01,"y":49.95,"curve":0.25,"c3":0.75},{"time":0.7667,"x":67.36,"y":47.69,"curve":0.25,"c3":0.75},{"time":0.8333,"x":72.75,"y":50.21,"curve":0.25,"c3":0.75},{"time":0.9,"x":67.19,"y":47.8,"curve":0.25,"c3":0.75},{"time":0.9667,"x":70.21,"y":50.07,"curve":0.375,"c2":0.5,"c3":0.75},{"time":1.0333,"x":67.03,"y":47.71,"curve":0.25,"c3":0.75},{"time":1.1,"x":71.88,"y":49.82,"curve":0.25,"c3":0.75},{"time":1.1667,"x":66.89,"y":47.69,"curve":0.25,"c3":0.75},{"time":1.2333,"x":72.08,"y":49.87,"curve":0.25,"c3":0.75},{"time":1.3,"x":66.52,"y":47.45,"curve":0.25,"c3":0.75},{"time":1.3667,"x":72.99,"y":50.62,"curve":0.25,"c3":0.75},{"time":1.4333,"x":67.51,"y":47.43,"curve":0.25,"c3":0.75},{"time":1.5,"x":73.66,"y":50.85,"curve":0.375,"c2":0.5,"c3":0.75},{"time":1.5667,"x":67.59,"y":47.92,"curve":0.25,"c3":0.75},{"time":1.6333,"x":74.42,"y":50.25,"curve":0.375,"c2":0.5,"c3":0.75},{"time":1.7,"x":67.53,"y":47.65,"curve":0.25,"c3":0.75},{"time":1.7667,"x":74.2,"y":49.93,"curve":0.375,"c2":0.5,"c3":0.75},{"time":1.8333,"x":68.3,"y":47.44,"curve":0.25,"c3":0.75},{"time":1.9,"x":75.21,"y":50.37,"curve":0.375,"c2":0.5,"c3":0.75},{"time":1.9667,"x":69.65,"y":47.37,"curve":0.25,"c3":0.625,"c4":0.5},{"time":2,"x":72.28,"y":49.06,"curve":0.375,"c2":0.5,"c3":0.75},{"time":2.0333,"x":48.82,"y":24.93}],"scale":[{"time":0.5,"curve":0.25,"c3":0.75},{"time":0.5667,"x":1.2,"y":1.2,"curve":0.25,"c3":0.75},{"time":0.6333,"curve":0.25,"c3":0.75},{"time":0.7,"x":1.2,"y":1.2,"curve":0.25,"c3":0.75},{"time":0.7667,"curve":0.25,"c3":0.75},{"time":0.8333,"x":1.2,"y":1.2,"curve":0.25,"c3":0.75},{"time":0.9,"curve":0.25,"c3":0.75},{"time":0.9667,"x":1.2,"y":1.2,"curve":0.25,"c3":0.75},{"time":1.0333,"curve":0.25,"c3":0.75},{"time":1.1,"x":1.2,"y":1.2,"curve":0.25,"c3":0.75},{"time":1.1667,"curve":0.25,"c3":0.75},{"time":1.2333,"x":1.2,"y":1.2,"curve":0.25,"c3":0.75},{"time":1.3,"curve":0.25,"c3":0.75},{"time":1.3667,"x":1.2,"y":1.2,"curve":0.25,"c3":0.75},{"time":1.4333,"curve":0.25,"c3":0.75},{"time":1.5,"x":1.2,"y":1.2,"curve":0.25,"c3":0.75},{"time":1.5667,"curve":0.25,"c3":0.75},{"time":1.6333,"x":1.2,"y":1.2,"curve":0.25,"c3":0.75},{"time":1.7,"curve":0.25,"c3":0.75},{"time":1.7667,"x":1.2,"y":1.2,"curve":0.25,"c3":0.75},{"time":1.8333,"curve":0.25,"c3":0.75},{"time":1.9,"x":1.2,"y":1.2,"curve":0.25,"c3":0.75},{"time":1.9667,"curve":0.25,"c3":0.75},{"time":2.0333,"x":1.2,"y":1.2}]},"bone3":{"rotate":[{"time":0.5,"curve":0.25,"c3":0.75},{"time":0.5667,"angle":-9.39,"curve":0.25,"c3":0.75},{"time":0.6333,"angle":27.03,"curve":0.25,"c3":0.75},{"time":0.7,"angle":-9.39,"curve":0.25,"c3":0.75},{"time":0.7667,"angle":21.29,"curve":0.25,"c3":0.75},{"time":0.8333,"angle":-9.39,"curve":0.25,"c3":0.75},{"time":0.9,"angle":23.42,"curve":0.25,"c3":0.75},{"time":0.9667,"angle":-9.39,"curve":0.25,"c3":0.75},{"time":1.0333,"angle":12.68,"curve":0.25,"c3":0.75},{"time":1.1,"angle":-9.39,"curve":0.25,"c3":0.75},{"time":1.1667,"angle":27.03,"curve":0.25,"c3":0.75},{"time":1.2333,"angle":-9.39,"curve":0.25,"c3":0.75},{"time":1.3,"angle":21.29,"curve":0.25,"c3":0.75},{"time":1.3667,"angle":-9.39,"curve":0.25,"c3":0.75},{"time":1.4333,"angle":23.42,"curve":0.25,"c3":0.75},{"time":1.5,"angle":-9.39,"curve":0.25,"c3":0.75},{"time":1.5667,"angle":12.68,"curve":0.25,"c3":0.75},{"time":1.6333,"angle":-9.39,"curve":0.25,"c3":0.75},{"time":1.7,"angle":12.68,"curve":0.25,"c3":0.75},{"time":1.7667,"angle":-9.39,"curve":0.25,"c3":0.75},{"time":1.8333,"angle":12.68,"curve":0.25,"c3":0.75},{"time":1.9,"angle":-9.39,"curve":0.25,"c3":0.75},{"time":1.9667,"angle":12.68,"curve":0.25,"c3":0.75},{"time":2.0333,"angle":-9.39}],"translate":[{"time":0.5,"curve":0.25,"c3":0.75},{"time":0.5667,"y":3.5,"curve":0.25,"c3":0.75},{"time":0.6333,"curve":0.25,"c3":0.75},{"time":0.7,"y":7.84,"curve":0.25,"c3":0.75},{"time":0.7667,"curve":0.25,"c3":0.75},{"time":0.8333,"y":7.84,"curve":0.25,"c3":0.75},{"time":0.9,"curve":0.25,"c3":0.75},{"time":0.9667,"y":7.84,"curve":0.25,"c3":0.75},{"time":1.0333,"curve":0.25,"c3":0.75},{"time":1.1,"y":3.5,"curve":0.25,"c3":0.75},{"time":1.1667,"curve":0.25,"c3":0.75},{"time":1.2333,"y":7.84,"curve":0.25,"c3":0.75},{"time":1.3,"curve":0.25,"c3":0.75},{"time":1.3667,"y":7.84,"curve":0.25,"c3":0.75},{"time":1.4333,"curve":0.25,"c3":0.75},{"time":1.5,"y":7.84,"curve":0.25,"c3":0.75},{"time":1.5667,"curve":0.25,"c3":0.75},{"time":1.6333,"y":7.84,"curve":0.25,"c3":0.75},{"time":1.7,"curve":0.25,"c3":0.75},{"time":1.7667,"y":7.84,"curve":0.25,"c3":0.75},{"time":1.8333,"curve":0.25,"c3":0.75},{"time":1.9,"y":7.84,"curve":0.25,"c3":0.75},{"time":1.9667,"curve":0.25,"c3":0.75},{"time":2.0333,"y":7.84}],"scale":[{"time":0.4667},{"time":0.5333,"x":1.785,"y":1.354},{"time":0.6},{"time":0.6667,"x":1.565,"y":1.354},{"time":0.7333},{"time":0.8,"x":1.645,"y":1.354},{"time":0.8667},{"time":0.9333,"x":1.618,"y":1.354},{"time":1},{"time":1.0667,"x":1.663,"y":1.354},{"time":1.1333},{"time":1.2,"x":1.468,"y":1.354},{"time":1.2667},{"time":1.3333,"x":1.503,"y":1.354},{"time":1.4},{"time":1.4667,"x":1.594,"y":1.354},{"time":1.5333},{"time":1.6,"x":1.498,"y":1.354},{"time":1.6667},{"time":1.7333,"x":1.498,"y":1.354},{"time":1.8},{"time":1.8667,"x":1.498,"y":1.354},{"time":1.9333},{"time":2,"x":1.498,"y":1.354}]},"shou":{"rotate":[{"time":0.2,"angle":47.23}],"translate":[{"time":0.2,"x":90.82,"y":66.37,"curve":0.25,"c4":0.55},{"time":0.4667,"x":34.93,"y":41.42}],"scale":[{"time":0.2,"curve":0.25,"c4":0.55},{"time":0.4667,"x":0.844,"y":0.844}]},"yumao2":{"rotate":[{"time":0.5667,"angle":40},{"time":0.9,"angle":-40},{"time":1.3,"angle":-120},{"time":1.6333,"angle":160}],"translate":[{"time":0.5667,"curve":0,"c2":1,"c3":0.75},{"time":1.6333,"x":96.2,"y":-0.27}],"scale":[{"time":0.5667,"x":0.7,"y":0.7}]},"yumao3":{"rotate":[{"time":1.3667,"angle":40},{"time":1.9333,"angle":-50},{"time":2.5333,"angle":-140}],"translate":[{"time":1.3667,"x":34.13,"y":-17.75,"curve":0,"c2":0.63,"c3":0.75},{"time":2.5333,"x":62.14,"y":-44.03}],"scale":[{"time":1.3667,"x":0.45,"y":0.45}]},"yumao4":{"rotate":[{"time":0.5,"angle":40,"curve":0,"c2":0.52,"c3":0.75},{"time":1.2333,"angle":-90}],"translate":[{"time":0.5,"x":-45.35,"y":-10.66,"curve":0,"c2":0.52,"c3":0.75},{"time":1.2333,"x":-110.64,"y":-21.37}],"scale":[{"time":0.5,"x":0.5,"y":0.5}]},"yumao5":{"rotate":[{"time":0.7,"angle":40},{"time":1.1333,"angle":150},{"time":1.5667,"angle":-100}],"translate":[{"time":0.7,"x":-27.8,"y":0.56,"curve":0,"c2":0.39,"c3":0.75},{"time":1.5667,"x":-70.06,"y":36.14}],"scale":[{"time":0.7,"x":0.4,"y":0.4}]},"yumao6":{"rotate":[{"time":1.3,"angle":40,"curve":0,"c2":0.29,"c3":0.75},{"time":2.3,"angle":-68}],"translate":[{"time":1.3,"x":-27.83,"y":-29.32,"curve":0,"c2":0.29,"c3":0.75},{"time":2.3,"x":-95.41,"y":-59.44}],"scale":[{"time":1.3,"x":0.7,"y":0.7}]},"yumao8":{"rotate":[{"time":1.4333,"angle":40},{"time":2.1333,"angle":120},{"time":2.8333,"angle":-160}],"translate":[{"time":1.4333,"x":-41.07,"y":0.53,"curve":0,"c2":0.36,"c3":0.75},{"time":2.8333,"x":-104.93,"y":17.35}],"scale":[{"time":1.4333,"x":0.7,"y":0.7}]},"yumao9":{"rotate":[{"time":1.2,"angle":-20,"curve":0,"c2":0.38,"c3":0.75},{"time":2.0333,"angle":-176.61}],"translate":[{"time":1.2,"x":9.38,"y":-37.57,"curve":0,"c2":0.38,"c3":0.75},{"time":2.0333,"x":47.76,"y":-64.59}],"scale":[{"time":1.2,"x":0.7,"y":0.7,"curve":0,"c2":0.38,"c3":0.75},{"time":2.0333,"x":0.5,"y":0.5}]},"yumao10":{"rotate":[{"time":1.0333,"angle":60},{"time":1.8333,"angle":-152.37}],"translate":[{"time":1.0333,"x":8.96,"y":26.08},{"time":1.8333,"x":54.37,"y":73.9}],"scale":[{"time":1.0333,"x":0.7,"y":0.7}]},"yumao11":{"rotate":[{"time":1.4667,"angle":40},{"time":2.3333,"angle":180}],"translate":[{"time":1.4667,"x":30.29,"y":18.09},{"time":2.3333,"x":61.46,"y":36.14}],"scale":[{"time":1.4667,"x":0.4,"y":0.4}]},"yumao12":{"rotate":[{"time":0.4667,"angle":40},{"time":0.6667,"angle":160},{"time":0.9,"angle":-80},{"time":1.1,"angle":40}],"translate":[{"time":0.4667,"x":-20.79,"curve":0,"c2":1,"c3":0.75},{"time":1.1,"x":71.46,"y":52.48}],"scale":[{"time":0.4667,"x":0.7,"y":0.7}]},"yumao13":{"rotate":[{"time":0.4667,"angle":40},{"time":0.7667,"angle":-120.15},{"time":1.0333,"angle":79.85}],"translate":[{"time":0.4667,"x":-44.67,"y":4.85,"curve":0,"c2":0.79,"c3":0.75},{"time":1.0333,"x":-53.45,"y":45.2}],"scale":[{"time":0.4667,"x":0.554,"y":0.554}]},"yumao14":{"rotate":[{"time":0.4667,"angle":-65.86},{"time":0.8,"angle":119.85},{"time":1.1667,"angle":-0.15}],"translate":[{"time":0.4667,"x":-30,"y":-25.69,"curve":0,"c2":1,"c3":0.75},{"time":1.1667,"x":-5.94,"y":-81.72}],"scale":[{"time":0.4667,"x":0.554,"y":0.554}]},"yumao15":{"rotate":[{"time":0.4667,"angle":-143.51},{"time":1.1667,"angle":-5.91}],"translate":[{"time":0.4667,"x":3.95,"y":-6.37,"curve":0,"c2":0.59,"c3":0.75},{"time":1.1667,"x":26.06,"y":-60.77}],"scale":[{"time":0.4667,"x":0.422,"y":0.422}]},"yumao16":{"rotate":[{"time":0.4667,"angle":-143.51},{"time":1.1667,"angle":87.5}],"translate":[{"time":0.4667,"x":-27.19,"y":45.35,"curve":0,"c2":0.49,"c3":0.583,"c4":0.86},{"time":1.1667,"x":21,"y":72.84}],"scale":[{"time":0.4667,"x":0.422,"y":0.422},{"time":1.1667,"x":0.329,"y":0.329}]},"yan":{"translate":[{"time":0.5,"curve":0.25,"c3":0.75},{"time":0.5667,"x":-30.95,"y":-9.75,"curve":0.25,"c3":0.75},{"time":0.6333,"x":-10.7,"y":-3.85,"curve":0.25,"c3":0.75},{"time":0.7,"x":-30.99,"y":-11.27,"curve":0.25,"c3":0.75},{"time":0.7667,"x":-10.07,"y":-3.11,"curve":0.25,"c3":0.75},{"time":0.8333,"x":-21.04,"y":-7.74,"curve":0.25,"c3":0.75},{"time":0.9,"x":-10.1,"y":-4.25,"curve":0.25,"c3":0.75},{"time":0.9667,"x":-30.52,"y":-10.65},{"time":1.0333,"curve":0.25,"c3":0.75},{"time":1.1,"x":-30.95,"y":-9.75,"curve":0.25,"c3":0.75},{"time":1.1667,"x":-10.7,"y":-3.85,"curve":0.25,"c3":0.75},{"time":1.2333,"x":-30.99,"y":-11.27,"curve":0.25,"c3":0.75},{"time":1.3,"x":-10.07,"y":-3.11,"curve":0.25,"c3":0.75},{"time":1.3667,"x":-21.04,"y":-7.74,"curve":0.25,"c3":0.75},{"time":1.4333,"x":-10.1,"y":-4.25,"curve":0.25,"c3":0.75},{"time":1.5,"x":-30.52,"y":-10.65,"curve":0.25,"c3":0.75},{"time":1.5667,"x":-10.1,"y":-4.25,"curve":0.25,"c3":0.75},{"time":1.6333,"x":-30.52,"y":-10.65,"curve":0.25,"c3":0.75},{"time":1.7,"x":-10.1,"y":-4.25,"curve":0.25,"c3":0.75},{"time":1.7667,"x":-30.52,"y":-10.65,"curve":0.25,"c3":0.75},{"time":1.8333,"x":-10.1,"y":-4.25,"curve":0.25,"c3":0.75},{"time":1.9,"x":-30.52,"y":-10.65,"curve":0.25,"c3":0.75},{"time":1.9667,"x":-10.1,"y":-4.25,"curve":0.25,"c3":0.75},{"time":2.0333,"x":-30.52,"y":-10.65}],"scale":[{"time":0.5,"curve":0.25,"c3":0.75},{"time":0.5667,"x":1.7,"y":1.7,"curve":0.25,"c3":0.75},{"time":0.6333,"x":1.2,"y":1.2,"curve":0.25,"c3":0.75},{"time":0.7,"x":1.7,"y":1.7,"curve":0.25,"c3":0.75},{"time":0.7667,"x":1.2,"y":1.2,"curve":0.25,"c3":0.75},{"time":0.8333,"x":1.5,"y":1.5,"curve":0.25,"c3":0.75},{"time":0.9,"x":1.2,"y":1.2,"curve":0.25,"c3":0.75},{"time":0.9667,"x":1.7,"y":1.7},{"time":1.0333,"curve":0.25,"c3":0.75},{"time":1.1,"x":1.7,"y":1.7,"curve":0.25,"c3":0.75},{"time":1.1667,"x":1.2,"y":1.2,"curve":0.25,"c3":0.75},{"time":1.2333,"x":1.7,"y":1.7,"curve":0.25,"c3":0.75},{"time":1.3,"x":1.2,"y":1.2,"curve":0.25,"c3":0.75},{"time":1.3667,"x":1.5,"y":1.5,"curve":0.25,"c3":0.75},{"time":1.4333,"x":1.2,"y":1.2,"curve":0.25,"c3":0.75},{"time":1.5,"x":1.7,"y":1.7,"curve":0.25,"c3":0.75},{"time":1.5667,"x":1.2,"y":1.2,"curve":0.25,"c3":0.75},{"time":1.6333,"x":1.7,"y":1.7,"curve":0.25,"c3":0.75},{"time":1.7,"x":1.2,"y":1.2,"curve":0.25,"c3":0.75},{"time":1.7667,"x":1.7,"y":1.7,"curve":0.25,"c3":0.75},{"time":1.8333,"x":1.2,"y":1.2,"curve":0.25,"c3":0.75},{"time":1.9,"x":1.7,"y":1.7,"curve":0.25,"c3":0.75},{"time":1.9667,"x":1.2,"y":1.2,"curve":0.25,"c3":0.75},{"time":2.0333,"x":1.7,"y":1.7}]},"bone":{"translate":[{"time":0.5,"curve":0.25,"c3":0.75},{"time":0.7,"x":2.49,"y":-0.69,"curve":0.25,"c3":0.75},{"time":0.9,"curve":0.25,"c3":0.75},{"time":1.1,"x":0.78,"y":-0.22,"curve":0.25,"c3":0.75},{"time":1.3,"curve":0.25,"c3":0.75},{"time":1.5,"x":0.78,"y":-0.22,"curve":0.25,"c3":0.75},{"time":1.7,"curve":0.25,"c3":0.75},{"time":1.9,"x":0.78,"y":-0.22,"curve":0.25,"c3":0.75},{"time":2.1}]},"bone2":{"translate":[{"time":0.5},{"time":0.7,"x":-2.07,"y":-1.77},{"time":0.9},{"time":1.1,"x":-2.07,"y":-1.77},{"time":1.3},{"time":1.5,"x":-2.07,"y":-1.77},{"time":1.7},{"time":1.9,"x":-2.07,"y":-1.77},{"time":2.1}]},"bone5":{"rotate":[{"time":0.5,"curve":0.25,"c3":0.75},{"time":0.5667,"angle":-7.24,"curve":0.25,"c3":0.75},{"time":0.6333,"curve":0.25,"c3":0.75},{"time":0.7,"angle":-7.24,"curve":0.25,"c3":0.75},{"time":0.7667,"curve":0.25,"c3":0.75},{"time":0.8333,"angle":-7.24,"curve":0.25,"c3":0.75},{"time":0.9,"curve":0.25,"c3":0.75},{"time":0.9667,"angle":-7.24,"curve":0.25,"c3":0.75},{"time":1.0333,"curve":0.25,"c3":0.75},{"time":1.1,"angle":-7.24,"curve":0.25,"c3":0.75},{"time":1.1667,"curve":0.25,"c3":0.75},{"time":1.2333,"angle":-7.24,"curve":0.25,"c3":0.75},{"time":1.3,"curve":0.25,"c3":0.75},{"time":1.3667,"angle":-7.24,"curve":0.25,"c3":0.75},{"time":1.4333,"curve":0.25,"c3":0.75},{"time":1.5,"angle":-7.24},{"time":1.5667,"curve":0.25,"c3":0.75},{"time":1.6333,"angle":-7.24,"curve":0.25,"c3":0.75},{"time":1.7,"curve":0.25,"c3":0.75},{"time":1.7667,"angle":-7.24},{"time":1.8333,"curve":0.25,"c3":0.75},{"time":1.9,"angle":-7.24,"curve":0.25,"c3":0.75},{"time":1.9667,"curve":0.25,"c3":0.75},{"time":2.0333,"angle":-7.24}],"translate":[{"time":0.5,"curve":0.25,"c3":0.75},{"time":0.5667,"x":-2.17,"curve":0.25,"c3":0.75},{"time":0.6333,"curve":0.25,"c3":0.75},{"time":0.7,"x":-2.17,"curve":0.25,"c3":0.75},{"time":0.7667,"curve":0.25,"c3":0.75},{"time":0.8333,"x":-2.17,"curve":0.25,"c3":0.75},{"time":0.9,"curve":0.25,"c3":0.75},{"time":0.9667,"x":-2.17,"curve":0.25,"c3":0.75},{"time":1.0333,"curve":0.25,"c3":0.75},{"time":1.1,"x":-2.17,"curve":0.25,"c3":0.75},{"time":1.1667,"curve":0.25,"c3":0.75},{"time":1.2333,"x":-2.17,"curve":0.25,"c3":0.75},{"time":1.3,"curve":0.25,"c3":0.75},{"time":1.3667,"x":-2.17,"curve":0.25,"c3":0.75},{"time":1.4333},{"time":1.5,"x":-2.17,"curve":0.25,"c3":0.75},{"time":1.5667,"curve":0.25,"c3":0.75},{"time":1.6333,"x":-2.17,"curve":0.25,"c3":0.75},{"time":1.7},{"time":1.7667,"x":-2.17,"curve":0.25,"c3":0.75},{"time":1.8333,"curve":0.25,"c3":0.75},{"time":1.9,"x":-2.17,"curve":0.25,"c3":0.75},{"time":1.9667},{"time":2.0333,"x":-2.17}]},"bone6":{"rotate":[{"time":0.5,"curve":0.25,"c3":0.75},{"time":0.5667,"angle":-22.08,"curve":0.25,"c3":0.75},{"time":0.6333,"curve":0.25,"c3":0.75},{"time":0.7,"angle":-22.08,"curve":0.25,"c3":0.75},{"time":0.7667,"curve":0.25,"c3":0.75},{"time":0.8333,"angle":-22.08,"curve":0.25,"c3":0.75},{"time":0.9,"curve":0.25,"c3":0.75},{"time":0.9667,"angle":-22.08,"curve":0.25,"c3":0.75},{"time":1.0333,"curve":0.25,"c3":0.75},{"time":1.1,"angle":-22.08,"curve":0.25,"c3":0.75},{"time":1.1667,"curve":0.25,"c3":0.75},{"time":1.2333,"angle":-22.08,"curve":0.25,"c3":0.75},{"time":1.3,"curve":0.25,"c3":0.75},{"time":1.3667,"angle":-22.08,"curve":0.25,"c3":0.75},{"time":1.4333,"curve":0.25,"c3":0.75},{"time":1.5,"angle":-22.08},{"time":1.5667,"curve":0.25,"c3":0.75},{"time":1.6333,"angle":-22.08,"curve":0.25,"c3":0.75},{"time":1.7,"curve":0.25,"c3":0.75},{"time":1.7667,"angle":-22.08},{"time":1.8333,"curve":0.25,"c3":0.75},{"time":1.9,"angle":-22.08,"curve":0.25,"c3":0.75},{"time":1.9667,"curve":0.25,"c3":0.75},{"time":2.0333,"angle":-22.08}],"translate":[{"time":0.5,"curve":0.25,"c3":0.75},{"time":0.5667,"x":0.99,"y":-6.59,"curve":0.25,"c3":0.75},{"time":0.6333,"curve":0.25,"c3":0.75},{"time":0.7,"x":0.99,"y":-6.59,"curve":0.25,"c3":0.75},{"time":0.7667,"curve":0.25,"c3":0.75},{"time":0.8333,"x":0.99,"y":-6.59,"curve":0.25,"c3":0.75},{"time":0.9,"curve":0.25,"c3":0.75},{"time":0.9667,"x":0.99,"y":-6.59,"curve":0.25,"c3":0.75},{"time":1.0333,"curve":0.25,"c3":0.75},{"time":1.1,"x":0.99,"y":-6.59,"curve":0.25,"c3":0.75},{"time":1.1667,"curve":0.25,"c3":0.75},{"time":1.2333,"x":0.99,"y":-6.59,"curve":0.25,"c3":0.75},{"time":1.3,"curve":0.25,"c3":0.75},{"time":1.3667,"x":0.99,"y":-6.59,"curve":0.25,"c3":0.75},{"time":1.4333,"curve":0.25,"c3":0.75},{"time":1.5,"x":0.99,"y":-6.59,"curve":0.375,"c2":0.5,"c3":0.75},{"time":1.5667,"curve":0.25,"c3":0.75},{"time":1.6333,"x":0.99,"y":-6.59,"curve":0.25,"c3":0.75},{"time":1.7,"curve":0.25,"c3":0.75},{"time":1.7667,"x":0.99,"y":-6.59,"curve":0.375,"c2":0.5,"c3":0.75},{"time":1.8333,"curve":0.25,"c3":0.75},{"time":1.9,"x":0.99,"y":-6.59,"curve":0.25,"c3":0.75},{"time":1.9667,"curve":0.25,"c3":0.75},{"time":2.0333,"x":0.99,"y":-6.59}]},"bone8":{"rotate":[{"time":0.5,"curve":0.25,"c3":0.75},{"time":0.7,"angle":20.44,"curve":0.25,"c3":0.75},{"time":0.9,"curve":0.25,"c3":0.75},{"time":1.1,"angle":20.44,"curve":0.25,"c3":0.75},{"time":1.3,"curve":0.25,"c3":0.75},{"time":1.5,"angle":20.44,"curve":0.25,"c3":0.75},{"time":1.7,"curve":0.25,"c3":0.75},{"time":1.9,"angle":20.44,"curve":0.243,"c3":0.649,"c4":0.6},{"time":2.0333,"angle":5.8}]},"bone4":{"rotate":[{"time":0.5,"curve":0.25,"c3":0.75},{"time":0.5667,"angle":19.49,"curve":0.25,"c3":0.75},{"time":0.6333,"curve":0.25,"c3":0.75},{"time":0.7,"angle":19.49,"curve":0.25,"c3":0.75},{"time":0.7667,"curve":0.25,"c3":0.75},{"time":0.8333,"angle":19.49,"curve":0.25,"c3":0.75},{"time":0.9,"curve":0.25,"c3":0.75},{"time":0.9667,"angle":19.49,"curve":0.25,"c3":0.75},{"time":1.0333,"curve":0.25,"c3":0.75},{"time":1.1,"angle":19.49,"curve":0.25,"c3":0.75},{"time":1.1667,"curve":0.25,"c3":0.75},{"time":1.2333,"angle":19.49,"curve":0.25,"c3":0.75},{"time":1.3,"curve":0.25,"c3":0.75},{"time":1.3667,"angle":19.49,"curve":0.25,"c3":0.75},{"time":1.4333,"curve":0.25,"c3":0.75},{"time":1.5,"angle":19.49,"curve":0.25,"c3":0.75},{"time":1.5667,"curve":0.25,"c3":0.75},{"time":1.6333,"angle":19.49,"curve":0.25,"c3":0.75},{"time":1.7,"curve":0.25,"c3":0.75},{"time":1.7667,"angle":19.49,"curve":0.25,"c3":0.75},{"time":1.8333,"curve":0.25,"c3":0.75},{"time":1.9,"angle":19.49,"curve":0.25,"c3":0.75},{"time":1.9667,"curve":0.25,"c3":0.75},{"time":2.0333,"angle":19.49}]},"bone7":{"rotate":[{"time":0.5,"curve":0.25,"c3":0.75},{"time":0.5667,"angle":23.02,"curve":0.25,"c3":0.75},{"time":0.6333,"curve":0.25,"c3":0.75},{"time":0.7,"angle":23.02,"curve":0.25,"c3":0.75},{"time":0.7667,"curve":0.25,"c3":0.75},{"time":0.8333,"angle":23.02,"curve":0.25,"c3":0.75},{"time":0.9,"curve":0.25,"c3":0.75},{"time":0.9667,"angle":23.02,"curve":0.25,"c3":0.75},{"time":1.0333,"curve":0.25,"c3":0.75},{"time":1.1,"angle":23.02,"curve":0.25,"c3":0.75},{"time":1.1667,"curve":0.25,"c3":0.75},{"time":1.2333,"angle":23.02,"curve":0.25,"c3":0.75},{"time":1.3,"curve":0.25,"c3":0.75},{"time":1.3667,"angle":23.02,"curve":0.25,"c3":0.75},{"time":1.4333,"curve":0.25,"c3":0.75},{"time":1.5,"angle":23.02,"curve":0.25,"c3":0.75},{"time":1.5667,"curve":0.25,"c3":0.75},{"time":1.6333,"angle":23.02,"curve":0.25,"c3":0.75},{"time":1.7,"curve":0.25,"c3":0.75},{"time":1.7667,"angle":23.02,"curve":0.25,"c3":0.75},{"time":1.8333,"curve":0.25,"c3":0.75},{"time":1.9,"angle":23.02,"curve":0.25,"c3":0.75},{"time":1.9667,"curve":0.25,"c3":0.75},{"time":2.0333,"angle":23.02}]},"zong":{"translate":[{"time":0.4333},{"time":0.4667,"x":-17.8,"y":-4.81},{"time":0.5,"x":4,"curve":0.446,"c2":0.01,"c3":0.633},{"time":0.5667,"x":21.78,"curve":0.446,"c2":0.01,"c3":0.633},{"time":0.6333,"x":-8.97,"y":7.82,"curve":0.446,"c2":0.01,"c3":0.633},{"time":0.7,"x":21.78,"curve":0.446,"c2":0.01,"c3":0.633},{"time":0.7667,"x":-8.97,"y":7.82,"curve":0.446,"c2":0.01,"c3":0.633},{"time":0.8333,"x":21.78,"curve":0.446,"c2":0.01,"c3":0.633},{"time":0.9,"x":-8.97,"y":7.82,"curve":0.446,"c2":0.01,"c3":0.633},{"time":0.9667,"x":21.78,"curve":0.446,"c2":0.01,"c3":0.633},{"time":1.0333,"x":-8.97,"y":7.82,"curve":0.446,"c2":0.01,"c3":0.633},{"time":1.1,"x":21.78,"curve":0.446,"c2":0.01,"c3":0.633},{"time":1.1667,"x":-8.97,"y":7.82,"curve":0.446,"c2":0.01,"c3":0.633},{"time":1.2333,"x":21.78,"curve":0.446,"c2":0.01,"c3":0.633},{"time":1.3,"x":-8.97,"y":7.82,"curve":0.446,"c2":0.01,"c3":0.633},{"time":1.3667,"x":21.78,"curve":0.446,"c2":0.01,"c3":0.633},{"time":1.4333,"x":-8.97,"y":7.82,"curve":0.446,"c2":0.01,"c3":0.633},{"time":1.5,"x":21.78,"curve":0.446,"c2":0.01,"c3":0.633},{"time":1.5667,"x":-8.97,"y":7.82,"curve":0.446,"c2":0.01,"c3":0.633},{"time":1.6333,"x":21.78,"curve":0.446,"c2":0.01,"c3":0.633},{"time":1.7,"x":-8.97,"y":7.82,"curve":0.446,"c2":0.01,"c3":0.633},{"time":1.7667,"x":21.78,"curve":0.446,"c2":0.01,"c3":0.633},{"time":1.8333,"x":-8.97,"y":7.82,"curve":0.446,"c2":0.01,"c3":0.633},{"time":1.9,"x":21.78,"curve":0.446,"c2":0.01,"c3":0.633},{"time":1.9667,"x":-8.97,"y":7.82,"curve":0.446,"c2":0.01,"c3":0.633},{"time":2.0333,"x":21.78}]}},"deform":{"default":{"jitou":{"jitou":[{"time":0.5,"offset":10,"curve":0.25,"c3":0.75,"vertices":[0.43501]},{"time":0.5667,"offset":2,"curve":0.25,"c3":0.75,"vertices":[5.91218,-0.33146,0,0,0,0,0,0,0.88507,0.27424,2.76844,0.15455,4.11592,0.00047,1.39345,0.17155,0.59403,-0.3861,0.4808,-1.12431,0.39586,0.24366,0,0,0,0,0,0,0,0,0,0,0,0,0,0,0,0,0,0,0.47641,0.06282,0,0,0,0,1.3205,-0.32674,-0.032,0.36011,-1.14165,-0.27391,-1.71246,0.00008,-1.48412,0.00012,-3.0116,1.3531]},{"time":0.6333,"offset":2,"curve":0.25,"c3":0.75,"vertices":[3.74924,0.00002,0,0,0,0,0,0,0.43501,0,1.41704,0.00001,2.7978,0.00001,0,0,0,0,0,0,0,0,0,0,0,0,0,0,0,0,0,0,0,0,0,0,0,0,1.46141,0.00001,0.62889]},{"time":0.7,"offset":2,"curve":0.25,"c3":0.75,"vertices":[5.91218,-0.33146,0,0,0,0,0,0,0.88507,0.27424,2.76844,0.15455,4.11592,0.00047,1.39345,0.17155,0.16969,0.01596,-0.76792,-0.40838,0,0,0,0,0,0,0,0,0,0,0,0,0,0,0,0,0,0,0,0,0.47641,0.06282,0,0,0,0,-0.16232,0.50463,0.89845,0.12052,-1.14165,-0.27391,-1.71246,0.00008,-1.48412,0.00012,-3.0116,1.3531]},{"time":0.7667,"offset":2,"curve":0.25,"c3":0.75,"vertices":[3.74924,0.00002,0,0,0,0,0,0,0.43501,0,1.41704,0.00001,2.7978,0.00001,0,0,0,0,0.12176,0,0,0,0,0,0,0,0,0,0,0,0,0,0,0,0,0,0,0,1.46141,0.00001,0.62889]},{"time":0.8333,"offset":2,"curve":0.25,"c3":0.75,"vertices":[5.91218,-0.33146,0,0,0,0,0,0,0.88507,0.27424,2.76844,0.15455,4.11592,0.00047,1.39345,0.17155,-0.61398,1.19888,-1.39375,0.00021,0,0,0,0,0,0,0,0,0,0,0,0,0,0,0,0,0,0,0,0,0.47641,0.06282,0,0,0,0,-0.34245,0.27423,0.89845,0.12052,-1.14165,-0.27391,-1.71246,0.00008,-1.48412,0.00012,-3.0116,1.3531]},{"time":0.9,"offset":2,"curve":0.25,"c3":0.75,"vertices":[3.74924,0.00002,0,0,0,0,0,0,0.43501,0,1.41704,0.00001,2.7978,0.00001,0,0,0,0,0,0,0,0,0,0,0,0,0,0,0,0,0,0,0,0,0,0,0,0,1.46141,0.00001,0.62889]},{"time":0.9667,"offset":2,"curve":0.25,"c3":0.75,"vertices":[5.91218,-0.33146,0,0,0,0,0,0,0.88507,0.27424,2.76844,0.15455,4.11592,0.00047,1.39345,0.17155,-1.34985,1.19892,-1.10858,0.00023,0,0,0,0,0,0,0,0,0,0,0,0,0,0,0,0,0,0,0,0,0.47641,0.06282,0,0,0,0,-0.34245,0.27423,0.89845,0.12052,-1.14165,-0.27391,-1.71246,0.00008,-1.48412,0.00012,-3.0116,1.3531]},{"time":1.0333,"offset":2,"curve":0.25,"c3":0.75,"vertices":[3.74924,0.00002,0,0,0,0,0,0,0.43501,0,1.41704,0.00001,2.7978,0.00001,0,0,0,0,0,0,0,0,0,0,0,0,0,0,0,0,0,0,0,0,0,0,0,0,1.46141,0.00001,0.62889]},{"time":1.1,"offset":2,"curve":0.25,"c3":0.75,"vertices":[5.91218,-0.33146,0,0,0,0,0,0,0.88507,0.27424,2.76844,0.15455,4.11592,0.00047,1.39345,0.17155,-1.3673,1.19888,-1.16107,0.00024,0,0,0,0,0,0,0,0,0,0,0,0,0,0,0,0,0,0,0,0,0.47641,0.06282,0,0,0,0,-0.34245,0.27423,0.89845,0.12052,-1.14165,-0.27391,-1.71246,0.00008,-1.48412,0.00012,-3.0116,1.3531]},{"time":1.1667,"offset":2,"curve":0.25,"c3":0.75,"vertices":[3.74924,0.00002,0,0,0,0,0,0,0.43501,0,1.41704,0.00001,2.7978,0.00001,0,0,0,0,0,0,0,0,0,0,0,0,0,0,0,0,0,0,0,0,0,0,0,0,1.46141,0.00001,0.62889]},{"time":1.2333,"offset":2,"curve":0.25,"c3":0.75,"vertices":[5.91218,-0.33146,0,0,0,0,0,0,0.88507,0.27424,2.76844,0.15455,4.11592,0.00047,1.39345,0.17155,-1.3673,1.19888,-1.25072,0.00044,0,0,0,0,0,0,0,0,0,0,0,0,0,0,0,0,0,0,0,0,0.47641,0.06282,0,0,0,0,-0.34245,0.27423,0.89845,0.12052,-1.14165,-0.27391,-1.71246,0.00008,-1.48412,0.00012,-3.0116,1.3531]},{"time":1.3,"offset":2,"curve":0.25,"c3":0.75,"vertices":[3.74924,0.00002,0,0,0,0,0,0,0.43501,0,1.41704,0.00001,2.7978,0.00001,0,0,0,0,0,0,0,0,0,0,0,0,0,0,0,0,0,0,0,0,0,0,0,0,1.46141,0.00001,0.62889]},{"time":1.3667,"offset":2,"curve":0.25,"c3":0.75,"vertices":[5.91218,-0.33146,0,0,0,0,0,0,0.88507,0.27424,2.76844,0.15455,4.11592,0.00047,1.39345,0.17155,-1.3673,1.19888,-0.69523,0.00032,0,0,0,0,0,0,0,0,0,0,0,0,0,0,0,0,0,0,0,0,0.47641,0.06282,0,0,0,0,-0.34245,0.27423,0.89845,0.12052,-1.14165,-0.27391,-1.71246,0.00008,-1.48412,0.00012,-3.0116,1.3531]},{"time":1.4333,"offset":2,"curve":0.25,"c3":0.75,"vertices":[3.74924,0.00002,0,0,0,0,0,0,0.43501,0,1.41704,0.00001,2.7978,0.00001,0,0,0,0,0,0,0,0,0,0,0,0,0,0,0,0,0,0,0,0,0,0,0,0,1.46141,0.00001,0.62889]},{"time":1.5,"offset":2,"curve":0.25,"c3":0.75,"vertices":[5.91218,-0.33146,0,0,0,0,0,0,0.88507,0.27424,2.76844,0.15455,4.11592,0.00047,1.39345,0.17155,-1.3673,1.19888,-1.28615,0.00033,0,0,0,0,0,0,0,0,0,0,0,0,0,0,0,0,0,0,0,0,0.47641,0.06282,0,0,0,0,-0.34245,0.27423,0.89845,0.12052,-1.14165,-0.27391,-1.71246,0.00008,-1.48412,0.00012,-3.0116,1.3531]},{"time":1.5667,"offset":2,"curve":0.25,"c3":0.75,"vertices":[3.74924,0.00002,0,0,0,0,0,0,0.43501,0,1.41704,0.00001,2.7978,0.00001,0,0,0,0,0,0,0,0,0,0,0,0,0,0,0,0,0,0,0,0,0,0,0,0,1.46141,0.00001,0.62889]},{"time":1.6333,"offset":2,"curve":0.25,"c3":0.75,"vertices":[5.91218,-0.33146,0,0,0,0,0,0,0.88507,0.27424,2.76844,0.15455,4.11592,0.00047,1.39345,0.17155,-1.3673,1.19888,-1.53836,0.00016,0,0,0,0,0,0,0,0,0,0,0,0,0,0,0,0,0,0,0,0,0.47641,0.06282,0,0,0,0,-0.34245,0.27423,0.89845,0.12052,-1.14165,-0.27391,-1.71246,0.00008,-1.48412,0.00012,-3.0116,1.3531]},{"time":1.7,"offset":2,"curve":0.25,"c3":0.75,"vertices":[3.74924,0.00002,0,0,0,0,0,0,0.43501,0,1.41704,0.00001,2.7978,0.00001,0,0,0,0,0,0,0,0,0,0,0,0,0,0,0,0,0,0,0,0,0,0,0,0,1.46141,0.00001,0.62889]},{"time":1.7667,"offset":2,"curve":0.25,"c3":0.75,"vertices":[5.91218,-0.33146,0,0,0,0,0,0,0.88507,0.27424,2.76844,0.15455,4.11592,0.00047,1.39345,0.17155,-1.3673,1.19888,-1.09037,0.0003,0,0,0,0,0,0,0,0,0,0,0,0,0,0,0,0,0,0,0,0,0.47641,0.06282,0,0,0,0,-0.34245,0.27423,0.89845,0.12052,-1.14165,-0.27391,-1.71246,0.00008,-1.48412,0.00012,-3.0116,1.3531]},{"time":1.8333,"offset":2,"curve":0.25,"c3":0.75,"vertices":[3.74924,0.00002,0,0,0,0,0,0,0.43501,0,1.41704,0.00001,2.7978,0.00001,0,0,0,0,0,0,0,0,0,0,0,0,0,0,0,0,0,0,0,0,0,0,0,0,1.46141,0.00001,0.62889]},{"time":1.9,"offset":2,"curve":0.25,"c3":0.75,"vertices":[5.91218,-0.33146,0,0,0,0,0,0,0.88507,0.27424,2.76844,0.15455,4.11592,0.00047,1.39345,0.17155,-1.3673,1.19888,-1.05327,0.00021,0,0,0,0,0,0,0,0,0,0,0,0,0,0,0,0,0,0,0,0,0.47641,0.06282,0,0,0,0,-0.34245,0.27423,0.89845,0.12052,-1.14165,-0.27391,-1.71246,0.00008,-1.48412,0.00012,-3.0116,1.3531]},{"time":1.9667,"offset":2,"curve":0.25,"c3":0.75,"vertices":[3.74924,0.00002,0,0,0,0,0,0,0.43501,0,1.41704,0.00001,2.7978,0.00001,0,0,0,0,0,0,0,0,0,0,0,0,0,0,0,0,0,0,0,0,0,0,0,0,1.46141,0.00001,0.62889]},{"time":2.0333,"offset":2,"vertices":[5.91218,-0.33146,0,0,0,0,0,0,0.88507,0.27424,2.76844,0.15455,4.11592,0.00047,1.39345,0.17155,-1.3673,1.19888,-3.38328,0.00021,0,0,0,0,0,0,0,0,0,0,0,0,0,0,0,0,0,0,0,0,0.47641,0.06282,0,0,0,0,-0.34245,0.27423,0.89845,0.12052,-1.14165,-0.27391,-1.71246,0.00008,-1.48412,0.00012,-3.0116,1.3531]}]},"qiabozi04":{"qiabozi05":[{"time":0.5},{"time":0.5667,"offset":368,"vertices":[1.44846,-0.03896]},{"time":0.6333,"offset":84,"vertices":[-1.07121,-7.34181,0.63123,-3.46257,0,0,0,0,0,0,0,0,0,0,0,0,0,0,0,0,0,0,0,0,0,0,0,0,0,0,0,0,0,0,0,0,0,0,0,0,0,0,0,0,0,0,0,0,0,0,0,0,0,0,0,0,0,0,0,0,0,0,0,0,0,0,0,0,0,0,-4.22931,-1.17543,0,0,0,0,0,0,0,0,0,0,0,0,0,0,0,0,0,0,0,0,0,0,0,0,0,0,0,0,0,0,0,0,0,0,0,0,0,0,0,0,0,0,0,0,0,0,0,0,0,0,0,0,0,0,0,0,0,0,0,0,0,0,0,0,0,0,0,0,0,0,0,0,0,0,0,0,0,0,0,0,0,0,0,0,0,0,0,0,0,0,0,0,0,0,0,0,0,0,0,0,0,0,0,0,0,0,0,0,0,0,0,0,0,0,0,0,0,0,0,0,0,0,0,0,0,0,0,0,0,0,0,0,0,0,0,0,0,0,0,0,0,0,0,0,0,0,0,0,0,0,0,0,0,0,0,0,0,0,0,0,0,0,0,0,0,0,0,0,0,0,0,0,0,0,0,0,0,0,0,0,0,0,0,0,0,0,0,0,0,0,0,0,0,0,0,0,0,0,0,0,0,0,0,0,0,0,0,0,0,0,0,0,-4.12,-1.70495,-9.14178,-7.47532,-2.79053,-4.51447,0,0,-4.19356,-0.06282,-2.16928,-0.69704,-1.3111,-2.62353]},{"time":0.7,"offset":368,"vertices":[1.91069,-0.59471,-3.61206,-2.04808,0.13884,-1.61143]}]}}},"drawOrder":[{"time":0.5,"offsets":[{"slot":"jitou_00000","offset":14},{"slot":"yan_00000","offset":14},{"slot":"jitou","offset":-15}]}]}}},[0]]],0,0,[0],[-1],[0]]